platform,text,likes,comments,shares,views,date,text_clean,is_fashion,language
Instagram,"Summer top collection.
DM to order

#summertopscollection #fashionnepal #summerclothingstore",3,0,0,0,2026-04-23 14:01:02+00:00,Summer top collection. DM to order #summertopscollection #fashionnepal #summerclothingstore,True,English
Instagram,"Visit www.codexalphacollection.com
Stylish sneaker at best price 💸
COD available all over Nepal 🇳🇵
Order now before stock ends!
#ShoesSale #TrendingShoes #SneakerStyle #BestDeals #FashionNepal",1,0,0,0,2026-04-23 10:53:35+00:00,Visit Stylish sneaker at best price 💸 COD available all over Nepal 🇳🇵 Order now before stock ends! #ShoesSale #TrendingShoes #SneakerStyle #BestDeals #FashionNepal,True,English
Instagram,"👜✨ 𝗣𝗿𝗲𝗺𝗶𝘂𝗺 𝗟𝗮𝗱𝗶𝗲𝘀’ 𝗛𝗮𝗻𝗱𝗯𝗮𝗴𝘀 — 𝗕𝗲𝘀𝘁 𝗣𝗿𝗶𝗰𝗲 𝗚𝘂𝗮𝗿𝗮𝗻𝘁𝗲𝗲 ✨👜
Upgrade your office look, outings & gifting style 🎁
🌐 Online-Based | 🚚 All Nepal Home Delivery
📲Orders & Inquiries: 9761763064 | 9816067282 (WhatsApp | Viber)
#LavanyaKicks #LadiesHandbags #WomenHandbags #HandbagsNepal #OnlineShoppingNepal #AllNepalDelivery #DesignerHandbags #PremiumHandbags #HandbagStyle #HandbagCollection #NepalOnlineStore #NepalFashion #WomenOwnedBusiness #ShopOnlineNepal #NepalEcommerce #TrendingInNepal #GiftForHer #OfficeStyle #fashionnepal #trending2026 #fypシ #fypviralシ #fypageシ #fyppage #reelsnepal #creatorsearchinsights",1,0,0,0,2026-04-23 09:07:10+00:00,"👜✨ 𝗣𝗿𝗲𝗺𝗶𝘂𝗺 𝗟𝗮𝗱𝗶𝗲𝘀’ 𝗛𝗮𝗻𝗱𝗯𝗮𝗴𝘀 — 𝗕𝗲𝘀𝘁 𝗣𝗿𝗶𝗰𝗲 𝗚𝘂𝗮𝗿𝗮𝗻𝘁𝗲𝗲 ✨👜 Upgrade your office look, outings & gifting style 🎁 🌐 Online-Based | 🚚 All Nepal Home Delivery 📲Orders & Inquiries: 9761763064 | 9816067282 (WhatsApp | Viber) #LavanyaKicks #LadiesHandbags #WomenHandbags #HandbagsNepal #OnlineShoppingNepal #AllNepalDelivery #DesignerHandbags #PremiumHandbags #HandbagStyle #HandbagCollection #NepalOnlineStore #NepalFashion #WomenOwnedBusiness #ShopOnlineNepal #NepalEcommerce #TrendingInNepal #GiftForHer #OfficeStyle #fashionnepal #trending2026 #fypシ #fypviralシ #fypageシ #fyppage #reelsnepal #creatorsearchinsights",True,English
Instagram,"""सबै ठीकठाक चल्दैछ! आजको दिन अलि फरक छ। अर्को यात्रा छिट्टै सुरु हुँदैछ। 🙏✨#NewJourney #VlogLife #NepaliStyle #OriyaVibes #TravelDiaries",1,0,0,0,2026-04-23 01:14:08+00:00,"""सबै ठीकठाक चल्दैछ! आजको दिन अलि फरक छ। अर्को यात्रा छिट्टै सुरु हुँदैछ। 🙏✨#NewJourney #VlogLife #NepaliStyle #OriyaVibes #TravelDiaries",True,Nepali
Instagram,"Picnic-ready vibes ❤️🍓

Stay cute & comfy in this classic gingham shirt ✨
Perfect for sunny days & casual looks 🌿

DM to order 
Delivery all over Nepal 🚚 
Price- Rs 1100 
Color- Red and white 🤍 ♥️ 

#summervibes❤️
#casualstyle #ootd #fypシ❤️💞❤️ #nepalistyle",0,0,0,0,2026-04-22 11:50:36+00:00,Picnic-ready vibes ❤️🍓 Stay cute & comfy in this classic gingham shirt ✨ Perfect for sunny days & casual looks 🌿 DM to order Delivery all over Nepal 🚚 Price- Rs 1100 Color- Red and white 🤍 ♥️ #summervibes❤️ #casualstyle #ootd #fypシ❤️💞❤️ #nepalistyle,True,English
Instagram,"Straight outta barber’s chair 👹 Khya krew Jatra ready!
#Khya #JatraPro #LocalDrip #BarberShopVibes #NepaliStyle

Get yours from the website khya.store ⭐️ Happy Jatra",151,1,0,0,2026-04-22 06:12:38+00:00,Straight outta barber’s chair 👹 Khya krew Jatra ready! #Khya #JatraPro #LocalDrip #BarberShopVibes #NepaliStyle Get yours from the website khya.store ⭐️ Happy Jatra,True,English
Instagram,"Daura, dignity, and legacy 🇳🇵 #nepalistyle #daurasuruwal🇳🇵",61,4,0,0,2026-04-22 03:48:33+00:00,"Daura, dignity, and legacy 🇳🇵 #nepalistyle #daurasuruwal🇳🇵",True,English
Instagram,"The classics never go out of style. 🤍
Introducing the LPMX Retro Runner — premium grey suede, breathable mesh panels, gum heel stack, and a grippy outsole built for real wear.
Dress it up. Keep it casual. It works both ways.
🛒 lpmx.com.np | 📲 +977-9808456469
#LPMX #SneakersOfInstagram #RetroVibes #SuedeSneakers #NewRelease #GreySneakers #NepaliStyle #FashionKathmandu #SneakerCollection #EverydayStyle #StreetWearNepal #ShopLocal #TrendingNepal #MensStyle #SneakerCulture",4,0,0,0,2026-04-21 09:54:41+00:00,"The classics never go out of style. 🤍 Introducing the LPMX Retro Runner — premium grey suede, breathable mesh panels, gum heel stack, and a grippy outsole built for real wear. Dress it up. Keep it casual. It works both ways. 🛒 lpmx.com.np | 📲 +977-9808456469 #LPMX #SneakersOfInstagram #RetroVibes #SuedeSneakers #NewRelease #GreySneakers #NepaliStyle #FashionKathmandu #SneakerCollection #EverydayStyle #StreetWearNepal #ShopLocal #TrendingNepal #MensStyle #SneakerCulture",True,English
Instagram,"जीवन पनि बाइक यात्रा जस्तै हो —
कहिले उकालो, कहिले ओरालो,
तर रोकिएन भने गन्तव्य पक्कै भेटिन्छ।
आफ्नो बाटो आफै बनाउँदै छु,
अरूको गति होइन, आफ्नै सपनाको स्पिडमा हिँडिरहेको छु।
धुलो लागेको बाटो होस् या घाम चर्किएको दिन,
मनमा हिम्मत छ भने यात्रा सधैं सुन्दर हुन्छ।
Style भनेको लुगा होइन,
आफ्नो मेहनत र आत्मविश्वास हो।
Ride गर्दै सपना पछ्याउने मान्छे कहिल्यै हार्दैन। 🔥
#Lifestyle #RideLife #BikeVibes #DreamChaser #NepaliStyle",0,0,0,0,2026-04-21 04:14:04+00:00,"जीवन पनि बाइक यात्रा जस्तै हो — कहिले उकालो, कहिले ओरालो, तर रोकिएन भने गन्तव्य पक्कै भेटिन्छ। आफ्नो बाटो आफै बनाउँदै छु, अरूको गति होइन, आफ्नै सपनाको स्पिडमा हिँडिरहेको छु। धुलो लागेको बाटो होस् या घाम चर्किएको दिन, मनमा हिम्मत छ भने यात्रा सधैं सुन्दर हुन्छ। Style भनेको लुगा होइन, आफ्नो मेहनत र आत्मविश्वास हो। Ride गर्दै सपना पछ्याउने मान्छे कहिल्यै हार्दैन। 🔥 #Lifestyle #RideLife #BikeVibes #DreamChaser #NepaliStyle",True,Nepali
Instagram,"📸 Madhu

Model: Madhu
@madhu.menu 
———
More photos in Link in bio/Modeling/Madhu
#shooting #photography #photooftheday #model #modelephoto #nepal #portraitphotography #fashionmodel #akorioo #portrait #portraithut #model__in #modeling #nepaligirls #ig_portrait #portraitmood #portraitpage #portrait_planet #modelshoot #portraitmode #modelphotography #portrait_vision #nepalimodel #nepalfashion #canonphotography #endlessfaces #portrait_perfection #fashionphotography #nepalphotoproject #nepalimodel",51,2,0,0,2026-04-22 20:01:49+00:00,📸 Madhu Model: Madhu .menu ——— More photos in Link in bio/Modeling/Madhu #shooting #photography #photooftheday #model #modelephoto #nepal #portraitphotography #fashionmodel #akorioo #portrait #portraithut #model__in #modeling #nepaligirls #ig_portrait #portraitmood #portraitpage #portrait_planet #modelshoot #portraitmode #modelphotography #portrait_vision #nepalimodel #nepalfashion #canonphotography #endlessfaces #portrait_perfection #fashionphotography #nepalphotoproject #nepalimodel,True,English
Instagram,"📸 Yellow

Model: Madhu
@madhu.menu 
———
More photos in Link in bio/Modeling/Madhu
#shooting #photography #photooftheday #model #modelephoto #nepal #portraitphotography #fashionmodel #akorioo #portrait #portraithut #model__in #modeling #nepaligirls #ig_portrait #portraitmood #portraitpage #portrait_planet #modelshoot #portraitmode #modelphotography #portrait_vision #nepalimodel #nepalfashion #canonphotography #endlessfaces #portrait_perfection #fashionphotography #nepalphotoproject #nepalimodel",33,2,0,0,2026-04-22 20:00:00+00:00,📸 Yellow Model: Madhu .menu ——— More photos in Link in bio/Modeling/Madhu #shooting #photography #photooftheday #model #modelephoto #nepal #portraitphotography #fashionmodel #akorioo #portrait #portraithut #model__in #modeling #nepaligirls #ig_portrait #portraitmood #portraitpage #portrait_planet #modelshoot #portraitmode #modelphotography #portrait_vision #nepalimodel #nepalfashion #canonphotography #endlessfaces #portrait_perfection #fashionphotography #nepalphotoproject #nepalimodel,True,English
Instagram,"Portraits ❤️🌸☘️

#instaposts #nepaligirls #nepaliphotographer #nepalimodel #nepal🇳🇵",23,4,0,0,2026-04-22 04:53:31+00:00,Portraits ❤️🌸☘️ #instaposts #nepaligirls #nepaliphotographer #nepalimodel #nepal🇳🇵,True,English
Instagram,"Alone and unbothered.

#nepaligirls #single",-1,1,0,0,2026-04-22 04:27:26+00:00,Alone and unbothered. #nepaligirls #single,True,English
Instagram,#nepali #nepaligirls  #🧿❤️🙏 #makeover @alijarai_24  #thankyou kanchu 🥰🤗😘,43,8,0,0,2026-04-21 15:11:30+00:00,#nepali #nepaligirls #🧿❤️🙏 #makeover #thankyou kanchu 🥰🤗😘,True,English
Instagram,selfie #nepal #girl #village #girls #beautiful #girlswithbullies #nepali #woman #girlwhotravel #girly #nepaligirls #confidentwoman #Vibes #NepaliVibes #nepalireels #nepaligirl #Style,0,0,0,0,2026-04-21 07:20:23+00:00,selfie #nepal #girl #village #girls #beautiful #girlswithbullies #nepali #woman #girlwhotravel #girly #nepaligirls #confidentwoman #Vibes #NepaliVibes #nepalireels #nepaligirl #Style,True,English
Instagram,"जिद्दी थिएँ, जिद्दी छु र जिद्दी नै रहन्छु।
ओइलाएको फूल बन्नुभन्दा बरु म काँडा बन्न रुचाउँछु। 
विद्रोही जन्मिए,विद्रोह गर्दै  बाँचिरहेकी छु र विद्रोह गर्दै नै मर्नेछु।
यही जिद्दीपनका कारणले जीवनमा यहाँसम्म आइपुगेँ, यो खोक्रो समाजको बसमा हुने भए म अहिले यही समाजले बनाएका चार भित्ताभित्र आत्मा गुम्स्याएर बसिरहेकी हुने थिएँ।तिमीहरूले बनाएको पितृसत्तात्मक जेलबाट मुक्त हुन र अब मेरो परिवारमा जन्मिने कुनै छोरीले पनि त्यही पीडा भोग्न नपरोस् भन्ने उद्देश्यले म विदेशिनु परेको थियो,यो कुरा म कहिल्यै बिर्सिने छैन।

#nepaligirl #nepaligirls #nepali #nepalnow #nepalimodel",32,2,0,0,2026-04-21 06:42:11+00:00,"जिद्दी थिएँ, जिद्दी छु र जिद्दी नै रहन्छु। ओइलाएको फूल बन्नुभन्दा बरु म काँडा बन्न रुचाउँछु। विद्रोही जन्मिए,विद्रोह गर्दै बाँचिरहेकी छु र विद्रोह गर्दै नै मर्नेछु। यही जिद्दीपनका कारणले जीवनमा यहाँसम्म आइपुगेँ, यो खोक्रो समाजको बसमा हुने भए म अहिले यही समाजले बनाएका चार भित्ताभित्र आत्मा गुम्स्याएर बसिरहेकी हुने थिएँ।तिमीहरूले बनाएको पितृसत्तात्मक जेलबाट मुक्त हुन र अब मेरो परिवारमा जन्मिने कुनै छोरीले पनि त्यही पीडा भोग्न नपरोस् भन्ने उद्देश्यले म विदेशिनु परेको थियो,यो कुरा म कहिल्यै बिर्सिने छैन। #nepaligirl #nepaligirls #nepali #nepalnow #nepalimodel",True,Nepali
Instagram,"it smells like a healed pretty women❤️💋 
#life #beauty #moment #insta #nepaligirls",-1,2,0,0,2026-04-20 17:05:30+00:00,it smells like a healed pretty women❤️💋 #life #beauty #moment #insta #nepaligirls,True,English
Instagram,"The Nepali New Year just ended a few days ago. I congratulate everyone who is involved (and not only them)...
नयाँ वर्षको शुभकामना
नयाँ वर्षले सबैमा सुख, शान्ति र सफलता ल्याओस्

#retro #retrostyle #vintageaesthetics #dandygirls #girlswearingties #womenwearingties #ladieswithties #tiesareforwomen #dandywomen #dandygirls #ragazzaincravatta #happyholidays #nepalinewyear #nepaligirl #nepaligirls #april #aprilvibes #eternalclassic #timelessbeauty #romantic #postcard #aiart",25,4,0,0,2026-04-20 01:29:46+00:00,"The Nepali New Year just ended a few days ago. I congratulate everyone who is involved (and not only them)... नयाँ वर्षको शुभकामना नयाँ वर्षले सबैमा सुख, शान्ति र सफलता ल्याओस् #retro #retrostyle #vintageaesthetics #dandygirls #girlswearingties #womenwearingties #ladieswithties #tiesareforwomen #dandywomen #dandygirls #ragazzaincravatta #happyholidays #nepalinewyear #nepaligirl #nepaligirls #april #aprilvibes #eternalclassic #timelessbeauty #romantic #postcard #aiart",True,Nepali
Instagram,"Fresh drop is live 🚀

Minimal tees for maximum style.
Comfort you can wear every day.

Sizes available: M, L, XL
Limited launch offer: 50% OFF 🔥

Get yours now.

#Zera #NewArrival #LaunchOffer #TshirtStyle #NepaliFashion PremiumWear ShopNow StyleDaily",0,0,0,0,2026-04-23 14:39:20+00:00,"Fresh drop is live 🚀 Minimal tees for maximum style. Comfort you can wear every day. Sizes available: M, L, XL Limited launch offer: 50% OFF 🔥 Get yours now. #Zera #NewArrival #LaunchOffer #TshirtStyle #NepaliFashion PremiumWear ShopNow StyleDaily",True,English
Instagram,"From the delicate blue florals to the adjustable drawstring waist with tassel accents, our latest kaftan set. 

To order dm or whatsapp on 9841737710/ 9828288484

#kaftanlove #summerstyle #nepalifashion #comfystylish",4,0,0,0,2026-04-23 13:49:37+00:00,"From the delicate blue florals to the adjustable drawstring waist with tassel accents, our latest kaftan set. To order dm or whatsapp on 9841737710/ 9828288484 #kaftanlove #summerstyle #nepalifashion #comfystylish",True,English
Instagram,"Refined, effortless, and made to move with you — this belted co-Ord set blends sharp tailoring with all-day comfort for women who take charge and own every moment.

Available Colors: Khakee/Ivory Cream/Soft Biege

#CoOrdSet #PowerDressing #WomenWhoLead #EffortlessStyle #ModernMinimalism #NepaliFashion #DEVIOR",8,0,0,0,2026-04-23 07:45:09+00:00,"Refined, effortless, and made to move with you — this belted co-Ord set blends sharp tailoring with all-day comfort for women who take charge and own every moment. Available Colors: Khakee/Ivory Cream/Soft Biege #CoOrdSet #PowerDressing #WomenWhoLead #EffortlessStyle #ModernMinimalism #NepaliFashion #DEVIOR",True,English
Instagram,"Premium Lucknavi chikankari in delicate paisley motifs on finest Banarasi mul chanderi, in an elegant cool beige. Straight silhouette with straight pants, paired with a fully hand-embroidered kurta & dupatta; airy, refined, and effortlessly timeless.
Sizes M available. DM for orders 🤍

#nepalitiktok #kathmandunepal🇳🇵 #nepaliethnicwear #onceuponअthread #nepalifashion",3,0,0,0,2026-04-23 07:01:41+00:00,"Premium Lucknavi chikankari in delicate paisley motifs on finest Banarasi mul chanderi, in an elegant cool beige. Straight silhouette with straight pants, paired with a fully hand-embroidered kurta & dupatta; airy, refined, and effortlessly timeless. Sizes M available. DM for orders 🤍 #nepalitiktok #kathmandunepal🇳🇵 #nepaliethnicwear #onceuponअthread #nepalifashion",True,Nepali
Instagram,"✨ Embracing tradition with timeless elegance ✨
This beautiful Rai Lehenga Set reflects the rich cultural heritage of the Rai community of Nepal 🇳🇵. The look features a stylish maroon cholo (blouse), a flowy patterned lehenga, and a graceful dupatta with detailed golden borders — blending tradition with modern elegance.

Perfect for cultural events, weddings, and festive occasions, this outfit celebrates identity, grace, and beauty in every detail ❤️

💌 Loved this look? DM to order yours now!

#RaiDress #RaiLehenga #NepaliTraditionalWear #EthnicElegance #NepaliFashion #CulturalStyle #DesiOutfits #FestiveWear #HandcraftedStyle #InstaFashion",1,0,0,0,2026-04-23 05:39:00+00:00,"✨ Embracing tradition with timeless elegance ✨ This beautiful Rai Lehenga Set reflects the rich cultural heritage of the Rai community of Nepal 🇳🇵. The look features a stylish maroon cholo (blouse), a flowy patterned lehenga, and a graceful dupatta with detailed golden borders — blending tradition with modern elegance. Perfect for cultural events, weddings, and festive occasions, this outfit celebrates identity, grace, and beauty in every detail ❤️ 💌 Loved this look? DM to order yours now! #RaiDress #RaiLehenga #NepaliTraditionalWear #EthnicElegance #NepaliFashion #CulturalStyle #DesiOutfits #FestiveWear #HandcraftedStyle #InstaFashion",True,English
Instagram,"🌸 Linen dress are our recent favorite 🌸
Summer colors are added in our linen dress this time …..
Free size 

#KitsolSummer #kitsolclothingstore #nepalistore #nepalifashion 

Plzz Dm us in whatsapp/ viber or instagram
📍Store - Sankhamul road ,New Baneshwor
near Global Ime Bank,
opposite of Aryal International hotel
Delivery service available all over Nepal",-1,0,0,0,2026-04-22 13:23:32+00:00,"🌸 Linen dress are our recent favorite 🌸 Summer colors are added in our linen dress this time ….. Free size #KitsolSummer #kitsolclothingstore #nepalistore #nepalifashion Plzz Dm us in whatsapp/ viber or instagram 📍Store - Sankhamul road ,New Baneshwor near Global Ime Bank, opposite of Aryal International hotel Delivery service available all over Nepal",True,English
Instagram,"“Golden hour, golden soul”
Feat @purnika_sijapati 
Mua team @_nehashrestha @cosmobeauty_makeupstudio 
Location partner @sundown_ktm 
Visual team via @collab_nepal 
@_skdgin_ @uddibaba 
#lehenga #ethinicwear #fashionstyle #nepalifashion",9,0,0,0,2026-04-22 13:08:10+00:00,"“Golden hour, golden soul” Feat Mua team Location partner Visual team via #lehenga #ethinicwear #fashionstyle #nepalifashion",True,English
Instagram,"Shapes waist, tummy and hips while staying breathable. #kiloshapewear #bodysuit #bodyshaper #lifestyle #nepaliwomen",3,0,0,0,2026-04-27 10:15:00+00:00,"Shapes waist, tummy and hips while staying breathable. #kiloshapewear #bodysuit #bodyshaper #lifestyle #nepaliwomen",True,English
Instagram,Introducing KILO Clothing - where comfort meets confidence. Designed to shape. Support and move with you everyday. #kiloshapewear #kiloclothing #bodysuit #lifestyle #nepaliwomen,0,0,0,0,2026-04-27 08:05:11+00:00,Introducing KILO Clothing - where comfort meets confidence. Designed to shape. Support and move with you everyday. #kiloshapewear #kiloclothing #bodysuit #lifestyle #nepaliwomen,True,English
Instagram,"Meet the new Light Shaper Bodysuit Tee.
Made with 76% nylon and 24% spandex, it smooths and shapes your silhouette while staying soft, breathable, and effortless all day. #kiloklothing #bodysuit #lifestyle #tee #nepaliwomen",5,0,0,0,2026-04-23 05:41:56+00:00,"Meet the new Light Shaper Bodysuit Tee. Made with 76% nylon and 24% spandex, it smooths and shapes your silhouette while staying soft, breathable, and effortless all day. #kiloklothing #bodysuit #lifestyle #tee #nepaliwomen",True,English
Instagram,"With a perfect fit that hugs all the right places, our shapers are pure vibe. #kiloshapewear #lifestyle #bodysuit #bodyshaper #nepaliwomen",8,0,0,0,2026-04-22 10:15:00+00:00,"With a perfect fit that hugs all the right places, our shapers are pure vibe. #kiloshapewear #lifestyle #bodysuit #bodyshaper #nepaliwomen",True,English
Instagram,"सानो समस्या होला…” भनेर ignore त गरिरहनुभएको छैन?

महिनावारी गडबडी, पेट दुखाइ, कमजोरी वा असहजता—यी सबैलाई हल्का नलिनुहोस्।
कहिलेकाहीँ यी Ovarian Cyst जस्ता स्वास्थ्य समस्याको संकेत हुन सक्छ।

❤️ आफ्नो health लाई priority दिनुहोस्, ढिलो नगरी specialist सँग परामर्श लिनुहोस्।

👉 यो जानकारी useful लाग्यो भने share गरेर अरूलाई पनि सचेत बनाउनुहोस्।

📞 9801730697 | 061-450009
📍 Mahendrapool, Pokhara

#WomensHealth #NepalHealth #OvarianCystAwareness #HealthAwarenessNepal #PokharaNepal #SantanIVF #ReproductiveHealth #NepaliWomen #HealthTipsNepal #GynecologyNepal #FertilityCare #IVFNepal #HealthyLifestyleNepal #PeriodHealth #LowerAbdomenPain #WomensWellness #MedicalAwareness #ShareToCare #NepalDoctors #HealthcareNepal #AwarenessCampaign #SelfCareNepal #HealthyWomenHealthyNation",0,0,0,0,2026-04-19 08:04:22+00:00,"सानो समस्या होला…” भनेर ignore त गरिरहनुभएको छैन? महिनावारी गडबडी, पेट दुखाइ, कमजोरी वा असहजता—यी सबैलाई हल्का नलिनुहोस्। कहिलेकाहीँ यी Ovarian Cyst जस्ता स्वास्थ्य समस्याको संकेत हुन सक्छ। ❤️ आफ्नो health लाई priority दिनुहोस्, ढिलो नगरी specialist सँग परामर्श लिनुहोस्। 👉 यो जानकारी useful लाग्यो भने share गरेर अरूलाई पनि सचेत बनाउनुहोस्। 📞 9801730697 | 061-450009 📍 Mahendrapool, Pokhara #WomensHealth #NepalHealth #OvarianCystAwareness #HealthAwarenessNepal #PokharaNepal #SantanIVF #ReproductiveHealth #NepaliWomen #HealthTipsNepal #GynecologyNepal #FertilityCare #IVFNepal #HealthyLifestyleNepal #PeriodHealth #LowerAbdomenPain #WomensWellness #MedicalAwareness #ShareToCare #NepalDoctors #HealthcareNepal #AwarenessCampaign #SelfCareNepal #HealthyWomenHealthyNation",True,Nepali
Instagram,"Nepali women are not just beautiful and cute  we are strong, graceful, and full of heritage 🇳🇵✨
Today’s photoshoot in a stunning Rai dress, carrying tradition with elegance and confidence. ❤️
#NepaliWomen #RaiCulture #EthnicElegance #ProudNepali #culturalbeauty",32,5,0,0,2026-04-19 07:04:12+00:00,"Nepali women are not just beautiful and cute we are strong, graceful, and full of heritage 🇳🇵✨ Today’s photoshoot in a stunning Rai dress, carrying tradition with elegance and confidence. ❤️ #NepaliWomen #RaiCulture #EthnicElegance #ProudNepali #culturalbeauty",True,English
Instagram,"Hamro Fashion Trading known as Nepali Shop Qatar – Where Style Meets Comfort.
We offer trendy and high-quality ladies wear imported from India, Nepal and Pakistan. Shop online or visit us in-store for the best collections at affordable prices.

Location located in Muntazah. Near Muntazah park.
Contact: 50258591, 33045481

Search on google: Hamro fashion-nepali shop qatar
Follow us on

Tiktok: https://www.tiktok.com/@nepali_shop_qatar?_r=1&_t=ZS-921zq1mDaR0

Facebook: https://www.facebook.com/share/1FymvqobVd/

Whatsapp: https://wa.me/97450258591

#IndianFashionQatar
#DesiStyleQatar
#IndianEthnicWearQatar
#IndianLadiesShopping
#IndianOutfitsQatar
#DesiVibesQatar
#BollywoodInspiredLook
#NepaliFashionQatar
#NepaliWomenInQatar
#NepaliStyleWear
#NepaliGirlsFashion
#NepaliOutfitsQatar
#NepaliDressCollection
#PakistaniFashionQatar
#PakistaniEthnicWear
#PakistaniStyleQatar
#PakistaniLadiesFashion
#PakistaniDressQatar
#PakistaniOutfitsStyle
#TrendingOutfits
#DailyStyleInspo
#OOTDForHer
#FashionLovers
#ClassyAndStylish
#EthnicElegance
#AffordableTrendyWear
#ShopWithConfidence
#GlamLookOnBudget",1,0,0,0,2025-12-07 19:55:50+00:00,"Hamro Fashion Trading known as Nepali Shop Qatar – Where Style Meets Comfort. We offer trendy and high-quality ladies wear imported from India, Nepal and Pakistan. Shop online or visit us in-store for the best collections at affordable prices. Location located in Muntazah. Near Muntazah park. Contact: 50258591, 33045481 Search on google: Hamro fashion-nepali shop qatar Follow us on Tiktok: Facebook: Whatsapp: #IndianFashionQatar #DesiStyleQatar #IndianEthnicWearQatar #IndianLadiesShopping #IndianOutfitsQatar #DesiVibesQatar #BollywoodInspiredLook #NepaliFashionQatar #NepaliWomenInQatar #NepaliStyleWear #NepaliGirlsFashion #NepaliOutfitsQatar #NepaliDressCollection #PakistaniFashionQatar #PakistaniEthnicWear #PakistaniStyleQatar #PakistaniLadiesFashion #PakistaniDressQatar #PakistaniOutfitsStyle #TrendingOutfits #DailyStyleInspo #OOTDForHer #FashionLovers #ClassyAndStylish #EthnicElegance #AffordableTrendyWear #ShopWithConfidence #GlamLookOnBudget",True,English
Instagram,"DAZY 2pcs Women Solid Color Long Sleeve Knitted Cardigan And Sleeveless Turtleneck Sweater Set, Autumn/Winter

#sheinpreordernepal #sheinfindsnepal #nepalifashion #nepalionlinestore #nepalesebusiness #fashionnepal #onlinestorenepal #styleinnepal #nepaligirlsfashion #nepaliootd #trendinginnepal #lavishclick #nepaleseshop #preordernepal #newarrivalsnepal",58,0,0,0,2025-12-03 04:01:54+00:00,"DAZY 2pcs Women Solid Color Long Sleeve Knitted Cardigan And Sleeveless Turtleneck Sweater Set, Autumn/Winter #sheinpreordernepal #sheinfindsnepal #nepalifashion #nepalionlinestore #nepalesebusiness #fashionnepal #onlinestorenepal #styleinnepal #nepaligirlsfashion #nepaliootd #trendinginnepal #lavishclick #nepaleseshop #preordernepal #newarrivalsnepal",True,English
Instagram,"Women’s Faux Fur Jacket, High-End Metallic Leather Patchwork Casual Street Style Coat, Autumn/Winter

✔️ pre-order (20-25days) at 
✔️ 100% authentic and hassle free online shopping platform 
✔️ Delivery all over Nepal 🇳🇵
#sheinpreordernepal #sheinfindsnepal #nepalifashion #nepalionlinestore #nepalesebusiness #fashionnepal #onlinestorenepal #styleinnepal #nepaligirlsfashion #nepaliootd #trendinginnepal #lavishclick #nepaleseshop #preordernepal #newarrivalsnepal",36,2,0,0,2025-12-02 03:52:20+00:00,"Women’s Faux Fur Jacket, High-End Metallic Leather Patchwork Casual Street Style Coat, Autumn/Winter ✔️ pre-order (20-25days) at ✔️ 100% authentic and hassle free online shopping platform ✔️ Delivery all over Nepal 🇳🇵 #sheinpreordernepal #sheinfindsnepal #nepalifashion #nepalionlinestore #nepalesebusiness #fashionnepal #onlinestorenepal #styleinnepal #nepaligirlsfashion #nepaliootd #trendinginnepal #lavishclick #nepaleseshop #preordernepal #newarrivalsnepal",True,English
Instagram,"💫 Not Just Clothes… It’s a Whole Vibe! 💫

Dress like you already made it 😎✨
Because confidence starts with what you wear 💃🔥

Upgrade your wardrobe with pieces that actually stand out 😍

💖 Fashion Lagoon Benefits:
🚚 Free Delivery
💵 COD Available
🔄 Easy Exchange & Return

👉 Tap now & elevate your style game 💫

#FashionLagoon #InstaStyleNepal #NepalOOTD #FashionVibes #TrendSetter",0,0,0,0,2026-04-13 04:15:04+00:00,💫 Not Just Clothes… It’s a Whole Vibe! 💫 Dress like you already made it 😎✨ Because confidence starts with what you wear 💃🔥 Upgrade your wardrobe with pieces that actually stand out 😍 💖 Fashion Lagoon Benefits: 🚚 Free Delivery 💵 COD Available 🔄 Easy Exchange & Return 👉 Tap now & elevate your style game 💫 #FashionLagoon #InstaStyleNepal #NepalOOTD #FashionVibes #TrendSetter,True,English
Instagram,"✨ Stylish Short Kurtas – Everyday Elegance! ✨

Upgrade your daily look with our trendy short kurtas 💫 Comfortable, stylish, and perfect for college, office, or casual outings. Pair it with jeans or pants for a smart and effortless vibe.

#ShortKurta #KurtaStyle #NepalFashion #KathmanduStyle #ZipaApp #NepalShopping #WomenStyleNepal #EthnicWearNepal #DailyWearNepal #TrendyNepal #NepalOOTD #ShopLocalNepal",13,0,0,0,2026-03-26 09:11:51+00:00,"✨ Stylish Short Kurtas – Everyday Elegance! ✨ Upgrade your daily look with our trendy short kurtas 💫 Comfortable, stylish, and perfect for college, office, or casual outings. Pair it with jeans or pants for a smart and effortless vibe. #ShortKurta #KurtaStyle #NepalFashion #KathmanduStyle #ZipaApp #NepalShopping #WomenStyleNepal #EthnicWearNepal #DailyWearNepal #TrendyNepal #NepalOOTD #ShopLocalNepal",True,English
Instagram,"✨ Bloom in Style – Floral Tops! ✨
Step into spring with our vibrant floral tops 🌼 Perfect for casual outings, brunches, or coffee dates. Pair with jeans, skirts, or shorts for a fresh and trendy look.
🛒 Order now on Zipa App!

#FloralTop #NepalFashion #KathmanduStyle #ZipaApp #NepalShopping #SummerFashionNepal #WomenStyleNepal #TrendyNepal #NepalOOTD #ShopLocalNepal",6,1,0,0,2026-03-25 09:39:35+00:00,"✨ Bloom in Style – Floral Tops! ✨ Step into spring with our vibrant floral tops 🌼 Perfect for casual outings, brunches, or coffee dates. Pair with jeans, skirts, or shorts for a fresh and trendy look. 🛒 Order now on Zipa App! #FloralTop #NepalFashion #KathmanduStyle #ZipaApp #NepalShopping #SummerFashionNepal #WomenStyleNepal #TrendyNepal #NepalOOTD #ShopLocalNepal",True,English
Instagram,"Two styles. Nine sacred gems. Infinite magic. 

Gahana Griha brings you two stunning styles of Navaratna Diamond Studs. Each design more mesmerizing than the last with two designs that will leave you stunned. These #diamondstuds are a blend of sacred tradition and contemporary beauty that fits in any scenario.

Nine gemstones. Two designs. One unforgettable you. 💫

#GahanaGriha #NavratnaStuds #NepalJewelry #DiamondStuds #KathmanduJewellery #NavaratnaDesign #NepalBridal #FashionNepal #LuxuryJewelryNepal #Kathmandu #NepaliFashionista #JewelryKathmandu #NavratnaEarrings #NepalStyle #WeddingNepal #Brides",2,0,0,0,2026-01-25 12:30:32+00:00,Two styles. Nine sacred gems. Infinite magic. Gahana Griha brings you two stunning styles of Navaratna Diamond Studs. Each design more mesmerizing than the last with two designs that will leave you stunned. These #diamondstuds are a blend of sacred tradition and contemporary beauty that fits in any scenario. Nine gemstones. Two designs. One unforgettable you. 💫 #GahanaGriha #NavratnaStuds #NepalJewelry #DiamondStuds #KathmanduJewellery #NavaratnaDesign #NepalBridal #FashionNepal #LuxuryJewelryNepal #Kathmandu #NepaliFashionista #JewelryKathmandu #NavratnaEarrings #NepalStyle #WeddingNepal #Brides,True,English
Instagram,"Louis Vuitton OnTheGo Tote Bag 

Step up your style game with this luxurious Louis Vuitton OnTheGo Tote. Featuring the iconic Monogram Empreinte embossed leather, this bag is the perfect mix of elegance and everyday practicality. With its spacious interior, sturdy top handles, and gold-tone hardware, it’s ideal for both professional and casual looks.

Whether you’re heading to a meeting, brunch with friends, or a weekend getaway, this LV tote adds a timeless touch to your outfit. Made from high-quality materials, it’s not just a fashion statement – it’s an investment in style.

Features:
	•	Premium embossed Monogram leather
	•	Spacious interior with multiple compartments
	•	Dual top handles & detachable strap for versatile carry
	•	Classic gold-tone hardware details
	•	Perfect for office, travel & daily use

Available Now – Limited Stock!

#LouisVuittonNepal #NepalFashion #LuxuryNepal #LVBagNepal #NepalShoppingOnline #StyleInNepal #NepaliFashionista #LVNepal #NepaliStyle #NepalBags #LuxuryLifeNepal #NepalTrends #NepaliWomenStyle #NepalBagsLovers #nepalluxuryrealestate",2,0,0,0,2025-11-27 11:10:16+00:00,"Louis Vuitton OnTheGo Tote Bag Step up your style game with this luxurious Louis Vuitton OnTheGo Tote. Featuring the iconic Monogram Empreinte embossed leather, this bag is the perfect mix of elegance and everyday practicality. With its spacious interior, sturdy top handles, and gold-tone hardware, it’s ideal for both professional and casual looks. Whether you’re heading to a meeting, brunch with friends, or a weekend getaway, this LV tote adds a timeless touch to your outfit. Made from high-quality materials, it’s not just a fashion statement – it’s an investment in style. Features: • Premium embossed Monogram leather • Spacious interior with multiple compartments • Dual top handles & detachable strap for versatile carry • Classic gold-tone hardware details • Perfect for office, travel & daily use Available Now – Limited Stock! #LouisVuittonNepal #NepalFashion #LuxuryNepal #LVBagNepal #NepalShoppingOnline #StyleInNepal #NepaliFashionista #LVNepal #NepaliStyle #NepalBags #LuxuryLifeNepal #NepalTrends #NepaliWomenStyle #NepalBagsLovers #nepalluxuryrealestate",True,English
Instagram,"✨ Turn Heads Everywhere You Go! ✨
Step into the world of luxury with this gorgeous Louis Vuitton handbag set in cream and blush-pink monogram. 💖 From brunch dates to evening glam, this bag adds instant elegance to any outfit. Crafted with premium leather and golden accents, it’s not just a bag—it’s a statement. 🌸 Perfect for the bold, stylish, and confident YOU!

💼 Main Bag + Matching Pouch = Style + Convenience
Because you deserve luxury that works for your lifestyle.

👜 Model no: LV - XL064

🎨 Colour option: ⚪️ white, ⚫️ black, 🔵 blue

💵 MRP: 3500/-, Offer price मात्र रु : 3000/- 

📏 Size: Size in (inch): H 10” X W 13” X B 5.5” (measurement excluding handle)

📲 Dm us on whats app: 9813677948

🚚 Free cash on delivery inside valley.

#LuxuryBagNepal #LVStyleNepal #NepaliFashionista #LVMonogramLove #premiumstylenepal",2,0,0,0,2025-11-22 03:41:12+00:00,"✨ Turn Heads Everywhere You Go! ✨ Step into the world of luxury with this gorgeous Louis Vuitton handbag set in cream and blush-pink monogram. 💖 From brunch dates to evening glam, this bag adds instant elegance to any outfit. Crafted with premium leather and golden accents, it’s not just a bag—it’s a statement. 🌸 Perfect for the bold, stylish, and confident YOU! 💼 Main Bag + Matching Pouch = Style + Convenience Because you deserve luxury that works for your lifestyle. 👜 Model no: LV - XL064 🎨 Colour option: ⚪️ white, ⚫️ black, 🔵 blue 💵 MRP: 3500/-, Offer price मात्र रु : 3000/- 📏 Size: Size in (inch): H 10” X W 13” X B 5.5” (measurement excluding handle) 📲 Dm us on whats app: 9813677948 🚚 Free cash on delivery inside valley. #LuxuryBagNepal #LVStyleNepal #NepaliFashionista #LVMonogramLove #premiumstylenepal",True,Nepali
Instagram,"Fusion / Indo-Western कट्स
.
.
#NepaliFashionista
#NepaliWomenStyle
#NepaliDress
#NepaliKurta
#KurtaInNepal
#IndoWesternNepal
#DesiVibesNepal
#EthnicFashionNepal
#NepalOutfitIdeas
#NepaliGirlOutfit #trending #nepal",1,0,0,0,2025-10-23 08:07:51+00:00,Fusion / Indo-Western कट्स . . #NepaliFashionista #NepaliWomenStyle #NepaliDress #NepaliKurta #KurtaInNepal #IndoWesternNepal #DesiVibesNepal #EthnicFashionNepal #NepalOutfitIdeas #NepaliGirlOutfit #trending #nepal,True,Nepali
Instagram,"""Zuleika's Emerald Diamond Choker ✨ Breathtaking. Bold. Enchanting. Unique. Four words that describe this masterpiece and the woman who wears it.

With every emerald's deep green allure and every diamond's fiery sparkle, Zuleika's choker tells the world exactly who you are. Someone who takes up challenges, makes impressions that last, and lives life unapologetically. ⚡ Made to last for generations to come.

Dare to be different. Dare to be Zuleika.

📍 Kamaladi, Kathmandu
⏰ 11 am - 7 pm Daily
💎 DM for your personal consultation
📱 Book your appointment: +977 1-4529240

#ZuleikaJewelry #EmeraldChokerNepal #DiamondChoker #BeYourself #BoldJewelry #NepalLuxury #KathmanduJewelry #UniqueChoker #StatementJewelry #EmeraldDiamond #NepaliFashionista #LuxuryChokerNepal #EnchantingBeauty #BreatheakingJewelry #ChokerStyle #DiamondEmeraldNepal #KathmanduLuxe #PowerPiece #BridalChokerNepal """,2,0,0,0,2025-10-12 13:00:59+00:00,"""Zuleika's Emerald Diamond Choker ✨ Breathtaking. Bold. Enchanting. Unique. Four words that describe this masterpiece and the woman who wears it. With every emerald's deep green allure and every diamond's fiery sparkle, Zuleika's choker tells the world exactly who you are. Someone who takes up challenges, makes impressions that last, and lives life unapologetically. ⚡ Made to last for generations to come. Dare to be different. Dare to be Zuleika. 📍 Kamaladi, Kathmandu ⏰ 11 am - 7 pm Daily 💎 DM for your personal consultation 📱 Book your appointment: +977 1-4529240 #ZuleikaJewelry #EmeraldChokerNepal #DiamondChoker #BeYourself #BoldJewelry #NepalLuxury #KathmanduJewelry #UniqueChoker #StatementJewelry #EmeraldDiamond #NepaliFashionista #LuxuryChokerNepal #EnchantingBeauty #BreatheakingJewelry #ChokerStyle #DiamondEmeraldNepal #KathmanduLuxe #PowerPiece #BridalChokerNepal """,True,English
Instagram,"✨ Tihar Special Launch ✨

💸 Price: RS 3280/-

🌼 Shine this Tihar in our Romansilk Chanderi Anarkali Set — 4m flair gown with fancy lace yoke, paired with free-size pants (with side pocket) and a 2.2m dupatta with mirror lace border. Perfect blend of elegance + comfort ✨

📏 Kurti Length: 48"" | Pant: Free Size | Dupatta: 2.2m
📏 Sizes: XS(34) – XXL(44)
🎨 Colors: Black, Yellow, Mahendi, Maroon, Rani Pink

🌍 Delivery all over Nepal & worldwide ✈️
💎 Premium Quality | Ready to Wear

#OrchidNepal #OrchidNepalCollection #Dashain2025 #Tihar2025 #DashainTiharEdit #FestiveFits #EthnicWearNepal #NepaliEthnicWear #NepalFashion #NepaliStyle #FashionNepal #KathmanduFashion #NepalShopping #ShopNepal #NepaliDesigner #OnlineshoppingNepal #NepaliFashionista #AnarkaliLove #KurtiNepal #DesiVibesNepal #StyleInTradition #FestiveWearNepal #PartyWearNepal #EthnicChic #PlusSizeKurtisNepal",-1,3,0,0,2025-09-26 03:35:12+00:00,"✨ Tihar Special Launch ✨ 💸 Price: RS 3280/- 🌼 Shine this Tihar in our Romansilk Chanderi Anarkali Set — 4m flair gown with fancy lace yoke, paired with free-size pants (with side pocket) and a 2.2m dupatta with mirror lace border. Perfect blend of elegance + comfort ✨ 📏 Kurti Length: 48"" | Pant: Free Size | Dupatta: 2.2m 📏 Sizes: XS(34) – XXL(44) 🎨 Colors: Black, Yellow, Mahendi, Maroon, Rani Pink 🌍 Delivery all over Nepal & worldwide ✈️ 💎 Premium Quality | Ready to Wear #OrchidNepal #OrchidNepalCollection #Dashain2025 #Tihar2025 #DashainTiharEdit #FestiveFits #EthnicWearNepal #NepaliEthnicWear #NepalFashion #NepaliStyle #FashionNepal #KathmanduFashion #NepalShopping #ShopNepal #NepaliDesigner #OnlineshoppingNepal #NepaliFashionista #AnarkaliLove #KurtiNepal #DesiVibesNepal #StyleInTradition #FestiveWearNepal #PartyWearNepal #EthnicChic #PlusSizeKurtisNepal",True,English
Instagram,"Blush Glide Sneakers is here to make every walk effortless & chic.
👟 Lightweight | 💨 Breathable | 🌸 Trendy
Sizes available – DM to grab yours now!”

#NepalFashion #SneakerStyle #NepaliTrend #StreetStyleNepal #NepalOutfit #SneakersNepal #OOTDNepal #TrendyNepal #NepaliStyle #NepalVibes #FashionInNepal #EverydayComfort #NepalShopping #NepaliFashionista”",4,0,0,0,2025-09-24 11:02:23+00:00,Blush Glide Sneakers is here to make every walk effortless & chic. 👟 Lightweight | 💨 Breathable | 🌸 Trendy Sizes available – DM to grab yours now!” #NepalFashion #SneakerStyle #NepaliTrend #StreetStyleNepal #NepalOutfit #SneakersNepal #OOTDNepal #TrendyNepal #NepaliStyle #NepalVibes #FashionInNepal #EverydayComfort #NepalShopping #NepaliFashionista”,True,English
Instagram,"Shimmer silk adorned with heavy beads and moti work, styled as an Anarkali with a lehenga skirt. Can be dyed in any colour of your choice 💕 Perfect for your next celebration 🪩✨

#Saaranz #NepalFashion #NepalStyle #EthnicWearNepal #AnarkaliLove #LehengaStyle #FestiveFits #NepaliFashionista #EthnicElegance #TraditionalWithATwist #NepalShopping #MadeInNepal #BridalWearNepal #EthnicChic #KathmanduShopping",7,1,0,0,2025-09-23 14:44:43+00:00,"Shimmer silk adorned with heavy beads and moti work, styled as an Anarkali with a lehenga skirt. Can be dyed in any colour of your choice 💕 Perfect for your next celebration 🪩✨ #Saaranz #NepalFashion #NepalStyle #EthnicWearNepal #AnarkaliLove #LehengaStyle #FestiveFits #NepaliFashionista #EthnicElegance #TraditionalWithATwist #NepalShopping #MadeInNepal #BridalWearNepal #EthnicChic #KathmanduShopping",True,English
Instagram,"Turning the page to something timeless… Amiraah Ethnics is almost here 🤍

#AmiraahEthnics #EthnicWear #KurtaLove #NepaliFashion #MadeInNepal #FashionNepal #StyleNepal #TrendingInNepal #OnlineNepal #NewEra #Rebrand #ComingSoon #StyleReveal #OOTDNepal #EthnicStyle #SupportLocalNepal #KathmanduStyle #NepaliStyle #HandmadeNepal #FashionLaunch #ShopNepal #NepalShopping #NepaliFashionista #InstaFashion #style",1,0,0,0,2025-09-19 16:17:13+00:00,Turning the page to something timeless… Amiraah Ethnics is almost here 🤍 #AmiraahEthnics #EthnicWear #KurtaLove #NepaliFashion #MadeInNepal #FashionNepal #StyleNepal #TrendingInNepal #OnlineNepal #NewEra #Rebrand #ComingSoon #StyleReveal #OOTDNepal #EthnicStyle #SupportLocalNepal #KathmanduStyle #NepaliStyle #HandmadeNepal #FashionLaunch #ShopNepal #NepalShopping #NepaliFashionista #InstaFashion #style,True,English
Instagram,"“Dashain just got trendier! 🎉👗 New arrivals that blend tradition with chic — because this festive season, you deserve to shine the brightest. 💫 Shop the look everyone’s talking about! 💃 #DashainFit”

#Dashain2025 #NepalFashion #KathmanduTrends #ShopNepal #DashainOutfits #NepaliGirlsStyle #NepaliFashionista #OnlineShoppingNepal #TrendyNepal #KathmanduFashion #ShopaholicNepal #DashainLooks #NepalStyleDiaries #NepaliBrandLove #KathmanduGirls",6,0,0,0,2025-09-18 10:36:27+00:00,"“Dashain just got trendier! 🎉👗 New arrivals that blend tradition with chic — because this festive season, you deserve to shine the brightest. 💫 Shop the look everyone’s talking about! 💃 #DashainFit” #Dashain2025 #NepalFashion #KathmanduTrends #ShopNepal #DashainOutfits #NepaliGirlsStyle #NepaliFashionista #OnlineShoppingNepal #TrendyNepal #KathmanduFashion #ShopaholicNepal #DashainLooks #NepalStyleDiaries #NepaliBrandLove #KathmanduGirls",True,English
Instagram,"✨ “Dashain just got trendier! 🎉👗 New arrivals that blend tradition with chic — because this festive season, you deserve to shine the brightest. 💫 Shop the look everyone’s talking about! 💃 #DashainFit”

#Dashain2025 #NepalFashion #KathmanduTrends #ShopNepal #DashainOutfits #NepaliGirlsStyle #NepaliFashionista #OnlineShoppingNepal #TrendyNepal #KathmanduFashion #ShopaholicNepal #DashainLooks #NepalStyleDiaries #NepaliBrandLove #KathmanduGirls",8,0,0,0,2025-09-17 11:25:44+00:00,"✨ “Dashain just got trendier! 🎉👗 New arrivals that blend tradition with chic — because this festive season, you deserve to shine the brightest. 💫 Shop the look everyone’s talking about! 💃 #DashainFit” #Dashain2025 #NepalFashion #KathmanduTrends #ShopNepal #DashainOutfits #NepaliGirlsStyle #NepaliFashionista #OnlineShoppingNepal #TrendyNepal #KathmanduFashion #ShopaholicNepal #DashainLooks #NepalStyleDiaries #NepaliBrandLove #KathmanduGirls",True,English
Instagram,"Coolane Women's Spring/Summer Music Festival Party Breathable Mesh Stretchy Bodysuit Bodysuits,Valentine's Day

📌 Available Colors: Brown, Black, White
📏 Sizes: XS, S, M, L
🛒 Pre-order now at LavishClick
#BodysuitEra #slimfit #casualstyle #fypage #LavishClick #PreOrderNow #reelsinstagram #EverydayOOTD #reels  #NepalFashion #TrendyLooks #LavishClickStyle #luxfashion #SHEINNepal #NepaliFashionista #glamlook #explorepage #StreetStyleOOTD #shoponlinenow #;:0:9:4:1",20,0,0,0,2025-08-31 08:13:05+00:00,"Coolane Women's Spring/Summer Music Festival Party Breathable Mesh Stretchy Bodysuit Bodysuits,Valentine's Day 📌 Available Colors: Brown, Black, White 📏 Sizes: XS, S, M, L 🛒 Pre-order now at LavishClick #BodysuitEra #slimfit #casualstyle #fypage #LavishClick #PreOrderNow #reelsinstagram #EverydayOOTD #reels #NepalFashion #TrendyLooks #LavishClickStyle #luxfashion #SHEINNepal #NepaliFashionista #glamlook #explorepage #StreetStyleOOTD #shoponlinenow #;:0:9:4:1",True,English
Instagram,"Sunnyshic Paisley Print Circle Neck Cropped Top And Pants Set ☀️🌴💙

🪻Two-piece set (crop top + wide-leg pants)
💙Boho paisley multicolor print 🌸
 💫Relaxed & breathable fabric
💎Perfect for beach, brunch or summer outings
📏 Sizes: XS – XL
🛒 Available for Pre-order at LavishClick

#PaisleyPrint #CoOrdSet #BohoVibes #BeachOutfit #OOTDNepal #VacationStyle #TrendyFits #fypage #SummerOOTD #NepaliFashionista #LavishClick #PreOrderNow  #StyleWithLavishClick",26,1,0,0,2025-08-24 07:15:57+00:00,"Sunnyshic Paisley Print Circle Neck Cropped Top And Pants Set ☀️🌴💙 🪻Two-piece set (crop top + wide-leg pants) 💙Boho paisley multicolor print 🌸 💫Relaxed & breathable fabric 💎Perfect for beach, brunch or summer outings 📏 Sizes: XS – XL 🛒 Available for Pre-order at LavishClick #PaisleyPrint #CoOrdSet #BohoVibes #BeachOutfit #OOTDNepal #VacationStyle #TrendyFits #fypage #SummerOOTD #NepaliFashionista #LavishClick #PreOrderNow #StyleWithLavishClick",True,English
Instagram,"🖤 One pant, countless looks.
Whether it’s office chic or weekend vibes – this wide-leg beauty is the upgrade your wardrobe was waiting for. Style it your way, and let your outfit speak before you do.

⚡ Stock is LIMITED – once gone, it’s gone.

📲 DM us now to Pre-Order & Reserve Yours Today
📞 Call/WhatsApp: +977-974-6643604 

🚚 Fast Delivery all over Nepal

✨ Sanskriti Styles – wear your elegance.

#pants #highpant #widelegpant #femalepants #SanskritiStyles #NepalFashion #NepalOnlineShopping #StyleInNepal #NepaliFashionista #WardrobeGoals #OOTDNepal #LimitedStock #NepalTrend #DailyStyleNepal #NepalClothing #ShopNepalOnline",3,0,0,0,2025-08-16 16:59:22+00:00,"🖤 One pant, countless looks. Whether it’s office chic or weekend vibes – this wide-leg beauty is the upgrade your wardrobe was waiting for. Style it your way, and let your outfit speak before you do. ⚡ Stock is LIMITED – once gone, it’s gone. 📲 DM us now to Pre-Order & Reserve Yours Today 📞 Call/WhatsApp: +977-974-6643604 🚚 Fast Delivery all over Nepal ✨ Sanskriti Styles – wear your elegance. #pants #highpant #widelegpant #femalepants #SanskritiStyles #NepalFashion #NepalOnlineShopping #StyleInNepal #NepaliFashionista #WardrobeGoals #OOTDNepal #LimitedStock #NepalTrend #DailyStyleNepal #NepalClothing #ShopNepalOnline",True,English
Instagram,"🖤 One pant, countless looks.
Whether it’s office chic or weekend vibes – this wide-leg beauty is the upgrade your wardrobe was waiting for. Style it your way, and let your outfit speak before you do.

⚡ Stock is LIMITED – once gone, it’s gone.

📲 DM us now to Pre-Order & Reserve Yours Today
📞 Call/WhatsApp: +977 9746643604

🚚 Fast Delivery all over Nepal

✨ Sanskriti Styles – wear your elegance.

#pants #highpant #widelegpant #femalepants #SanskritiStyles #NepalFashion #NepalOnlineShopping #StyleInNepal #NepaliFashionista #WardrobeGoals #OOTDNepal #LimitedStock #NepalTrend #DailyStyleNepal #NepalClothing #shopnepal",2,0,0,0,2025-08-16 16:52:08+00:00,"🖤 One pant, countless looks. Whether it’s office chic or weekend vibes – this wide-leg beauty is the upgrade your wardrobe was waiting for. Style it your way, and let your outfit speak before you do. ⚡ Stock is LIMITED – once gone, it’s gone. 📲 DM us now to Pre-Order & Reserve Yours Today 📞 Call/WhatsApp: +977 9746643604 🚚 Fast Delivery all over Nepal ✨ Sanskriti Styles – wear your elegance. #pants #highpant #widelegpant #femalepants #SanskritiStyles #NepalFashion #NepalOnlineShopping #StyleInNepal #NepaliFashionista #WardrobeGoals #OOTDNepal #LimitedStock #NepalTrend #DailyStyleNepal #NepalClothing #shopnepal",True,English
Instagram,"Bataas ra barsha don’t care! 💨🌧️
Rainy season ko lagi perfect jackets aaisakyo – lightweight, windproof & dami looks!
Style pani, protection pani.
DM garnus to order before it sells out!
.
.
.
.
.
#rainyseasonnepal #windproofjacket #rainwearnepal #nepalfashion #jacketsinnepal #nepalirainstyle #rainready #nepalistyle #fashionnepal #monsoonfit #barshakojacket #windyseason #nepalistreetwear #kathmandufashion #lightweightjacket #nepalioutfit #urbanwearnepal #stylishrainwear #nepaliyouthstyle #shopnepal #nepaliwear #nepaliwinterwear #windyrainyfit #nepalbrands #monsoonvibes #dailyfitnepal #onlineshopnepal #kathmanduoutfit #nepalfits #rainproofjacket",11,0,0,0,2025-07-25 06:26:35+00:00,"Bataas ra barsha don’t care! 💨🌧️ Rainy season ko lagi perfect jackets aaisakyo – lightweight, windproof & dami looks! Style pani, protection pani. DM garnus to order before it sells out! . . . . . #rainyseasonnepal #windproofjacket #rainwearnepal #nepalfashion #jacketsinnepal #nepalirainstyle #rainready #nepalistyle #fashionnepal #monsoonfit #barshakojacket #windyseason #nepalistreetwear #kathmandufashion #lightweightjacket #nepalioutfit #urbanwearnepal #stylishrainwear #nepaliyouthstyle #shopnepal #nepaliwear #nepaliwinterwear #windyrainyfit #nepalbrands #monsoonvibes #dailyfitnepal #onlineshopnepal #kathmanduoutfit #nepalfits #rainproofjacket",True,English
Instagram,"Style that speaks you! 🔥
T-shirt customize garna khojda, afnai design ma, afnai vibe ma – Pehnawamandu sanga.
Nepal ma banaune, Nepal ma pehnine.
अब अफ्नै डिजाइन बनाऔं  Create your own look today!
DM now to customize 💌
#SupportLocal #CustomizeNepal
#Pehnawamandu #TshirtNepal #CustomTshirt #NepaliBrand #MadeInNepal #CustomizeYourStyle #WearYourDesign #NepaliYouthStyle #SupportLocalBusiness #KathmanduFashion #NepalFashion",14,0,0,0,2025-07-22 17:07:36+00:00,"Style that speaks you! 🔥 T-shirt customize garna khojda, afnai design ma, afnai vibe ma – Pehnawamandu sanga. Nepal ma banaune, Nepal ma pehnine. अब अफ्नै डिजाइन बनाऔं Create your own look today! DM now to customize 💌 #SupportLocal #CustomizeNepal #Pehnawamandu #TshirtNepal #CustomTshirt #NepaliBrand #MadeInNepal #CustomizeYourStyle #WearYourDesign #NepaliYouthStyle #SupportLocalBusiness #KathmanduFashion #NepalFashion",True,Nepali
Instagram,"Big savings on the best t-shirt.
DM us to know more
📱 Message us directly on Facebook for quick orders and inquiries
✅ High-Quality | ✅ Trendy & Comfortable | ✅ Fast Delivery Available
#MensTShirt  #MenStyle  #TShirtSale #MensFashion  #CasualWear  #TShirtDiscount #MensWardrobe #FashionDeal #MensClothing  #AffordableStyle  #BestTShirt  #NepaliBrand  #MadeInNepal  #SupportLocal  #NepalKoFashion  #NepaliStyle  #NepalTShirt  #LocalBrandNepal  #NepalFashion 
#SastoRaRamro  #NepaliClothing 
#FashionFromNepal 
#NepaliYouthStyle 
#TShirtNepal 
#NepaliProduct",3,0,0,0,2025-06-04 07:50:04+00:00,Big savings on the best t-shirt. DM us to know more 📱 Message us directly on Facebook for quick orders and inquiries ✅ High-Quality | ✅ Trendy & Comfortable | ✅ Fast Delivery Available #MensTShirt #MenStyle #TShirtSale #MensFashion #CasualWear #TShirtDiscount #MensWardrobe #FashionDeal #MensClothing #AffordableStyle #BestTShirt #NepaliBrand #MadeInNepal #SupportLocal #NepalKoFashion #NepaliStyle #NepalTShirt #LocalBrandNepal #NepalFashion #SastoRaRamro #NepaliClothing #FashionFromNepal #NepaliYouthStyle #TShirtNepal #NepaliProduct,True,English
Instagram,"Another year older, but the real gift is right here in my arms 💕 26 looks like this on me. 🧿
Major missing my other-half. 
#birthdaywithmyworld #ritikaghimire4 #26thbirthday #aries #motherhood",151,3,0,0,2026-04-27 04:53:05+00:00,"Another year older, but the real gift is right here in my arms 💕 26 looks like this on me. 🧿 Major missing my other-half. #birthdaywithmyworld #ritikaghimire4 #26thbirthday #aries #motherhood",True,English
Instagram,"Birthday Lunch ✨ 26-4-26

 Grateful for another year of Growth. Thankful for those who make space for me ❤️
 

#fashion #birthday #trend #26thbirthday #aprilbaby 

👗: @haleemashaziaofficial 
👠: @unzelondonpk",98,25,0,0,2026-04-26 15:46:21+00:00,Birthday Lunch ✨ 26-4-26 Grateful for another year of Growth. Thankful for those who make space for me ❤️ #fashion #birthday #trend #26thbirthday #aprilbaby 👗: 👠:,True,English
Instagram,"Growing up changed everything✨️

#littlemevsnow #birthdayvibes #thenvsnow #selfgrowth🌱 #26thbirthday
[glowup, birthdaypost,then vs now, outfit, littleme, 26 birthday, asthetic post, transformation, childhood, Relatable, birthday excitement]",40,8,0,0,2026-04-26 14:28:08+00:00,"Growing up changed everything✨️ #littlemevsnow #birthdayvibes #thenvsnow #selfgrowth🌱 #26thbirthday [glowup, birthdaypost,then vs now, outfit, littleme, 26 birthday, asthetic post, transformation, childhood, Relatable, birthday excitement]",True,English
Instagram,I Be Looking In They Faces All These Niggas Faking 🦅🚦🤟🏾 #26thbirthday,-1,7,0,0,2026-04-25 23:52:31+00:00,I Be Looking In They Faces All These Niggas Faking 🦅🚦🤟🏾 #26thbirthday,True,English
Instagram,"+1🥳🎂😍
Grateful for life, growth and everything I'm becoming🎉🎉
Cheers to my Silver Jubilee🥂🎉
 Dress👗:- made by me😊
 #fypシ❤️💞❤️ #birthdaygirl👑 #softgirlera #25thbirthday #foryoupage💙",1,0,0,0,2026-04-27 13:07:37+00:00,"+1🥳🎂😍 Grateful for life, growth and everything I'm becoming🎉🎉 Cheers to my Silver Jubilee🥂🎉 Dress👗:- made by me😊 #fypシ❤️💞❤️ #birthdaygirl👑 #softgirlera #25thbirthday #foryoupage💙",True,English
Instagram,"~CHAPTER 25!~
This year I count my blessings and I’m indeed surprised by what the Lord has done! It’s been a whole 25years of God’s amazing faithfulness. Grace has carried me through even when it felt undeserving God has proven himself over and over in my life, even in the littlest things.

Being so big on gratitude, when I look back at how far I’ve come, I’m grateful for all the things I’ve been through, all the life lessons I’m learning, the family I’m blessed to call mine, the friends/people I’m surrounded with and I say ABBA THANK YOU 🙏 

The past year stretched me, almost broke me in ways I just couldn’t explain to anyone but I’m glad I always retrace my steps back to God, who always helps me by assuring me through His words.

 I might not be there yet, but I trust that God is doing His thing with me already which is why I titled this Chapter- “AGE LIKE A BLOOMING ROSE”🌹 It’s the age I grow older with grace, beauty, vibrancy, love, value and wisdom while embracing personal development in all seasons without fading. 
With all that said, I wish myself a rosy journey ahead 🥂 

Happy birthday Ogunyomi Olasubomi Olasewa Khairat Asake 💜
 God is about to work more wonders with you! 🎉😌

👗: @bomi_creations 
📸: @hubcityimages 
💄: @beambeauties 

#birthdaygirl🎈❤️✨ #25thbirthday #bloomseason",-1,73,0,0,2026-04-27 05:28:56+00:00,"~CHAPTER 25!~ This year I count my blessings and I’m indeed surprised by what the Lord has done! It’s been a whole 25years of God’s amazing faithfulness. Grace has carried me through even when it felt undeserving God has proven himself over and over in my life, even in the littlest things. Being so big on gratitude, when I look back at how far I’ve come, I’m grateful for all the things I’ve been through, all the life lessons I’m learning, the family I’m blessed to call mine, the friends/people I’m surrounded with and I say ABBA THANK YOU 🙏 The past year stretched me, almost broke me in ways I just couldn’t explain to anyone but I’m glad I always retrace my steps back to God, who always helps me by assuring me through His words. I might not be there yet, but I trust that God is doing His thing with me already which is why I titled this Chapter- “AGE LIKE A BLOOMING ROSE”🌹 It’s the age I grow older with grace, beauty, vibrancy, love, value and wisdom while embracing personal development in all seasons without fading. With all that said, I wish myself a rosy journey ahead 🥂 Happy birthday Ogunyomi Olasubomi Olasewa Khairat Asake 💜 God is about to work more wonders with you! 🎉😌 👗: 📸: 💄: #birthdaygirl🎈❤️✨ #25thbirthday #bloomseason",True,English
Instagram,"celebrating in style ✨🤍

Canva editable • Instant download 

Tap the link in my bio to shop the template! 🤍

#birthday #birthdayinvitation",2,1,0,0,2026-04-27 03:21:45+00:00,celebrating in style ✨🤍 Canva editable • Instant download Tap the link in my bio to shop the template! 🤍 #birthday #birthdayinvitation,True,English
Instagram,"Happy 25th Birthday, Matthew! 🎉
Had so much fun creating this 8-inch funfetti cake with classic American vanilla buttercream in white and blue. Finished it off with gold accents, blue drip, and sprinkles for that perfect celebration look 💙✨
#25thBirthday #FunfettiCake #BlueWhiteGold #VanillaButtercream #HandmadeWithLove HandicraftsByAuntie",2,0,0,0,2026-04-27 00:03:50+00:00,"Happy 25th Birthday, Matthew! 🎉 Had so much fun creating this 8-inch funfetti cake with classic American vanilla buttercream in white and blue. Finished it off with gold accents, blue drip, and sprinkles for that perfect celebration look 💙✨ #25thBirthday #FunfettiCake #BlueWhiteGold #VanillaButtercream #HandmadeWithLove HandicraftsByAuntie",True,English
Instagram,"25 hits different 
A little sweet, a little savage… just like this cake.
Who’s next? Tag them 👇
Dominican cake with pineapple filling and cream pastry so yummy! 
#25thBirthday #BirthdayVibes #CakeDesign #CustomCake #dominicancakebroward",9,0,0,0,2026-04-26 15:43:29+00:00,"25 hits different A little sweet, a little savage… just like this cake. Who’s next? Tag them 👇 Dominican cake with pineapple filling and cream pastry so yummy! #25thBirthday #BirthdayVibes #CakeDesign #CustomCake #dominicancakebroward",True,English
Instagram,"Naya Barsha, Naya Look, Naya Umanga! Step into 2083 B.S.with Ethereal Elegance.

 Happy Nepali New Year 2083 in advance to everyone! 🙏 Naya Barsha ko Yo Subha Awasar ma, Tapailai dherai dherai Suvakamanaharu!
Our Special New Year 2083 Offer: 💥
New Year Discount: Get up to 50% OFF on all new arrivals, including this Peach Kurta Set!
Free Matching Bag: The first 5 orders of this specific kurta will receive the matching, artisanal handbag  for FREE.
Free Shipping: Valid across major cities in Nepal and internationally on orders above NPR 25,000.

#nepalinewyear2083 #fypシ゚  #nepaliethnicwear #Vastramanjari #unfollowers peachkurti handembroidery newyearsale designerwear 
boutiquefashion nepalireels nepalboutique",0,0,0,0,2026-04-15 01:15:06+00:00,"Naya Barsha, Naya Look, Naya Umanga! Step into 2083 B.S.with Ethereal Elegance. Happy Nepali New Year 2083 in advance to everyone! 🙏 Naya Barsha ko Yo Subha Awasar ma, Tapailai dherai dherai Suvakamanaharu! Our Special New Year 2083 Offer: 💥 New Year Discount: Get up to 50% OFF on all new arrivals, including this Peach Kurta Set! Free Matching Bag: The first 5 orders of this specific kurta will receive the matching, artisanal handbag for FREE. Free Shipping: Valid across major cities in Nepal and internationally on orders above NPR 25,000. #nepalinewyear2083 #fypシ゚ #nepaliethnicwear #Vastramanjari #unfollowers peachkurti handembroidery newyearsale designerwear boutiquefashion nepalireels nepalboutique",True,English
Instagram,"Naya Barsha, Naya Look, Naya Umanga! Step into 2083 B.S.with Ethereal Elegance.

 Happy Nepali New Year 2083 in advance to everyone! 🙏 Naya Barsha ko Yo Subha Awasar ma, Tapailai dherai dherai Suvakamanaharu!
Our Special New Year 2083 Offer: 💥
New Year Discount: Get up to 50% OFF on all new arrivals, including this Peach Kurta Set!
Free Matching Bag: The first 5 orders of this specific kurta will receive the matching, artisanal handbag  for FREE.
Free Shipping: Valid across major cities in Nepal and internationally on orders above NPR 25,000.

#nepalinewyear2083 #fypシ゚  #nepaliethnicwear #Riteishcreations #unfollowers 

What's your New year 2083Bs wear ?",0,1,0,0,2026-04-14 16:22:52+00:00,"Naya Barsha, Naya Look, Naya Umanga! Step into 2083 B.S.with Ethereal Elegance. Happy Nepali New Year 2083 in advance to everyone! 🙏 Naya Barsha ko Yo Subha Awasar ma, Tapailai dherai dherai Suvakamanaharu! Our Special New Year 2083 Offer: 💥 New Year Discount: Get up to 50% OFF on all new arrivals, including this Peach Kurta Set! Free Matching Bag: The first 5 orders of this specific kurta will receive the matching, artisanal handbag for FREE. Free Shipping: Valid across major cities in Nepal and internationally on orders above NPR 25,000. #nepalinewyear2083 #fypシ゚ #nepaliethnicwear #Riteishcreations #unfollowers What's your New year 2083Bs wear ?",True,English
Instagram,"Drape yourself in elegance with this stunning lehenga set✨💙
Perfect for festive days, wedding or making graceful statement anywhere you go.
DM for inquiry 

#missbloombypoojaniroula #traditionalfashion #lehengacholi #nepaliethnicwear #bluelehengacholi",3,0,0,0,2026-02-25 13:31:13+00:00,"Drape yourself in elegance with this stunning lehenga set✨💙 Perfect for festive days, wedding or making graceful statement anywhere you go. DM for inquiry #missbloombypoojaniroula #traditionalfashion #lehengacholi #nepaliethnicwear #bluelehengacholi",True,English
Instagram,"Draped in Nepali culture ♥️
.
.
.
.
.
.
.
.
.
.
.
.
.
.
#newarrivals #viralpost #traditional #nepali #nepaliethnicwear",-1,16,0,0,2026-02-09 08:44:07+00:00,Draped in Nepali culture ♥️ . . . . . . . . . . . . . . #newarrivals #viralpost #traditional #nepali #nepaliethnicwear,True,English
Instagram,"Thank You all my beautiful models @kemi.stayler @_dpku_ @pariiii.444 @prishgi @khushikashah @sarub.k for your time. grace and effort. Can't thank enough @namloevents @bikrantphotography @amyshrestha and Team for all the hard work that made this shoot so special ♥️

PS: Special shoutout to my besties
@asmitashrestha1520 @smahat
for all the BTS magic and support✨

#nepaliethnicwear#kurthaset#salwaarkameez#indianwear#saree#desi#clothing#clothingphotography",109,6,0,0,2026-02-06 17:16:52+00:00,Thank You all my beautiful models .stayler .444 .k for your time. grace and effort. Can't thank enough and Team for all the hard work that made this shoot so special ♥️ PS: Special shoutout to my besties for all the BTS magic and support✨ #nepaliethnicwear#kurthaset#salwaarkameez#indianwear#saree#desi#clothing#clothingphotography,True,English
Instagram,"GURUNG CULTURAL DRESS. I LOVE MY CULTURE AND HERITAGE 

Rooted in tradition, wrapped in grace 🌸
The elegance of Nepali Gurung attire reflects culture, simplicity, and timeless beauty. Proud of my heritage 🇳🇵✨

#GurungTradition #NepaliEthnicWear #CulturalElegance #NepaliRoots #DesiVibes",52,29,0,0,2026-02-04 08:49:19+00:00,"GURUNG CULTURAL DRESS. I LOVE MY CULTURE AND HERITAGE Rooted in tradition, wrapped in grace 🌸 The elegance of Nepali Gurung attire reflects culture, simplicity, and timeless beauty. Proud of my heritage 🇳🇵✨ #GurungTradition #NepaliEthnicWear #CulturalElegance #NepaliRoots #DesiVibes",True,English
Instagram,"Mughal Printed Chinon set with teal contrast  intricate embroidery on neckline, dangle on apple silhouette.

Available Size | 38, 40, 42, 44

Wash Care: Dry Clean only 
DM to order
#kathmandunepal & #nepalitiktok #onceuponithread #nepaliethnicwear",3,0,0,0,2026-01-19 06:28:34+00:00,"Mughal Printed Chinon set with teal contrast intricate embroidery on neckline, dangle on apple silhouette. Available Size | 38, 40, 42, 44 Wash Care: Dry Clean only DM to order #kathmandunepal & #nepalitiktok #onceuponithread #nepaliethnicwear",True,English
Instagram,"Shimmer Tissue set in pink, with printed accent and beaded work on neckline and central panel.

Available Size | 38, 40, 42(sold), 44

Wash Care: Dry Clean only 
DM to order
#kathmandunepal & #nepalitiktok #onceuponithread #nepaliethnicwear",2,0,0,0,2026-01-19 06:04:50+00:00,"Shimmer Tissue set in pink, with printed accent and beaded work on neckline and central panel. Available Size | 38, 40, 42(sold), 44 Wash Care: Dry Clean only DM to order #kathmandunepal & #nepalitiktok #onceuponithread #nepaliethnicwear",True,English
Instagram,"Shimmer Tissue set in red, with printed accent and beaded work on neckline and central panel.

Available Size | 38, 40(sold), 42, 44

Wash Care: Dry Clean only 
DM to order
#kathmandunepal & #nepalitiktok #onceuponithread #nepaliethnicwear",1,0,0,0,2026-01-19 05:58:38+00:00,"Shimmer Tissue set in red, with printed accent and beaded work on neckline and central panel. Available Size | 38, 40(sold), 42, 44 Wash Care: Dry Clean only DM to order #kathmandunepal & #nepalitiktok #onceuponithread #nepaliethnicwear",True,English
Instagram,"Soft chinon set in orange, with apple cut silhouette and embroidery neckline with bead work, flower embroidered detail & beaded tassel hem.

Available Size | 38-44

Wash Care: Dry Clean only 
DM to order
#kathmandunepal & #nepalitiktok #onceuponithread #nepaliethnicwear",2,1,0,0,2026-01-19 05:51:43+00:00,"Soft chinon set in orange, with apple cut silhouette and embroidery neckline with bead work, flower embroidered detail & beaded tassel hem. Available Size | 38-44 Wash Care: Dry Clean only DM to order #kathmandunepal & #nepalitiktok #onceuponithread #nepaliethnicwear",True,English
Instagram,"Soft chinon set in pink, with apple cut silhouette and embroidery neckline with bead work, flower embroidered detail & beaded tassel hem.

Available Size | 38(sold), 40, 42(sold), 44

Wash Care: Dry Clean only 
DM to order
#kathmandunepal & #nepalitiktok #onceuponithread #nepaliethnicwear",2,0,0,0,2026-01-19 05:48:42+00:00,"Soft chinon set in pink, with apple cut silhouette and embroidery neckline with bead work, flower embroidered detail & beaded tassel hem. Available Size | 38(sold), 40, 42(sold), 44 Wash Care: Dry Clean only DM to order #kathmandunepal & #nepalitiktok #onceuponithread #nepaliethnicwear",True,English
Instagram,"Natural Crepe based set in bold pink, with mirror detailing and embroidery work on hemline over a digital print. 
Available Size | L-XXL

Wash Care: Dry Clean only 
DM to order
#kathmandunepal & #nepalitiktok #onceuponithread #nepaliethnicwear",3,0,0,0,2026-01-16 11:28:37+00:00,"Natural Crepe based set in bold pink, with mirror detailing and embroidery work on hemline over a digital print. Available Size | L-XXL Wash Care: Dry Clean only DM to order #kathmandunepal & #nepalitiktok #onceuponithread #nepaliethnicwear",True,English
Instagram,"Natural Crepe based Anarkali in vibrant yellow, with gota and mirror work on neckline, turquoise ombre print and dangle at hem

Available Size | XXL 
Wash Care: Dry Clean only
DM to order
#kathmandunepal & #nepalitiktok #onceuponithread #nepaliethnicwear",5,0,0,0,2026-01-15 06:34:48+00:00,"Natural Crepe based Anarkali in vibrant yellow, with gota and mirror work on neckline, turquoise ombre print and dangle at hem Available Size | XXL Wash Care: Dry Clean only DM to order #kathmandunepal & #nepalitiktok #onceuponithread #nepaliethnicwear",True,English
Instagram,"𝐆𝐫𝐚𝐜𝐞 𝐫𝐨𝐨𝐭𝐞𝐝 𝐢𝐧 𝐡𝐞𝐫𝐢𝐭𝐚𝐠𝐞, 𝐬𝐭𝐲𝐥𝐞𝐝 𝐟𝐨𝐫 𝐭𝐨𝐝𝐚𝐲.
Step into the beauty of tradition with our 𝐒𝐮𝐛𝐛𝐚 𝐒𝐞𝐭 𝐂𝐨𝐭𝐭𝐨𝐧 𝐈𝐤𝐚𝐭 𝐆𝐨𝐰𝐧 𝐃𝐫𝐞𝐬𝐬—a vibrant blend of cultural elegance and modern comfort. Perfectly crafted for Subba & Limbu women who love wearing their identity with pride. ❤️

Explore the details, feel the craftsmanship, and bring home a piece that honors your story.

👉 𝐒𝐡𝐨𝐩 𝐭𝐡𝐢𝐬 𝐥𝐨𝐨𝐤 𝐧𝐨𝐰 𝐚𝐭 𝐁𝐡𝐮𝐭𝐢𝐛
🔗 𝐕𝐢𝐬𝐢𝐭: 𝐛𝐡𝐮𝐭𝐢𝐛.𝐜𝐨𝐦
Your perfect traditional-meets-modern outfit is just a tap away. 🌸
𝐄𝐱𝐩𝐥𝐨𝐫𝐞 • 𝐒𝐡𝐨𝐩 • 𝐖𝐞𝐚𝐫 𝐰𝐢𝐭𝐡 𝐩𝐫𝐢𝐝𝐞

#Bhutib #SubbaDress #LimbuDress #IkatFashion #CottonIkat #EthnicWearNepal #TraditionalFashion #NepaliFashion #NepaliEthnicWear #HimaliFashion #CulturalWear #HeritageStyle #ShopNepalOnline #EthnicElegance #WomenOfNepal #NepaliWomenStyle #EthnicGown #CulturalIdentity #FashionWithMeaning #ShopBhutib #BhutibCollection",1,0,0,0,2025-12-16 15:16:59+00:00,"𝐆𝐫𝐚𝐜𝐞 𝐫𝐨𝐨𝐭𝐞𝐝 𝐢𝐧 𝐡𝐞𝐫𝐢𝐭𝐚𝐠𝐞, 𝐬𝐭𝐲𝐥𝐞𝐝 𝐟𝐨𝐫 𝐭𝐨𝐝𝐚𝐲. Step into the beauty of tradition with our 𝐒𝐮𝐛𝐛𝐚 𝐒𝐞𝐭 𝐂𝐨𝐭𝐭𝐨𝐧 𝐈𝐤𝐚𝐭 𝐆𝐨𝐰𝐧 𝐃𝐫𝐞𝐬𝐬—a vibrant blend of cultural elegance and modern comfort. Perfectly crafted for Subba & Limbu women who love wearing their identity with pride. ❤️ Explore the details, feel the craftsmanship, and bring home a piece that honors your story. 👉 𝐒𝐡𝐨𝐩 𝐭𝐡𝐢𝐬 𝐥𝐨𝐨𝐤 𝐧𝐨𝐰 𝐚𝐭 𝐁𝐡𝐮𝐭𝐢𝐛 🔗 𝐕𝐢𝐬𝐢𝐭: 𝐛𝐡𝐮𝐭𝐢𝐛.𝐜𝐨𝐦 Your perfect traditional-meets-modern outfit is just a tap away. 🌸 𝐄𝐱𝐩𝐥𝐨𝐫𝐞 • 𝐒𝐡𝐨𝐩 • 𝐖𝐞𝐚𝐫 𝐰𝐢𝐭𝐡 𝐩𝐫𝐢𝐝𝐞 #Bhutib #SubbaDress #LimbuDress #IkatFashion #CottonIkat #EthnicWearNepal #TraditionalFashion #NepaliFashion #NepaliEthnicWear #HimaliFashion #CulturalWear #HeritageStyle #ShopNepalOnline #EthnicElegance #WomenOfNepal #NepaliWomenStyle #EthnicGown #CulturalIdentity #FashionWithMeaning #ShopBhutib #BhutibCollection",True,English
Instagram,"𝐑𝐨𝐨𝐭𝐞𝐝 𝐢𝐧 𝐭𝐫𝐚𝐝𝐢𝐭𝐢𝐨𝐧. 𝐒𝐭𝐲𝐥𝐞𝐝 𝐟𝐨𝐫 𝐭𝐨𝐝𝐚𝐲🤍
Our 𝐒𝐮𝐛𝐛𝐚/𝐋𝐢𝐦𝐛𝐮 𝐂𝐨𝐭𝐭𝐨𝐧 𝐁𝐥𝐨𝐮𝐬𝐞 is a beautiful expression of Nepali heritage, traditionally 𝐰𝐨𝐫𝐧 𝐛𝐲 𝐒𝐮𝐛𝐛𝐚 𝐚𝐧𝐝 𝐋𝐢𝐦𝐛𝐮 𝐰𝐨𝐦𝐞𝐧, now thoughtfully crafted for everyday comfort and timeless style.

Made with soft cotton fabric, detailed handloom prints, and 3/4 sleeves, this blouse is perfect for cultural gatherings, festivals, or graceful daily wear. Every piece reflects authenticity, craftsmanship, and cultural pride.

✨ If you love ethnic wear that tells a story, this one is for you.
🛍️ 𝐄𝐱𝐩𝐥𝐨𝐫𝐞 𝐚𝐧𝐝 𝐬𝐡𝐨𝐩 𝐨𝐮𝐫 𝐥𝐚𝐭𝐞𝐬𝐭 𝐜𝐨𝐥𝐥𝐞𝐜𝐭𝐢𝐨𝐧 𝐚𝐭 👉 𝐛𝐡𝐮𝐭𝐢𝐛.𝐜𝐨𝐦
Tap the link in bio.

#Bhutib #BhutibStore #ShopBhutib #NepaliEthnicWear #LimbuDress #SubbaDress #NepaliFashion #TraditionalNepaliWear #EthnicWearNepal #HandloomBlouse #CottonBlouse #CulturalWear #IndigenousFashion #NepaliWomen #LimbuCulture #SubbaCulture #NepaliHandloom #EthnicBlouse #SustainableFashion #WearYourCulture #HeritageFashion #NepaliClothing #OnlineEthnicStore",1,0,0,0,2025-12-14 15:20:24+00:00,"𝐑𝐨𝐨𝐭𝐞𝐝 𝐢𝐧 𝐭𝐫𝐚𝐝𝐢𝐭𝐢𝐨𝐧. 𝐒𝐭𝐲𝐥𝐞𝐝 𝐟𝐨𝐫 𝐭𝐨𝐝𝐚𝐲🤍 Our 𝐒𝐮𝐛𝐛𝐚/𝐋𝐢𝐦𝐛𝐮 𝐂𝐨𝐭𝐭𝐨𝐧 𝐁𝐥𝐨𝐮𝐬𝐞 is a beautiful expression of Nepali heritage, traditionally 𝐰𝐨𝐫𝐧 𝐛𝐲 𝐒𝐮𝐛𝐛𝐚 𝐚𝐧𝐝 𝐋𝐢𝐦𝐛𝐮 𝐰𝐨𝐦𝐞𝐧, now thoughtfully crafted for everyday comfort and timeless style. Made with soft cotton fabric, detailed handloom prints, and 3/4 sleeves, this blouse is perfect for cultural gatherings, festivals, or graceful daily wear. Every piece reflects authenticity, craftsmanship, and cultural pride. ✨ If you love ethnic wear that tells a story, this one is for you. 🛍️ 𝐄𝐱𝐩𝐥𝐨𝐫𝐞 𝐚𝐧𝐝 𝐬𝐡𝐨𝐩 𝐨𝐮𝐫 𝐥𝐚𝐭𝐞𝐬𝐭 𝐜𝐨𝐥𝐥𝐞𝐜𝐭𝐢𝐨𝐧 𝐚𝐭 👉 𝐛𝐡𝐮𝐭𝐢𝐛.𝐜𝐨𝐦 Tap the link in bio. #Bhutib #BhutibStore #ShopBhutib #NepaliEthnicWear #LimbuDress #SubbaDress #NepaliFashion #TraditionalNepaliWear #EthnicWearNepal #HandloomBlouse #CottonBlouse #CulturalWear #IndigenousFashion #NepaliWomen #LimbuCulture #SubbaCulture #NepaliHandloom #EthnicBlouse #SustainableFashion #WearYourCulture #HeritageFashion #NepaliClothing #OnlineEthnicStore",True,English
Instagram,"Elegance that speaks of tradition and luxury ✨
Our 𝐄𝐦𝐛𝐫𝐨𝐢𝐝𝐞𝐫𝐞𝐝 𝐕𝐞𝐥𝐯𝐞𝐭 𝐌𝐚𝐧𝐝𝐚𝐫𝐢𝐧-𝐂𝐨𝐥𝐥𝐚𝐫 𝐁𝐥𝐨𝐮𝐬𝐞 𝐰𝐢𝐭𝐡 𝐆𝐨𝐥𝐝 𝐏𝐢𝐩𝐢𝐧𝐠 is crafted for the modern Nepali woman who loves timeless style with a premium touch.

🖤 Perfect for festivals, weddings, or elevating your everyday ethnic look.
✨ Premium velvet | Delicate gold piping | Flattering mandarin collar

👉𝐄𝐱𝐩𝐥𝐨𝐫𝐞 & 𝐬𝐡𝐨𝐩 𝐭𝐡𝐢𝐬 𝐥𝐚𝐭𝐞𝐬𝐭 𝐚𝐫𝐫𝐢𝐯𝐚𝐥 𝐚𝐭 𝐁𝐡𝐮𝐭𝐢𝐛:
🌐 𝐡𝐭𝐭𝐩𝐬://𝐛𝐡𝐮𝐭𝐢𝐛.𝐜𝐨𝐦/

Tap the link in bio, fall in love with the details, and bring home a piece of elegance today 💛

#NepaliFashion #NepalStyle #EthnicWearNepal #VelvetBlouse #NepaliWomenStyle #FestivalWearNepal #BoutiqueNepal #shopindiaonline #Bhutib #TraditionalFashion #NepaliClothingBrand #MandarinCollarBlouse #EthnicOutfitIdeas #WeddingWearNepal #WomenFashionNepal #DesignerBlouseNepal #HandcraftedFashion #NepaliEthnicWear",1,0,0,0,2025-12-11 16:13:45+00:00,"Elegance that speaks of tradition and luxury ✨ Our 𝐄𝐦𝐛𝐫𝐨𝐢𝐝𝐞𝐫𝐞𝐝 𝐕𝐞𝐥𝐯𝐞𝐭 𝐌𝐚𝐧𝐝𝐚𝐫𝐢𝐧-𝐂𝐨𝐥𝐥𝐚𝐫 𝐁𝐥𝐨𝐮𝐬𝐞 𝐰𝐢𝐭𝐡 𝐆𝐨𝐥𝐝 𝐏𝐢𝐩𝐢𝐧𝐠 is crafted for the modern Nepali woman who loves timeless style with a premium touch. 🖤 Perfect for festivals, weddings, or elevating your everyday ethnic look. ✨ Premium velvet | Delicate gold piping | Flattering mandarin collar 👉𝐄𝐱𝐩𝐥𝐨𝐫𝐞 & 𝐬𝐡𝐨𝐩 𝐭𝐡𝐢𝐬 𝐥𝐚𝐭𝐞𝐬𝐭 𝐚𝐫𝐫𝐢𝐯𝐚𝐥 𝐚𝐭 𝐁𝐡𝐮𝐭𝐢𝐛: 🌐 𝐡𝐭𝐭𝐩𝐬://𝐛𝐡𝐮𝐭𝐢𝐛.𝐜𝐨𝐦/ Tap the link in bio, fall in love with the details, and bring home a piece of elegance today 💛 #NepaliFashion #NepalStyle #EthnicWearNepal #VelvetBlouse #NepaliWomenStyle #FestivalWearNepal #BoutiqueNepal #shopindiaonline #Bhutib #TraditionalFashion #NepaliClothingBrand #MandarinCollarBlouse #EthnicOutfitIdeas #WeddingWearNepal #WomenFashionNepal #DesignerBlouseNepal #HandcraftedFashion #NepaliEthnicWear",True,English
Instagram,"✨ 𝐆𝐫𝐚𝐜𝐞 𝐫𝐨𝐨𝐭𝐞𝐝 𝐢𝐧 𝐡𝐞𝐫𝐢𝐭𝐚𝐠𝐞, 𝐬𝐭𝐲𝐥𝐞𝐝 𝐟𝐨𝐫 𝐭𝐨𝐝𝐚𝐲.
Step into the beauty of tradition with our 𝐒𝐮𝐛𝐛𝐚 𝐒𝐞𝐭 𝐂𝐨𝐭𝐭𝐨𝐧 𝐈𝐤𝐚𝐭 𝐆𝐨𝐰𝐧 𝐃𝐫𝐞𝐬𝐬—a vibrant blend of cultural elegance and modern comfort. Perfectly crafted for Subba & Limbu women who love wearing their identity with pride. ❤️

Explore the details, feel the craftsmanship, and bring home a piece that honors your story.

👉 𝐒𝐡𝐨𝐩 𝐭𝐡𝐢𝐬 𝐥𝐨𝐨𝐤 𝐧𝐨𝐰 𝐚𝐭 𝐁𝐡𝐮𝐭𝐢𝐛
🔗 𝐕𝐢𝐬𝐢𝐭: 𝐛𝐡𝐮𝐭𝐢𝐛.𝐜𝐨𝐦
Your perfect traditional-meets-modern outfit is just a tap away. 🌸
𝐄𝐱𝐩𝐥𝐨𝐫𝐞 • 𝐒𝐡𝐨𝐩 • 𝐖𝐞𝐚𝐫 𝐰𝐢𝐭𝐡 𝐩𝐫𝐢𝐝𝐞

#Bhutib #SubbaDress #LimbuDress #IkatFashion #CottonIkat #EthnicWearNepal #TraditionalFashion #NepaliFashion #NepaliEthnicWear #HimaliFashion #CulturalWear #HeritageStyle #ShopNepalOnline #EthnicElegance #WomenOfNepal #NepaliWomenStyle #EthnicGown #CulturalIdentity #FashionWithMeaning #ShopBhutib #BhutibCollection",0,0,0,0,2025-11-21 14:07:59+00:00,"✨ 𝐆𝐫𝐚𝐜𝐞 𝐫𝐨𝐨𝐭𝐞𝐝 𝐢𝐧 𝐡𝐞𝐫𝐢𝐭𝐚𝐠𝐞, 𝐬𝐭𝐲𝐥𝐞𝐝 𝐟𝐨𝐫 𝐭𝐨𝐝𝐚𝐲. Step into the beauty of tradition with our 𝐒𝐮𝐛𝐛𝐚 𝐒𝐞𝐭 𝐂𝐨𝐭𝐭𝐨𝐧 𝐈𝐤𝐚𝐭 𝐆𝐨𝐰𝐧 𝐃𝐫𝐞𝐬𝐬—a vibrant blend of cultural elegance and modern comfort. Perfectly crafted for Subba & Limbu women who love wearing their identity with pride. ❤️ Explore the details, feel the craftsmanship, and bring home a piece that honors your story. 👉 𝐒𝐡𝐨𝐩 𝐭𝐡𝐢𝐬 𝐥𝐨𝐨𝐤 𝐧𝐨𝐰 𝐚𝐭 𝐁𝐡𝐮𝐭𝐢𝐛 🔗 𝐕𝐢𝐬𝐢𝐭: 𝐛𝐡𝐮𝐭𝐢𝐛.𝐜𝐨𝐦 Your perfect traditional-meets-modern outfit is just a tap away. 🌸 𝐄𝐱𝐩𝐥𝐨𝐫𝐞 • 𝐒𝐡𝐨𝐩 • 𝐖𝐞𝐚𝐫 𝐰𝐢𝐭𝐡 𝐩𝐫𝐢𝐝𝐞 #Bhutib #SubbaDress #LimbuDress #IkatFashion #CottonIkat #EthnicWearNepal #TraditionalFashion #NepaliFashion #NepaliEthnicWear #HimaliFashion #CulturalWear #HeritageStyle #ShopNepalOnline #EthnicElegance #WomenOfNepal #NepaliWomenStyle #EthnicGown #CulturalIdentity #FashionWithMeaning #ShopBhutib #BhutibCollection",True,English
Instagram,"Chapter 23: More beauty, more dreams, more me. 🌝💫
. 
. 
. 
#highlightseveryone #birthdayevening #23thbirthday #traditionalwear #viralpost",126,103,0,0,2026-04-19 06:55:13+00:00,"Chapter 23: More beauty, more dreams, more me. 🌝💫 . . . #highlightseveryone #birthdayevening #23thbirthday #traditionalwear #viralpost",True,English
Instagram,"V I N T A G E 💜

Gisteren vierde een lieve dame haar 23e verjaardag. 
Voor haar verjaardagsfeest mochten wij deze paarse vintage verjaardagstaart verzorgen. 
Redvelvet gevuld met witte chocolademousse, vanille crème & lemoncurd. 

Ben jij ook opzoek naar een geweldige verjaardagstaart?
Neem dan even een kijkje op onze webshop:

https://nathaliesbakery.nl/sweets-and-cake/
•
•
•
#birthday #23thbirthday #vintage #vintagecakes #taartbestellen",9,0,0,0,2026-04-11 08:07:30+00:00,"V I N T A G E 💜 Gisteren vierde een lieve dame haar 23e verjaardag. Voor haar verjaardagsfeest mochten wij deze paarse vintage verjaardagstaart verzorgen. Redvelvet gevuld met witte chocolademousse, vanille crème & lemoncurd. Ben jij ook opzoek naar een geweldige verjaardagstaart? Neem dan even een kijkje op onze webshop: • • • #birthday #23thbirthday #vintage #vintagecakes #taartbestellen",True,English
Instagram,"Your go-to for beautiful kurtha 🤍
Simple, stylish & comfortable piece
DM for orders
#kurtha #kurthaset♥️ #kurthaset #kurthanepal",5,0,0,0,2026-04-20 04:28:02+00:00,"Your go-to for beautiful kurtha 🤍 Simple, stylish & comfortable piece DM for orders #kurtha #kurthaset♥️ #kurthaset #kurthanepal",True,English
Instagram,Ware and shine ✨✨#kurtha #kurthanepal,3,0,0,0,2026-04-18 13:41:12+00:00,Ware and shine ✨✨#kurtha #kurthanepal,True,English
Instagram,Comfy summer essential - breathable cotton kurtha set✨#kurthanepal #nepalifashion #deliveryallovernepal #viral #trend,2,0,0,0,2026-04-15 04:10:25+00:00,Comfy summer essential - breathable cotton kurtha set✨#kurthanepal #nepalifashion #deliveryallovernepal #viral #trend,True,English
Instagram,#anarkali #nepalionlinestore #trend #kurthanepal,0,0,0,0,2026-04-14 15:58:49+00:00,#anarkali #nepalionlinestore #trend #kurthanepal,True,English
Instagram,"POV: you love kurthis ✨
#kurti #smallbusinessnepal🇳🇵 #kurthaset♥️ #kurthanepal #kurtis",12,1,0,0,2026-04-01 15:23:24+00:00,POV: you love kurthis ✨ #kurti #smallbusinessnepal🇳🇵 #kurthaset♥️ #kurthanepal #kurtis,True,English
Instagram,"The Kurtha Club ✨
Hello! Thank you for loving our Kurtha. 👗
🧵 Fabric:Cotton/Mulmul
📏 Sizes Available: S, M, L, XL, XXL
🚚 Delivery: Inside valley 
How to Order?
Please send us your Size, Location, and Phone Number to confirm! 🛍️

#TheKurthaClub #KurthaNepal #ChikankariLove #",-1,0,0,0,2026-03-17 07:16:06+00:00,"The Kurtha Club ✨ Hello! Thank you for loving our Kurtha. 👗 🧵 Fabric:Cotton/Mulmul 📏 Sizes Available: S, M, L, XL, XXL 🚚 Delivery: Inside valley How to Order? Please send us your Size, Location, and Phone Number to confirm! 🛍️ #TheKurthaClub #KurthaNepal #ChikankariLove #",True,English
Instagram,"Shop summer’s favorite colors in this breathable straight kurta, now at 40% off 🌸🦋

#kurthanepal #ethnicwearnepal #kurtinepal #bluekurti #pinkkurti 

(Kurtha, kurti top, kurtha top, kurta, blue kurti, pink kurti, blue kurta, pink kurta, Nepali ethnic wear, kurti look, kurta look, desi fit, explore page, for you page, cotton kurtha, Pinterest)",10,0,0,0,2026-02-22 07:20:24+00:00,"Shop summer’s favorite colors in this breathable straight kurta, now at 40% off 🌸🦋 #kurthanepal #ethnicwearnepal #kurtinepal #bluekurti #pinkkurti (Kurtha, kurti top, kurtha top, kurta, blue kurti, pink kurti, blue kurta, pink kurta, Nepali ethnic wear, kurti look, kurta look, desi fit, explore page, for you page, cotton kurtha, Pinterest)",True,English
Instagram,"PREMIUM LUXURY FANCY  SUMMER  COLLECTION 🪷
 BY 
🔥 *KAILEE FASHION* 🔥
Lunched new catlouge

👗*ROMA*👗 
Fabric: * PURE  COTTON + WEAVING SELF SHIFHALI COTTON *
 - Designer  style 👗
 🔺TOP:- *PURE COTTON*
WORK:- 
* *DESGINER FANCY THERD +  HA D work + work + kantha work +Accessory WoRK*

🔺BOTTOM  PANT : - * PURE COTTON + laces  Laces 
🔺Pant *FANCY BOTTM PURE  Cotton *
🔺DUPPTA :- * PURE TABY PRINTS + fancy  work *
Fully stiched Kurtis & pant & Duppta 
🔺*3psc *

Size: *M L, XL, 2XL 3XL *

Delivery all over Nepal #saanjhasringaar #kurthanepal #premiumqualitysuit #explorepage✨ #fyp",2,0,0,0,2026-02-11 19:32:06+00:00,"PREMIUM LUXURY FANCY SUMMER COLLECTION 🪷 BY 🔥 *KAILEE FASHION* 🔥 Lunched new catlouge 👗*ROMA*👗 Fabric: * PURE COTTON + WEAVING SELF SHIFHALI COTTON * - Designer style 👗 🔺TOP:- *PURE COTTON* WORK:- * *DESGINER FANCY THERD + HA D work + work + kantha work +Accessory WoRK* 🔺BOTTOM PANT : - * PURE COTTON + laces Laces 🔺Pant *FANCY BOTTM PURE Cotton * 🔺DUPPTA :- * PURE TABY PRINTS + fancy work * Fully stiched Kurtis & pant & Duppta 🔺*3psc * Size: *M L, XL, 2XL 3XL * Delivery all over Nepal #saanjhasringaar #kurthanepal #premiumqualitysuit #explorepage✨ #fyp",True,English
Instagram,"👑 *LADY LEELA* 👑 

———*_GULMOHAR_*———. 🦢
 
*TOP*👗 - Designer Embriodery & Handwork on Viscose Silk fabric Kurti with Exclusive both side Pocket Pattern. 

*BOTTOM*👖 - Pure Viscose Silk Pants with work

*DUPATTA* 🏳️‍🌈 - Exclusive Digital print on organza fabric with tassels

SIZES - *M, L, XL, XXL, 3XL*

*NOTE*- 
⭕️ Pure Cotton Inner inside Top
 #saanjhasringaar #kurthanepal #premiumqualitysuit #ethnicwearnepal #fyp",0,0,0,0,2026-02-02 18:45:07+00:00,"👑 *LADY LEELA* 👑 ———*_GULMOHAR_*———. 🦢 *TOP*👗 - Designer Embriodery & Handwork on Viscose Silk fabric Kurti with Exclusive both side Pocket Pattern. *BOTTOM*👖 - Pure Viscose Silk Pants with work *DUPATTA* 🏳️‍🌈 - Exclusive Digital print on organza fabric with tassels SIZES - *M, L, XL, XXL, 3XL* *NOTE*- ⭕️ Pure Cotton Inner inside Top #saanjhasringaar #kurthanepal #premiumqualitysuit #ethnicwearnepal #fyp",True,English
Instagram,"Twenty-Four Years of Wisdom: 

To my newborn self, just breathe and know you are already a miracle. 🕊️ At one, your curiosity is a superpower that will help you survive. 🎈 For age two, keep reaching for the things that make you feel small moments of joy. 🧸 At three, your voice matters even when it feels like no one is listening. 📣 For four-year-old me, it is okay to hide in your imagination when the world gets too loud. 🎨 At five, you are not responsible for the big people’s feelings around you. 🛡️ For age six, keep your heart soft even when things feel hard. 🌸 At seven, your sensitive soul is a gift, not a burden. 💎 For eight-year-old me, you are allowed to take up space in this world. 🌍 At nine, find the stories and poems that make you feel less alone. 📖 For age ten, you are so much braver than you realize. 🦁 At eleven, trust your gut when it tells you something isn’t right. 🧩 For twelve-year-old me, you don’t have to earn love; you deserve it just for existing. 💝 At thirteen, this awkwardness is just the beginning of a beautiful unfolding. ✨ For fourteen, it’s okay to be angry about what you’ve had to endure. 🔥 At fifteen, hold on to your dreams of a different life because they are coming true. 🌠 For sixteen-year-old me, you are finding your own path, and that is terrifying and wonderful. 🛣️ At seventeen, you are almost at the finish line of a very long race. 🏁 For eighteen, welcome to the first day of the rest of your life as your own person. 🎓 At nineteen, it’s okay to change your mind and start over as many times as you need. 🔄 For twenty-year-old me, healing is not a straight line, so be patient with your heart. 📈 At twenty-one, find the people who see your light and cherish it. 👯 For twenty-two, your career as a caregiver is proof of the immense love you have to give. 🎗️ At twenty-three, prioritize your peace above everything else. 🕯️ And now, at twenty-four, I look in the mirror and see a survivor who is finally learning how to thrive. 🎂🌈

•

•

•

•

•

#24thBirthday #InnerChildHealing #Resilience #HealingJourney #SelfAdvice",-1,2,0,0,2026-04-27 12:29:26+00:00,"Twenty-Four Years of Wisdom: To my newborn self, just breathe and know you are already a miracle. 🕊️ At one, your curiosity is a superpower that will help you survive. 🎈 For age two, keep reaching for the things that make you feel small moments of joy. 🧸 At three, your voice matters even when it feels like no one is listening. 📣 For four-year-old me, it is okay to hide in your imagination when the world gets too loud. 🎨 At five, you are not responsible for the big people’s feelings around you. 🛡️ For age six, keep your heart soft even when things feel hard. 🌸 At seven, your sensitive soul is a gift, not a burden. 💎 For eight-year-old me, you are allowed to take up space in this world. 🌍 At nine, find the stories and poems that make you feel less alone. 📖 For age ten, you are so much braver than you realize. 🦁 At eleven, trust your gut when it tells you something isn’t right. 🧩 For twelve-year-old me, you don’t have to earn love; you deserve it just for existing. 💝 At thirteen, this awkwardness is just the beginning of a beautiful unfolding. ✨ For fourteen, it’s okay to be angry about what you’ve had to endure. 🔥 At fifteen, hold on to your dreams of a different life because they are coming true. 🌠 For sixteen-year-old me, you are finding your own path, and that is terrifying and wonderful. 🛣️ At seventeen, you are almost at the finish line of a very long race. 🏁 For eighteen, welcome to the first day of the rest of your life as your own person. 🎓 At nineteen, it’s okay to change your mind and start over as many times as you need. 🔄 For twenty-year-old me, healing is not a straight line, so be patient with your heart. 📈 At twenty-one, find the people who see your light and cherish it. 👯 For twenty-two, your career as a caregiver is proof of the immense love you have to give. 🎗️ At twenty-three, prioritize your peace above everything else. 🕯️ And now, at twenty-four, I look in the mirror and see a survivor who is finally learning how to thrive. 🎂🌈 • • • • • #24thBirthday #InnerChildHealing #Resilience #HealingJourney #SelfAdvice",True,English
Instagram,"Celebrating 24 with the ones who matter most 🥂
swipe to see the weekend party unfold 🥂

24th birthday dinner with family 🤍✨ feeling grateful, loved, and surrounded by my forever people. simple moments, good food, and the kind of happiness that stays 🥂 #birthdayvibes #gratitude

#24thbirthday #birthdaygirl #birthdaydinner familytime gratefulheart birthdaycelebration delhidiaries indiangirl lifestyleblogger birthdaymoments goodvibesonly celebrationmode instagood instadaily loveandlight familylove birthdaynight aestheticvibes reelitfeelit fypシ explorepage exploremore trendingreels viralreels reflectionofyou",-1,2,0,0,2026-04-25 18:49:54+00:00,"Celebrating 24 with the ones who matter most 🥂 swipe to see the weekend party unfold 🥂 24th birthday dinner with family 🤍✨ feeling grateful, loved, and surrounded by my forever people. simple moments, good food, and the kind of happiness that stays 🥂 #birthdayvibes #gratitude #24thbirthday #birthdaygirl #birthdaydinner familytime gratefulheart birthdaycelebration delhidiaries indiangirl lifestyleblogger birthdaymoments goodvibesonly celebrationmode instagood instadaily loveandlight familylove birthdaynight aestheticvibes reelitfeelit fypシ explorepage exploremore trendingreels viralreels reflectionofyou",True,English
Instagram,"If you’re going to share a birthday with your bestie, you might as well get two cakes, right?! 
These two 6” heart cakes were the perfect order for a pair of besties that share a birthday! I love how each are unique to their style 💌 Thank you for ordering, Amy! 
-
#orlandocakedecorator #orlandosmallbusiness #heartcake #24thbirthday #explorepage",44,2,0,0,2026-04-25 18:32:39+00:00,"If you’re going to share a birthday with your bestie, you might as well get two cakes, right?! These two 6” heart cakes were the perfect order for a pair of besties that share a birthday! I love how each are unique to their style 💌 Thank you for ordering, Amy! - #orlandocakedecorator #orlandosmallbusiness #heartcake #24thbirthday #explorepage",True,English
Instagram,"love how everyone knows my love languages so wellll!!!!!!!💕🤍
.
.
.
.
.
.
.
.
( birthday , 24 , birthday wishes , birthday cake , decor , another year , birthday outfit , fits , gifts , blessings , friends , family, flowers ) 
#birthday #24thbirthday #birthdaydinner #explore",89,6,0,0,2026-04-25 14:15:46+00:00,"love how everyone knows my love languages so wellll!!!!!!!💕🤍 . . . . . . . . ( birthday , 24 , birthday wishes , birthday cake , decor , another year , birthday outfit , fits , gifts , blessings , friends , family, flowers ) #birthday #24thbirthday #birthdaydinner #explore",True,English
Instagram,"✨ Fresh & Stylish Cotton Kurtisets Are Here! ✨

Ladies of Nepal, elevate your everyday style with our ready-to-wear stitched cotton Kurtisets – soft, comfortable, and perfect for all occasions! 💖

🛍 Available at Shri Krishna Fashion Collection, Baglung
💃 Sizes: M to 2XL – something for everyone!

Come pick your favorite design and add a pop of color to your wardrobe! 🌸

#ShriKrishnaFashion #CottonKurtiset #NepaliWomenFashion #BaglungShopping #FashionForAll",0,0,0,0,2026-01-30 13:22:40+00:00,"✨ Fresh & Stylish Cotton Kurtisets Are Here! ✨ Ladies of Nepal, elevate your everyday style with our ready-to-wear stitched cotton Kurtisets – soft, comfortable, and perfect for all occasions! 💖 🛍 Available at Shri Krishna Fashion Collection, Baglung 💃 Sizes: M to 2XL – something for everyone! Come pick your favorite design and add a pop of color to your wardrobe! 🌸 #ShriKrishnaFashion #CottonKurtiset #NepaliWomenFashion #BaglungShopping #FashionForAll",True,English
Instagram,"𝐂𝐞𝐥𝐞𝐛𝐫𝐚𝐭𝐞 𝐭𝐫𝐚𝐝𝐢𝐭𝐢𝐨𝐧 𝐰𝐢𝐭𝐡 𝐞𝐥𝐞𝐠𝐚𝐧𝐜𝐞 🙌💙
Our 𝐂𝐨𝐭𝐭𝐨𝐧 𝐒𝐭𝐫𝐢𝐩𝐞𝐝 𝐓𝐚𝐦𝐚𝐧𝐠 𝐖𝐫𝐚𝐩𝐩𝐞𝐫 (𝐖𝐨𝐦𝐞𝐧’𝐬 𝐏𝐡𝐚𝐫𝐢𝐲𝐚) brings the timeless beauty of Nepali Tamang culture into your everyday wardrobe. Handcrafted, comfortable, and made from premium cotton—perfect for festivals, special occasions, or daily wear.

✨𝐄𝐱𝐩𝐥𝐨𝐫𝐞 𝐚𝐧𝐝 𝐬𝐡𝐨𝐩 𝐭𝐡𝐢𝐬 𝐥𝐚𝐭𝐞𝐬𝐭 𝐚𝐫𝐫𝐢𝐯𝐚𝐥 𝐚𝐭 𝐛𝐡𝐮𝐭𝐢𝐛
👉 𝐕𝐢𝐬𝐢𝐭: 𝐡𝐭𝐭𝐩𝐬://𝐛𝐡𝐮𝐭𝐢𝐛.𝐜𝐨𝐦/

Tap the link & bring home authentic heritage fashion today! 💫

#TamangPhariya #TamangDress #NepaliTraditionalWear #Bhutib #NepaliFashion #EthnicWearNepal #HandwovenFashion #NepaliCulture #TraditionalStyle #NepaliWomenFashion #ShopNepaliBrands #EthnicOutfit #HandcraftedNepal #CulturalFashion #HeritageFashion #AuthenticNepaliWear #PhariyaStyle",2,0,0,0,2026-01-05 18:12:40+00:00,"𝐂𝐞𝐥𝐞𝐛𝐫𝐚𝐭𝐞 𝐭𝐫𝐚𝐝𝐢𝐭𝐢𝐨𝐧 𝐰𝐢𝐭𝐡 𝐞𝐥𝐞𝐠𝐚𝐧𝐜𝐞 🙌💙 Our 𝐂𝐨𝐭𝐭𝐨𝐧 𝐒𝐭𝐫𝐢𝐩𝐞𝐝 𝐓𝐚𝐦𝐚𝐧𝐠 𝐖𝐫𝐚𝐩𝐩𝐞𝐫 (𝐖𝐨𝐦𝐞𝐧’𝐬 𝐏𝐡𝐚𝐫𝐢𝐲𝐚) brings the timeless beauty of Nepali Tamang culture into your everyday wardrobe. Handcrafted, comfortable, and made from premium cotton—perfect for festivals, special occasions, or daily wear. ✨𝐄𝐱𝐩𝐥𝐨𝐫𝐞 𝐚𝐧𝐝 𝐬𝐡𝐨𝐩 𝐭𝐡𝐢𝐬 𝐥𝐚𝐭𝐞𝐬𝐭 𝐚𝐫𝐫𝐢𝐯𝐚𝐥 𝐚𝐭 𝐛𝐡𝐮𝐭𝐢𝐛 👉 𝐕𝐢𝐬𝐢𝐭: 𝐡𝐭𝐭𝐩𝐬://𝐛𝐡𝐮𝐭𝐢𝐛.𝐜𝐨𝐦/ Tap the link & bring home authentic heritage fashion today! 💫 #TamangPhariya #TamangDress #NepaliTraditionalWear #Bhutib #NepaliFashion #EthnicWearNepal #HandwovenFashion #NepaliCulture #TraditionalStyle #NepaliWomenFashion #ShopNepaliBrands #EthnicOutfit #HandcraftedNepal #CulturalFashion #HeritageFashion #AuthenticNepaliWear #PhariyaStyle",True,English
Instagram,"Elegance that speaks of tradition and grace 💛
This 𝐍𝐞𝐩𝐚𝐥𝐢 𝐄𝐦𝐛𝐫𝐨𝐢𝐝𝐞𝐫𝐞𝐝 𝐕𝐞𝐥𝐯𝐞𝐭 𝐌𝐚𝐧𝐝𝐚𝐫𝐢𝐧-𝐂𝐨𝐥𝐥𝐚𝐫 𝐁𝐥𝐨𝐮𝐬𝐞 𝐰𝐢𝐭𝐡 𝐆𝐨𝐥𝐝 𝐏𝐢𝐩𝐢𝐧𝐠 is where timeless craftsmanship meets modern charm. Perfect for festive moments or elegant gatherings — it’s all about feeling confident, classy, and connected to your roots.

🖤 Made with premium velvet
🌼 Hand-embroidered gold detailing

✨ 𝐄𝐱𝐩𝐥𝐨𝐫𝐞 𝐚𝐧𝐝 𝐬𝐡𝐨𝐩 𝐭𝐡𝐢𝐬 𝐥𝐨𝐨𝐤 𝐧𝐨𝐰 𝐚𝐭 𝐛𝐡𝐮𝐭𝐢𝐛.𝐜𝐨𝐦

Your next favorite outfit is just a click away! 💫

#Bhutib #ShopBhutib #NepaliFashion #EthnicElegance #VelvetBlouse #NepaliStyle #NepaliClothing #NepaliWear #TraditionalMeetsTrendy #NepaliDesign #EthnicChic #DesiVibes #CulturalStyle #NepaliWomenFashion #HandcraftedWithLove #VelvetVibes #LuxuryInDetails #EthnicOutfitGoals #FashionWithHeritage #NepaliDesignerWear #FestiveFashion",1,0,0,0,2025-12-20 17:24:34+00:00,"Elegance that speaks of tradition and grace 💛 This 𝐍𝐞𝐩𝐚𝐥𝐢 𝐄𝐦𝐛𝐫𝐨𝐢𝐝𝐞𝐫𝐞𝐝 𝐕𝐞𝐥𝐯𝐞𝐭 𝐌𝐚𝐧𝐝𝐚𝐫𝐢𝐧-𝐂𝐨𝐥𝐥𝐚𝐫 𝐁𝐥𝐨𝐮𝐬𝐞 𝐰𝐢𝐭𝐡 𝐆𝐨𝐥𝐝 𝐏𝐢𝐩𝐢𝐧𝐠 is where timeless craftsmanship meets modern charm. Perfect for festive moments or elegant gatherings — it’s all about feeling confident, classy, and connected to your roots. 🖤 Made with premium velvet 🌼 Hand-embroidered gold detailing ✨ 𝐄𝐱𝐩𝐥𝐨𝐫𝐞 𝐚𝐧𝐝 𝐬𝐡𝐨𝐩 𝐭𝐡𝐢𝐬 𝐥𝐨𝐨𝐤 𝐧𝐨𝐰 𝐚𝐭 𝐛𝐡𝐮𝐭𝐢𝐛.𝐜𝐨𝐦 Your next favorite outfit is just a click away! 💫 #Bhutib #ShopBhutib #NepaliFashion #EthnicElegance #VelvetBlouse #NepaliStyle #NepaliClothing #NepaliWear #TraditionalMeetsTrendy #NepaliDesign #EthnicChic #DesiVibes #CulturalStyle #NepaliWomenFashion #HandcraftedWithLove #VelvetVibes #LuxuryInDetails #EthnicOutfitGoals #FashionWithHeritage #NepaliDesignerWear #FestiveFashion",True,English
Instagram,"✨ 𝐂𝐞𝐥𝐞𝐛𝐫𝐚𝐭𝐞 𝐭𝐫𝐚𝐝𝐢𝐭𝐢𝐨𝐧 𝐰𝐢𝐭𝐡 𝐭𝐢𝐦𝐞𝐥𝐞𝐬𝐬 𝐞𝐥𝐞𝐠𝐚𝐧𝐜𝐞 ✨

Introducing our𝐍𝐞𝐩𝐚𝐥𝐢 𝐓𝐚𝐬𝐡 𝐊𝐮𝐜𝐡𝐢𝐧 𝐂𝐨𝐚𝐭 𝐟𝐨𝐫 𝐖𝐨𝐦𝐞𝐧— a beautiful blend of heritage, craftsmanship, and modern comfort. Loved by Nepali women for its cultural grace and versatile style, this coat is perfect for festive moments, casual elegance, and everyday warmth.

Each piece reflects authentic Nepali artistry, designed to make you feel confident, graceful, and connected to tradition.

🛍️ 𝐄𝐱𝐩𝐥𝐨𝐫𝐞 𝐚𝐧𝐝 𝐬𝐡𝐨𝐩 𝐨𝐮𝐫 𝐥𝐚𝐭𝐞𝐬𝐭 𝐜𝐨𝐥𝐥𝐞𝐜𝐭𝐢𝐨𝐧 𝐚𝐭 𝐁𝐡𝐮𝐭𝐢𝐛
👉 Visit 𝐛𝐡𝐮𝐭𝐢𝐛.𝐜𝐨𝐦 and bring home a piece of Nepali culture today.

#Bhutib #NepaliFashion #TashKuchin #NepaliTraditionalWear #NepaliWomenFashion #EthnicWear #TraditionalCoat #NepaliCulture #HandcraftedFashion #WomenOwnedBusiness #CulturalWear #WinterEthnicWear #ModernTradition #SustainableFashion #FashionWithMeaning #OnlineShoppingNepal #GlobalNepali #NepaliStyle #HeritageFashion #EthnicStyle #ShopOnline #SlowFashion #TraditionalOutfits #FashionForWomen",0,1,0,0,2025-12-20 10:18:51+00:00,"✨ 𝐂𝐞𝐥𝐞𝐛𝐫𝐚𝐭𝐞 𝐭𝐫𝐚𝐝𝐢𝐭𝐢𝐨𝐧 𝐰𝐢𝐭𝐡 𝐭𝐢𝐦𝐞𝐥𝐞𝐬𝐬 𝐞𝐥𝐞𝐠𝐚𝐧𝐜𝐞 ✨ Introducing our𝐍𝐞𝐩𝐚𝐥𝐢 𝐓𝐚𝐬𝐡 𝐊𝐮𝐜𝐡𝐢𝐧 𝐂𝐨𝐚𝐭 𝐟𝐨𝐫 𝐖𝐨𝐦𝐞𝐧— a beautiful blend of heritage, craftsmanship, and modern comfort. Loved by Nepali women for its cultural grace and versatile style, this coat is perfect for festive moments, casual elegance, and everyday warmth. Each piece reflects authentic Nepali artistry, designed to make you feel confident, graceful, and connected to tradition. 🛍️ 𝐄𝐱𝐩𝐥𝐨𝐫𝐞 𝐚𝐧𝐝 𝐬𝐡𝐨𝐩 𝐨𝐮𝐫 𝐥𝐚𝐭𝐞𝐬𝐭 𝐜𝐨𝐥𝐥𝐞𝐜𝐭𝐢𝐨𝐧 𝐚𝐭 𝐁𝐡𝐮𝐭𝐢𝐛 👉 Visit 𝐛𝐡𝐮𝐭𝐢𝐛.𝐜𝐨𝐦 and bring home a piece of Nepali culture today. #Bhutib #NepaliFashion #TashKuchin #NepaliTraditionalWear #NepaliWomenFashion #EthnicWear #TraditionalCoat #NepaliCulture #HandcraftedFashion #WomenOwnedBusiness #CulturalWear #WinterEthnicWear #ModernTradition #SustainableFashion #FashionWithMeaning #OnlineShoppingNepal #GlobalNepali #NepaliStyle #HeritageFashion #EthnicStyle #ShopOnline #SlowFashion #TraditionalOutfits #FashionForWomen",True,English
Instagram,"Where tradition meets timeless elegance 🤍

Celebrate the beauty of 𝐍𝐞𝐰𝐚𝐫𝐢 𝐡𝐞𝐫𝐢𝐭𝐚𝐠𝐞 with our 𝐂𝐨𝐭𝐭𝐨𝐧 𝐂𝐡𝐚𝐮𝐛𝐚𝐧𝐝𝐢 𝐂𝐡𝐨𝐥𝐨 𝐖𝐨𝐦𝐞𝐧’𝐬 𝐓𝐨𝐩, featuring classic 𝐝𝐨𝐭 𝐩𝐚𝐭𝐭𝐞𝐫𝐧𝐬 and a graceful jacket-style silhouette. Crafted from breathable cotton, this piece blends comfort, culture, and everyday elegance — perfect for festivals or modern ethnic styling.

Support authentic craftsmanship and wear a story rooted in tradition.

🛍️ 𝐄𝐱𝐩𝐥𝐨𝐫𝐞 & 𝐬𝐡𝐨𝐩 𝐨𝐮𝐫 𝐥𝐚𝐭𝐞𝐬𝐭 𝐜𝐨𝐥𝐥𝐞𝐜𝐭𝐢𝐨𝐧 𝐚𝐭
👉 𝐡𝐭𝐭𝐩𝐬://𝐛𝐡𝐮𝐭𝐢𝐛.𝐜𝐨𝐦/

Don’t just admire it — 𝐦𝐚𝐤𝐞 𝐢𝐭 𝐲𝐨𝐮𝐫𝐬 𝐭𝐨𝐝𝐚𝐲

#Bhutib #BhutibStore #NewariDress #ChaubandiCholo #NewariCulture #NepaliTraditionalWear #NepaliFashion #EthnicWearNepal #HandcraftedNepal #NepaliWomenFashion #CulturalWear #TraditionalOutfit #NepaliClothingBrand #CottonWear #EthnicStyle #NepaliHeritage #FestivalWear #ModernEthnic #ShopNepali #NepaliBusiness #DotPatternDress",0,0,0,0,2025-12-18 15:09:13+00:00,"Where tradition meets timeless elegance 🤍 Celebrate the beauty of 𝐍𝐞𝐰𝐚𝐫𝐢 𝐡𝐞𝐫𝐢𝐭𝐚𝐠𝐞 with our 𝐂𝐨𝐭𝐭𝐨𝐧 𝐂𝐡𝐚𝐮𝐛𝐚𝐧𝐝𝐢 𝐂𝐡𝐨𝐥𝐨 𝐖𝐨𝐦𝐞𝐧’𝐬 𝐓𝐨𝐩, featuring classic 𝐝𝐨𝐭 𝐩𝐚𝐭𝐭𝐞𝐫𝐧𝐬 and a graceful jacket-style silhouette. Crafted from breathable cotton, this piece blends comfort, culture, and everyday elegance — perfect for festivals or modern ethnic styling. Support authentic craftsmanship and wear a story rooted in tradition. 🛍️ 𝐄𝐱𝐩𝐥𝐨𝐫𝐞 & 𝐬𝐡𝐨𝐩 𝐨𝐮𝐫 𝐥𝐚𝐭𝐞𝐬𝐭 𝐜𝐨𝐥𝐥𝐞𝐜𝐭𝐢𝐨𝐧 𝐚𝐭 👉 𝐡𝐭𝐭𝐩𝐬://𝐛𝐡𝐮𝐭𝐢𝐛.𝐜𝐨𝐦/ Don’t just admire it — 𝐦𝐚𝐤𝐞 𝐢𝐭 𝐲𝐨𝐮𝐫𝐬 𝐭𝐨𝐝𝐚𝐲 #Bhutib #BhutibStore #NewariDress #ChaubandiCholo #NewariCulture #NepaliTraditionalWear #NepaliFashion #EthnicWearNepal #HandcraftedNepal #NepaliWomenFashion #CulturalWear #TraditionalOutfit #NepaliClothingBrand #CottonWear #EthnicStyle #NepaliHeritage #FestivalWear #ModernEthnic #ShopNepali #NepaliBusiness #DotPatternDress",True,English
Instagram,"✨ 𝐂𝐞𝐥𝐞𝐛𝐫𝐚𝐭𝐞 𝐭𝐫𝐚𝐝𝐢𝐭𝐢𝐨𝐧 𝐰𝐢𝐭𝐡 𝐭𝐢𝐦𝐞𝐥𝐞𝐬𝐬 𝐞𝐥𝐞𝐠𝐚𝐧𝐜𝐞 ✨

Introducing our𝐍𝐞𝐩𝐚𝐥𝐢 𝐓𝐚𝐬𝐡 𝐊𝐮𝐜𝐡𝐢𝐧 𝐂𝐨𝐚𝐭 𝐟𝐨𝐫 𝐖𝐨𝐦𝐞𝐧— a beautiful blend of heritage, craftsmanship, and modern comfort. Loved by Nepali women for its cultural grace and versatile style, this coat is perfect for festive moments, casual elegance, and everyday warmth.

Each piece reflects authentic Nepali artistry, designed to make you feel confident, graceful, and connected to tradition.

🛍️ 𝐄𝐱𝐩𝐥𝐨𝐫𝐞 𝐚𝐧𝐝 𝐬𝐡𝐨𝐩 𝐨𝐮𝐫 𝐥𝐚𝐭𝐞𝐬𝐭 𝐜𝐨𝐥𝐥𝐞𝐜𝐭𝐢𝐨𝐧 𝐚𝐭 𝐁𝐡𝐮𝐭𝐢𝐛
👉 Visit 𝐛𝐡𝐮𝐭𝐢𝐛.𝐜𝐨𝐦 and bring home a piece of Nepali culture today.

#Bhutib #NepaliFashion #TashKuchin #NepaliTraditionalWear #NepaliWomenFashion #EthnicWear #TraditionalCoat #NepaliCulture #HandcraftedFashion #WomenOwnedBusiness #SouthAsianFashion #CulturalWear #WinterEthnicWear #ModernTradition #SustainableFashion #FashionWithMeaning #OnlineShoppingNepal #GlobalNepali #NepaliStyle #HeritageFashion #EthnicStyle #ShopOnline #SlowFashion #TraditionalOutfits #FashionForWomen",1,0,0,0,2025-12-13 14:43:53+00:00,"✨ 𝐂𝐞𝐥𝐞𝐛𝐫𝐚𝐭𝐞 𝐭𝐫𝐚𝐝𝐢𝐭𝐢𝐨𝐧 𝐰𝐢𝐭𝐡 𝐭𝐢𝐦𝐞𝐥𝐞𝐬𝐬 𝐞𝐥𝐞𝐠𝐚𝐧𝐜𝐞 ✨ Introducing our𝐍𝐞𝐩𝐚𝐥𝐢 𝐓𝐚𝐬𝐡 𝐊𝐮𝐜𝐡𝐢𝐧 𝐂𝐨𝐚𝐭 𝐟𝐨𝐫 𝐖𝐨𝐦𝐞𝐧— a beautiful blend of heritage, craftsmanship, and modern comfort. Loved by Nepali women for its cultural grace and versatile style, this coat is perfect for festive moments, casual elegance, and everyday warmth. Each piece reflects authentic Nepali artistry, designed to make you feel confident, graceful, and connected to tradition. 🛍️ 𝐄𝐱𝐩𝐥𝐨𝐫𝐞 𝐚𝐧𝐝 𝐬𝐡𝐨𝐩 𝐨𝐮𝐫 𝐥𝐚𝐭𝐞𝐬𝐭 𝐜𝐨𝐥𝐥𝐞𝐜𝐭𝐢𝐨𝐧 𝐚𝐭 𝐁𝐡𝐮𝐭𝐢𝐛 👉 Visit 𝐛𝐡𝐮𝐭𝐢𝐛.𝐜𝐨𝐦 and bring home a piece of Nepali culture today. #Bhutib #NepaliFashion #TashKuchin #NepaliTraditionalWear #NepaliWomenFashion #EthnicWear #TraditionalCoat #NepaliCulture #HandcraftedFashion #WomenOwnedBusiness #SouthAsianFashion #CulturalWear #WinterEthnicWear #ModernTradition #SustainableFashion #FashionWithMeaning #OnlineShoppingNepal #GlobalNepali #NepaliStyle #HeritageFashion #EthnicStyle #ShopOnline #SlowFashion #TraditionalOutfits #FashionForWomen",True,English
Instagram,"Elegance that speaks of tradition and grace 💛
This 𝐍𝐞𝐩𝐚𝐥𝐢 𝐄𝐦𝐛𝐫𝐨𝐢𝐝𝐞𝐫𝐞𝐝 𝐕𝐞𝐥𝐯𝐞𝐭 𝐌𝐚𝐧𝐝𝐚𝐫𝐢𝐧-𝐂𝐨𝐥𝐥𝐚𝐫 𝐁𝐥𝐨𝐮𝐬𝐞 𝐰𝐢𝐭𝐡 𝐆𝐨𝐥𝐝 𝐏𝐢𝐩𝐢𝐧𝐠 is where timeless craftsmanship meets modern charm. Perfect for festive moments or elegant gatherings — it’s all about feeling confident, classy, and connected to your roots.

🖤 Made with premium velvet
🌼 Hand-embroidered gold detailing

✨ 𝐄𝐱𝐩𝐥𝐨𝐫𝐞 𝐚𝐧𝐝 𝐬𝐡𝐨𝐩 𝐭𝐡𝐢𝐬 𝐥𝐨𝐨𝐤 𝐧𝐨𝐰 𝐚𝐭 𝐛𝐡𝐮𝐭𝐢𝐛.𝐜𝐨𝐦

Your next favorite outfit is just a click away! 💫

#Bhutib #ShopBhutib #NepaliFashion #EthnicElegance #VelvetBlouse #NepaliStyle #NepaliClothing #NepaliWear #TraditionalMeetsTrendy #NepaliDesign #EthnicChic #DesiVibes #CulturalStyle #NepaliWomenFashion #HandcraftedWithLove #VelvetVibes #LuxuryInDetails #EthnicOutfitGoals #FashionWithHeritage #NepaliDesignerWear #FestiveFashion #SupportLocalBrands",0,0,0,0,2025-11-22 19:03:56+00:00,"Elegance that speaks of tradition and grace 💛 This 𝐍𝐞𝐩𝐚𝐥𝐢 𝐄𝐦𝐛𝐫𝐨𝐢𝐝𝐞𝐫𝐞𝐝 𝐕𝐞𝐥𝐯𝐞𝐭 𝐌𝐚𝐧𝐝𝐚𝐫𝐢𝐧-𝐂𝐨𝐥𝐥𝐚𝐫 𝐁𝐥𝐨𝐮𝐬𝐞 𝐰𝐢𝐭𝐡 𝐆𝐨𝐥𝐝 𝐏𝐢𝐩𝐢𝐧𝐠 is where timeless craftsmanship meets modern charm. Perfect for festive moments or elegant gatherings — it’s all about feeling confident, classy, and connected to your roots. 🖤 Made with premium velvet 🌼 Hand-embroidered gold detailing ✨ 𝐄𝐱𝐩𝐥𝐨𝐫𝐞 𝐚𝐧𝐝 𝐬𝐡𝐨𝐩 𝐭𝐡𝐢𝐬 𝐥𝐨𝐨𝐤 𝐧𝐨𝐰 𝐚𝐭 𝐛𝐡𝐮𝐭𝐢𝐛.𝐜𝐨𝐦 Your next favorite outfit is just a click away! 💫 #Bhutib #ShopBhutib #NepaliFashion #EthnicElegance #VelvetBlouse #NepaliStyle #NepaliClothing #NepaliWear #TraditionalMeetsTrendy #NepaliDesign #EthnicChic #DesiVibes #CulturalStyle #NepaliWomenFashion #HandcraftedWithLove #VelvetVibes #LuxuryInDetails #EthnicOutfitGoals #FashionWithHeritage #NepaliDesignerWear #FestiveFashion #SupportLocalBrands",True,English
Instagram,"Little Pieces Of Paradise.
@balan_traders 
.
.
#balantraders #nepaliwomenfashion #explorenepal #earing #somethingdifferent #onlineshoppingnepal
#jwellery #designer #women #earing #koreanearing #nepalifashion 
#earrings #jewelry #fashion #handmade #jewellery #accessories
#necklace #style",6,0,0,0,2023-12-08 09:58:38+00:00,Little Pieces Of Paradise. . . #balantraders #nepaliwomenfashion #explorenepal #earing #somethingdifferent #onlineshoppingnepal #jwellery #designer #women #earing #koreanearing #nepalifashion #earrings #jewelry #fashion #handmade #jewellery #accessories #necklace #style,True,English
Instagram,"Flounce dress. 
Size: Xs, S, M 
❌❌❌SOLD OUT❌❌❌

#onlineshopnepal #fashion #fashionstyle #nepaliwomenfashion #wearwhatyoulove #wearwhatmakesyouhappy #onlinestore #hanfuapparel #nepal",15,0,0,0,2022-02-21 14:37:39+00:00,"Flounce dress. Size: Xs, S, M ❌❌❌SOLD OUT❌❌❌ #onlineshopnepal #fashion #fashionstyle #nepaliwomenfashion #wearwhatyoulove #wearwhatmakesyouhappy #onlinestore #hanfuapparel #nepal",True,English
Instagram,"Satin dress. 
colors available

#onlineshopnepal #onlinestore #onlinebusiness #fashion #fashionstyle  #nepaliwomenfashion #wearwhatyoulove #wearwhatmakesyouhappy #hanfuapparel #nepal",17,0,0,0,2022-02-21 14:19:33+00:00,Satin dress. colors available #onlineshopnepal #onlinestore #onlinebusiness #fashion #fashionstyle #nepaliwomenfashion #wearwhatyoulove #wearwhatmakesyouhappy #hanfuapparel #nepal,True,English
Instagram,"V neck floral sleeve dress. 
Size: Xs, S, M, L

#onlineshopnepal #onlinestore #onlineshopping #fashion #fashionstyle #nepaliwomenfashion #wearwhatyoulove #wearwhatmakesyouhappy #nepal",16,1,0,0,2022-02-21 14:10:19+00:00,"V neck floral sleeve dress. Size: Xs, S, M, L #onlineshopnepal #onlinestore #onlineshopping #fashion #fashionstyle #nepaliwomenfashion #wearwhatyoulove #wearwhatmakesyouhappy #nepal",True,English
Instagram,"Asymmetrical shoulder  mesh dress. 
Size: Xs, S, M, L

#onlineshopnepal #nepaliwomenfashion #womenfashion #wearwhatyoulove #wearwhatmakesyouhappy #fashion #fashionstyle #onlinebusiness #nepal",10,0,0,0,2022-02-19 14:38:56+00:00,"Asymmetrical shoulder mesh dress. Size: Xs, S, M, L #onlineshopnepal #nepaliwomenfashion #womenfashion #wearwhatyoulove #wearwhatmakesyouhappy #fashion #fashionstyle #onlinebusiness #nepal",True,English
Instagram,"Tube mesh top. 
Size: Xs, S, M, L

#onlineshopnepal #nepaliwomenfashion #fashion #style #stylefashion #wearwhatyoulove #onlinebusiness #nepal",20,0,0,0,2022-02-17 04:01:49+00:00,"Tube mesh top. Size: Xs, S, M, L #onlineshopnepal #nepaliwomenfashion #fashion #style #stylefashion #wearwhatyoulove #onlinebusiness #nepal",True,English
Instagram,"Button  Wrap Dress.
Size:XS,S,M,L
#onlineshopnepal #nepalifashion #nepaliwomenfashion #fashionstyle #wearwhatyoulove #wearwhatmakesyouhappy #onlinebusiness #nepal",17,0,0,0,2022-02-16 15:52:44+00:00,"Button Wrap Dress. Size:XS,S,M,L #onlineshopnepal #nepalifashion #nepaliwomenfashion #fashionstyle #wearwhatyoulove #wearwhatmakesyouhappy #onlinebusiness #nepal",True,English
Instagram,"Off the shoulder jumpsuit. 
Size: Xs, S, M, L

#onlineshopnepal #nepalifashion #nepaliwomenfashion #fashionstyle #wearwhatyoulove #wearwhatmakesyouhappy #onlinebusiness #nepal",15,0,0,0,2022-02-15 06:14:08+00:00,"Off the shoulder jumpsuit. Size: Xs, S, M, L #onlineshopnepal #nepalifashion #nepaliwomenfashion #fashionstyle #wearwhatyoulove #wearwhatmakesyouhappy #onlinebusiness #nepal",True,English
Instagram,"over knee heeled boots.
Size: EUR35, EUR36, EUR37, EUR38, EUR39, EUR40, EUR41

#onlineshopnepal #nepalifashion #fashion #fashionstyle #wearwhatmakesyouhappy #wearwhatyoulove #onlinebusiness #nepaliwomenfashion #nepal",12,1,0,0,2022-02-12 15:26:30+00:00,"over knee heeled boots. Size: EUR35, EUR36, EUR37, EUR38, EUR39, EUR40, EUR41 #onlineshopnepal #nepalifashion #fashion #fashionstyle #wearwhatmakesyouhappy #wearwhatyoulove #onlinebusiness #nepaliwomenfashion #nepal",True,English
Instagram,#photography #photograph  #sonyalphaphotography #fashionphotography #glamourshots #traditionalwear #southasianfashion #southasianculture #southasia #nepalidesign #nepalifashion #nepaliwomen #nepali #nepaliinaus #Nepal #australia #SouthAustralia #adelaide #nepaliwear #shotinsonyalpha #portraitphotography #glamour #glamourphotoshoot #nepaliwomeninaustralia #nepaliwomenfashion,2,0,0,0,2021-10-27 03:56:54+00:00,#photography #photograph #sonyalphaphotography #fashionphotography #glamourshots #traditionalwear #southasianfashion #southasianculture #southasia #nepalidesign #nepalifashion #nepaliwomen #nepali #nepaliinaus #Nepal #australia #SouthAustralia #adelaide #nepaliwear #shotinsonyalpha #portraitphotography #glamour #glamourphotoshoot #nepaliwomeninaustralia #nepaliwomenfashion,True,English
Instagram,"Beautiful Chocker Necklace with Earrings 
Silver Oxidised Necklace 
DM us For order 
Delivery all over Nepal 
#oxidisedjewellery #silverjewelry 
#trendingjwellery #nepaliwomenfashion",16,0,0,0,2021-09-12 13:38:58+00:00,Beautiful Chocker Necklace with Earrings Silver Oxidised Necklace DM us For order Delivery all over Nepal #oxidisedjewellery #silverjewelry #trendingjwellery #nepaliwomenfashion,True,English
Instagram,"✨ Orchid Nepal Collection ✨

💰 Price: RS 4690

Elegant Lehenga–Blouse–Dupatta Set perfect for weddings & festive occasions 💃
👗 Lehenga: Gold crush fabric | Plain | Flair 5 m | Length 41 | Waist up to 42
👚 Blouse: Gold crush with sequin & thread embroidery | 1 m (unstiched)
🧣 Dupatta: Gold crush with embroidery | 2.4 m
📦 Includes: Lehenga + Blouse + Dupatta
⚖️ Weight: ~1.12 kg
📦 Ready to dispatch
🚚 Delivery all over Nepal & worldwide
#OrchidNepal #OrchidNepalCollection #LehengaNepal #WeddingWearNepal #EthnicWearNepal ✨",-1,0,0,0,2026-03-31 13:46:29+00:00,✨ Orchid Nepal Collection ✨ 💰 Price: RS 4690 Elegant Lehenga–Blouse–Dupatta Set perfect for weddings & festive occasions 💃 👗 Lehenga: Gold crush fabric | Plain | Flair 5 m | Length 41 | Waist up to 42 👚 Blouse: Gold crush with sequin & thread embroidery | 1 m (unstiched) 🧣 Dupatta: Gold crush with embroidery | 2.4 m 📦 Includes: Lehenga + Blouse + Dupatta ⚖️ Weight: ~1.12 kg 📦 Ready to dispatch 🚚 Delivery all over Nepal & worldwide #OrchidNepal #OrchidNepalCollection #LehengaNepal #WeddingWearNepal #EthnicWearNepal ✨,True,English
Instagram,"✨ Orchid Nepal Collection ✨
A beautifully designed Lehenga–Blouse–Dupatta Set crafted for festive gatherings and special celebrations, featuring elegant ruffle styling and sequin detailing.
💰 Price: RS 4020
Lehenga (Fully Stitched)
• Fabric: Faux georgette
• Ruffle style design
• Soft micro lining
• Canvas stitched
• Flair: 8.5 meters
• Fits up to size 44
Blouse (Unstitched)
• Soft net fabric
• Thread & sequin work
• Micro lining
• Fits up to size 42
Dupatta
• Faux georgette
• Length: 2.2 meters
• Weight: Approx. 1.3 kg
• Ready to dispatch
⚠️ Minor colour variation possible due to lighting
🚚 Delivery all over Nepal & worldwide
#OrchidNepal #OrchidNepalCollection #LehengaNepal #FestiveWearNepal",-1,0,0,0,2026-02-27 05:30:57+00:00,"✨ Orchid Nepal Collection ✨ A beautifully designed Lehenga–Blouse–Dupatta Set crafted for festive gatherings and special celebrations, featuring elegant ruffle styling and sequin detailing. 💰 Price: RS 4020 Lehenga (Fully Stitched) • Fabric: Faux georgette • Ruffle style design • Soft micro lining • Canvas stitched • Flair: 8.5 meters • Fits up to size 44 Blouse (Unstitched) • Soft net fabric • Thread & sequin work • Micro lining • Fits up to size 42 Dupatta • Faux georgette • Length: 2.2 meters • Weight: Approx. 1.3 kg • Ready to dispatch ⚠️ Minor colour variation possible due to lighting 🚚 Delivery all over Nepal & worldwide #OrchidNepal #OrchidNepalCollection #LehengaNepal #FestiveWearNepal",True,English
Instagram,"✨ Orchid Nepal Collection ✨
An elegant Lehenga–Blouse–Dupatta Set crafted in silk-finish fabric with detailed sequins and zari-style thread embroidery. Designed for festive gatherings and special occasions with a structured silhouette.

Lehenga (Full Stitched)
• Silk-finish fabric
• Sequins & thread embroidery
• Length: 42""
• Waist: Up to 42""
• Cotton inner
• 3 meter flair
• Zip closure with dori latkan
• Stitched with canvas support

Blouse (Unstitched)
• Matching embroidered fabric
• Length: 1 meter

Dupatta
• Matching embroidered fabric
• Designer lace border
• Length: 2.25 meter

• Weight: Approx. 1 kg

🚚 Delivery all over Nepal & worldwide

#OrchidNepal #OrchidNepalCollection #LehengaNepal #WeddingWearNepal #FestiveWearNepal",-1,0,0,0,2026-02-15 16:20:23+00:00,"✨ Orchid Nepal Collection ✨ An elegant Lehenga–Blouse–Dupatta Set crafted in silk-finish fabric with detailed sequins and zari-style thread embroidery. Designed for festive gatherings and special occasions with a structured silhouette. Lehenga (Full Stitched) • Silk-finish fabric • Sequins & thread embroidery • Length: 42"" • Waist: Up to 42"" • Cotton inner • 3 meter flair • Zip closure with dori latkan • Stitched with canvas support Blouse (Unstitched) • Matching embroidered fabric • Length: 1 meter Dupatta • Matching embroidered fabric • Designer lace border • Length: 2.25 meter • Weight: Approx. 1 kg 🚚 Delivery all over Nepal & worldwide #OrchidNepal #OrchidNepalCollection #LehengaNepal #WeddingWearNepal #FestiveWearNepal",True,English
Instagram,"🌷 Orchid Nepal Collection 🌷
Celebrate special occasions in this Kanchipuram silk lehenga set, woven with classic zari detailing for a graceful, traditional look. Designed for comfort and elegance, ideal for festive and cultural celebrations.

💰 Price: RS 3450

Product Details
• Lehenga: Kanchipuram silk
Zari weaving work
Waist support up to 42
Drawstring with zip
Canvas stitched | Length: 41""
Flair: 3.80 meters
Inner: Micro cotton
• Blouse: Kanchipuram silk
Zari weaving work
Unstitched | Length: 0.80 m
• Dupatta: Georgette
Sequin & thread embroidery
Length: 2.40 m
• Weight: Approx. 1.1 kg
• Package includes: Lehenga, blouse, dupatta & drawstring
🚚 Delivery all over Nepal & worldwide
#OrchidNepal #OrchidNepalCollection #LehengaNepal #FestiveWearNepal #EthnicWearNepal",-1,0,0,0,2026-02-09 06:40:12+00:00,"🌷 Orchid Nepal Collection 🌷 Celebrate special occasions in this Kanchipuram silk lehenga set, woven with classic zari detailing for a graceful, traditional look. Designed for comfort and elegance, ideal for festive and cultural celebrations. 💰 Price: RS 3450 Product Details • Lehenga: Kanchipuram silk Zari weaving work Waist support up to 42 Drawstring with zip Canvas stitched | Length: 41"" Flair: 3.80 meters Inner: Micro cotton • Blouse: Kanchipuram silk Zari weaving work Unstitched | Length: 0.80 m • Dupatta: Georgette Sequin & thread embroidery Length: 2.40 m • Weight: Approx. 1.1 kg • Package includes: Lehenga, blouse, dupatta & drawstring 🚚 Delivery all over Nepal & worldwide #OrchidNepal #OrchidNepalCollection #LehengaNepal #FestiveWearNepal #EthnicWearNepal",True,English
Instagram,"✨ Orchid Nepal Collection ✨
A dreamy Pastel Lehenga Choli Set designed for elegant festive moments, sangeet nights, and bridesmaid looks 🌷
Soft Two Tone Silk Finish Fabricfabric paired with delicate sequin & thread embroidery creates a graceful, royal silhouette ✨
Lehenga (Stitched)
• Fabric: Two Tone Silk Finish Fabric
• Work: Sequin & thread embroidery belt
• Waist: Fits up to 42
• Closure: Drawstring with zip
• Length: 41 inches | Flair: 5 meters
• Inner: Micro crepe | Canvas stitched
Blouse (Unstitched)
• Fabric: Two-tone silk-finish fabric 
• Work: Sequin & thread embroidery with lace touch
• Length: 1 meter
Dupatta
• Fabric: Two Tone Silk Finish Fabric
• Work: Sequin & thread embroidery
• Length: 2.40 meters
• Package: Lehenga, blouse, dupatta, drawstring with zip
• Weight: Approx. 890 g
⚠️ Minor colour variation possible due to lighting
🚚 Delivery all over Nepal & worldwide
#OrchidNepal #LehengaNepal #PastelLehenga #FestiveWearNepal",9,0,0,0,2026-02-06 18:00:29+00:00,"✨ Orchid Nepal Collection ✨ A dreamy Pastel Lehenga Choli Set designed for elegant festive moments, sangeet nights, and bridesmaid looks 🌷 Soft Two Tone Silk Finish Fabricfabric paired with delicate sequin & thread embroidery creates a graceful, royal silhouette ✨ Lehenga (Stitched) • Fabric: Two Tone Silk Finish Fabric • Work: Sequin & thread embroidery belt • Waist: Fits up to 42 • Closure: Drawstring with zip • Length: 41 inches | Flair: 5 meters • Inner: Micro crepe | Canvas stitched Blouse (Unstitched) • Fabric: Two-tone silk-finish fabric • Work: Sequin & thread embroidery with lace touch • Length: 1 meter Dupatta • Fabric: Two Tone Silk Finish Fabric • Work: Sequin & thread embroidery • Length: 2.40 meters • Package: Lehenga, blouse, dupatta, drawstring with zip • Weight: Approx. 890 g ⚠️ Minor colour variation possible due to lighting 🚚 Delivery all over Nepal & worldwide #OrchidNepal #LehengaNepal #PastelLehenga #FestiveWearNepal",True,English
Instagram,"✅ Few days left for magshir  Preorder 
🎀 ""Preorder yours for this wedding month now at just  4799(offer rate)
🎀Get your hands on the trendiest ethnic wears before they sell out!
 🎀WhatsApp now 9861668349
Or Dm us on Instagram 
🎀  Sale Price -4799
🎀 Fabric - Georgette 
🎀Code- L198
🎀Size- M-Xxl
🎀Dm us for ORGINAL picture or more information o
🎀 Shop now for the best quality at unbeatable prices!
🎀 Swipe left for orginal images(Floor picture)!
🎀 Delivery time 6-10days
#KurtaPreorder  #TrendingFashion #TiktokShopping  #LimitedStock #DMtoOrder #fyp #foryou #kurtanepal #sareenepal #lehenganepal #StyleWithTradition #NepaliBusiness #QualityFirst #WhatsAppOrder
#saree #kurta #lehenga #LehengaDesigns #TraditionalWear  #WorldwideShipping  #ShopLocalNepal  #lehenganepal  #kurta #Kurtaneppal #sareenepal #SareeInNepal #KurtaNepal #LehengaNepal #NepalEthnicWear
#shrawanspecial 
 hi yo",2,0,0,0,2025-11-25 13:10:52+00:00,"✅ Few days left for magshir Preorder 🎀 ""Preorder yours for this wedding month now at just 4799(offer rate) 🎀Get your hands on the trendiest ethnic wears before they sell out! 🎀WhatsApp now 9861668349 Or Dm us on Instagram 🎀 Sale Price -4799 🎀 Fabric - Georgette 🎀Code- L198 🎀Size- M-Xxl 🎀Dm us for ORGINAL picture or more information o 🎀 Shop now for the best quality at unbeatable prices! 🎀 Swipe left for orginal images(Floor picture)! 🎀 Delivery time 6-10days #KurtaPreorder #TrendingFashion #TiktokShopping #LimitedStock #DMtoOrder #fyp #foryou #kurtanepal #sareenepal #lehenganepal #StyleWithTradition #NepaliBusiness #QualityFirst #WhatsAppOrder #saree #kurta #lehenga #LehengaDesigns #TraditionalWear #WorldwideShipping #ShopLocalNepal #lehenganepal #kurta #Kurtaneppal #sareenepal #SareeInNepal #KurtaNepal #LehengaNepal #NepalEthnicWear #shrawanspecial hi yo",True,English
Instagram,"✅ Few days left for magshir  Preorder 
🎀 ""Preorder yours for this wedding month now at just  4899(offer rate)
🎀Get your hands on the trendiest ethnic wears before they sell out!
 🎀WhatsApp now 9861668349
Or Dm us on Instagram 
🎀  Sale Price -4899
🎀 Fabric - Geirgette 
🎀Code- L195
🎀Size- M-Xxl
🎀Dm us for ORGINAL picture or more information o
🎀 Shop now for the best quality at unbeatable prices!
🎀 Swipe left for orginal images(Floor picture)!
🎀 Delivery time 6-10days
#KurtaPreorder  #TrendingFashion #TiktokShopping  #LimitedStock #DMtoOrder #fyp #foryou #kurtanepal #sareenepal #lehenganepal #StyleWithTradition #NepaliBusiness #QualityFirst #WhatsAppOrder
#saree #kurta #lehenga #LehengaDesigns #TraditionalWear  #WorldwideShipping  #ShopLocalNepal  #lehenganepal  #kurta #Kurtaneppal #sareenepal #SareeInNepal #KurtaNepal #LehengaNepal #NepalEthnicWear
#shrawanspecial 
 hi yo",0,0,0,0,2025-11-25 13:06:45+00:00,"✅ Few days left for magshir Preorder 🎀 ""Preorder yours for this wedding month now at just 4899(offer rate) 🎀Get your hands on the trendiest ethnic wears before they sell out! 🎀WhatsApp now 9861668349 Or Dm us on Instagram 🎀 Sale Price -4899 🎀 Fabric - Geirgette 🎀Code- L195 🎀Size- M-Xxl 🎀Dm us for ORGINAL picture or more information o 🎀 Shop now for the best quality at unbeatable prices! 🎀 Swipe left for orginal images(Floor picture)! 🎀 Delivery time 6-10days #KurtaPreorder #TrendingFashion #TiktokShopping #LimitedStock #DMtoOrder #fyp #foryou #kurtanepal #sareenepal #lehenganepal #StyleWithTradition #NepaliBusiness #QualityFirst #WhatsAppOrder #saree #kurta #lehenga #LehengaDesigns #TraditionalWear #WorldwideShipping #ShopLocalNepal #lehenganepal #kurta #Kurtaneppal #sareenepal #SareeInNepal #KurtaNepal #LehengaNepal #NepalEthnicWear #shrawanspecial hi yo",True,English
Instagram,"✅ Few days left for magshir  Preorder 
🎀 ""Preorder yours for this wedding month now at just  4399(offer rate)
🎀Get your hands on the trendiest ethnic wears before they sell out!
 🎀WhatsApp now 9861668349
Or Dm us on Instagram 
🎀  Sale Price -4399
🎀 Fabric - Georgette 
🎀Code- L194
🎀Size- M-Xxl
🎀Dm us for ORGINAL picture or more information o
🎀 Shop now for the best quality at unbeatable prices!
🎀 Swipe left for orginal images(Floor picture)!
🎀 Delivery time 6-10days
#KurtaPreorder  #TrendingFashion #TiktokShopping  #LimitedStock #DMtoOrder #fyp #foryou #kurtanepal #sareenepal #lehenganepal #StyleWithTradition #NepaliBusiness #QualityFirst #WhatsAppOrder
#saree #kurta #lehenga #LehengaDesigns #TraditionalWear  #WorldwideShipping  #ShopLocalNepal  #lehenganepal  #kurta #Kurtaneppal #sareenepal #SareeInNepal #KurtaNepal #LehengaNepal #NepalEthnicWear
#shrawanspecial 
 hi yo",4,0,0,0,2025-11-25 13:04:42+00:00,"✅ Few days left for magshir Preorder 🎀 ""Preorder yours for this wedding month now at just 4399(offer rate) 🎀Get your hands on the trendiest ethnic wears before they sell out! 🎀WhatsApp now 9861668349 Or Dm us on Instagram 🎀 Sale Price -4399 🎀 Fabric - Georgette 🎀Code- L194 🎀Size- M-Xxl 🎀Dm us for ORGINAL picture or more information o 🎀 Shop now for the best quality at unbeatable prices! 🎀 Swipe left for orginal images(Floor picture)! 🎀 Delivery time 6-10days #KurtaPreorder #TrendingFashion #TiktokShopping #LimitedStock #DMtoOrder #fyp #foryou #kurtanepal #sareenepal #lehenganepal #StyleWithTradition #NepaliBusiness #QualityFirst #WhatsAppOrder #saree #kurta #lehenga #LehengaDesigns #TraditionalWear #WorldwideShipping #ShopLocalNepal #lehenganepal #kurta #Kurtaneppal #sareenepal #SareeInNepal #KurtaNepal #LehengaNepal #NepalEthnicWear #shrawanspecial hi yo",True,English
Instagram,"✅ Few days left for magshir  Preorder 
🎀 ""Preorder yours for this wedding month now at just 2999 (offer rate)
🎀Get your hands on the trendiest ethnic wears before they sell out!
 🎀WhatsApp now 9861668349
Or Dm us on Instagram 
🎀  Sale Price -2999
🎀 Fabric -velvet 
🎀Code- K2091
🎀Size-  M-Xxl
🎀Dm us for ORGINAL picture or more information o
🎀 Shop now for the best quality at unbeatable prices!
🎀 Swipe left for orginal images(Floor picture)!
🎀 Delivery time 6-10days
#KurtaPreorder  #TrendingFashion #TiktokShopping  #LimitedStock #DMtoOrder #fyp #foryou #kurtanepal #sareenepal #lehenganepal #StyleWithTradition #NepaliBusiness #QualityFirst #WhatsAppOrder
#saree #kurta #lehenga #LehengaDesigns #TraditionalWear  #WorldwideShipping  #ShopLocalNepal  #lehenganepal  #kurta #Kurtaneppal #sareenepal #SareeInNepal #KurtaNepal #LehengaNepal #NepalEthnicWear
#shrawanspecial 
 hi yo",0,0,0,0,2025-11-21 10:56:21+00:00,"✅ Few days left for magshir Preorder 🎀 ""Preorder yours for this wedding month now at just 2999 (offer rate) 🎀Get your hands on the trendiest ethnic wears before they sell out! 🎀WhatsApp now 9861668349 Or Dm us on Instagram 🎀 Sale Price -2999 🎀 Fabric -velvet 🎀Code- K2091 🎀Size- M-Xxl 🎀Dm us for ORGINAL picture or more information o 🎀 Shop now for the best quality at unbeatable prices! 🎀 Swipe left for orginal images(Floor picture)! 🎀 Delivery time 6-10days #KurtaPreorder #TrendingFashion #TiktokShopping #LimitedStock #DMtoOrder #fyp #foryou #kurtanepal #sareenepal #lehenganepal #StyleWithTradition #NepaliBusiness #QualityFirst #WhatsAppOrder #saree #kurta #lehenga #LehengaDesigns #TraditionalWear #WorldwideShipping #ShopLocalNepal #lehenganepal #kurta #Kurtaneppal #sareenepal #SareeInNepal #KurtaNepal #LehengaNepal #NepalEthnicWear #shrawanspecial hi yo",True,English
Instagram,"✅ Few days left for magshir  Preorder 
🎀 ""Preorder yours for this wedding month now at just 2999 (offer rate)
🎀Get your hands on the trendiest ethnic wears before they sell out!
 🎀WhatsApp now 9861668349
Or Dm us on Instagram 
🎀  Sale Price -2999
🎀 Fabric - Geirgette 
🎀Code- K2089
🎀Size- M-Xxl
🎀Dm us for ORGINAL picture or more information o
🎀 Shop now for the best quality at unbeatable prices!
🎀 Swipe left for orginal images(Floor picture)!
🎀 Delivery time 6-10days
#KurtaPreorder  #TrendingFashion #TiktokShopping  #LimitedStock #DMtoOrder #fyp #foryou #kurtanepal #sareenepal #lehenganepal #StyleWithTradition #NepaliBusiness #QualityFirst #WhatsAppOrder
#saree #kurta #lehenga #LehengaDesigns #TraditionalWear  #WorldwideShipping  #ShopLocalNepal  #lehenganepal  #kurta #Kurtaneppal #sareenepal #SareeInNepal #KurtaNepal #LehengaNepal #NepalEthnicWear
#shrawanspecial 
 hi yo",0,0,0,0,2025-11-21 10:44:52+00:00,"✅ Few days left for magshir Preorder 🎀 ""Preorder yours for this wedding month now at just 2999 (offer rate) 🎀Get your hands on the trendiest ethnic wears before they sell out! 🎀WhatsApp now 9861668349 Or Dm us on Instagram 🎀 Sale Price -2999 🎀 Fabric - Geirgette 🎀Code- K2089 🎀Size- M-Xxl 🎀Dm us for ORGINAL picture or more information o 🎀 Shop now for the best quality at unbeatable prices! 🎀 Swipe left for orginal images(Floor picture)! 🎀 Delivery time 6-10days #KurtaPreorder #TrendingFashion #TiktokShopping #LimitedStock #DMtoOrder #fyp #foryou #kurtanepal #sareenepal #lehenganepal #StyleWithTradition #NepaliBusiness #QualityFirst #WhatsAppOrder #saree #kurta #lehenga #LehengaDesigns #TraditionalWear #WorldwideShipping #ShopLocalNepal #lehenganepal #kurta #Kurtaneppal #sareenepal #SareeInNepal #KurtaNepal #LehengaNepal #NepalEthnicWear #shrawanspecial hi yo",True,English
Instagram,"✅ Few days left for magshir  Preorder 
🎀 ""Preorder yours for this wedding month now at just 2999 (offer rate)
🎀Get your hands on the trendiest ethnic wears before they sell out!
 🎀WhatsApp now 9861668349
Or Dm us on Instagram 
🎀  Sale Price -2999
🎀 Fabric - Velvet 
🎀Code- K2087
🎀Size- M-Xxl
🎀Dm us for ORGINAL picture or more information o
🎀 Shop now for the best quality at unbeatable prices!
🎀 Swipe left for orginal images(Floor picture)!
🎀 Delivery time 6-10days
#KurtaPreorder  #TrendingFashion #TiktokShopping  #LimitedStock #DMtoOrder #fyp #foryou #kurtanepal #sareenepal #lehenganepal #StyleWithTradition #NepaliBusiness #QualityFirst #WhatsAppOrder
#saree #kurta #lehenga #LehengaDesigns #TraditionalWear  #WorldwideShipping  #ShopLocalNepal  #lehenganepal  #kurta #Kurtaneppal #sareenepal #SareeInNepal #KurtaNepal #LehengaNepal #NepalEthnicWear
#shrawanspecial 
 hi yo",0,0,0,0,2025-11-21 10:38:10+00:00,"✅ Few days left for magshir Preorder 🎀 ""Preorder yours for this wedding month now at just 2999 (offer rate) 🎀Get your hands on the trendiest ethnic wears before they sell out! 🎀WhatsApp now 9861668349 Or Dm us on Instagram 🎀 Sale Price -2999 🎀 Fabric - Velvet 🎀Code- K2087 🎀Size- M-Xxl 🎀Dm us for ORGINAL picture or more information o 🎀 Shop now for the best quality at unbeatable prices! 🎀 Swipe left for orginal images(Floor picture)! 🎀 Delivery time 6-10days #KurtaPreorder #TrendingFashion #TiktokShopping #LimitedStock #DMtoOrder #fyp #foryou #kurtanepal #sareenepal #lehenganepal #StyleWithTradition #NepaliBusiness #QualityFirst #WhatsAppOrder #saree #kurta #lehenga #LehengaDesigns #TraditionalWear #WorldwideShipping #ShopLocalNepal #lehenganepal #kurta #Kurtaneppal #sareenepal #SareeInNepal #KurtaNepal #LehengaNepal #NepalEthnicWear #shrawanspecial hi yo",True,English
Instagram,"✅ Few days left for magshir  Preorder 
🎀 ""Preorder yours for this wedding month now at just  2999(offer rate)
🎀Get your hands on the trendiest ethnic wears before they sell out!
 🎀WhatsApp now 9861668349
Or Dm us on Instagram 
🎀  Sale Price -2999
🎀 Fabric - Velvet 
🎀Code-
🎀Size- M-Xxl
🎀Dm us for ORGINAL picture or more information o
🎀 Shop now for the best quality at unbeatable prices!
🎀 Swipe left for orginal images(Floor picture)!
🎀 Delivery time 6-10days
#KurtaPreorder  #TrendingFashion #TiktokShopping  #LimitedStock #DMtoOrder #fyp #foryou #kurtanepal #sareenepal #lehenganepal #StyleWithTradition #NepaliBusiness #QualityFirst #WhatsAppOrder
#saree #kurta #lehenga #LehengaDesigns #TraditionalWear  #WorldwideShipping  #ShopLocalNepal  #lehenganepal  #kurta #Kurtaneppal #sareenepal #SareeInNepal #KurtaNepal #LehengaNepal #NepalEthnicWear
#shrawanspecial 
 hi yo",0,0,0,0,2025-11-21 10:31:29+00:00,"✅ Few days left for magshir Preorder 🎀 ""Preorder yours for this wedding month now at just 2999(offer rate) 🎀Get your hands on the trendiest ethnic wears before they sell out! 🎀WhatsApp now 9861668349 Or Dm us on Instagram 🎀 Sale Price -2999 🎀 Fabric - Velvet 🎀Code- 🎀Size- M-Xxl 🎀Dm us for ORGINAL picture or more information o 🎀 Shop now for the best quality at unbeatable prices! 🎀 Swipe left for orginal images(Floor picture)! 🎀 Delivery time 6-10days #KurtaPreorder #TrendingFashion #TiktokShopping #LimitedStock #DMtoOrder #fyp #foryou #kurtanepal #sareenepal #lehenganepal #StyleWithTradition #NepaliBusiness #QualityFirst #WhatsAppOrder #saree #kurta #lehenga #LehengaDesigns #TraditionalWear #WorldwideShipping #ShopLocalNepal #lehenganepal #kurta #Kurtaneppal #sareenepal #SareeInNepal #KurtaNepal #LehengaNepal #NepalEthnicWear #shrawanspecial hi yo",True,English
Instagram,"✅ Few days left for magshir  Preorder 
🎀 ""Preorder yours for this wedding month now at just  2999(offer rate)
🎀Get your hands on the trendiest ethnic wears before they sell out!
 🎀WhatsApp now 9861668349
Or Dm us on Instagram 
🎀  Sale Price - 2999
🎀 Fabric -velvet
🎀Code- K2083
🎀Size- M-Xxl
🎀Dm us for ORGINAL picture or more information o
🎀 Shop now for the best quality at unbeatable prices!
🎀 Swipe left for orginal images(Floor picture)!
🎀 Delivery time 6-10days
#KurtaPreorder  #TrendingFashion #TiktokShopping  #LimitedStock #DMtoOrder #fyp #foryou #kurtanepal #sareenepal #lehenganepal #StyleWithTradition #NepaliBusiness #QualityFirst #WhatsAppOrder
#saree #kurta #lehenga #LehengaDesigns #TraditionalWear  #WorldwideShipping  #ShopLocalNepal  #lehenganepal  #kurta #Kurtaneppal #sareenepal #SareeInNepal #KurtaNepal #LehengaNepal #NepalEthnicWear
#shrawanspecial 
 hi yo",0,0,0,0,2025-11-21 10:30:25+00:00,"✅ Few days left for magshir Preorder 🎀 ""Preorder yours for this wedding month now at just 2999(offer rate) 🎀Get your hands on the trendiest ethnic wears before they sell out! 🎀WhatsApp now 9861668349 Or Dm us on Instagram 🎀 Sale Price - 2999 🎀 Fabric -velvet 🎀Code- K2083 🎀Size- M-Xxl 🎀Dm us for ORGINAL picture or more information o 🎀 Shop now for the best quality at unbeatable prices! 🎀 Swipe left for orginal images(Floor picture)! 🎀 Delivery time 6-10days #KurtaPreorder #TrendingFashion #TiktokShopping #LimitedStock #DMtoOrder #fyp #foryou #kurtanepal #sareenepal #lehenganepal #StyleWithTradition #NepaliBusiness #QualityFirst #WhatsAppOrder #saree #kurta #lehenga #LehengaDesigns #TraditionalWear #WorldwideShipping #ShopLocalNepal #lehenganepal #kurta #Kurtaneppal #sareenepal #SareeInNepal #KurtaNepal #LehengaNepal #NepalEthnicWear #shrawanspecial hi yo",True,English
Instagram,"✅ Few days left for magshir  Preorder 
🎀 ""Preorder yours for this wedding month now at just  2999(offer rate)
🎀Get your hands on the trendiest ethnic wears before they sell out!
 🎀WhatsApp now 9861668349
Or Dm us on Instagram 
🎀  Sale Price -2999
🎀 Fabric - Geirgette 
🎀Code- K2082
🎀Size- M-Xxl
🎀Dm us for ORGINAL picture or more information o
🎀 Shop now for the best quality at unbeatable prices!
🎀 Swipe left for orginal images(Floor picture)!
🎀 Delivery time 6-10days
#KurtaPreorder  #TrendingFashion #TiktokShopping  #LimitedStock #DMtoOrder #fyp #foryou #kurtanepal #sareenepal #lehenganepal #StyleWithTradition #NepaliBusiness #QualityFirst #WhatsAppOrder
#saree #kurta #lehenga #LehengaDesigns #TraditionalWear  #WorldwideShipping  #ShopLocalNepal  #lehenganepal  #kurta #Kurtaneppal #sareenepal #SareeInNepal #KurtaNepal #LehengaNepal #NepalEthnicWear
#shrawanspecial 
 hi yo",2,0,0,0,2025-11-21 10:16:36+00:00,"✅ Few days left for magshir Preorder 🎀 ""Preorder yours for this wedding month now at just 2999(offer rate) 🎀Get your hands on the trendiest ethnic wears before they sell out! 🎀WhatsApp now 9861668349 Or Dm us on Instagram 🎀 Sale Price -2999 🎀 Fabric - Geirgette 🎀Code- K2082 🎀Size- M-Xxl 🎀Dm us for ORGINAL picture or more information o 🎀 Shop now for the best quality at unbeatable prices! 🎀 Swipe left for orginal images(Floor picture)! 🎀 Delivery time 6-10days #KurtaPreorder #TrendingFashion #TiktokShopping #LimitedStock #DMtoOrder #fyp #foryou #kurtanepal #sareenepal #lehenganepal #StyleWithTradition #NepaliBusiness #QualityFirst #WhatsAppOrder #saree #kurta #lehenga #LehengaDesigns #TraditionalWear #WorldwideShipping #ShopLocalNepal #lehenganepal #kurta #Kurtaneppal #sareenepal #SareeInNepal #KurtaNepal #LehengaNepal #NepalEthnicWear #shrawanspecial hi yo",True,English
Instagram,"✅ Few days left for magshir  Preorder 
🎀 ""Preorder yours for this wedding month now at just 2999 (offer rate)
🎀Get your hands on the trendiest ethnic wears before they sell out!
 🎀WhatsApp now 9861668349
Or Dm us on Instagram 
🎀  Sale Price -2999
🎀 Fabric - GEORGETTE 
🎀Code- K2081
🎀Size- M-Xxl
🎀Dm us for ORGINAL picture or more information o
🎀 Shop now for the best quality at unbeatable prices!
🎀 Swipe left for orginal images(Floor picture)!
🎀 Delivery time 6-10days
#KurtaPreorder  #TrendingFashion #TiktokShopping  #LimitedStock #DMtoOrder #fyp #foryou #kurtanepal #sareenepal #lehenganepal #StyleWithTradition #NepaliBusiness #QualityFirst #WhatsAppOrder
#saree #kurta #lehenga #LehengaDesigns #TraditionalWear  #WorldwideShipping  #ShopLocalNepal  #lehenganepal  #kurta #Kurtaneppal #sareenepal #SareeInNepal #KurtaNepal #LehengaNepal #NepalEthnicWear
#shrawanspecial 
 hi yo",1,0,0,0,2025-11-21 10:13:33+00:00,"✅ Few days left for magshir Preorder 🎀 ""Preorder yours for this wedding month now at just 2999 (offer rate) 🎀Get your hands on the trendiest ethnic wears before they sell out! 🎀WhatsApp now 9861668349 Or Dm us on Instagram 🎀 Sale Price -2999 🎀 Fabric - GEORGETTE 🎀Code- K2081 🎀Size- M-Xxl 🎀Dm us for ORGINAL picture or more information o 🎀 Shop now for the best quality at unbeatable prices! 🎀 Swipe left for orginal images(Floor picture)! 🎀 Delivery time 6-10days #KurtaPreorder #TrendingFashion #TiktokShopping #LimitedStock #DMtoOrder #fyp #foryou #kurtanepal #sareenepal #lehenganepal #StyleWithTradition #NepaliBusiness #QualityFirst #WhatsAppOrder #saree #kurta #lehenga #LehengaDesigns #TraditionalWear #WorldwideShipping #ShopLocalNepal #lehenganepal #kurta #Kurtaneppal #sareenepal #SareeInNepal #KurtaNepal #LehengaNepal #NepalEthnicWear #shrawanspecial hi yo",True,English
Instagram,"✅ Few days left for magshir  Preorder 
🎀 ""Preorder yours for this wedding month now at just 2499 (offer rate)
🎀Get your hands on the trendiest ethnic wears before they sell out!
 🎀WhatsApp now 9861668349
Or Dm us on Instagram 
🎀  Sale Price -2499
🎀 Fabric - Geirgette 
🎀Code- K2080
🎀Size- M-Xxl
🎀Dm us for ORGINAL picture or more information o
🎀 Shop now for the best quality at unbeatable prices!
🎀 Swipe left for orginal images(Floor picture)!
🎀 Delivery time 6-10days
#KurtaPreorder  #TrendingFashion #TiktokShopping  #LimitedStock #DMtoOrder #fyp #foryou #kurtanepal #sareenepal #lehenganepal #StyleWithTradition #NepaliBusiness #QualityFirst #WhatsAppOrder
#saree #kurta #lehenga #LehengaDesigns #TraditionalWear  #WorldwideShipping  #ShopLocalNepal  #lehenganepal  #kurta #Kurtaneppal #sareenepal #SareeInNepal #KurtaNepal #LehengaNepal #NepalEthnicWear
#shrawanspecial 
 hi yo",1,0,0,0,2025-11-21 10:10:15+00:00,"✅ Few days left for magshir Preorder 🎀 ""Preorder yours for this wedding month now at just 2499 (offer rate) 🎀Get your hands on the trendiest ethnic wears before they sell out! 🎀WhatsApp now 9861668349 Or Dm us on Instagram 🎀 Sale Price -2499 🎀 Fabric - Geirgette 🎀Code- K2080 🎀Size- M-Xxl 🎀Dm us for ORGINAL picture or more information o 🎀 Shop now for the best quality at unbeatable prices! 🎀 Swipe left for orginal images(Floor picture)! 🎀 Delivery time 6-10days #KurtaPreorder #TrendingFashion #TiktokShopping #LimitedStock #DMtoOrder #fyp #foryou #kurtanepal #sareenepal #lehenganepal #StyleWithTradition #NepaliBusiness #QualityFirst #WhatsAppOrder #saree #kurta #lehenga #LehengaDesigns #TraditionalWear #WorldwideShipping #ShopLocalNepal #lehenganepal #kurta #Kurtaneppal #sareenepal #SareeInNepal #KurtaNepal #LehengaNepal #NepalEthnicWear #shrawanspecial hi yo",True,English
Instagram,"✅ Few days left for magshir  Preorder 
🎀 ""Preorder yours for this wedding month now at just (offer rate)
🎀Get your hands on the trendiest ethnic wears before they sell out!
 🎀WhatsApp now 9861668349
Or Dm us on Instagram 
🎀  Sale Price - 2699
🎀 Fabric - Velvet 
🎀Code- K2079
🎀Size- M-Xxl
🎀Dm us for ORGINAL picture or more information o
🎀 Shop now for the best quality at unbeatable prices!
🎀 Swipe left for orginal images(Floor picture)!
🎀 Delivery time 6-10days
#KurtaPreorder  #TrendingFashion #TiktokShopping  #LimitedStock #DMtoOrder #fyp #foryou #kurtanepal #sareenepal #lehenganepal #StyleWithTradition #NepaliBusiness #QualityFirst #WhatsAppOrder
#saree #kurta #lehenga #LehengaDesigns #TraditionalWear  #WorldwideShipping  #ShopLocalNepal  #lehenganepal  #kurta #Kurtaneppal #sareenepal #SareeInNepal #KurtaNepal #LehengaNepal #NepalEthnicWear
#shrawanspecial 
 hi yo",0,0,0,0,2025-11-20 09:53:11+00:00,"✅ Few days left for magshir Preorder 🎀 ""Preorder yours for this wedding month now at just (offer rate) 🎀Get your hands on the trendiest ethnic wears before they sell out! 🎀WhatsApp now 9861668349 Or Dm us on Instagram 🎀 Sale Price - 2699 🎀 Fabric - Velvet 🎀Code- K2079 🎀Size- M-Xxl 🎀Dm us for ORGINAL picture or more information o 🎀 Shop now for the best quality at unbeatable prices! 🎀 Swipe left for orginal images(Floor picture)! 🎀 Delivery time 6-10days #KurtaPreorder #TrendingFashion #TiktokShopping #LimitedStock #DMtoOrder #fyp #foryou #kurtanepal #sareenepal #lehenganepal #StyleWithTradition #NepaliBusiness #QualityFirst #WhatsAppOrder #saree #kurta #lehenga #LehengaDesigns #TraditionalWear #WorldwideShipping #ShopLocalNepal #lehenganepal #kurta #Kurtaneppal #sareenepal #SareeInNepal #KurtaNepal #LehengaNepal #NepalEthnicWear #shrawanspecial hi yo",True,English
Instagram,"✅ Few days left for magshir  Preorder 
🎀 ""Preorder yours for this wedding month now at just  2799(offer rate)
🎀Get your hands on the trendiest ethnic wears before they sell out!
 🎀WhatsApp now 9861668349
Or Dm us on Instagram 
🎀  Sale Price -2799
🎀 Fabric - Silk
🎀Code- K2078
🎀Size- M-Xxl
🎀Dm us for ORGINAL picture or more information o
🎀 Shop now for the best quality at unbeatable prices!
🎀 Swipe left for orginal images(Floor picture)!
🎀 Delivery time 6-10days
#KurtaPreorder  #TrendingFashion #TiktokShopping  #LimitedStock #DMtoOrder #fyp #foryou #kurtanepal #sareenepal #lehenganepal #StyleWithTradition #NepaliBusiness #QualityFirst #WhatsAppOrder
#saree #kurta #lehenga #LehengaDesigns #TraditionalWear  #WorldwideShipping  #ShopLocalNepal  #lehenganepal  #kurta #Kurtaneppal #sareenepal #SareeInNepal #KurtaNepal #LehengaNepal #NepalEthnicWear
#shrawanspecial 
 hi yo",4,0,0,0,2025-11-20 09:51:46+00:00,"✅ Few days left for magshir Preorder 🎀 ""Preorder yours for this wedding month now at just 2799(offer rate) 🎀Get your hands on the trendiest ethnic wears before they sell out! 🎀WhatsApp now 9861668349 Or Dm us on Instagram 🎀 Sale Price -2799 🎀 Fabric - Silk 🎀Code- K2078 🎀Size- M-Xxl 🎀Dm us for ORGINAL picture or more information o 🎀 Shop now for the best quality at unbeatable prices! 🎀 Swipe left for orginal images(Floor picture)! 🎀 Delivery time 6-10days #KurtaPreorder #TrendingFashion #TiktokShopping #LimitedStock #DMtoOrder #fyp #foryou #kurtanepal #sareenepal #lehenganepal #StyleWithTradition #NepaliBusiness #QualityFirst #WhatsAppOrder #saree #kurta #lehenga #LehengaDesigns #TraditionalWear #WorldwideShipping #ShopLocalNepal #lehenganepal #kurta #Kurtaneppal #sareenepal #SareeInNepal #KurtaNepal #LehengaNepal #NepalEthnicWear #shrawanspecial hi yo",True,English
Instagram,"🔔👶 Soft Silicone Baby Bell Ring Teether – नानीलाई खुसी र आरामदायक राख्नुहोस्! 💖
हाम्रो Soft Silicone Bell Ring Teether सुरक्षित, Non-Toxic सिलिकनबाट बनेको छ, जसले दाँतको दुखाइ कम गर्न र स्वस्थ दाँत बढाउन सहयोग गर्छ।
🌟 Why Moms Love It:
💛 Safe & Gentle: Soft, BPA-free silicone – perfect for delicate gums
👩‍👧 Fun & Easy to Hold: Cute bell shape for tiny hands to grip & chew
🛒 Promotes healthy teething & keeps baby happy
💬 Order Now: फोन नम्बर र ठेगाना पठाउनुहोस्, वा call/text: 9705335505 / 9763589767
👶 Discover More Baby Products: Follow us on Facebook – New arrivals & offers!
📍 Visit Us: Basundhara, Kathmandu (Next to Om Complex)
#SoftSiliconeTeether #BabyTeether #BellRingTeether #TeethingRelief #SafeBabyProducts #HealthyTeething #BabyComfort #BabyCareEssentials #BabyProductsNepal #OnlineBabyShop #TrendingNepal #ReelsNepalシ #BabyShop #fb #BabyEssentials #Baby #Babygirl #Babyboy",0,0,0,0,2026-04-27 12:26:12+00:00,"🔔👶 Soft Silicone Baby Bell Ring Teether – नानीलाई खुसी र आरामदायक राख्नुहोस्! 💖 हाम्रो Soft Silicone Bell Ring Teether सुरक्षित, Non-Toxic सिलिकनबाट बनेको छ, जसले दाँतको दुखाइ कम गर्न र स्वस्थ दाँत बढाउन सहयोग गर्छ। 🌟 Why Moms Love It: 💛 Safe & Gentle: Soft, BPA-free silicone – perfect for delicate gums 👩‍👧 Fun & Easy to Hold: Cute bell shape for tiny hands to grip & chew 🛒 Promotes healthy teething & keeps baby happy 💬 Order Now: फोन नम्बर र ठेगाना पठाउनुहोस्, वा call/text: 9705335505 / 9763589767 👶 Discover More Baby Products: Follow us on Facebook – New arrivals & offers! 📍 Visit Us: Basundhara, Kathmandu (Next to Om Complex) #SoftSiliconeTeether #BabyTeether #BellRingTeether #TeethingRelief #SafeBabyProducts #HealthyTeething #BabyComfort #BabyCareEssentials #BabyProductsNepal #OnlineBabyShop #TrendingNepal #ReelsNepalシ #BabyShop #fb #BabyEssentials #Baby #Babygirl #Babyboy",True,Nepali
Instagram,"मेरो यात्रा नेपाल तिर

 ♥️♥️♥️ #trendingnepal  Krishna Kunwar Shanti Shahi Rekha Chaudhary Ratna B K Samjhana Bhandari Bista Ganesh Kathayat Apsara Rawal Kunwar Himmat Thapa Sushmita Kunwar Singer Arjun Pokhrel Pyuthani Pyuthan Ni Son Sabina Dhami तिम्रो मनकाे राजा Paudel Mandip Kalpana Magar Gita Pokhrel Krishna Prashad Pokhrel Sujan Thapa Govinda Ghimirey Suraz Jøishi Uma Rai Thakur Nepali Prem Thapa Keypchhaki Sanu Maya Amrit Rokaya Arjun Acharya",1,0,0,0,2026-04-27 00:48:31+00:00,मेरो यात्रा नेपाल तिर ♥️♥️♥️ #trendingnepal Krishna Kunwar Shanti Shahi Rekha Chaudhary Ratna B K Samjhana Bhandari Bista Ganesh Kathayat Apsara Rawal Kunwar Himmat Thapa Sushmita Kunwar Singer Arjun Pokhrel Pyuthani Pyuthan Ni Son Sabina Dhami तिम्रो मनकाे राजा Paudel Mandip Kalpana Magar Gita Pokhrel Krishna Prashad Pokhrel Sujan Thapa Govinda Ghimirey Suraz Jøishi Uma Rai Thakur Nepali Prem Thapa Keypchhaki Sanu Maya Amrit Rokaya Arjun Acharya,True,Nepali
Instagram,"🌾 Lalqilla 507 Gold Basmati Rice 🌾
Sizes: 1kg | 5kg
Buy any 2 ➔ 4% OFF
(This offer is valid only for orders placed directly via Message or Call)
📞 DM or Call to order!
📞 970-2616136
🔗 Order via the link provided
1kg -https://www.daraz.com.np/products/i470069771.html...
5kg-https://www.daraz.com.np/products/i470089279.html...
#Lalqilla #BasmatiRice #PremiumQuality #Hamromart #Kathmandu #KitchenEssentials #RiceLovers #NepalEats #CookingDaily #HealthyLiving #ShopLocalNepal #TrendingNepal #GroceryDeals #FoodieNepal #Lazimpat #KathmanduFoodies #finediningathome",0,0,0,0,2026-04-26 08:30:21+00:00,🌾 Lalqilla 507 Gold Basmati Rice 🌾 Sizes: 1kg | 5kg Buy any 2 ➔ 4% OFF (This offer is valid only for orders placed directly via Message or Call) 📞 DM or Call to order! 📞 970-2616136 🔗 Order via the link provided 1kg - 5kg- #Lalqilla #BasmatiRice #PremiumQuality #Hamromart #Kathmandu #KitchenEssentials #RiceLovers #NepalEats #CookingDaily #HealthyLiving #ShopLocalNepal #TrendingNepal #GroceryDeals #FoodieNepal #Lazimpat #KathmanduFoodies #finediningathome,True,English
Instagram,"🌻 Zade Sunflower Oil 🌻
Pure, light, and healthy—the perfect choice for your daily cooking! 
🎁 Direct Deal:
Buy 2 ➔ 5% OFF
Buy 3+ ➔ 10% OFF
🚀 How to claim:
Order directly via Message or Call to unlock these savings!
📞 DM or Call to order!
📞 970-2616136
🔗 Order via the link provided
1L -https://www.daraz.com.np/products/i477503798.html?spm=Seller_NP.24863640.table_online_product.93.10b92a975fdBgF
2L- https://www.daraz.com.np/products/i477516570.html?spm=Seller_NP.24863640.table_online_product.89.10b92a975fdBgF
#zadeOil #HealthyCooking #Hamromart #Kathmandu #KitchenEssentials #NepalFoodie #HealthyLiving #CookingOil #ShopLocalNepal #TrendingNepal #KathmanduEats #HomeCooking #Wellness #GroceryDeals #HealthyChoices",1,0,0,0,2026-04-26 08:23:23+00:00,"🌻 Zade Sunflower Oil 🌻 Pure, light, and healthy—the perfect choice for your daily cooking! 🎁 Direct Deal: Buy 2 ➔ 5% OFF Buy 3+ ➔ 10% OFF 🚀 How to claim: Order directly via Message or Call to unlock these savings! 📞 DM or Call to order! 📞 970-2616136 🔗 Order via the link provided 1L - 2L- #zadeOil #HealthyCooking #Hamromart #Kathmandu #KitchenEssentials #NepalFoodie #HealthyLiving #CookingOil #ShopLocalNepal #TrendingNepal #KathmanduEats #HomeCooking #Wellness #GroceryDeals #HealthyChoices",True,English
Instagram,"🥥 Kara Coconut Milk 🥥
Exclusive Direct Deal:
Buy 2 packs → Get 5% OFF! 💸
Buy 3 or more → Get 10% OFF! 💸
👉Rs.852/-1Ltr
👉Rs.354/- 400ml
👉Rs.184/- 200ml
👉 DM us to order now
📞 970-2616136
🔗 Order via the link provided
https://www.daraz.com.np/products/i1515584271.html?spm=Seller_NP.24863640.table_online_product.53.10b92a975fdBgF
🚀 How to claim:
Order directly via Message or Call to unlock these savings!
#KaraCoconutMilk #CookingEssentials #KathmanduEats #Hamromart #NepalFoodie #HealthyCooking #VeganNepal #CoconutMilk #KitchenStaples #ShopLocalNepal #TrendingNepal #KathmanduFoodies #PlantBased #CreamyGoodness #HomeCooking",0,0,0,0,2026-04-26 08:15:45+00:00,🥥 Kara Coconut Milk 🥥 Exclusive Direct Deal: Buy 2 packs → Get 5% OFF! 💸 Buy 3 or more → Get 10% OFF! 💸 👉Rs.852/-1Ltr 👉Rs.354/- 400ml 👉Rs.184/- 200ml 👉 DM us to order now 📞 970-2616136 🔗 Order via the link provided 🚀 How to claim: Order directly via Message or Call to unlock these savings! #KaraCoconutMilk #CookingEssentials #KathmanduEats #Hamromart #NepalFoodie #HealthyCooking #VeganNepal #CoconutMilk #KitchenStaples #ShopLocalNepal #TrendingNepal #KathmanduFoodies #PlantBased #CreamyGoodness #HomeCooking,True,English
Instagram,"Enjoy the perfect bite with Jabsons Banana Chips! Choose between classic Simply Salted or zesty Black Pepper
Exclusive Direct Deal:
Buy 2 packs → Get 5% OFF! 💸
💰 Only Rs. 385/-
👉 DM us to order now
📞 970-2616136
🔗 Order via the link provided
simply salted 
https://www.daraz.com.np/products/i477216433.html?spm=Seller_NP.24863640.table_online_product.45.10b92a975fdBgF
black pepper-
https://www.daraz.com.np/products/i477226116.html?spm=Seller_NP.24863640.table_online_product.49.10b92a975fdBgF 

🚀 How to claim:
This offer is valid only for orders placed directly via Message or Call.
#JabsonsFoods #BananaChips #KathmanduEats #Hamromart #NepalFoodie #SnackDeals #HealthySnacking #TeaTime #Kathmandu #TrendingNepal #ShopLocal #Crunchy #Namkeen",0,0,0,0,2026-04-26 08:05:16+00:00,Enjoy the perfect bite with Jabsons Banana Chips! Choose between classic Simply Salted or zesty Black Pepper Exclusive Direct Deal: Buy 2 packs → Get 5% OFF! 💸 💰 Only Rs. 385/- 👉 DM us to order now 📞 970-2616136 🔗 Order via the link provided simply salted black pepper- 🚀 How to claim: This offer is valid only for orders placed directly via Message or Call. #JabsonsFoods #BananaChips #KathmanduEats #Hamromart #NepalFoodie #SnackDeals #HealthySnacking #TeaTime #Kathmandu #TrendingNepal #ShopLocal #Crunchy #Namkeen,True,English
Instagram,"Direct Order Special Dilmah Nepal:
Buy 2 packs → Get 4% OFF!
Buy 3 or more → Get 5% to 10% OFF!
💰 Only Rs. 385/-
👉 DM us to order now
📞 970-2616136
🔗 Order via the link provided
https://www.daraz.com.np/products/i1515500335.html?spm=Seller_NP.24863640.table_online_product.21.10b92a975fdBgF
🚀 How to claim:
This offer is exclusive to customers who order directly via Message or Call.
#DilmahTea #GreenTea #HealthyDeals #Kathmandu #Hamromart.online #NepalEats #TeaLovers #WellnessJourney #HealthyLifestyle #OnlineShoppingNepal #TrendingNepal #KathmanduFoodies #DetoxTea #TeaTime #ExploreNepal #ShopLocalNepal #GlowUp #HealthIsWealth #OrganicVibes",0,0,0,0,2026-04-26 07:55:57+00:00,Direct Order Special Dilmah Nepal: Buy 2 packs → Get 4% OFF! Buy 3 or more → Get 5% to 10% OFF! 💰 Only Rs. 385/- 👉 DM us to order now 📞 970-2616136 🔗 Order via the link provided 🚀 How to claim: This offer is exclusive to customers who order directly via Message or Call. #DilmahTea #GreenTea #HealthyDeals #Kathmandu #Hamromart.online #NepalEats #TeaLovers #WellnessJourney #HealthyLifestyle #OnlineShoppingNepal #TrendingNepal #KathmanduFoodies #DetoxTea #TeaTime #ExploreNepal #ShopLocalNepal #GlowUp #HealthIsWealth #OrganicVibes,True,English
Instagram,"Dedication has no off-season 🇳🇵

 #newpost😍 #instanepal #trendingnepal #nepalMultiverse",26,2,0,0,2026-04-26 07:46:32+00:00,Dedication has no off-season 🇳🇵 #newpost😍 #instanepal #trendingnepal #nepalMultiverse,True,English
Instagram,#swc #election #kathmanduuniversity #balenvision #trendingnepal,5,0,0,0,2026-04-26 02:00:03+00:00,#swc #election #kathmanduuniversity #balenvision #trendingnepal,True,English
Instagram,"Street wear with spirit 🫶Meet our new merch ‘KUMARI’ where casual meets culture 🌸

#kumari #graphicteedrop #nepalistreetfashion",87,7,0,0,2025-09-30 05:44:23+00:00,Street wear with spirit 🫶Meet our new merch ‘KUMARI’ where casual meets culture 🌸 #kumari #graphicteedrop #nepalistreetfashion,True,English
Instagram,"काठमाडौंको सडकमा फैशनको अविस्मरणीय यात्रा। नेपाली संस्कृतिको गरिमा र मोडर्न फैशनको चम्किलो। An unforgettable journey of fashion on the streets of Kathmandu. The glory of Nepali culture meets the sparkle of modern fashion. #KTMRISING #kathmandoit #fashion #nepalistreetfashion 

Stylist : @enealefons.ofcl",9,0,0,0,2023-06-20 14:01:09+00:00,काठमाडौंको सडकमा फैशनको अविस्मरणीय यात्रा। नेपाली संस्कृतिको गरिमा र मोडर्न फैशनको चम्किलो। An unforgettable journey of fashion on the streets of Kathmandu. The glory of Nepali culture meets the sparkle of modern fashion. #KTMRISING #kathmandoit #fashion #nepalistreetfashion Stylist : .ofcl,True,Nepali
Instagram,"Summer-Fall Transition 2021
#publicchallenge #transition #streetfashion #nepalistreetfashion #fallstyle #fashionstyle #stylecreator #videography #videocreator #népal",-1,0,0,0,2021-09-15 04:51:47+00:00,Summer-Fall Transition 2021 #publicchallenge #transition #streetfashion #nepalistreetfashion #fallstyle #fashionstyle #stylecreator #videography #videocreator #népal,True,English
Instagram,"Sun kissed💋

#nepalistreetfashion #ulzzangstyle #fashionstyle #streetstyle #nepalifashionblogger #koreanstreetfashion",237,18,0,0,2020-11-02 15:13:10+00:00,Sun kissed💋 #nepalistreetfashion #ulzzangstyle #fashionstyle #streetstyle #nepalifashionblogger #koreanstreetfashion,True,English
Instagram,"Can't get off my eyes of this beauty @annasharma_ 😍😍😍🔥🔥🔥
.
.
.
.
#nepali #nepaligirls #nepalicutegirls #cutegirls😘 #hotgirls #nepalibeauty #nepalifashion #nepalistreetfood #nepalistreetfashion #makeup #summervibes #summnerfashion #nepaliactress #annasharma",38,0,0,0,2020-04-21 08:44:46+00:00,Can't get off my eyes of this beauty 😍😍😍🔥🔥🔥 . . . . #nepali #nepaligirls #nepalicutegirls #cutegirls😘 #hotgirls #nepalibeauty #nepalifashion #nepalistreetfood #nepalistreetfashion #makeup #summervibes #summnerfashion #nepaliactress #annasharma,True,English
Instagram,"Beautiful inside and outside...❤❤❤
If you hav seen this and liked it then why not follow our page?😊
.
.
.
#nepali #nepaligirl #nepalicutegirls #nepalibeauty #nepalimodels #nepaliactress #nepalisingers #nepalifashion #nepalistreetfashion #streetfashion #fashion #makeup #shoutouter #trisala #trisalagurungfan #followforfollowback #cutegirls😘 #bollywood",35,4,0,0,2020-04-20 14:51:08+00:00,Beautiful inside and outside...❤❤❤ If you hav seen this and liked it then why not follow our page?😊 . . . #nepali #nepaligirl #nepalicutegirls #nepalibeauty #nepalimodels #nepaliactress #nepalisingers #nepalifashion #nepalistreetfashion #streetfashion #fashion #makeup #shoutouter #trisala #trisalagurungfan #followforfollowback #cutegirls😘 #bollywood,True,English
Instagram,"😍😍😍❤❤❤
.
.
.
.
.
#nepali #nepaligirls #nepalibeauty #nepalicutegirls #nepalisingers #nepalisongs #coversongs #nepaltiktok #nepalitiktokers #trishalagurung #beautifulgirls #cutegirls😘 #nepalifashion #nepalistreetfashion #makeup #fashion #bollywood #nepaliactress #voiceofnepal",132,1,0,0,2020-04-20 05:31:05+00:00,😍😍😍❤❤❤ . . . . . #nepali #nepaligirls #nepalibeauty #nepalicutegirls #nepalisingers #nepalisongs #coversongs #nepaltiktok #nepalitiktokers #trishalagurung #beautifulgirls #cutegirls😘 #nepalifashion #nepalistreetfashion #makeup #fashion #bollywood #nepaliactress #voiceofnepal,True,English
Instagram,"Her smile that takes my breathe away😍😍😍❤
.
.
.
.
.
#nepali #nepalese #beingnepali #nepalicelebrities #nepalimuser #nepalitiktok #nepalitiktoker #nepaliactress #nepalimovies #nepalifashion #nepalistreetfashion #makeup #fashion #photography #cutegirls😘 #hotgirl #model #nepalimodel #prakritishrestha",25,0,0,0,2020-04-19 07:04:36+00:00,Her smile that takes my breathe away😍😍😍❤ . . . . . #nepali #nepalese #beingnepali #nepalicelebrities #nepalimuser #nepalitiktok #nepalitiktoker #nepaliactress #nepalimovies #nepalifashion #nepalistreetfashion #makeup #fashion #photography #cutegirls😘 #hotgirl #model #nepalimodel #prakritishrestha,True,English
Instagram,"She is literally the goddess of beauty😍😍😍❤❤❤
.
.
.
.
#nepali #nepaligirls #nepaliwomen #nepalicelebrities #missnepal2018 #missworld #nepaliactress #nepalimodel #nepalistreetfashion #nepalifashion #nepaliculture #cutegirls😘 #makeup #fashion #eveninggown #photography #shrinkhalakhatiwada #shrinkhalafam",167,2,0,0,2020-04-18 16:14:08+00:00,She is literally the goddess of beauty😍😍😍❤❤❤ . . . . #nepali #nepaligirls #nepaliwomen #nepalicelebrities #missnepal2018 #missworld #nepaliactress #nepalimodel #nepalistreetfashion #nepalifashion #nepaliculture #cutegirls😘 #makeup #fashion #eveninggown #photography #shrinkhalakhatiwada #shrinkhalafam,True,English
Instagram,"The classic woman❤
.
.
.
.
#nepali #nepaligirls #nepaliwoman #nepalimovie #nepalicelebrities #nepaliactress #nepalifashion #nepalifashionblogger #nepalistreetfashion #cutegirls😘 #photography #portraitphotography #blackandwhite #annasharma",94,1,0,0,2020-04-18 11:23:06+00:00,The classic woman❤ . . . . #nepali #nepaligirls #nepaliwoman #nepalimovie #nepalicelebrities #nepaliactress #nepalifashion #nepalifashionblogger #nepalistreetfashion #cutegirls😘 #photography #portraitphotography #blackandwhite #annasharma,True,English
Instagram,"Stunning woman in black  dress...😍😍😍❤
#nepali #nepaligirls #nepaliactress #nepalimovies #nepalimodels #beaitifulgirls #cutegirls😘 #nepalifashion #nepalifashionblogger #nepaliculture #nepalistreetfashion #makeup #fashion #bollywood #bollywoodstyle",168,3,0,0,2020-04-18 05:17:58+00:00,Stunning woman in black dress...😍😍😍❤ #nepali #nepaligirls #nepaliactress #nepalimovies #nepalimodels #beaitifulgirls #cutegirls😘 #nepalifashion #nepalifashionblogger #nepaliculture #nepalistreetfashion #makeup #fashion #bollywood #bollywoodstyle,True,English
Instagram,"Caption this 😄!!
📸
.
.
.
.
.
.
.
.
#streetphotography #strikeapose #pictureperfect #drmartens #streetfashion #fashionnepal #streetwear #stylediary #stylelife #fashionbloggers #ootd #ootdbloggers #nepalistreetfashion #travelpost #captionthis #natureshots",98,5,0,0,2019-06-02 17:30:49+00:00,Caption this 😄!! 📸 . . . . . . . . #streetphotography #strikeapose #pictureperfect #drmartens #streetfashion #fashionnepal #streetwear #stylediary #stylelife #fashionbloggers #ootd #ootdbloggers #nepalistreetfashion #travelpost #captionthis #natureshots,True,English
Instagram,"You are never fully dressed without a smile . Our beautiful customer surely knows how to slay an outfit ♥️ ▪️ Tag us to get featured 📸

#nepal #nepalifashion #nepali #koreanfashion #nepalonlinestore #nepalionlinestore #kathmandu #followus #fashiontrends #fashiontrends2018 #nepalistreetfashion #nepalstreetfashion #fashionista",112,1,0,0,2018-11-15 05:29:27+00:00,You are never fully dressed without a smile . Our beautiful customer surely knows how to slay an outfit ♥️ ▪️ Tag us to get featured 📸 #nepal #nepalifashion #nepali #koreanfashion #nepalonlinestore #nepalionlinestore #kathmandu #followus #fashiontrends #fashiontrends2018 #nepalistreetfashion #nepalstreetfashion #fashionista,True,English
Instagram,"Old School Vans
Sizes 36-42.
DM or leave a comment below for details.

#vans #oldschool #tumblr #basics #backtobasics #bnw #minimal #musthaves #denim #jeans #summer #summervibes #2017 #kathmandu #ktmcity #ktown #nepal #nepalistreets #nepalistreetfashion #backtoschool",56,4,0,0,2017-06-08 15:14:42+00:00,Old School Vans Sizes 36-42. DM or leave a comment below for details. #vans #oldschool #tumblr #basics #backtobasics #bnw #minimal #musthaves #denim #jeans #summer #summervibes #2017 #kathmandu #ktmcity #ktown #nepal #nepalistreets #nepalistreetfashion #backtoschool,True,English
Instagram,"Old School Vans.
Sizes 36-42
DM us or Viber us for further details. Don't hesitate to leave a comment below. We will reply you via Direct Message 🙏

#vans #oldschool #tumblr #basics #backtobasics #bnw #minimal #musthaves #denim #jeans #summer #summervibes #2017 #kathmandu #ktmcity #ktown #nepal #nepalistreets #nepalistreetfashion #backtoschool",38,0,0,0,2017-06-03 15:57:02+00:00,Old School Vans. Sizes 36-42 DM us or Viber us for further details. Don't hesitate to leave a comment below. We will reply you via Direct Message 🙏 #vans #oldschool #tumblr #basics #backtobasics #bnw #minimal #musthaves #denim #jeans #summer #summervibes #2017 #kathmandu #ktmcity #ktown #nepal #nepalistreets #nepalistreetfashion #backtoschool,True,English
Instagram,"Old School Vans
Sizes 36-42
DM us or Viber us for further details. Don't hesitate to leave a comment below. We will reply you via Direct Message 🙏

#vans #oldschool #tumblr #basics #backtobasics #bnw #minimal #musthaves #denim #jeans #summer #summervibes #2017 #kathmandu #ktmcity #ktown #nepal #nepalistreets #nepalistreetfashion #backtoschool",49,2,0,0,2017-06-03 07:53:49+00:00,Old School Vans Sizes 36-42 DM us or Viber us for further details. Don't hesitate to leave a comment below. We will reply you via Direct Message 🙏 #vans #oldschool #tumblr #basics #backtobasics #bnw #minimal #musthaves #denim #jeans #summer #summervibes #2017 #kathmandu #ktmcity #ktown #nepal #nepalistreets #nepalistreetfashion #backtoschool,True,English
Instagram,"Black saree
BOOK NOW (LIMITED PCS)
This picture is only for reference.
All the Product are Replica.
code no.:S39
Price: NRP 4100
Type:Saree
Fabric: Georgette
Blouse : Raw Slik
Color: Black
Set Contain With Blouse Piece
Work : Multy, Sequence
Occation : Party , Wedding
Style: Saree
Recommended Fabric Care: Dry Clean
DISCLAIMER: Slight color may vary due to different size of screen size and resolution.
ATTENTION: Products are at buyer's own discretion. FIX PRICE | NO RETURN NO REFUND.
#lehenga #saree #kurta #desginer #shopfromhome #freedelivery #website #onlinestore #nepalbased #nepalfashion #nepaliinstagrammer #followforfollow #nepalese #instanepali #onlineshopping #nepal #fashionforwomen #lowprice #replica #lessismore #blacksaree #black #saree #nepalistreetfashion #stylefile",2,0,0,0,2017-04-19 13:50:16+00:00,"Black saree BOOK NOW (LIMITED PCS) This picture is only for reference. All the Product are Replica. code no.:S39 Price: NRP 4100 Type:Saree Fabric: Georgette Blouse : Raw Slik Color: Black Set Contain With Blouse Piece Work : Multy, Sequence Occation : Party , Wedding Style: Saree Recommended Fabric Care: Dry Clean DISCLAIMER: Slight color may vary due to different size of screen size and resolution. ATTENTION: Products are at buyer's own discretion. FIX PRICE | NO RETURN NO REFUND. #lehenga #saree #kurta #desginer #shopfromhome #freedelivery #website #onlinestore #nepalbased #nepalfashion #nepaliinstagrammer #followforfollow #nepalese #instanepali #onlineshopping #nepal #fashionforwomen #lowprice #replica #lessismore #blacksaree #black #saree #nepalistreetfashion #stylefile",True,English
Instagram,"#Repost @swankyrana with @repostapp
・・・
Thursdays be like ! 
OOTD Newpost soon on the blog.... 👆
#candid #ootd #wiw #streetfashion #nepalistreetfashion #nepali_instagrammers #swankyrana #nepaliblogger #lifeofablogger #lifeofastylist",190,0,0,0,2017-01-08 14:54:27+00:00,#Repost with ・・・ Thursdays be like ! OOTD Newpost soon on the blog.... 👆 #candid #ootd #wiw #streetfashion #nepalistreetfashion #nepali_instagrammers #swankyrana #nepaliblogger #lifeofablogger #lifeofastylist,True,English
Instagram,Rock the Leather skater look this fall!! #leather #skater #skirt #black #bnw #basic #neutral #casuals #minimal #kathmandu #ktmapparel #nepal #nepalistreetfashion #fall #fallfashion #rocktheleatherlook,33,4,0,0,2016-10-27 14:07:28+00:00,Rock the Leather skater look this fall!! #leather #skater #skirt #black #bnw #basic #neutral #casuals #minimal #kathmandu #ktmapparel #nepal #nepalistreetfashion #fall #fallfashion #rocktheleatherlook,True,English
Instagram,"Faux leather skater skirt, perfect for this fall.

Rock the Leather skater look ! 
#leather #skater #skirt #black #bnw #basic #neutral #casuals #minimal #kathmandu #ktmapparel #nepal #nepalistreetfashion #fall #fallfashion #rocktheleatherlook",31,0,0,0,2016-10-26 15:57:38+00:00,"Faux leather skater skirt, perfect for this fall. Rock the Leather skater look ! #leather #skater #skirt #black #bnw #basic #neutral #casuals #minimal #kathmandu #ktmapparel #nepal #nepalistreetfashion #fall #fallfashion #rocktheleatherlook",True,English
Instagram,"Dr. Pepper BABYYY ♥️🤠🐄 

Message me to order, let’s make your next event a little more special 🫶🏼
#bannersbydelia #deliascreations #drpepperbaby #23rdbirthday #drpepperbirthday",-1,0,0,0,2026-04-27 12:13:09+00:00,"Dr. Pepper BABYYY ♥️🤠🐄 Message me to order, let’s make your next event a little more special 🫶🏼 #bannersbydelia #deliascreations #drpepperbaby #23rdbirthday #drpepperbirthday",True,English
Instagram,"Taurus turning 23 🍷✨🧿
.
.
.
.
.
.
(Birthday, birthday ideas, birthday cafe in Delhi, 23 birthday, birthday dress, NEWME dress, bday)
#fyp #birthday #23rdbirthday #delhicafe #newme",13,0,0,0,2026-04-27 12:08:13+00:00,"Taurus turning 23 🍷✨🧿 . . . . . . (Birthday, birthday ideas, birthday cafe in Delhi, 23 birthday, birthday dress, NEWME dress, bday) #fyp #birthday #23rdbirthday #delhicafe #newme",True,English
Instagram,"April girlyy!! 🎀✨
.
.
.
.
.
#birthday #23rdbirthday #birthdayoutfit❤️✨
#explorepage✨",31,2,0,0,2026-04-27 08:41:11+00:00,April girlyy!! 🎀✨ . . . . . #birthday #23rdbirthday #birthdayoutfit❤️✨ #explorepage✨,True,English
Instagram,"23 looks better in RED.💋

#birthday #23rdbirthday #foryoupage #explore",80,23,0,0,2026-04-26 12:41:19+00:00,23 looks better in RED.💋 #birthday #23rdbirthday #foryoupage #explore,True,English
Instagram,"Did I encounter the same person in two different spots?

#streetsofnepal #baudha #nepalstreetstyle #streetphotographynepal #nepaleseinphotography",22,0,0,0,2026-04-16 14:35:03+00:00,Did I encounter the same person in two different spots? #streetsofnepal #baudha #nepalstreetstyle #streetphotographynepal #nepaleseinphotography,True,English
Instagram,"Final Pieces of European XXL size Trunk!!Fits to 100kg Plus‼️Find us on Google Map📍Thapagaun,New Baneshwor..Delivery all over Nepal🇳🇵

#TrunkGameStrong
#NepalStreetStyle
#DripInKathmandu
#SummerFlexNP
#WearTheWave",39,0,0,0,2026-04-15 05:41:44+00:00,"Final Pieces of European XXL size Trunk!!Fits to 100kg Plus‼️Find us on Google Map📍Thapagaun,New Baneshwor..Delivery all over Nepal🇳🇵 #TrunkGameStrong #NepalStreetStyle #DripInKathmandu #SummerFlexNP #WearTheWave",True,English
Instagram,"Not just a brand. A legacy.
SAMEE est 1994 🧵🔥
From the streets to the spotlight — built for those who move different.
🇮🇳 India 🤝 Nepal 🇳🇵
Same roots. Same vibe. Same energy.
This isn’t fashion.
This is identity.
#SAMEE1994 #StreetwearIndia #NepalStyle #DesiDrip #WearYourStory #SouthAsiaFashion #IndianStreetwear #NepalStreetStyle #ViralFits #BrownCulture",0,0,0,0,2026-04-04 02:29:34+00:00,Not just a brand. A legacy. SAMEE est 1994 🧵🔥 From the streets to the spotlight — built for those who move different. 🇮🇳 India 🤝 Nepal 🇳🇵 Same roots. Same vibe. Same energy. This isn’t fashion. This is identity. #SAMEE1994 #StreetwearIndia #NepalStyle #DesiDrip #WearYourStory #SouthAsiaFashion #IndianStreetwear #NepalStreetStyle #ViralFits #BrownCulture,True,English
Instagram,"Lefties original trunk!!European XL XXL sizes‼️Fits to 85kg-100kg Plus❗️Find us on Google Map📍Thapagaun,New Baneshwor..Delivery all over Nepal 🇳🇵

#NepalStreetStyle
#MensWearNepal
#TrunkGameStrong
#NepalFashionScene
#StyleWithAttitude",14,1,0,0,2026-03-27 08:37:37+00:00,"Lefties original trunk!!European XL XXL sizes‼️Fits to 85kg-100kg Plus❗️Find us on Google Map📍Thapagaun,New Baneshwor..Delivery all over Nepal 🇳🇵 #NepalStreetStyle #MensWearNepal #TrunkGameStrong #NepalFashionScene #StyleWithAttitude",True,English
Instagram,"South&Co original shorts!!European M L XL sizes‼️Find us on Google Map📍Thapagaun,New Baneshwor..Delivery all over Nepal 🇳🇵Delivery all over Nepal 🇳🇵 

#NepalStreetStyle
#ShortsSeasonNepal
#NepalDrip
#MensFashionNepal
#StreetwearNepal",10,0,0,0,2026-03-23 11:45:00+00:00,"South&Co original shorts!!European M L XL sizes‼️Find us on Google Map📍Thapagaun,New Baneshwor..Delivery all over Nepal 🇳🇵Delivery all over Nepal 🇳🇵 #NepalStreetStyle #ShortsSeasonNepal #NepalDrip #MensFashionNepal #StreetwearNepal",True,English
Instagram,#BackAlleyThrift #ThriftNepal #PreLovedNepal #VintageVibesNepal #NepalStreetStyle #UniqueFindsNepal #WardrobeUpgrade,4,0,0,0,2026-03-21 13:41:31+00:00,#BackAlleyThrift #ThriftNepal #PreLovedNepal #VintageVibesNepal #NepalStreetStyle #UniqueFindsNepal #WardrobeUpgrade,True,English
Instagram,"""Bholi Aunus."" (Come back tomorrow).

In Kathmandu, those two words are the death of productivity. We decided to stop complaining and start wearing it.

Drop 01 isn't just another t-shirt; it’s a high-density reaction to the system. We’ve combined our ""Executive Grime"" aesthetic with premium street specs:

Fabric: 280 GSM Heavyweight Cotton (Built to last, unlike the system).

Fit: Signature Oversized Boxy Cut with Drop Shoulders.

Detail: ""Bhairav’s Reckoning"" back print + High-definition ""WTH"" embroidery.

Wash: Vintage Acid-Washed Black for that lived-in, gritty feel.

Stop wearing generic. Wear the struggle.

Dm to buy.......

#WTH #BholiAunus #KathmanduStreetwear #NepalFashion #PremiumGrime #StreetwearNepal #OversizedTee #RoutineofNepalBanda #LocalBrandNepal #WTHMoment #KathmanduDiaries #NepalStreetstyle #GalliPhotography #PODNepal #HighQualityProducts #Genuine #BuiltToLast #Drip #KathmanduCollective #StreetwearCulture",2,3,0,0,2026-03-17 13:21:22+00:00,"""Bholi Aunus."" (Come back tomorrow). In Kathmandu, those two words are the death of productivity. We decided to stop complaining and start wearing it. Drop 01 isn't just another t-shirt; it’s a high-density reaction to the system. We’ve combined our ""Executive Grime"" aesthetic with premium street specs: Fabric: 280 GSM Heavyweight Cotton (Built to last, unlike the system). Fit: Signature Oversized Boxy Cut with Drop Shoulders. Detail: ""Bhairav’s Reckoning"" back print + High-definition ""WTH"" embroidery. Wash: Vintage Acid-Washed Black for that lived-in, gritty feel. Stop wearing generic. Wear the struggle. Dm to buy....... #WTH #BholiAunus #KathmanduStreetwear #NepalFashion #PremiumGrime #StreetwearNepal #OversizedTee #RoutineofNepalBanda #LocalBrandNepal #WTHMoment #KathmanduDiaries #NepalStreetstyle #GalliPhotography #PODNepal #HighQualityProducts #Genuine #BuiltToLast #Drip #KathmanduCollective #StreetwearCulture",True,English
Instagram,"Basemarkpokhara Serving looks in Balloon Sleeves✨️

CHOKERED TOP (BMO SS25-57) Rs 1550/- 

#designedlnepal #NepalMade #BornlnNepal 
NepalFashion 
Kathmandustyle 
KathmanduFashionDiaries 
#nepalfashion 
#NepalStreetStyle OOTD
BaseMark2075 BASEMARK 
OOTD Stylelnspo YourFashionFix
FashionFraternity WinterCollection 
NewRelease NewArrival AffordableFashion 
SustainableFashion HighEndRelea",2,0,0,0,2026-03-16 11:41:32+00:00,Basemarkpokhara Serving looks in Balloon Sleeves✨️ CHOKERED TOP (BMO SS25-57) Rs 1550/- #designedlnepal #NepalMade #BornlnNepal NepalFashion Kathmandustyle KathmanduFashionDiaries #nepalfashion #NepalStreetStyle OOTD BaseMark2075 BASEMARK OOTD Stylelnspo YourFashionFix FashionFraternity WinterCollection NewRelease NewArrival AffordableFashion SustainableFashion HighEndRelea,True,English
Instagram,"Basemarkpokhara Confidence Looks Good at my Waistline 💖

WAIST SKIRT (HB SS26-24) Rs 1490/- 

#designedlnepal #NepalMade #BornlnNepal 
NepalFashion 
Kathmandustyle 
KathmanduFashionDiaries 
#nepalfashion 
#NepalStreetStyle OOTD
BaseMark2075 BASEMARK 
OOTD Stylelnspo YourFashionFix
FashionFraternity WinterCollection 
NewRelease NewArrival AffordableFashion 
SustainableFashion HighEndRelea",1,0,0,0,2026-03-16 11:19:31+00:00,Basemarkpokhara Confidence Looks Good at my Waistline 💖 WAIST SKIRT (HB SS26-24) Rs 1490/- #designedlnepal #NepalMade #BornlnNepal NepalFashion Kathmandustyle KathmanduFashionDiaries #nepalfashion #NepalStreetStyle OOTD BaseMark2075 BASEMARK OOTD Stylelnspo YourFashionFix FashionFraternity WinterCollection NewRelease NewArrival AffordableFashion SustainableFashion HighEndRelea,True,English
Instagram,"basemarkpokhara Elevate your Outfit Instantly with our Elegant Lace ✨️

OUTER (K403) Rs 1299/- 

#designedlnepal #NepalMade #BornlnNepal 
NepalFashion 
Kathmandustyle 
KathmanduFashionDiaries 
#nepalfashion 
#NepalStreetStyle OOTD
BaseMark2075 BASEMARK 
OOTD Stylelnspo YourFashionFix
FashionFraternity WinterCollection 
NewRelease NewArrival AffordableFashion 
SustainableFashion HighEndRelea",7,0,0,0,2026-03-16 10:48:58+00:00,basemarkpokhara Elevate your Outfit Instantly with our Elegant Lace ✨️ OUTER (K403) Rs 1299/- #designedlnepal #NepalMade #BornlnNepal NepalFashion Kathmandustyle KathmanduFashionDiaries #nepalfashion #NepalStreetStyle OOTD BaseMark2075 BASEMARK OOTD Stylelnspo YourFashionFix FashionFraternity WinterCollection NewRelease NewArrival AffordableFashion SustainableFashion HighEndRelea,True,English
Instagram,"Basemarkpokhara Twirling Through the Day in Florals 💃 Blooming in Endless Charm🌸💫

HALTER DRESS (HB SS26-25) Rs 1899/-

#designedlnepal #NepalMade #BornlnNepal 
NepalFashion 
Kathmandustyle 
KathmanduFashionDiaries 
#nepalfashion 
#NepalStreetStyle OOTD
BaseMark2075 BASEMARK 
OOTD Stylelnspo YourFashionFix
FashionFraternity WinterCollection 
NewRelease NewArrival AffordableFashion 
SustainableFashion HighEndRelea",9,0,0,0,2026-03-16 10:43:15+00:00,Basemarkpokhara Twirling Through the Day in Florals 💃 Blooming in Endless Charm🌸💫 HALTER DRESS (HB SS26-25) Rs 1899/- #designedlnepal #NepalMade #BornlnNepal NepalFashion Kathmandustyle KathmanduFashionDiaries #nepalfashion #NepalStreetStyle OOTD BaseMark2075 BASEMARK OOTD Stylelnspo YourFashionFix FashionFraternity WinterCollection NewRelease NewArrival AffordableFashion SustainableFashion HighEndRelea,True,English
Instagram,"Basemarkpokhara Adding a Little Shade to my Style 
☀️ Keep Calm and Wear a Cap 🧢

CAP (91791) Rs 1150/- 

#designedlnepal #NepalMade #BornlnNepal 
NepalFashion 
Kathmandustyle 
KathmanduFashionDiaries 
#nepalfashion 
#NepalStreetStyle OOTD
BaseMark2075 BASEMARK 
OOTD Stylelnspo YourFashionFix
FashionFraternity WinterCollection 
NewRelease NewArrival AffordableFashion 
SustainableFashion HighEndRelea",2,0,0,0,2026-03-16 10:34:29+00:00,Basemarkpokhara Adding a Little Shade to my Style ☀️ Keep Calm and Wear a Cap 🧢 CAP (91791) Rs 1150/- #designedlnepal #NepalMade #BornlnNepal NepalFashion Kathmandustyle KathmanduFashionDiaries #nepalfashion #NepalStreetStyle OOTD BaseMark2075 BASEMARK OOTD Stylelnspo YourFashionFix FashionFraternity WinterCollection NewRelease NewArrival AffordableFashion SustainableFashion HighEndRelea,True,English
Instagram,"Basemarkpokhara Sporty Vibes, Comfy Fits 

REGULAN TEES (BMO SS26-07) Rs 1299/- 

#designedlnepal #NepalMade #BornlnNepal 
NepalFashion 
Kathmandustyle 
KathmanduFashionDiaries 
#nepalfashion 
#NepalStreetStyle OOTD
BaseMark2075 BASEMARK 
OOTD Stylelnspo YourFashionFix
FashionFraternity WinterCollection 
NewRelease NewArrival AffordableFashion 
SustainableFashion HighEndRelease",2,0,0,0,2026-03-16 09:58:20+00:00,"Basemarkpokhara Sporty Vibes, Comfy Fits REGULAN TEES (BMO SS26-07) Rs 1299/- #designedlnepal #NepalMade #BornlnNepal NepalFashion Kathmandustyle KathmanduFashionDiaries #nepalfashion #NepalStreetStyle OOTD BaseMark2075 BASEMARK OOTD Stylelnspo YourFashionFix FashionFraternity WinterCollection NewRelease NewArrival AffordableFashion SustainableFashion HighEndRelease",True,English
Instagram,"Simple. Sharp. Underrated drip. 💙
These shorts don’t try hard — they just look good.

#NepalStreetStyle #NepalOutfit #NepalFashionScene #KathmanduFashion #NepalSwag",11,1,0,0,2026-03-16 08:45:00+00:00,Simple. Sharp. Underrated drip. 💙 These shorts don’t try hard — they just look good. #NepalStreetStyle #NepalOutfit #NepalFashionScene #KathmanduFashion #NepalSwag,True,English
Instagram,"Keeping it wide, keeping it wild. N
BAGGY DENIM FIT(BMO SS25-74) Rs 2200/-
SIZES:28 to 36
#DesignedInNepal #NepalMade #BornInNepal #NepalFashion
#KathmanduStyles
#KathmanduFashionDiaries
#NepalFashion
#NepalStreetStyle #OOTD
#BaseMark2075 #BASEMARK
#OOTD #Stylelnspo #YourFashionFix #FashionFraternity #WinterCollection
#NewRelease #NewArrival #AffordableFashion #SustainableFashion #HighEndRelease",1,0,0,0,2026-02-24 06:23:19+00:00,"Keeping it wide, keeping it wild. N BAGGY DENIM FIT(BMO SS25-74) Rs 2200/- SIZES:28 to 36 #DesignedInNepal #NepalMade #BornInNepal #NepalFashion #KathmanduStyles #KathmanduFashionDiaries #NepalFashion #NepalStreetStyle #OOTD #BaseMark2075 #BASEMARK #OOTD #Stylelnspo #YourFashionFix #FashionFraternity #WinterCollection #NewRelease #NewArrival #AffordableFashion #SustainableFashion #HighEndRelease",True,English
Instagram,"Cold? Nah. I’ve Got my Zip-Up!
ZIP-UP JACKET (HB AW25-51) Rs 2190/-
#DesignedInNepal #NepalMade #BornInNepal.
#NepalFashion #KathmanduStyles
#KathmanduFashionDiaries
#NepalFashion
#NepalStreetStyle #OOTD
#BaseMark2075 #BASEMARK
#OOTD #Stylelnspo #YourFashionFix #FashionFraternity #WinterCollection
#NewRelease #NewArrival #AffordableFashion #SustainableFashion #HighEndRelease",0,0,0,0,2026-02-24 06:18:02+00:00,Cold? Nah. I’ve Got my Zip-Up! ZIP-UP JACKET (HB AW25-51) Rs 2190/- #DesignedInNepal #NepalMade #BornInNepal. #NepalFashion #KathmanduStyles #KathmanduFashionDiaries #NepalFashion #NepalStreetStyle #OOTD #BaseMark2075 #BASEMARK #OOTD #Stylelnspo #YourFashionFix #FashionFraternity #WinterCollection #NewRelease #NewArrival #AffordableFashion #SustainableFashion #HighEndRelease,True,English
Instagram,"Two- Piece set, One Perfect Look
CAMI & COVER SET (771) Rs 1960/-
#DesignedInNepal #NepalMade #BornInNepal #NepalFashion #KathmanduStyles #KathmanduFashionDiaries
#NepalFashion
#NepalStreetStyle #OOTD
#BaseMark2075 #BASEMARK #OOTD #Stylelnspo #YourFashionFix #FashionFraternity #WinterCollection #NewRelease #NewArrival #AffordableFashion #SustainableFashion #HighEndRelease",2,0,0,0,2026-02-24 06:14:38+00:00,"Two- Piece set, One Perfect Look CAMI & COVER SET (771) Rs 1960/- #DesignedInNepal #NepalMade #BornInNepal #NepalFashion #KathmanduStyles #KathmanduFashionDiaries #NepalFashion #NepalStreetStyle #OOTD #BaseMark2075 #BASEMARK #OOTD #Stylelnspo #YourFashionFix #FashionFraternity #WinterCollection #NewRelease #NewArrival #AffordableFashion #SustainableFashion #HighEndRelease",True,English
Instagram,"""मसँग compare गर्ने गल्ती नगर… म category नै फरक हुँ ⚡""
#explorepage #NepaliSwag #fyp  #ViralPost",0,0,0,0,2026-04-27 12:42:04+00:00,"""मसँग compare गर्ने गल्ती नगर… म category नै फरक हुँ ⚡"" #explorepage #NepaliSwag #fyp #ViralPost",True,Nepali
Instagram,"BUT I CAN'T IGNORE YOU ✨
.
.
.
.
#AttitudePOV #CoolVibes #NepaliSwag #Maya #newpost😍📷__________🤟🏻😎🔥❤️❤️likeme_______follow💫❤share💥caments💥",54,2,0,0,2026-04-25 06:23:37+00:00,BUT I CAN'T IGNORE YOU ✨ . . . . #AttitudePOV #CoolVibes #NepaliSwag #Maya #newpost😍📷__________🤟🏻😎🔥❤️❤️likeme_______follow💫❤share💥caments💥,True,English
Instagram,"यो लुक्सलाई तपाईँहरूले कसरी हेर्नु भयो त? 🤔🔥
कमेंटमा आफ्नो इमान्दार विचार भन्नुहोस् है 👇😄 #viralreelschallenge #viral #fypシ
.
.
.
.
.
.
#NepaliStyle #CoolLook #PhotoVibes #TrendingNow #NepaliBoy #StyleCheck #RateMyLook #CommentBelow #ViralPost #FYPNepal #InstaNepal #NepaliSwag #LooksMatter #SocialMediaNepal",0,0,0,0,2026-04-20 09:06:14+00:00,यो लुक्सलाई तपाईँहरूले कसरी हेर्नु भयो त? 🤔🔥 कमेंटमा आफ्नो इमान्दार विचार भन्नुहोस् है 👇😄 #viralreelschallenge #viral #fypシ . . . . . . #NepaliStyle #CoolLook #PhotoVibes #TrendingNow #NepaliBoy #StyleCheck #RateMyLook #CommentBelow #ViralPost #FYPNepal #InstaNepal #NepaliSwag #LooksMatter #SocialMediaNepal,True,Nepali
Instagram,"जिन्दगीले के गर्‍यो थाहा छैन, तर म अझै hero जस्तै pose मा छु 😎🔥हात बाँधेर बस्दा लाग्छ planning ठूलो छ… तर असलमा म चिया कुर्दै छु 😅☕ #StyleMaHero 😎#NepaliSwag 🇳🇵#CoolLook 🔥#LifeEnjoyGarau 🎉#ChasmaSwag 🕶️",3,0,0,0,2026-04-12 13:18:05+00:00,"जिन्दगीले के गर्‍यो थाहा छैन, तर म अझै hero जस्तै pose मा छु 😎🔥हात बाँधेर बस्दा लाग्छ planning ठूलो छ… तर असलमा म चिया कुर्दै छु 😅☕ #StyleMaHero 😎#NepaliSwag 🇳🇵#CoolLook 🔥#LifeEnjoyGarau 🎉#ChasmaSwag 🕶️",True,Nepali
Instagram,"Style बदल्दा mood नै बदलिन्छ 😎 
Black hoodie भित्र, red jacket बाहिर 🔥 
Life मा पनि यस्तै हो—simple भित्र, stylish बाहिर ✨ 

#StyleVibes #RedJacket #BlackHoodie #CoolLook #DailyStyle #NepaliSwag #",0,0,0,0,2026-03-17 13:52:53+00:00,"Style बदल्दा mood नै बदलिन्छ 😎 Black hoodie भित्र, red jacket बाहिर 🔥 Life मा पनि यस्तै हो—simple भित्र, stylish बाहिर ✨ #StyleVibes #RedJacket #BlackHoodie #CoolLook #DailyStyle #NepaliSwag #",True,Nepali
Instagram,"Not just a t-shirt… it’s an attitude 💯

#AttitudeNepal #NepaliSwag #StreetStyleNP #NepalOutfit #TrendAlertNP",18,0,0,0,2026-03-17 11:45:00+00:00,Not just a t-shirt… it’s an attitude 💯 #AttitudeNepal #NepaliSwag #StreetStyleNP #NepalOutfit #TrendAlertNP,True,English
Instagram,"Dripped in tradition🇳🇵

#DauraSuruwal #DhakaTopi #NepaliTradition #NepaliSwag #DrippedInTradition NepaliYouth",72,6,0,0,2026-03-11 13:59:37+00:00,Dripped in tradition🇳🇵 #DauraSuruwal #DhakaTopi #NepaliTradition #NepaliSwag #DrippedInTradition NepaliYouth,True,English
Instagram,"संस्कार र साहसको पहिरन  र नेपाली मन।🇳🇵💗
.
.
.
.
#GorkhaPride
#ProudToBeGorkhali
#NepaliSwag
#NepaliCulture
#NepaliTradition",123,16,0,0,2026-03-03 15:14:32+00:00,संस्कार र साहसको पहिरन र नेपाली मन।🇳🇵💗 . . . . #GorkhaPride #ProudToBeGorkhali #NepaliSwag #NepaliCulture #NepaliTradition,True,Nepali
Instagram,"GTA V vibes, par asli duniya ka hero. 😎
Mero style, mero rule. Celebrity jaisa swag, Nepali dil, aur kkadak attitude! 🔥✨
Life ek game jaisi hai, aur main yahan ka main character hoon. 🎮🚀
.
.
.
#GTAVVibes #NepaliSwag #CelebrityStyle #OOTD #BlueFlame GamingLife InstaFashion Lifestyle Trending Viral KathmanduToWorld DesiLook StreetStyle
GTAV inspired real life photo, Stylish Nepali boy Instagram pose, Blue flame hoodie fashion trend 2026, Best cinematic gaming background photo, Celebrity style men's outfit India Nepal.",-1,2,0,0,2026-02-11 09:24:41+00:00,"GTA V vibes, par asli duniya ka hero. 😎 Mero style, mero rule. Celebrity jaisa swag, Nepali dil, aur kkadak attitude! 🔥✨ Life ek game jaisi hai, aur main yahan ka main character hoon. 🎮🚀 . . . #GTAVVibes #NepaliSwag #CelebrityStyle #OOTD #BlueFlame GamingLife InstaFashion Lifestyle Trending Viral KathmanduToWorld DesiLook StreetStyle GTAV inspired real life photo, Stylish Nepali boy Instagram pose, Blue flame hoodie fashion trend 2026, Best cinematic gaming background photo, Celebrity style men's outfit India Nepal.",True,English
Instagram,"#NepaliMeme 
#HasoLife 
#ChiyaLover 
#DesiVibes 
#nepaliswag 
1️⃣ “फोटो हेर्दा शान्त, भित्रबाट Wi-Fi जस्तै busy 🤣📶”",0,0,0,0,2026-02-08 12:04:51+00:00,"#NepaliMeme #HasoLife #ChiyaLover #DesiVibes #nepaliswag 1️⃣ “फोटो हेर्दा शान्त, भित्रबाट Wi-Fi जस्तै busy 🤣📶”",True,Nepali
Instagram,"नाम, ठाउँ, समय बदलिन सक्छ
तर देशप्रतिको माया कहिल्यै बदलिँदैन ❤️
गर्वका साथ भन्छु — म नेपाली हुँ।

🇳🇵 यो भावना तपाईंको पनि हो भने
❤️ Like गर्नुहोस्
💬 Proud Nepali लेख्नुहोस्
🔁 Share गरेर एकता देखाउनुहोस्

#ProudToBeNepali
#NepaliAtHeart
#JaiNepal 🇳🇵
#DeshPrem
#NepaliSwag
#RespectNepal
#NationFirst
#NepaliVibes",0,0,0,0,2026-02-05 07:09:11+00:00,"नाम, ठाउँ, समय बदलिन सक्छ तर देशप्रतिको माया कहिल्यै बदलिँदैन ❤️ गर्वका साथ भन्छु — म नेपाली हुँ। 🇳🇵 यो भावना तपाईंको पनि हो भने ❤️ Like गर्नुहोस् 💬 Proud Nepali लेख्नुहोस् 🔁 Share गरेर एकता देखाउनुहोस् #ProudToBeNepali #NepaliAtHeart #JaiNepal 🇳🇵 #DeshPrem #NepaliSwag #RespectNepal #NationFirst #NepaliVibes",True,Nepali
Instagram,"Good Afternoon ☕❄️चिसाे माैसम + तातो कफि =
मूड ON 🔥, टेन्सन OFF 😌आजकाे दिन पनि आफ्नै स्टाइलमा 😎✨
#GoodAfternoon 🔥#CoffeeLovers ☕
#ChisoMausam ❄️ #NepaliSwag 🇳🇵
Gir Bdr KC",0,0,0,0,2026-02-03 07:36:19+00:00,"Good Afternoon ☕❄️चिसाे माैसम + तातो कफि = मूड ON 🔥, टेन्सन OFF 😌आजकाे दिन पनि आफ्नै स्टाइलमा 😎✨ #GoodAfternoon 🔥#CoffeeLovers ☕ #ChisoMausam ❄️ #NepaliSwag 🇳🇵 Gir Bdr KC",True,Nepali
Instagram,"यो चस्मा घामबाट बच्न होइन, मान्छेको 'डाह' बाट बच्न लगाएको हो।"" 😎🔥🤙

#NepaliSwag #NepaliStyle #Nepal #GorkhaliSwag #NepaliCuts 
#highlight
#flow #ᴠᴀɪʀᴀʟ #latestpost",3,2,0,0,2026-01-31 05:28:29+00:00,"यो चस्मा घामबाट बच्न होइन, मान्छेको 'डाह' बाट बच्न लगाएको हो।"" 😎🔥🤙 #NepaliSwag #NepaliStyle #Nepal #GorkhaliSwag #NepaliCuts #highlight #flow #ᴠᴀɪʀᴀʟ #latestpost",True,Nepali
Instagram,"#Calm look, strong roots 🇳🇵
Proud to be Nepali ✨#Nepal 🇳🇵 #NepaliSwag #ProudNepali
#DesiStyle AttitudeLook",1,0,0,0,2026-01-30 12:37:05+00:00,"#Calm look, strong roots 🇳🇵 Proud to be Nepali ✨#Nepal 🇳🇵 #NepaliSwag #ProudNepali #DesiStyle AttitudeLook",True,English
Instagram,"समय सधैं एउटै रहदैन, जसरी आज दुःख छ, भोलि खुशी पक्कै आउनेछ । #NepaliViral 🇳🇵
#NepalTrend 🔥
#NepaliPost 💥
#ViralPhoto 📸
#NepaliStyle 😎
#NepalLife 🏔️
#NepaliSwag ✨
#NepalLovers ❤️
#TrendingNow 🚀
#NepaliVibes 🎶",0,0,0,0,2026-01-27 14:22:12+00:00,"समय सधैं एउटै रहदैन, जसरी आज दुःख छ, भोलि खुशी पक्कै आउनेछ । #NepaliViral 🇳🇵 #NepalTrend 🔥 #NepaliPost 💥 #ViralPhoto 📸 #NepaliStyle 😎 #NepalLife 🏔️ #NepaliSwag ✨ #NepalLovers ❤️ #TrendingNow 🚀 #NepaliVibes 🎶",True,Nepali
Instagram,"भीडभन्दा फरक बाटो रोजेँ,
किनकि सपना सधैं फरक उचाइमा हुन्छन्। 
शब्द कम, लक्ष्य ठूला।
शान्त रूपमा अघि बढ्दै। 
म आज जहाँ छु,
त्यो मेरा संघर्षहरूको नतिजा हो।
अझ अगाडि जान बाँकी छ।🙏 #Focused#SelfMade#MountainMindset#NoShortcuts#DreamChaser#StayHungry#RiseAndShine#PositiveAttitude#NepaliSwag #NatureLovers#MountainVibes#NepaliLifestyle#PeacefulMind#TravelMood#SimpleLife#PositiveVibes#NepalBeauty#StayStrong",4,0,0,0,2026-01-08 03:52:50+00:00,"भीडभन्दा फरक बाटो रोजेँ, किनकि सपना सधैं फरक उचाइमा हुन्छन्। शब्द कम, लक्ष्य ठूला। शान्त रूपमा अघि बढ्दै। म आज जहाँ छु, त्यो मेरा संघर्षहरूको नतिजा हो। अझ अगाडि जान बाँकी छ।🙏 #Focused#SelfMade#MountainMindset#NoShortcuts#DreamChaser#StayHungry#RiseAndShine#PositiveAttitude#NepaliSwag #NatureLovers#MountainVibes#NepaliLifestyle#PeacefulMind#TravelMood#SimpleLife#PositiveVibes#NepalBeauty#StayStrong",True,Nepali
Instagram,"🎉 आजको टोपि दिवस, हाम्रो पहिचानको गर्व! 🇳🇵
#TopiDiwas #NepaliPride #CultureLove #NepalStyle #NepaliSwag",3,0,0,0,2026-01-01 05:24:58+00:00,"🎉 आजको टोपि दिवस, हाम्रो पहिचानको गर्व! 🇳🇵 #TopiDiwas #NepaliPride #CultureLove #NepalStyle #NepaliSwag",True,Nepali
Instagram,"पहाडको काखमा उभिएर,
मुटुभित्र नेपालको धड्कन बोकेर…
टाउकोमा ढाका टोपी,
आँखामा सपना,
र आत्मामा जय नेपाल 💙🇳🇵

जहाँ गए पनि म नेपाली नै हुँ,
जहाँ उभिए पनि मेरो पहिचान ढाका टोपी नै हो।
गर्व छ — म नेपाली हुँ ✨

#DhakaTopi #ProudToBeNepali #JayNepal #MountainVibes #NepaliSwag",2,0,0,0,2026-01-01 03:56:42+00:00,"पहाडको काखमा उभिएर, मुटुभित्र नेपालको धड्कन बोकेर… टाउकोमा ढाका टोपी, आँखामा सपना, र आत्मामा जय नेपाल 💙🇳🇵 जहाँ गए पनि म नेपाली नै हुँ, जहाँ उभिए पनि मेरो पहिचान ढाका टोपी नै हो। गर्व छ — म नेपाली हुँ ✨ #DhakaTopi #ProudToBeNepali #JayNepal #MountainVibes #NepaliSwag",True,Nepali
Instagram,"“Even our chappals walk with more attitude than us.
Luxury meets Nepali swag at CHAPPAL NEPAL.”

#ChappalNepal #LuxuryWithASmile #NepaliSwag #AestheticNepal #FootwearGoals",-1,0,0,0,2025-11-17 18:26:40+00:00,“Even our chappals walk with more attitude than us. Luxury meets Nepali swag at CHAPPAL NEPAL.” #ChappalNepal #LuxuryWithASmile #NepaliSwag #AestheticNepal #FootwearGoals,True,English
Instagram,"22 & effortlessly radiant ✨✨ 
Just beauty, presence, & a celebration that speaks for itself.
This is what stepping into your era looks like & I'm honored to have been the one to ""Kapture"" the moment. 🥹
Eterna Kaptura 📸 ✨ 

#22ndBirthday #ElegantVibes #SoftGlam #TimelessBeauty #BirthdayMood ChicAesthetic PinkTheme LuxuryFeel ConfidentEnergy PortraitSession OutdoorAesthetic MilestoneBirthday RGV TexasPhotography GlowUpMoments",4,0,0,0,2026-04-26 17:31:11+00:00,"22 & effortlessly radiant ✨✨ Just beauty, presence, & a celebration that speaks for itself. This is what stepping into your era looks like & I'm honored to have been the one to ""Kapture"" the moment. 🥹 Eterna Kaptura 📸 ✨ #22ndBirthday #ElegantVibes #SoftGlam #TimelessBeauty #BirthdayMood ChicAesthetic PinkTheme LuxuryFeel ConfidentEnergy PortraitSession OutdoorAesthetic MilestoneBirthday RGV TexasPhotography GlowUpMoments",True,English
Instagram,"21 never looked this good 😍🍒✨🐆
Red roses, cherries & all the vibes ❤️‍🔥

📩 DM to order
📍 High Point, NC

#21stBirthday #BirthdayBouquet #CherryVibes #LuxuryBouquet #CustomBouquet",1,0,0,0,2026-04-27 13:00:41+00:00,"21 never looked this good 😍🍒✨🐆 Red roses, cherries & all the vibes ❤️‍🔥 📩 DM to order 📍 High Point, NC #21stBirthday #BirthdayBouquet #CherryVibes #LuxuryBouquet #CustomBouquet",True,English
Instagram,"21 Never Looked So Good! 🔥🖤

Black + Gold + Dark Brown + Custom Numbers = Perfection✨

From the custom-made ""21"" numbers to the shiny foil spray centerpieces, we went all out on the details for this 21st! 

🤩 Ready to elevate your next event?
👇 Drop a 🎈 if you love this vibe!
📩 DM for bookings
.
.
#21stbirthday #birthday #centrepieces #balloonartist #balloongarlands #eventstylist #planning #melbourne #messageus #follow",2,3,0,0,2026-04-27 10:53:53+00:00,"21 Never Looked So Good! 🔥🖤 Black + Gold + Dark Brown + Custom Numbers = Perfection✨ From the custom-made ""21"" numbers to the shiny foil spray centerpieces, we went all out on the details for this 21st! 🤩 Ready to elevate your next event? 👇 Drop a 🎈 if you love this vibe! 📩 DM for bookings . . #21stbirthday #birthday #centrepieces #balloonartist #balloongarlands #eventstylist #planning #melbourne #messageus #follow",True,English
Instagram,"Making 21 look like a masterpiece. ✨🖤

We delivered 10 custom centrepieces featuring a luxury palette of gold, black, and dark brown🥂

To elevate the design, we hand-crafted the ""21"" number toppers from scratch and finished the look with foil sprays and premium glitter for that ultimate high-shine glow✨ 

At Bloom & Bliss Events, we don’t just decorate, we create unique details you won't find anywhere else🎈
.
.
#21stbirthday #birthday #centrepieces #balloonartist #balloongarlands #eventstylist #planning #melbourne #messageus #follow",4,4,0,0,2026-04-27 10:43:02+00:00,"Making 21 look like a masterpiece. ✨🖤 We delivered 10 custom centrepieces featuring a luxury palette of gold, black, and dark brown🥂 To elevate the design, we hand-crafted the ""21"" number toppers from scratch and finished the look with foil sprays and premium glitter for that ultimate high-shine glow✨ At Bloom & Bliss Events, we don’t just decorate, we create unique details you won't find anywhere else🎈 . . #21stbirthday #birthday #centrepieces #balloonartist #balloongarlands #eventstylist #planning #melbourne #messageus #follow",True,English
Instagram,"""Chapter 20. 🎞️""

28-04-2006-----28-04-2026

.
.
.
.
.
#20thbirthday #portraitmood #cinematiclook #streetphotography #الجزائر",28,4,0,0,2026-04-26 20:23:33+00:00,"""Chapter 20. 🎞️"" 28-04-2006-----28-04-2026 . . . . . #20thbirthday #portraitmood #cinematiclook #streetphotography #الجزائر",True,English
Instagram,"Brithaday pic's ❤️🔱
.
.
.
.
#BirthdayVibes
#PushpaStyle
#InstaViralIndia
#20thBirthday
#ʀᴇᴇʟsɪɴᴅɪᴀ",-1,3,0,0,2026-04-26 15:38:58+00:00,Brithaday pic's ❤️🔱 . . . . #BirthdayVibes #PushpaStyle #InstaViralIndia #20thBirthday #ʀᴇᴇʟsɪɴᴅɪᴀ,True,English
Instagram,"#birthdaycake

For orders and queries kindly whatsapp us on 0333-5845480 

#20thbirthday #heartcake #viral #orderonline",5,0,0,0,2026-04-26 14:53:01+00:00,#birthdaycake For orders and queries kindly whatsapp us on 0333-5845480 #20thbirthday #heartcake #viral #orderonline,True,English
Instagram,"""Stepping into 2083 BS with a fresh perspective. 🥂 Explore the new 'Modern Minimalist' collection at Rama’s Style Studio—where tradition meets contemporary tailoring. Happy Nepali, New Year! 🇳🇵

 #RamasStyleStudio #NewYear2083 #ModernNepaliFashion""",1,0,0,0,2026-04-14 08:09:40+00:00,"""Stepping into 2083 BS with a fresh perspective. 🥂 Explore the new 'Modern Minimalist' collection at Rama’s Style Studio—where tradition meets contemporary tailoring. Happy Nepali, New Year! 🇳🇵 #RamasStyleStudio #NewYear2083 #ModernNepaliFashion""",True,English
Instagram,"Elegant, comfortable, and perfect for any occasion — designed to make every woman feel confident and stylish 🇳🇵✨

📏 Available Sizes: M | L | XL | XXL
💰 14% OFF!
📅 Discount valid throughout February

🚚 Delivery all over Nepal
🛍️ Online-only shopping
📦 Limited stock
📲 Order now via DM, WhatsApp at +977-9811451965

Step into style with Cheli Wears 💃

#CheliWears #NepaliClothingBrand #WomenFashionNepal #EthnicWearNepal #OnlineBoutiqueNepal #KurthaStyle #ModernNepaliFashion #NepalOnlineShopping #FebruarySale #SizesMtoXXL",6,0,0,0,2026-02-12 14:00:16+00:00,"Elegant, comfortable, and perfect for any occasion — designed to make every woman feel confident and stylish 🇳🇵✨ 📏 Available Sizes: M | L | XL | XXL 💰 14% OFF! 📅 Discount valid throughout February 🚚 Delivery all over Nepal 🛍️ Online-only shopping 📦 Limited stock 📲 Order now via DM, WhatsApp at +977-9811451965 Step into style with Cheli Wears 💃 #CheliWears #NepaliClothingBrand #WomenFashionNepal #EthnicWearNepal #OnlineBoutiqueNepal #KurthaStyle #ModernNepaliFashion #NepalOnlineShopping #FebruarySale #SizesMtoXXL",True,English
Instagram,"Elegant, comfortable, and perfect for any occasion — this kurtha is designed to bring out your beauty and confidence 🇳🇵✨

📏 Available Sizes: M | L | XL | XXL
💰 14% OFF!
📅 Discount valid throughout February

🚚 Delivery all over Nepal
🛍️ Online-only shopping
📦 Limited stock
📲 Order now via DM, WhatsApp at +977-9811451965

Step into elegance with Cheli Wears 💃
PFS-KBD 1083

#CheliWears #NepaliClothingBrand #WomenFashionNepal #EthnicWearNepal #OnlineBoutiqueNepal #KurthaStyle #ModernNepaliFashion #NepalOnlineShopping #FebruarySale #SizesMtoXXL""",10,0,0,0,2026-02-12 01:45:11+00:00,"Elegant, comfortable, and perfect for any occasion — this kurtha is designed to bring out your beauty and confidence 🇳🇵✨ 📏 Available Sizes: M | L | XL | XXL 💰 14% OFF! 📅 Discount valid throughout February 🚚 Delivery all over Nepal 🛍️ Online-only shopping 📦 Limited stock 📲 Order now via DM, WhatsApp at +977-9811451965 Step into elegance with Cheli Wears 💃 PFS-KBD 1083 #CheliWears #NepaliClothingBrand #WomenFashionNepal #EthnicWearNepal #OnlineBoutiqueNepal #KurthaStyle #ModernNepaliFashion #NepalOnlineShopping #FebruarySale #SizesMtoXXL""",True,English
Instagram,"Elegant, stylish, and perfect for any occasion — designed to make every woman feel confident and beautiful 🇳🇵✨

📏 Available Sizes: M | L | XL | XXL
💰 14% OFF!
📅 Discount valid throughout February

🚚 Delivery all over Nepal
🛍️ Online-only shopping
📦 Limited stock
📲 Order now via DM, WhatsApp at +977-9811451965

Step into elegance with Cheli Wears 💃
STX-35112

#CheliWears #NepaliClothingBrand #WomenFashionNepal #EthnicWearNepal #OnlineBoutiqueNepal #KurthaStyle #ModernNepaliFashion #NepalOnlineShopping #FebruarySale #SizesMtoXXL""",10,0,0,0,2026-02-12 01:45:06+00:00,"Elegant, stylish, and perfect for any occasion — designed to make every woman feel confident and beautiful 🇳🇵✨ 📏 Available Sizes: M | L | XL | XXL 💰 14% OFF! 📅 Discount valid throughout February 🚚 Delivery all over Nepal 🛍️ Online-only shopping 📦 Limited stock 📲 Order now via DM, WhatsApp at +977-9811451965 Step into elegance with Cheli Wears 💃 STX-35112 #CheliWears #NepaliClothingBrand #WomenFashionNepal #EthnicWearNepal #OnlineBoutiqueNepal #KurthaStyle #ModernNepaliFashion #NepalOnlineShopping #FebruarySale #SizesMtoXXL""",True,English
Instagram,"💃 Perfect for festive occasions or daily wear, crafted with love and attention to detail.

📏 Available Sizes: M | L | XL | XXL
💰 14% OFF!
📅 Offer valid throughout February

🚚 Delivery all over Nepal
🛍️ Online-only shopping
📦 Limited stock available
📲 Order now via DM, WhatsApp at +977-9811451965

✨ Be bold. Be beautiful. Be a Cheli. ✨
SMP-Roman Silk Work -2 

#CheliWears #NepaliClothingBrand #WomenFashionNepal #EthnicWearNepal #OnlineBoutiqueNepal #KurthaStyle #ModernNepaliFashion #NepalOnlineShopping #FebruarySale #SizesMtoXXL""",10,0,0,0,2026-02-12 01:45:05+00:00,"💃 Perfect for festive occasions or daily wear, crafted with love and attention to detail. 📏 Available Sizes: M | L | XL | XXL 💰 14% OFF! 📅 Offer valid throughout February 🚚 Delivery all over Nepal 🛍️ Online-only shopping 📦 Limited stock available 📲 Order now via DM, WhatsApp at +977-9811451965 ✨ Be bold. Be beautiful. Be a Cheli. ✨ SMP-Roman Silk Work -2 #CheliWears #NepaliClothingBrand #WomenFashionNepal #EthnicWearNepal #OnlineBoutiqueNepal #KurthaStyle #ModernNepaliFashion #NepalOnlineShopping #FebruarySale #SizesMtoXXL""",True,English
Instagram,"Perfect for casual or festive occasions, designed to make every woman feel stylish and confident 🇳🇵✨

📏 Available Sizes: M | L | XXL
💰 14% OFF!
📅 Discount valid throughout February

🚚 Delivery all over Nepal
🛍️ Online-only shopping
📦 Limited stock
📲 Order now via DM, WhatsApp at +977-9811451965

Step out in style with Cheli Wears 💃
SHP-SHIVANI-6

#CheliWears #NepaliClothingBrand #WomenFashionNepal #EthnicWearNepal #OnlineBoutiqueNepal #KurthaStyle #ModernNepaliFashion #NepalOnlineShopping #FebruarySale #SizesMtoXXL""",9,0,0,0,2026-02-11 16:20:50+00:00,"Perfect for casual or festive occasions, designed to make every woman feel stylish and confident 🇳🇵✨ 📏 Available Sizes: M | L | XXL 💰 14% OFF! 📅 Discount valid throughout February 🚚 Delivery all over Nepal 🛍️ Online-only shopping 📦 Limited stock 📲 Order now via DM, WhatsApp at +977-9811451965 Step out in style with Cheli Wears 💃 SHP-SHIVANI-6 #CheliWears #NepaliClothingBrand #WomenFashionNepal #EthnicWearNepal #OnlineBoutiqueNepal #KurthaStyle #ModernNepaliFashion #NepalOnlineShopping #FebruarySale #SizesMtoXXL""",True,English
Instagram,"Elegant, comfortable, and perfect for casual or festive occasions — designed to make every woman feel confident and beautiful 🇳🇵✨

📏 Available Sizes: S | 2XL
💰 14% OFF!
📅 Discount valid throughout February

🚚 Delivery all over Nepal
🛍️ Online-only shopping
📦 Limited stock
📲 Order now via DM, WhatsApp at +977-9811451965

Step into style with Cheli Wears 💃
MIK-250

#CheliWears #LightGreenKurtha #NepaliClothingBrand #WomenFashionNepal #EthnicWearNepal #OnlineBoutiqueNepal #KurthaStyle #ModernNepaliFashion #NepalOnlineShopping #FebruarySale",9,0,0,0,2026-02-11 16:13:23+00:00,"Elegant, comfortable, and perfect for casual or festive occasions — designed to make every woman feel confident and beautiful 🇳🇵✨ 📏 Available Sizes: S | 2XL 💰 14% OFF! 📅 Discount valid throughout February 🚚 Delivery all over Nepal 🛍️ Online-only shopping 📦 Limited stock 📲 Order now via DM, WhatsApp at +977-9811451965 Step into style with Cheli Wears 💃 MIK-250 #CheliWears #LightGreenKurtha #NepaliClothingBrand #WomenFashionNepal #EthnicWearNepal #OnlineBoutiqueNepal #KurthaStyle #ModernNepaliFashion #NepalOnlineShopping #FebruarySale",True,English
Instagram,"""✨ We’re officially OPEN! ✨

Introducing Cheli Wears — a women’s clothing brand inspired by Nepali culture, elegance, and modern style 🇳🇵👗

🎉 GRAND OPENING OFFER 🎉
🔥 14% OFF on ALL CLOTHES
📅 Valid throughout February

🛍️ Online-only shopping
🚚 Delivery all over Nepal
📦 Limited stock available
📲 Order via DM, WhatsApp at 9811451965

Start your style journey with us 💛
Because every Cheli deserves to shine ✨

#CheliWears #NepaliClothingBrand #WomenFashionNepal #NepaliWear #OnlineBoutiqueNepal #EthnicWearNepal #ModernNepaliFashion #FebruarySale #NepalOnlineShopping #Launch10Feb""",9,0,0,0,2026-02-11 16:04:44+00:00,"""✨ We’re officially OPEN! ✨ Introducing Cheli Wears — a women’s clothing brand inspired by Nepali culture, elegance, and modern style 🇳🇵👗 🎉 GRAND OPENING OFFER 🎉 🔥 14% OFF on ALL CLOTHES 📅 Valid throughout February 🛍️ Online-only shopping 🚚 Delivery all over Nepal 📦 Limited stock available 📲 Order via DM, WhatsApp at 9811451965 Start your style journey with us 💛 Because every Cheli deserves to shine ✨ #CheliWears #NepaliClothingBrand #WomenFashionNepal #NepaliWear #OnlineBoutiqueNepal #EthnicWearNepal #ModernNepaliFashion #FebruarySale #NepalOnlineShopping #Launch10Feb""",True,English
Instagram,"Joshua Tromp shines with effortless style and charisma in DNA’s premium collection. ⚡ Whether on or off the pitch, his vibe speaks volumes. DNA is the vibe, redefining men’s fashion with every design. 🖤

#JoshuaTromp #DNAFashionNepal #MensWearNepal #NepaliFashion #MensStyle #NepalStreetStyle #EthnicWearNepal #ModernNepaliFashion #NepaleseTradition #NepaliVibes #ExploreNepal #TrendingNepal #FashionNepal #VisitNepal #SmartCasual #BoldPatterns #SustainableFashionNepal",146,1,0,0,2024-12-12 16:38:01+00:00,"Joshua Tromp shines with effortless style and charisma in DNA’s premium collection. ⚡ Whether on or off the pitch, his vibe speaks volumes. DNA is the vibe, redefining men’s fashion with every design. 🖤 #JoshuaTromp #DNAFashionNepal #MensWearNepal #NepaliFashion #MensStyle #NepalStreetStyle #EthnicWearNepal #ModernNepaliFashion #NepaleseTradition #NepaliVibes #ExploreNepal #TrendingNepal #FashionNepal #VisitNepal #SmartCasual #BoldPatterns #SustainableFashionNepal",True,English
Instagram,"Standing tall, confident, and unstoppable—Ben Mike redefines elegance in DNA’s signature white attire. ✨ This look isn’t just about fashion; it’s about embodying the vibe of sophistication, comfort, and power. 
🖤 DNA Fashion Nepal brings you premium designs crafted for those who dare to make a statement.

Step into a world where style meets attitude. DNA is the vibe. ⚡
#DNAFashionNepal #MensFashion #ElevateYourStyle #NepalPremierLeague #NPL2024 #JanakpurBolts #CricketNepal #CricketLife #SupportLocal #JanakpurPride #BoltsThunder #GameOnNepal #menswear #MensWearNepal #NepaliFashion #MensStyle #NepalStreetStyle #EthnicWearNepal #ModernNepaliFashion #NepaleseTradition #NepaliVibes #ExploreNepal #TrendingNepal #FashionNepal #VisitNepal #SmartCasual #BoldPatterns #SustainableFashionNepal",86,2,0,0,2024-12-12 16:00:30+00:00,"Standing tall, confident, and unstoppable—Ben Mike redefines elegance in DNA’s signature white attire. ✨ This look isn’t just about fashion; it’s about embodying the vibe of sophistication, comfort, and power. 🖤 DNA Fashion Nepal brings you premium designs crafted for those who dare to make a statement. Step into a world where style meets attitude. DNA is the vibe. ⚡ #DNAFashionNepal #MensFashion #ElevateYourStyle #NepalPremierLeague #NPL2024 #JanakpurBolts #CricketNepal #CricketLife #SupportLocal #JanakpurPride #BoltsThunder #GameOnNepal #menswear #MensWearNepal #NepaliFashion #MensStyle #NepalStreetStyle #EthnicWearNepal #ModernNepaliFashion #NepaleseTradition #NepaliVibes #ExploreNepal #TrendingNepal #FashionNepal #VisitNepal #SmartCasual #BoldPatterns #SustainableFashionNepal",True,English
Instagram,"This Christmas season, elevate your winter wardrobe with refined tailoring 🎄✨

Our Wales Check tweed jacket, detailed with subtle suede accents, is custom-tailored for women at The Suit Studio, Kathmandu, where heritage craftsmanship meets modern feminine silhouettes.

Designed for women who appreciate structure, comfort, and understated luxury, this bespoke piece features premium tweed, elegant suede elbow patches, and a fit tailored precisely to you. Ideal for festive celebrations, winter styling, and statement everyday wear.

📍 Specialist tailor for women’s suits in Kathmandu, Nepal
🎄 Christmas | Winter | Festive Collection
📞 Book your personal fitting today

Fedora Hat @opulence_mennepal 
White Turtle Neck @trikayaknitwear 

#TheSuitStudio #TSSNepal #WomensTailoringNepal #TailorForWomenNepal
#WomenSuitKathmandu #LadiesSuitNepal #CustomSuitNepal
#ChristmasWearNepal #FestiveFashionNepal #WinterStyleNepal
#TweedJacket #WalesCheck #SuedeDetails #LuxuryTailoring
#NepalFashion #MadeInNepal #BespokeWomenswear
#KathmanduTailor #womenintailoring",54,0,0,0,2025-12-25 10:41:40+00:00,"This Christmas season, elevate your winter wardrobe with refined tailoring 🎄✨ Our Wales Check tweed jacket, detailed with subtle suede accents, is custom-tailored for women at The Suit Studio, Kathmandu, where heritage craftsmanship meets modern feminine silhouettes. Designed for women who appreciate structure, comfort, and understated luxury, this bespoke piece features premium tweed, elegant suede elbow patches, and a fit tailored precisely to you. Ideal for festive celebrations, winter styling, and statement everyday wear. 📍 Specialist tailor for women’s suits in Kathmandu, Nepal 🎄 Christmas | Winter | Festive Collection 📞 Book your personal fitting today Fedora Hat White Turtle Neck #TheSuitStudio #TSSNepal #WomensTailoringNepal #TailorForWomenNepal #WomenSuitKathmandu #LadiesSuitNepal #CustomSuitNepal #ChristmasWearNepal #FestiveFashionNepal #WinterStyleNepal #TweedJacket #WalesCheck #SuedeDetails #LuxuryTailoring #NepalFashion #MadeInNepal #BespokeWomenswear #KathmanduTailor #womenintailoring",True,English
Instagram,"This Christmas, shine a little brighter. ✨
Discover Original H&M jewellery & accessories — perfect to wear and perfect to gift.
Elegant, festive, and made to elevate every holiday outfit. 🎁💫

Limited stock • Fast Delivery
DM to order your Christmas favourites.

#HMMNepal #HandMAccessories #HandMJewellery #ChristmasSaleNepal #ChristmasGiftsNepal #HolidayAccessories #FestiveFashionNepal #GiftIdeasNepal #OriginalHNMGoods #NepalShopping",12,0,0,0,2025-12-03 07:45:46+00:00,"This Christmas, shine a little brighter. ✨ Discover Original H&M jewellery & accessories — perfect to wear and perfect to gift. Elegant, festive, and made to elevate every holiday outfit. 🎁💫 Limited stock • Fast Delivery DM to order your Christmas favourites. #HMMNepal #HandMAccessories #HandMJewellery #ChristmasSaleNepal #ChristmasGiftsNepal #HolidayAccessories #FestiveFashionNepal #GiftIdeasNepal #OriginalHNMGoods #NepalShopping",True,English
Instagram,"✨ Rust Orange Party-Wear Kurta Set ✨
Vichitra silk with elegant embroidery 💫
Available in sizes M–XL 🛍️

#rustorangekurta #partywear #vichitrasilkembroidery #elegantkurtaset #partywearforher #sizesmtoxl #festivefashionnepal #ethnicwearnepal #shopnownepal #kurthaset #lulaz_wear #deliveryallovernepal",-1,2,0,0,2025-12-01 03:57:25+00:00,✨ Rust Orange Party-Wear Kurta Set ✨ Vichitra silk with elegant embroidery 💫 Available in sizes M–XL 🛍️ #rustorangekurta #partywear #vichitrasilkembroidery #elegantkurtaset #partywearforher #sizesmtoxl #festivefashionnepal #ethnicwearnepal #shopnownepal #kurthaset #lulaz_wear #deliveryallovernepal,True,English
Instagram,"💫 Price:
Regular Sizes – RS 2830
Plus Sizes – RS 2980

✨ Orchid Nepal Collection – Tihar Special Launch ✨

Celebrate the season of colors and light with this Pure Heavy Cotton Embroidered Kurti Set — a perfect blend of comfort, tradition, and effortless charm 💖

Beautifully detailed embroidery work, soft breathable cotton, and a matching dupatta that ties it all together — this set is made to make your Tihar glow brighter ✨

👗 Kurti: Heavy Cotton with elegant embroidery
👖 Pant: Soft cotton comfort fit
🧣 Dupatta: Coordinated cotton dupatta for a complete festive look

📏 Sizes: M(38), L(40), XL(42), XXL(44)
🌸 Plus Sizes: 4XL(48), 5XL(50), 6XL(52), 7XL(54)
🎨 Available Colors: 4 festive shades

🚚 Delivery All Over Nepal & Worldwide 🌍

#OrchidNepal #OrchidNepalCollection #TiharSpecial #TiharVibes #FestiveFashionNepal #EthnicWearNepal #CottonKurtiSet #PlusSizeKurtisNepal #LuxuryEthnicWear #OrchidStyle #NepalFashion",1,0,0,0,2025-10-07 18:26:24+00:00,"💫 Price: Regular Sizes – RS 2830 Plus Sizes – RS 2980 ✨ Orchid Nepal Collection – Tihar Special Launch ✨ Celebrate the season of colors and light with this Pure Heavy Cotton Embroidered Kurti Set — a perfect blend of comfort, tradition, and effortless charm 💖 Beautifully detailed embroidery work, soft breathable cotton, and a matching dupatta that ties it all together — this set is made to make your Tihar glow brighter ✨ 👗 Kurti: Heavy Cotton with elegant embroidery 👖 Pant: Soft cotton comfort fit 🧣 Dupatta: Coordinated cotton dupatta for a complete festive look 📏 Sizes: M(38), L(40), XL(42), XXL(44) 🌸 Plus Sizes: 4XL(48), 5XL(50), 6XL(52), 7XL(54) 🎨 Available Colors: 4 festive shades 🚚 Delivery All Over Nepal & Worldwide 🌍 #OrchidNepal #OrchidNepalCollection #TiharSpecial #TiharVibes #FestiveFashionNepal #EthnicWearNepal #CottonKurtiSet #PlusSizeKurtisNepal #LuxuryEthnicWear #OrchidStyle #NepalFashion",True,English
Instagram,"💫 Price:
Regular Sizes – RS 2940
Plus Sizes – RS 3110

🌸 Orchid Nepal Collection – Tihar Special 🌸

Bring home effortless elegance this festive season with our Original Mal Cotton Set, crafted with premium handwork and patch detailing that exudes sophistication. 💕

The floral-printed kurta with intricate neck embroidery, side pockets, and highlighted dupatta makes it the perfect pick for festive gatherings or casual celebrations.

👗 Kurta: Mal Cotton with handwork patch & side pockets (Length – 45"")
👖 Pant: Soft cotton comfort fit (Length – 38"")
🧣 Dupatta: 2.3m mal cotton dupatta with highlight detailing

📏 Sizes: M(38), L(40), XL(42), XXL(44), 3XL(46)
🌸 Plus Sizes: 4XL(48), 5XL(50), 6XL(52), 7XL(54)

✨ 100% Showroom Quality
🚚 Delivery all over Nepal & worldwide

#OrchidNepal #OrchidNepalCollection #TiharVibes #FestiveFashionNepal #CottonKurtiNepal #HandworkKurti #PatchworkKurti #PlusSizeKurtisNepal #EthnicElegance #LuxuryKurtiSet #NepalFashion",1,0,0,0,2025-10-07 18:21:55+00:00,"💫 Price: Regular Sizes – RS 2940 Plus Sizes – RS 3110 🌸 Orchid Nepal Collection – Tihar Special 🌸 Bring home effortless elegance this festive season with our Original Mal Cotton Set, crafted with premium handwork and patch detailing that exudes sophistication. 💕 The floral-printed kurta with intricate neck embroidery, side pockets, and highlighted dupatta makes it the perfect pick for festive gatherings or casual celebrations. 👗 Kurta: Mal Cotton with handwork patch & side pockets (Length – 45"") 👖 Pant: Soft cotton comfort fit (Length – 38"") 🧣 Dupatta: 2.3m mal cotton dupatta with highlight detailing 📏 Sizes: M(38), L(40), XL(42), XXL(44), 3XL(46) 🌸 Plus Sizes: 4XL(48), 5XL(50), 6XL(52), 7XL(54) ✨ 100% Showroom Quality 🚚 Delivery all over Nepal & worldwide #OrchidNepal #OrchidNepalCollection #TiharVibes #FestiveFashionNepal #CottonKurtiNepal #HandworkKurti #PatchworkKurti #PlusSizeKurtisNepal #EthnicElegance #LuxuryKurtiSet #NepalFashion",True,English
Instagram,"🌸 Orchid Nepal Collection – Tihar Special 🌸

Step into the season of celebration with this ethereal Tabby Organza Mukesh Work Set. ✨
Graceful, lightweight, and luxurious — designed for women who love understated elegance.

👗 Top: Pure Tabby Organza with intricate Mukesh handwork & micro cotton inner
👖 Plazzo: Flowing Tabby Organza, fully stitched with elastic comfort
🧣 Dupatta: Soft organza dupatta with 4-side lace border (2.2 m)

📏 Available Sizes: M(38), XL(42), XXL(44) with 3XL margin
⚖️ Weight: ~1 kg

💐 Elegant | Festive | Effortless 💐
🚚 Delivery available all over Nepal & worldwide 🌍

#OrchidNepal #OrchidNepalCollection #TiharCollection #TiharVibes #OrganzaElegance #MukeshWork #KurtiSetNepal #LuxuryEthnicWear #FestiveFashionNepal #EleganceInEveryThread",19,0,0,0,2025-10-06 05:39:08+00:00,"🌸 Orchid Nepal Collection – Tihar Special 🌸 Step into the season of celebration with this ethereal Tabby Organza Mukesh Work Set. ✨ Graceful, lightweight, and luxurious — designed for women who love understated elegance. 👗 Top: Pure Tabby Organza with intricate Mukesh handwork & micro cotton inner 👖 Plazzo: Flowing Tabby Organza, fully stitched with elastic comfort 🧣 Dupatta: Soft organza dupatta with 4-side lace border (2.2 m) 📏 Available Sizes: M(38), XL(42), XXL(44) with 3XL margin ⚖️ Weight: ~1 kg 💐 Elegant | Festive | Effortless 💐 🚚 Delivery available all over Nepal & worldwide 🌍 #OrchidNepal #OrchidNepalCollection #TiharCollection #TiharVibes #OrganzaElegance #MukeshWork #KurtiSetNepal #LuxuryEthnicWear #FestiveFashionNepal #EleganceInEveryThread",True,English
Instagram,"💫 Price: RS 2860 💫
🌸 Komal Thread Collection 🌸

Elegant new designer kurti pant dupatta set 💕
✨ Soft rayon slub fabric with beautiful cotton thread embroidery
✨ Dupatta in chanderi digital print with latkan detailing
✨ Comfortable cotton inner for all-day wear

📏 Sizes: S, M, L, XL, XXL, 3XL
🌿 Fabric: Rayon Slub + Cotton + Chanderi
🚚 Delivery all over Nepal & worldwide 
#komalthreads #KurtiSetNepal #NepaliEthnicWear #TiharCollection #TiharVibes #KurtiNepal #FestiveFashionNepal",-1,1,0,0,2025-10-05 14:14:19+00:00,"💫 Price: RS 2860 💫 🌸 Komal Thread Collection 🌸 Elegant new designer kurti pant dupatta set 💕 ✨ Soft rayon slub fabric with beautiful cotton thread embroidery ✨ Dupatta in chanderi digital print with latkan detailing ✨ Comfortable cotton inner for all-day wear 📏 Sizes: S, M, L, XL, XXL, 3XL 🌿 Fabric: Rayon Slub + Cotton + Chanderi 🚚 Delivery all over Nepal & worldwide #komalthreads #KurtiSetNepal #NepaliEthnicWear #TiharCollection #TiharVibes #KurtiNepal #FestiveFashionNepal",True,English
Instagram,"One-shoulder net kurta with black sequin motifs, paired with a chic sharara. Perfect for weddings, receptions & festive nights🖤✨

#NepalFashion #EthnicWearNepal #ShararaStyle #NepalDesigner #NepalOutfit #KurtaLove #OneShoulderStyle #FestiveFashionNepal #NepalStyle #MadeInNepal #Saaranz",21,0,0,0,2025-09-21 10:35:55+00:00,"One-shoulder net kurta with black sequin motifs, paired with a chic sharara. Perfect for weddings, receptions & festive nights🖤✨ #NepalFashion #EthnicWearNepal #ShararaStyle #NepalDesigner #NepalOutfit #KurtaLove #OneShoulderStyle #FestiveFashionNepal #NepalStyle #MadeInNepal #Saaranz",True,English
Instagram,"Festivals are about love, blessings & traditions ✨ 
Let your little one shine in ethnic wear made for these special moments 
Dashain Vibes ❤️
Perfect festive look for your little ones ❤️

#kidswearnepal #babyoutfitnepal #dashainoutfit #tiharoutfit #ethnikkidswear #nepalmoms #nepalparents #swaddlebabynepal #festivefashionnepal #babystyle",0,0,0,0,2025-09-21 07:09:39+00:00,"Festivals are about love, blessings & traditions ✨ Let your little one shine in ethnic wear made for these special moments Dashain Vibes ❤️ Perfect festive look for your little ones ❤️ #kidswearnepal #babyoutfitnepal #dashainoutfit #tiharoutfit #ethnikkidswear #nepalmoms #nepalparents #swaddlebabynepal #festivefashionnepal #babystyle",True,English
Instagram,"✨ Price: RS 2870/- (M–3XL)
✨ Price: RS 3070/- (4XL–7XL)

Orchid Nepal Collection | Plus Size Dashain Special 🌸💃

Breathe easy in style this Dashain with our Pure Mul Cotton Pant Set, designed for elegance, comfort & festive grace. 🌼

👗 Kurti: Mul cotton with heavy floral embroidery, matching prints (47"" length)
👖 Pant: Comfortable mul cotton (38"")
🧣 Dupatta: Mul cotton, soft & airy (2.2 mtr)
📏 Sizes: M, L, XL, XXL, 3XL | Plus Sizes: 4XL–7XL
🌸 Perfect for daily wear, festive gatherings & casual outings

🌍 Delivery across Nepal & Worldwide
💎 Premium Quality | Ready to Dispatch

#OrchidNepal #OrchidNepalCollection #PlusSizeKurtisNepal #Dashain2025 #FestiveFashionNepal #OrchidStyle",-1,0,0,0,2025-09-18 03:19:30+00:00,"✨ Price: RS 2870/- (M–3XL) ✨ Price: RS 3070/- (4XL–7XL) Orchid Nepal Collection | Plus Size Dashain Special 🌸💃 Breathe easy in style this Dashain with our Pure Mul Cotton Pant Set, designed for elegance, comfort & festive grace. 🌼 👗 Kurti: Mul cotton with heavy floral embroidery, matching prints (47"" length) 👖 Pant: Comfortable mul cotton (38"") 🧣 Dupatta: Mul cotton, soft & airy (2.2 mtr) 📏 Sizes: M, L, XL, XXL, 3XL | Plus Sizes: 4XL–7XL 🌸 Perfect for daily wear, festive gatherings & casual outings 🌍 Delivery across Nepal & Worldwide 💎 Premium Quality | Ready to Dispatch #OrchidNepal #OrchidNepalCollection #PlusSizeKurtisNepal #Dashain2025 #FestiveFashionNepal #OrchidStyle",True,English
Instagram,"✨ Orchid Nepal Collection | Dashain Exclusive ✨

Celebrate this Dashain in style with our Premium Pure Chinon Silk 3-Piece Set 💃🌸. Designed for elegance and comfort, it’s perfect for festive gatherings & special occasions.

👗 Kurta: Pure Chinon Silk with heavy sequin embroidery, micro inner, 42” length
👖 Plazo: Pure Chinon Silk with embroidery, full flair, micro inner, 40” length (fully stitched)
🧣 Dupatta: Pure Chinon Silk with sequin embroidery, 2.2 mtr length
📏 Sizes: M(38), L(40), XL(42), XXL(44)
⚖️ Weight: ~950 gm
💸 Price: RS 3520/-

🌸 Premium Quality | Ready to Wear | Ready to Dispatch
🌍 Delivery all over Nepal & Worldwide

#OrchidNepal #OrchidNepalCollection #Dashain2025 #FestiveFashionNepal #OrchidStyle",-1,1,0,0,2025-09-14 09:54:02+00:00,"✨ Orchid Nepal Collection | Dashain Exclusive ✨ Celebrate this Dashain in style with our Premium Pure Chinon Silk 3-Piece Set 💃🌸. Designed for elegance and comfort, it’s perfect for festive gatherings & special occasions. 👗 Kurta: Pure Chinon Silk with heavy sequin embroidery, micro inner, 42” length 👖 Plazo: Pure Chinon Silk with embroidery, full flair, micro inner, 40” length (fully stitched) 🧣 Dupatta: Pure Chinon Silk with sequin embroidery, 2.2 mtr length 📏 Sizes: M(38), L(40), XL(42), XXL(44) ⚖️ Weight: ~950 gm 💸 Price: RS 3520/- 🌸 Premium Quality | Ready to Wear | Ready to Dispatch 🌍 Delivery all over Nepal & Worldwide #OrchidNepal #OrchidNepalCollection #Dashain2025 #FestiveFashionNepal #OrchidStyle",True,English
Instagram,"✨ Orchid Nepal Collection | Dashain Exclusive ✨

Celebrate Dashain in style with this Faux Georgette 3-piece suit set 🌸💃. A perfect blend of elegance and tradition, designed for festive gatherings.

👗 Kurta: Faux Georgette with cotton thread embroidery + GPO lace, silk inner (50” length)
👖 Plazo: Faux Georgette, full flair with embroidery + GPO lace (40” length)
🧣 Dupatta: Faux Georgette with GPO lace border (2.2 mtr)
📏 Sizes: S(36), M(38), L(40), XL(42), XXL(44)
⚖️ Weight: ~800 gm
💸 Price: RS 2850/-

🌸 Premium Quality | Fully Stitched | Ready to Dispatch
🌍 Delivery all over Nepal & Worldwide

#OrchidNepal #OrchidNepalCollection #Dashain2025 #FestiveFashionNepal #OrchidStyle",-1,2,0,0,2025-09-13 15:07:57+00:00,"✨ Orchid Nepal Collection | Dashain Exclusive ✨ Celebrate Dashain in style with this Faux Georgette 3-piece suit set 🌸💃. A perfect blend of elegance and tradition, designed for festive gatherings. 👗 Kurta: Faux Georgette with cotton thread embroidery + GPO lace, silk inner (50” length) 👖 Plazo: Faux Georgette, full flair with embroidery + GPO lace (40” length) 🧣 Dupatta: Faux Georgette with GPO lace border (2.2 mtr) 📏 Sizes: S(36), M(38), L(40), XL(42), XXL(44) ⚖️ Weight: ~800 gm 💸 Price: RS 2850/- 🌸 Premium Quality | Fully Stitched | Ready to Dispatch 🌍 Delivery all over Nepal & Worldwide #OrchidNepal #OrchidNepalCollection #Dashain2025 #FestiveFashionNepal #OrchidStyle",True,English
Instagram,"✨ Orchid Nepal Collection | Dashain Special ✨

Step into the festivities in pure elegance 🌸. Our Crunchy Silk Gown Set brings the perfect mix of comfort & grandeur for this Dashain season 💕.

👗 Gown: Crunchy silk, 4 mtr flair, sequin embroidery, heavy micro cotton inner, full sleeves (48–49 inch)
👖 Pant: Crunchy silk, 40–41 inch length
🧣 Dupatta: Matching crunchy silk with sequin embroidery (2.1 mtr)
📏 Sizes: M(38), L(40), XL(42), XXL(44)
⚖️ Weight: ~1kg
💸 Price: RS 3520/-

🌸 Premium Quality | Fully Stitched | Ready to Dispatch
🌍 Delivery across Nepal & Worldwide

#OrchidNepal #OrchidNepalCollection #DashainWear #FestiveFashionNepal #EthnicElegance",-1,0,0,0,2025-09-13 15:04:03+00:00,"✨ Orchid Nepal Collection | Dashain Special ✨ Step into the festivities in pure elegance 🌸. Our Crunchy Silk Gown Set brings the perfect mix of comfort & grandeur for this Dashain season 💕. 👗 Gown: Crunchy silk, 4 mtr flair, sequin embroidery, heavy micro cotton inner, full sleeves (48–49 inch) 👖 Pant: Crunchy silk, 40–41 inch length 🧣 Dupatta: Matching crunchy silk with sequin embroidery (2.1 mtr) 📏 Sizes: M(38), L(40), XL(42), XXL(44) ⚖️ Weight: ~1kg 💸 Price: RS 3520/- 🌸 Premium Quality | Fully Stitched | Ready to Dispatch 🌍 Delivery across Nepal & Worldwide #OrchidNepal #OrchidNepalCollection #DashainWear #FestiveFashionNepal #EthnicElegance",True,English
Instagram,"✨ Orchid Nepal Collection | Dashain Special ✨

Step into festive elegance 🌸 with our Heavy Chinon Silk Gown Set, crafted to make you stand out this Dashain. 💕

👗 Gown: Pure Chinon Silk, heavy 5mm sequin embroidery, attached pad, 51–53 inch length, 3 mtr flair
👖 Pant: Heavy butter silk with embroidery & elastic fit (40–41 inch)
🧣 Dupatta: Pure Chinon Silk with sequin embroidery, full-stitched (2.1 mtr)
📏 Sizes: M(38), L(40), XL(42) with margin
⚖️ Weight: 800 gm
💸 Price: RS 3690/-

🌸 Premium Quality | Fully Stitched | Ready to Dispatch
🌍 Delivery across Nepal & Worldwide

#OrchidNepal #OrchidNepalCollection #DashainWear #FestiveFashionNepal #PlusSizeKurtisNepal #NepalFashion",-1,4,0,0,2025-09-13 15:02:03+00:00,"✨ Orchid Nepal Collection | Dashain Special ✨ Step into festive elegance 🌸 with our Heavy Chinon Silk Gown Set, crafted to make you stand out this Dashain. 💕 👗 Gown: Pure Chinon Silk, heavy 5mm sequin embroidery, attached pad, 51–53 inch length, 3 mtr flair 👖 Pant: Heavy butter silk with embroidery & elastic fit (40–41 inch) 🧣 Dupatta: Pure Chinon Silk with sequin embroidery, full-stitched (2.1 mtr) 📏 Sizes: M(38), L(40), XL(42) with margin ⚖️ Weight: 800 gm 💸 Price: RS 3690/- 🌸 Premium Quality | Fully Stitched | Ready to Dispatch 🌍 Delivery across Nepal & Worldwide #OrchidNepal #OrchidNepalCollection #DashainWear #FestiveFashionNepal #PlusSizeKurtisNepal #NepalFashion",True,English
Instagram,"""Sangeet bagi rahancha"" #Fusionnepal
at #Mh_lounge_and_bar #bagarkot",2,0,0,0,2026-04-22 12:32:33+00:00,"""Sangeet bagi rahancha"" #Fusionnepal at #Mh_lounge_and_bar #bagarkot",True,English
Instagram,"🌟 Chancen durch digitale Bildung – Fragrance Computer Class 🌟
In Kooperation mit Fusion Nepal entsteht im Kathmandu-Tal ein Lernraum, der Menschen neue Perspektiven eröffnet: ""Fragrance Computer Class – Digital Skills for Opportunities"" 💻✨ Hier erhalten Erwachsene jeden Alters, die am lokalen Arbeitsmarkt bisher kaum Chancen hatten, erstmals Zugang zu digitalem Wissen. Viele von ihnen sitzen zum ersten Mal an einem Laptop – und machen Schritte, die ihre Zukunft nachhaltig verändern können. ✨
📚 Was hier entsteht:
✨ Offene Lernzeiten & strukturierte Computerkurse
✨ Office-Grundlagen, Schreiben, Internetrecherche
✨ Bewerbungs- & Interviewtraining
✨ Zeit- & Selbstmanagement für den Berufsalltag
Und ab dem neuen Schuljahr im April profitieren auch Schüler*innen staatlicher Schulen – mit Zugang zu digitalen Basiskompetenzen und E‑Learning‑Möglichkeiten. 🎒💻
🔥 Warum uns das wichtig ist:
Weil digitale Fähigkeiten heute darüber entscheiden können, ob jemand einen Job findet, sich weiterbilden kann oder neue Hoffnung schöpft. Fusion Nepal schafft einen Ort, an dem genau das möglich wird: Lernen, wachsen, Zukunft entwickeln.
Wir unterstützen die Initiative mit Laptops, Möbeln, Lernmaterialien und der Finanzierung der laufenden Kosten. Doch der entscheidende Schritt kommt von den Menschen selbst: Sie trauen sich zu lernen – und trauen sich, an ihre Zukunft zu glauben. 🌱

#FusionNepal #Menschenimdialog #LetsLearn #ImpactAlliance #Empowerment #FragranceComputerClass #DigitalSkills #LearnAndGrow #HelfenX3",16,1,0,0,2026-03-22 14:20:53+00:00,"🌟 Chancen durch digitale Bildung – Fragrance Computer Class 🌟 In Kooperation mit Fusion Nepal entsteht im Kathmandu-Tal ein Lernraum, der Menschen neue Perspektiven eröffnet: ""Fragrance Computer Class – Digital Skills for Opportunities"" 💻✨ Hier erhalten Erwachsene jeden Alters, die am lokalen Arbeitsmarkt bisher kaum Chancen hatten, erstmals Zugang zu digitalem Wissen. Viele von ihnen sitzen zum ersten Mal an einem Laptop – und machen Schritte, die ihre Zukunft nachhaltig verändern können. ✨ 📚 Was hier entsteht: ✨ Offene Lernzeiten & strukturierte Computerkurse ✨ Office-Grundlagen, Schreiben, Internetrecherche ✨ Bewerbungs- & Interviewtraining ✨ Zeit- & Selbstmanagement für den Berufsalltag Und ab dem neuen Schuljahr im April profitieren auch Schüler*innen staatlicher Schulen – mit Zugang zu digitalen Basiskompetenzen und E‑Learning‑Möglichkeiten. 🎒💻 🔥 Warum uns das wichtig ist: Weil digitale Fähigkeiten heute darüber entscheiden können, ob jemand einen Job findet, sich weiterbilden kann oder neue Hoffnung schöpft. Fusion Nepal schafft einen Ort, an dem genau das möglich wird: Lernen, wachsen, Zukunft entwickeln. Wir unterstützen die Initiative mit Laptops, Möbeln, Lernmaterialien und der Finanzierung der laufenden Kosten. Doch der entscheidende Schritt kommt von den Menschen selbst: Sie trauen sich zu lernen – und trauen sich, an ihre Zukunft zu glauben. 🌱 #FusionNepal #Menschenimdialog #LetsLearn #ImpactAlliance #Empowerment #FragranceComputerClass #DigitalSkills #LearnAndGrow #HelfenX3",True,English
Instagram,"Auch in diesem Jahr hat der heftige Regen in Nepal schwere Schäden verursacht.
Das Wasser stieg plötzlich – innerhalb weniger Minuten stand der gesamte Boden des Zentrums unter Wasser. Kleidung, Teppiche und Spielzeug wurden zerstört.

Trotz Krankheit und Feiertagen hat das Team rund um Laxmi in den letzten Tagen unermüdlich gearbeitet: Sie haben Schmutz entfernt, Räume gereinigt und das Zentrum Stück für Stück wieder aufgebaut.

Die gute Nachricht:
Die Schneiderinnenkurse im Obergeschoss konnten heute wieder starten.

Die traurige:
Der Kinderraum ist stark beschädigt – Teppiche, Stoffe und Spielzeug sind verloren. Damit die Kinder bald wieder einen sicheren Ort zum Lernen und Spielen haben, wollen wir beim Wiederaufbau helfen.

#AshavadiProject #FusionNepal #NepalFloods #HilfeVorOrt #FrauenStärken #KinderSchützen #Solidarität",11,0,0,0,2025-10-08 09:27:09+00:00,"Auch in diesem Jahr hat der heftige Regen in Nepal schwere Schäden verursacht. Das Wasser stieg plötzlich – innerhalb weniger Minuten stand der gesamte Boden des Zentrums unter Wasser. Kleidung, Teppiche und Spielzeug wurden zerstört. Trotz Krankheit und Feiertagen hat das Team rund um Laxmi in den letzten Tagen unermüdlich gearbeitet: Sie haben Schmutz entfernt, Räume gereinigt und das Zentrum Stück für Stück wieder aufgebaut. Die gute Nachricht: Die Schneiderinnenkurse im Obergeschoss konnten heute wieder starten. Die traurige: Der Kinderraum ist stark beschädigt – Teppiche, Stoffe und Spielzeug sind verloren. Damit die Kinder bald wieder einen sicheren Ort zum Lernen und Spielen haben, wollen wir beim Wiederaufbau helfen. #AshavadiProject #FusionNepal #NepalFloods #HilfeVorOrt #FrauenStärken #KinderSchützen #Solidarität",True,English
Instagram,"Neuigkeiten aus Balkhu, Nepal. 🇳🇵 
Unsere Partnerin Laxmi von FUSION schickt uns regelmäßig Updates und jedes Mal berührt es uns aufs Neue, was dort entsteht.
32 Frauen besuchen inzwischen das kostenlose Nähtraining, viele zum ersten Mal überhaupt in einem Lernumfeld.
Gleich nebenan wachsen die Mauern von 10 neuen Häusern  für Familien, die bisher unter Planen gelebt haben.
Ein Schritt nach dem anderen. Gemeinsam.

#ashavadiproject #fusionnepal #frauenstärken #zukunftbauen #balkhu #nepal #ngo #ehrenamt",15,2,0,0,2025-07-13 13:33:09+00:00,"Neuigkeiten aus Balkhu, Nepal. 🇳🇵 Unsere Partnerin Laxmi von FUSION schickt uns regelmäßig Updates und jedes Mal berührt es uns aufs Neue, was dort entsteht. 32 Frauen besuchen inzwischen das kostenlose Nähtraining, viele zum ersten Mal überhaupt in einem Lernumfeld. Gleich nebenan wachsen die Mauern von 10 neuen Häusern für Familien, die bisher unter Planen gelebt haben. Ein Schritt nach dem anderen. Gemeinsam. #ashavadiproject #fusionnepal #frauenstärken #zukunftbauen #balkhu #nepal #ngo #ehrenamt",True,English
Instagram,"Steelcase Personality Plus Task Mesh Chair with Headrest
Discover the Steelcase Personality Plus Chair, where innovative design meets personal customization. This chair offers exceptional ergonomic support while allowing you to express your individual style, making it a standout choice for any modern workspace.Transform your office with the Steelcase Personality Plus Chair, available now at Fusion Furniture. Experience the perfect blend of comfort and personality!#kathmandufurniture #fusionnepal #Steelcase #SitBetter #furnitureinnepal #WorkBetter #officechairs #OfficeFurniture",0,0,0,0,2025-06-13 07:13:37+00:00,"Steelcase Personality Plus Task Mesh Chair with Headrest Discover the Steelcase Personality Plus Chair, where innovative design meets personal customization. This chair offers exceptional ergonomic support while allowing you to express your individual style, making it a standout choice for any modern workspace. Transform your office with the Steelcase Personality Plus Chair, available now at Fusion Furniture. Experience the perfect blend of comfort and personality! #kathmandufurniture #fusionnepal #Steelcase #SitBetter #furnitureinnepal #WorkBetter #officechairs #OfficeFurniture",True,English
Instagram,"Discover the Steelcase Personality Plus Chair, where innovative design meets personal customization. This chair offers exceptional ergonomic support while allowing you to express your individual style, making it a standout choice for any modern workspace.

Transform your office with the Steelcase Personality Plus Chair, available now at Fusion Furniture. Experience the perfect blend of comfort and personality!

#kathmandufurniture #fusionnepal #Steelcase #SitBetter #furnitureinnepal #WorkBetter #officechairs #OfficeFurniture",0,0,0,0,2025-06-02 05:15:55+00:00,"Discover the Steelcase Personality Plus Chair, where innovative design meets personal customization. This chair offers exceptional ergonomic support while allowing you to express your individual style, making it a standout choice for any modern workspace. Transform your office with the Steelcase Personality Plus Chair, available now at Fusion Furniture. Experience the perfect blend of comfort and personality! #kathmandufurniture #fusionnepal #Steelcase #SitBetter #furnitureinnepal #WorkBetter #officechairs #OfficeFurniture",True,English
Instagram,"💛 Wusstest Du, dass wir mit dem Mindfulness Trekking in Nepal nicht nur Dich stärken – sondern auch Frauen vor Ort?

🤝🏼✨ In Kooperation mit @ashavadi.project unterstützen wir das Projekt FUSION, eine Schneiderinnen-Ausbildung im Slumviertel Balkhu in Kathmandu.🧵🇳🇵

Hier leben viele Frauen mit ihren Kindern unter extrem schweren Lebensbedingungen in großer Armut – ohne geregeltes Einkommen, ohne Perspektive.

Was das Projekt leistet:
🧵 Frauen lernen in einer fundierten Ausbildung das Schneiderhandwerk
🖇️ Sie bekommen auch Business-Basics an die Hand
👗 Nach der Ausbildung können sie im Co-Working-Space erste Aufträge umsetzen
🌱 Ziel: Wirtschaftliche Unabhängigkeit & ein selbstbestimmtes Leben - auch für ihre Kinder

💛 Deshalb fließt ein großer Teil unseres Gewinns in dieses Projekt.💛

Wenn Du also mit uns reist, unterstützt Du nicht nur Deine eigene Entwicklung, sondern auch die von  Frauen in schweren Lebenssituationen - auf der anderen Seite der Welt.

📅 Termine:
23.03. – 06.04.2026: Langtang
8.04. - 22.04.2026: Poon Hill

ℹ️ Online-Infoabend: 29.06. um 19:00 Uhr 
(für eine Anmeldung schreib uns einfach an 🫶🏼)

Alle Infos zu den Reisen & zur Anmeldung:
www.wanderwohl.de/nepal-trekking

#ichfühlmichwanderwohl
📷 @ashavadi.project 
⸻

#wanderwohl #nepal #trekkingreise #mindfultrekking #frauenstärken #empowerment #ashavadiproject #fusionnepal #perspektivenschaffen #gemeinsamistbesser #wandern #wanderlust #achtsamkeit",41,0,0,0,2025-05-31 06:10:00+00:00,"💛 Wusstest Du, dass wir mit dem Mindfulness Trekking in Nepal nicht nur Dich stärken – sondern auch Frauen vor Ort? 🤝🏼✨ In Kooperation mit .project unterstützen wir das Projekt FUSION, eine Schneiderinnen-Ausbildung im Slumviertel Balkhu in Kathmandu.🧵🇳🇵 Hier leben viele Frauen mit ihren Kindern unter extrem schweren Lebensbedingungen in großer Armut – ohne geregeltes Einkommen, ohne Perspektive. Was das Projekt leistet: 🧵 Frauen lernen in einer fundierten Ausbildung das Schneiderhandwerk 🖇️ Sie bekommen auch Business-Basics an die Hand 👗 Nach der Ausbildung können sie im Co-Working-Space erste Aufträge umsetzen 🌱 Ziel: Wirtschaftliche Unabhängigkeit & ein selbstbestimmtes Leben - auch für ihre Kinder 💛 Deshalb fließt ein großer Teil unseres Gewinns in dieses Projekt.💛 Wenn Du also mit uns reist, unterstützt Du nicht nur Deine eigene Entwicklung, sondern auch die von Frauen in schweren Lebenssituationen - auf der anderen Seite der Welt. 📅 Termine: 23.03. – 06.04.2026: Langtang 8.04. - 22.04.2026: Poon Hill ℹ️ Online-Infoabend: 29.06. um 19:00 Uhr (für eine Anmeldung schreib uns einfach an 🫶🏼) Alle Infos zu den Reisen & zur Anmeldung: #ichfühlmichwanderwohl 📷 .project ⸻ #wanderwohl #nepal #trekkingreise #mindfultrekking #frauenstärken #empowerment #ashavadiproject #fusionnepal #perspektivenschaffen #gemeinsamistbesser #wandern #wanderlust #achtsamkeit",True,English
Instagram,"🌟 Exciting Offer Alert! 🌟
Fusion Nepal brings you an unbeatable deal! Get your hands on premium-quality AirPods for just Rs. 2999! 🎧✨ Experience crystal-clear sound and seamless connectivity without breaking the bank.

🔥 Why Choose Our AirPods?

Superior audio quality
Long-lasting battery life
Sleek and lightweight design
Perfect for music, calls, and more!
🚚 Limited stock available, so hurry and grab yours before they’re gone! Visit our store or message us now to order!
#FusionNepal #AirPodsDeal #AffordableLuxury #Rs2999 #TechLovers #NepalShopping #MusicOnTheGo #WirelessEarphones #SoundExperience #BestPrice #ShopSmart #TrendingNow #GadgetDeals #NepalTech #FashionableTech #MusicLovers #EasyConnect",2,0,0,0,2024-11-04 10:15:06+00:00,"🌟 Exciting Offer Alert! 🌟 Fusion Nepal brings you an unbeatable deal! Get your hands on premium-quality AirPods for just Rs. 2999! 🎧✨ Experience crystal-clear sound and seamless connectivity without breaking the bank. 🔥 Why Choose Our AirPods? Superior audio quality Long-lasting battery life Sleek and lightweight design Perfect for music, calls, and more! 🚚 Limited stock available, so hurry and grab yours before they’re gone! Visit our store or message us now to order! #FusionNepal #AirPodsDeal #AffordableLuxury #Rs2999 #TechLovers #NepalShopping #MusicOnTheGo #WirelessEarphones #SoundExperience #BestPrice #ShopSmart #TrendingNow #GadgetDeals #NepalTech #FashionableTech #MusicLovers #EasyConnect",True,English
Instagram,"🔥!!Offer!!Offer!!🔥
Its Steelcase personality 

Place your order now. 🙂
Link➡️ http://khorsani.com
Website➡️https://bit.ly/379SyvD
Call/WhatsApp ☎️- 9801233332 / 9801014806
#SeatingCollection #Comfort #OfficeFurniture
#Workspace #furniture #innovative #innovation #design #technology #style #trending #premium #chair #comfortable #business #motivation #success #fusionnepal #steelcasenepal #interiorstyling",5,2,0,0,2022-02-03 11:00:51+00:00,🔥!!Offer!!Offer!!🔥 Its Steelcase personality Place your order now. 🙂 Link➡️ Website➡️ Call/WhatsApp ☎️- 9801233332 / 9801014806 #SeatingCollection #Comfort #OfficeFurniture #Workspace #furniture #innovative #innovation #design #technology #style #trending #premium #chair #comfortable #business #motivation #success #fusionnepal #steelcasenepal #interiorstyling,True,English
Instagram,"❄️ New Winter Arrival at Shibi Styling! ❄️
Stay warm and stylish with our Premium Quilted Hoodie Jacket 💗✨
Soft • Cozy • Trendy — perfect for this winter season!

✔ Double-layer warm lining
✔ Hoodie + quilted design
✔ Premium quality fabric
✔ Limited stock!

#ShiBiStyling #WinterFashionNepal #WomenJacketNepal #TrendyWearNepal #winteroutfit2025",3,1,0,0,2025-12-02 04:09:46+00:00,❄️ New Winter Arrival at Shibi Styling! ❄️ Stay warm and stylish with our Premium Quilted Hoodie Jacket 💗✨ Soft • Cozy • Trendy — perfect for this winter season! ✔ Double-layer warm lining ✔ Hoodie + quilted design ✔ Premium quality fabric ✔ Limited stock! #ShiBiStyling #WinterFashionNepal #WomenJacketNepal #TrendyWearNepal #winteroutfit2025,True,English
Instagram,"Soft knit, elegant details & free size for the perfect fit 🤍
Available in 4 colors — DM to order!

#FreeSizeTop #KoreanTopNepal #RuffleTop #NewArrivalsNepal #TrendyWearNepal #KoreanFashionNepal #WinterCollection #ElegantWear #DailyOutfitNepal #LitUpFashion",-1,1,0,0,2025-11-28 07:06:31+00:00,"Soft knit, elegant details & free size for the perfect fit 🤍 Available in 4 colors — DM to order! #FreeSizeTop #KoreanTopNepal #RuffleTop #NewArrivalsNepal #TrendyWearNepal #KoreanFashionNepal #WinterCollection #ElegantWear #DailyOutfitNepal #LitUpFashion",True,English
Instagram,"Happy Diwali from Amrit Readymade Family ✨❤️ May everyone have a glowy year ahead ✨ 

#TrendyWearNepal #tihar #tiharspecial",7,0,0,0,2025-10-20 11:53:33+00:00,Happy Diwali from Amrit Readymade Family ✨❤️ May everyone have a glowy year ahead ✨ #TrendyWearNepal #tihar #tiharspecial,True,English
Instagram,"Tods Tote 
Tan distressed suede, a studded accents near bottom with SHW 
Condition: 9.7/10 - never carried
Dimensions: approx. 15.5 x 5 x 14”
Handle Drop: approx. 5”
Includes third party authentication
OUR PRICE: $495 CAD 

——————————————————-

🌟DCG LAST CALL makes no claims to be affiliated with the designer brands posted on this page. We are an online business that prides itself in connecting buyers and sellers with authentic preloved designer items only. The ownership of any trademarks connected to products sold on this page are reserved to the original brand owner.🌟

 #torontoconsignment #luxuryhandbags #trustedseller #fashionaddict #designertotebag",0,0,0,0,2026-04-27 13:38:01+00:00,"Tods Tote Tan distressed suede, a studded accents near bottom with SHW Condition: 9.7/10 - never carried Dimensions: approx. 15.5 x 5 x 14” Handle Drop: approx. 5” Includes third party authentication OUR PRICE: $495 CAD ——————————————————- 🌟DCG LAST CALL makes no claims to be affiliated with the designer brands posted on this page. We are an online business that prides itself in connecting buyers and sellers with authentic preloved designer items only. The ownership of any trademarks connected to products sold on this page are reserved to the original brand owner.🌟 #torontoconsignment #luxuryhandbags #trustedseller #fashionaddict #designertotebag",True,English
Instagram,"💃 Why settle for ordinary when you can rock the extraordinary? 

Introducing our *50% Isn't Average, It's 100 Proof* Women's Relaxed V-Neck T-Shirt! 🥳✨ Made from the softest fabric, it’s designed to hug you in all the right places while keeping it effortlessly stylish. Pair it with your favorite jeans or throw it on for a cozy night in—comfort never looked this good! ☁️👌 At just $27.99, it’s the perfect addition to your wardrobe that exudes confidence and charm.

You’ll want one in every color—trust us on this one. 😉💖

#WomensFashion #OOTD #TshirtWeather #StyleInspiration #ConfidenceWear #CasualChic #FashionFinds #WardrobeEssentials #ComfortFirst #FashionAddict

Shop Now https://bourbon-barrel-mafia.myshopify.com/products/50-isnt-average-its-100-proof-women-s-relaxed-v-neck-t-shirt",0,0,0,0,2026-04-27 13:35:22+00:00,"💃 Why settle for ordinary when you can rock the extraordinary? Introducing our *50% Isn't Average, It's 100 Proof* Women's Relaxed V-Neck T-Shirt! 🥳✨ Made from the softest fabric, it’s designed to hug you in all the right places while keeping it effortlessly stylish. Pair it with your favorite jeans or throw it on for a cozy night in—comfort never looked this good! ☁️👌 At just $27.99, it’s the perfect addition to your wardrobe that exudes confidence and charm. You’ll want one in every color—trust us on this one. 😉💖 #WomensFashion #OOTD #TshirtWeather #StyleInspiration #ConfidenceWear #CasualChic #FashionFinds #WardrobeEssentials #ComfortFirst #FashionAddict Shop Now",True,English
Instagram,"Elevate your style with the Olivia's Crossroads Seamed Cowl Neck Blouse by LIV HABITAT. 🌿👗 This elegant lavender piece seamlessly transitions from day to night, offering the perfect mix of comfort and sophistication. With its relaxed fit and seaming details, it's a must-have in every fashionista's wardrobe. Ready to turn heads? Discover yours today: https://shortlink.store/oilhuh38rfx- #FashionForward #StyleInspo #CowlNeckBlouse #LavenderLove #ChicAndComfy #OOTD #WardrobeStaple #Fashionista #DayToNight #EffortlessStyle #Trendy #FashionAddict #WomenWhoWear #FashionBlogger #OutfitInspo #SeamlessStyle #FashionGoals #WardrobeGoals #ShopNow #LIVHABITAT",0,0,0,0,2026-04-27 13:33:56+00:00,"Elevate your style with the Olivia's Crossroads Seamed Cowl Neck Blouse by LIV HABITAT. 🌿👗 This elegant lavender piece seamlessly transitions from day to night, offering the perfect mix of comfort and sophistication. With its relaxed fit and seaming details, it's a must-have in every fashionista's wardrobe. Ready to turn heads? Discover yours today: #FashionForward #StyleInspo #CowlNeckBlouse #LavenderLove #ChicAndComfy #OOTD #WardrobeStaple #Fashionista #DayToNight #EffortlessStyle #Trendy #FashionAddict #WomenWhoWear #FashionBlogger #OutfitInspo #SeamlessStyle #FashionGoals #WardrobeGoals #ShopNow #LIVHABITAT",True,English
Instagram,"Stella McCartney Leopard Cat Eye Sunglasses 👇

✨Enjoy Extra 10% off at Letaystore.com 

#fashion #style #instagood #trendylook #trendystyle #trendyclothes #fashionaddicts #fashionistastyle #instashop #clothingstore #instashopping #clothingbrand #clothing #poshmark #ebay #mercari #outfitideas #fashionaddict #streetwear #apparel https://letaystore.com/products/stella-mccartney-leopard-cat-eye-sunglasses",0,0,0,0,2026-04-27 13:26:37+00:00,Stella McCartney Leopard Cat Eye Sunglasses 👇 ✨Enjoy Extra 10% off at Letaystore.com #fashion #style #instagood #trendylook #trendystyle #trendyclothes #fashionaddicts #fashionistastyle #instashop #clothingstore #instashopping #clothingbrand #clothing #poshmark #ebay #mercari #outfitideas #fashionaddict #streetwear #apparel,True,English
Instagram,"Exquisite! Captivating! Elevate your style with Professional Botax Anti-Aging Face Cream - Retinol Wrinkle Reduction & Skin Tightening, available for a limited time at the incredible price of €8.22
#streetstyle #vintagevibes #sustainablefashion #fashionblogger #outfitideas #trendyfashion #fashionista #fashionaddict #elegantwear #minimalistfashion",0,0,0,0,2026-04-27 13:25:53+00:00,"Exquisite! Captivating! Elevate your style with Professional Botax Anti-Aging Face Cream - Retinol Wrinkle Reduction & Skin Tightening, available for a limited time at the incredible price of €8.22 #streetstyle #vintagevibes #sustainablefashion #fashionblogger #outfitideas #trendyfashion #fashionista #fashionaddict #elegantwear #minimalistfashion",True,English
Instagram,"Ready to elevate your style game? ✨

Our Deep Teal Wide Leg Drawstring Pants are not just a fashion statement; they're the epitome of comfort and versatility! 💙 With a stunning deep teal hue, these pants flow beautifully with every step, allowing you to express your unique personality. Perfect for a relaxed day at home or a chic night out, their adjustable drawstring makes styling effortless. 👖✨ 

Feel the confidence that comes with perfect fit and fabulous style! Grab yours today for just $45.00! 🛍️ 

#FashionInspo #WideLegPants #ComfortStyle #TealTrend #OOTD #StreetStyle #ChicFashion #CasualVibes #FashionAddict #StyleGoals #opaltides #opaltidesfl",1,1,0,0,2026-04-27 13:17:39+00:00,"Ready to elevate your style game? ✨ Our Deep Teal Wide Leg Drawstring Pants are not just a fashion statement; they're the epitome of comfort and versatility! 💙 With a stunning deep teal hue, these pants flow beautifully with every step, allowing you to express your unique personality. Perfect for a relaxed day at home or a chic night out, their adjustable drawstring makes styling effortless. 👖✨ Feel the confidence that comes with perfect fit and fabulous style! Grab yours today for just $45.00! 🛍️ #FashionInspo #WideLegPants #ComfortStyle #TealTrend #OOTD #StreetStyle #ChicFashion #CasualVibes #FashionAddict #StyleGoals #opaltides #opaltidesfl",True,English
Instagram,"Louboutin Sneakers
Off white mesh, leather with GHW
Condition: 9.8/10 - never worn 
Size: 35
Includes dust bag
OUR PRICE: $350 CAD
———————————————————

🌟DCG LAST CALL makes no claims to be affiliated with the designer brands posted on this page. We are an online business that prides itself in connecting buyers and sellers with authentic preloved designer items only. The ownership of any trademarks connected to products sold on this page are reserved to the original brand owner.🌟

.
.
.
.#lastcall #designerdeals#torontoconsignment #fashionaddict #designersneakers",1,0,0,0,2026-04-27 13:06:55+00:00,"Louboutin Sneakers Off white mesh, leather with GHW Condition: 9.8/10 - never worn Size: 35 Includes dust bag OUR PRICE: $350 CAD ——————————————————— 🌟DCG LAST CALL makes no claims to be affiliated with the designer brands posted on this page. We are an online business that prides itself in connecting buyers and sellers with authentic preloved designer items only. The ownership of any trademarks connected to products sold on this page are reserved to the original brand owner.🌟 . . . .#lastcall #designerdeals#torontoconsignment #fashionaddict #designersneakers",True,English
Instagram,"বিচিত্র পরিধান  এ এখন পেয়ে যাচ্ছেন সুন্দর সুন্দর গাজরা ব্রেসলেট 😍 মাত্র ৬০০৳ 
আপনার সব রকমের ড্রেস,শাড়ি সাথে পরতে পারবেন।
সব রকমের কালার পেয়ে যাবেন আমাদের কাছে।
#TraditionalWithStyle #fashionaddict #handmadebangles #BudgetFriendlyFashion #trendyjewelry",0,0,0,0,2026-04-27 12:59:26+00:00,"বিচিত্র পরিধান এ এখন পেয়ে যাচ্ছেন সুন্দর সুন্দর গাজরা ব্রেসলেট 😍 মাত্র ৬০০৳ আপনার সব রকমের ড্রেস,শাড়ি সাথে পরতে পারবেন। সব রকমের কালার পেয়ে যাবেন আমাদের কাছে। #TraditionalWithStyle #fashionaddict #handmadebangles #BudgetFriendlyFashion #trendyjewelry",True,Nepali
Instagram,"Designed and stitched by ns tailor🪡🧵
. 
. 
. 
. 
. 
. 
. 
. 
. 
. 
#fasihon #fashionstyle #fashiondesigner #fashionaddict #nstailor",7,1,0,0,2026-04-27 12:58:28+00:00,Designed and stitched by ns tailor🪡🧵 . . . . . . . . . . #fasihon #fashionstyle #fashiondesigner #fashionaddict #nstailor,True,English
Instagram,"Hai una cerimonia o un evento speciale in programma? 🎉 È il momento di scegliere il tessuto giusto per distinguerti con eleganza. Il tessuto Mikado è la soluzione perfetta per creare capi raffinati, ideali sia per il giorno che per la sera. Si distingue per il suo aspetto semilucido e per la sua struttura con delicati rilievi diagonali che donano carattere e personalità ad ogni creazione ✨. Ideale per realizzare abiti da sposa e da damigella, tubini, gonne e giacche dal taglio sofisticato 😍. Disponibile a €11,00 al metro in altezza 145 cm 🤍.
.
.
.
#giessescampoli #sartoria #scampoli #ideecreative #cucito #cucitocreativo #sew #sewing #sewingproject #fashionsewing #sewingwithlove #diy #doityourself #fattoamano #faidate #primaveraestate #fashion #fashionaddict #getinspired #inspiration #creazioni #style #tessutiametro #tessutiabbigliamento #tessutiabbigliamento #tessutiarredo #primavera2026",7,0,0,0,2026-04-27 12:56:53+00:00,"Hai una cerimonia o un evento speciale in programma? 🎉 È il momento di scegliere il tessuto giusto per distinguerti con eleganza. Il tessuto Mikado è la soluzione perfetta per creare capi raffinati, ideali sia per il giorno che per la sera. Si distingue per il suo aspetto semilucido e per la sua struttura con delicati rilievi diagonali che donano carattere e personalità ad ogni creazione ✨. Ideale per realizzare abiti da sposa e da damigella, tubini, gonne e giacche dal taglio sofisticato 😍. Disponibile a €11,00 al metro in altezza 145 cm 🤍. . . . #giessescampoli #sartoria #scampoli #ideecreative #cucito #cucitocreativo #sew #sewing #sewingproject #fashionsewing #sewingwithlove #diy #doityourself #fattoamano #faidate #primaveraestate #fashion #fashionaddict #getinspired #inspiration #creazioni #style #tessutiametro #tessutiabbigliamento #tessutiabbigliamento #tessutiarredo #primavera2026",True,English
Instagram,"Les beaux jours sont définitivement de retour et l’hiver derrière nous ! 🌞
Pour quelle paire vous craquez ?🤭

#shoes #fashionaddict",5,0,0,0,2026-04-27 12:54:50+00:00,Les beaux jours sont définitivement de retour et l’hiver derrière nous ! 🌞 Pour quelle paire vous craquez ?🤭 #shoes #fashionaddict,True,English
Instagram,"REJOICE - I'll never forget the day a customer said, ""This watch changed my life"" 😭✨

The CAMLDS Rolex isn’t just a timepiece; it’s a statement. Elevate your style and feel that luxury embrace your wrist, all for just ₦8,000! Your moment of glow-up is here!

Grab yours NOW before they’re gone! ⏳💖

#SobrizFashion #CAMLDSRolex #LuxuryWatches #NigeriaFashion #LagosStyle #FashionGoals #WristGameStrong #AbujaTrends #ShopNow #FashionAddict #OOTD #WomenInFashion #StyleInspo #LuxuryLife #TrendAlert #Fashionista #Nigeria #SupportLocal",0,0,0,0,2026-04-27 12:50:55+00:00,"REJOICE - I'll never forget the day a customer said, ""This watch changed my life"" 😭✨ The CAMLDS Rolex isn’t just a timepiece; it’s a statement. Elevate your style and feel that luxury embrace your wrist, all for just ₦8,000! Your moment of glow-up is here! Grab yours NOW before they’re gone! ⏳💖 #SobrizFashion #CAMLDSRolex #LuxuryWatches #NigeriaFashion #LagosStyle #FashionGoals #WristGameStrong #AbujaTrends #ShopNow #FashionAddict #OOTD #WomenInFashion #StyleInspo #LuxuryLife #TrendAlert #Fashionista #Nigeria #SupportLocal",True,English
Instagram,"""Art you can't hang on a wall""#fashionaddict",4,0,0,0,2026-04-27 12:44:36+00:00,"""Art you can't hang on a wall""#fashionaddict",True,English
Instagram,"3PF

.
.
#newpost 
#ootd 
#viral 
#fashionaddict 
#fypppppppppppppppppppppppppppppppppppppppppppppppppppppppppppppppppppppp

Ft.Awarapan",2,0,0,0,2026-04-27 12:40:34+00:00,3PF . . #newpost #ootd #viral #fashionaddict #fypppppppppppppppppppppppppppppppppppppppppppppppppppppppppppppppppppppp Ft.Awarapan,True,English
Instagram,"Dettagli che fanno la differenza. 🖤✨

Il set portafoglio + pochette uomo in pelle saffiano firmato John Richmond unisce estetica e praticità in un equilibrio perfetto.

Linee moderne, finiture curate e una texture iconica che dona carattere ad ogni look, dal più casual al più elegante.

Per chi sceglie accessori che parlano di stile, sicurezza e personalità.

📍 Centro Commerciale Centro Sicilia

#modauomo #modadonna #fashionitalia #stileitaliano #accessori #uomodistile #donnadistile #fashionstyle #outfitinspiration #lookdelgiorno #instafashion #styleinspo #eleganza #urbanstyle #minimalstyle #luxurylook #trenduomo #trenddonna #modaitaliana #shoppingtime #centrosicilia #cataniafashion #fashionlover #outfitideas #styleblogger #lookperfetto #fashionaddict #modernstyle #dailylook #brandlover",1,0,0,0,2026-04-27 12:37:44+00:00,"Dettagli che fanno la differenza. 🖤✨ Il set portafoglio + pochette uomo in pelle saffiano firmato John Richmond unisce estetica e praticità in un equilibrio perfetto. Linee moderne, finiture curate e una texture iconica che dona carattere ad ogni look, dal più casual al più elegante. Per chi sceglie accessori che parlano di stile, sicurezza e personalità. 📍 Centro Commerciale Centro Sicilia #modauomo #modadonna #fashionitalia #stileitaliano #accessori #uomodistile #donnadistile #fashionstyle #outfitinspiration #lookdelgiorno #instafashion #styleinspo #eleganza #urbanstyle #minimalstyle #luxurylook #trenduomo #trenddonna #modaitaliana #shoppingtime #centrosicilia #cataniafashion #fashionlover #outfitideas #styleblogger #lookperfetto #fashionaddict #modernstyle #dailylook #brandlover",True,English
Instagram,"Unleash your inner hip-hop enthusiast! 🌟

Step into the past with our JD Vance Rap Icons Collage T-Shirt 🎤👕. This Retro Hip Hop Portrait Tee combines iconic artistry with soft, breathable fabric, making it perfect for cozy hangouts or lively concerts. Wear it with confidence and let your style say it all! The vibrant colors and stunning design will surely evoke nostalgia and spark conversations. 🌈✨

Hurry, only a few left at just $27.05! 🔥 Don't miss your chance to own a piece of hip hop history! 

#HipHopFashion #RetroTees #StreetWear #MusicLovers #TshirtDesign #UrbanStyle #RapCulture #FashionAddict #MemesToFashion #StyleInspo

Shop Now https://www.etsy.com/listing/4487093905/jd-vance-rap-icons-collage-t-shirt-retro",1,0,0,0,2026-04-27 12:37:03+00:00,"Unleash your inner hip-hop enthusiast! 🌟 Step into the past with our JD Vance Rap Icons Collage T-Shirt 🎤👕. This Retro Hip Hop Portrait Tee combines iconic artistry with soft, breathable fabric, making it perfect for cozy hangouts or lively concerts. Wear it with confidence and let your style say it all! The vibrant colors and stunning design will surely evoke nostalgia and spark conversations. 🌈✨ Hurry, only a few left at just $27.05! 🔥 Don't miss your chance to own a piece of hip hop history! #HipHopFashion #RetroTees #StreetWear #MusicLovers #TshirtDesign #UrbanStyle #RapCulture #FashionAddict #MemesToFashion #StyleInspo Shop Now",True,English
Instagram,"Farshi Shalwar Embroidered 2P Dress
Fabric : Lawn
Color : Pink
Size: S
Price : 4700 PKR.

#WomensFashion #OOTD #StyleInspo #FashionAddict #newcollection #newinstyle #InstaFashion #StreetStyle #FashionGoals #ChicStyle #FashionTrends #TrendAlert #SustainableFashion #MinimalStyle #BohoStyle #GlamStyle #LuxuryStyle #EverydayStyle #ShopNow #SupportSmallBusiness #OnlineBoutique #StyleDelivered #NewArrival #FashionSale #ShopTheLook #WomensWear",2,1,0,0,2026-04-27 12:28:46+00:00,Farshi Shalwar Embroidered 2P Dress Fabric : Lawn Color : Pink Size: S Price : 4700 PKR. #WomensFashion #OOTD #StyleInspo #FashionAddict #newcollection #newinstyle #InstaFashion #StreetStyle #FashionGoals #ChicStyle #FashionTrends #TrendAlert #SustainableFashion #MinimalStyle #BohoStyle #GlamStyle #LuxuryStyle #EverydayStyle #ShopNow #SupportSmallBusiness #OnlineBoutique #StyleDelivered #NewArrival #FashionSale #ShopTheLook #WomensWear,True,English
Instagram,"Farshi Shalwar Embroidered 2P Dress
Fabric : Lawn
Color : Blue-grey
Size: S
Price : 4700 PKR.

#WomensFashion #OOTD #StyleInspo #FashionAddict #newcollection #newinstyle #InstaFashion #StreetStyle #FashionGoals #ChicStyle #FashionTrends #TrendAlert #SustainableFashion #MinimalStyle #BohoStyle #GlamStyle #LuxuryStyle #EverydayStyle #ShopNow #SupportSmallBusiness #OnlineBoutique #StyleDelivered #NewArrival #FashionSale #ShopTheLook #WomensWear",2,0,0,0,2026-04-27 12:26:22+00:00,Farshi Shalwar Embroidered 2P Dress Fabric : Lawn Color : Blue-grey Size: S Price : 4700 PKR. #WomensFashion #OOTD #StyleInspo #FashionAddict #newcollection #newinstyle #InstaFashion #StreetStyle #FashionGoals #ChicStyle #FashionTrends #TrendAlert #SustainableFashion #MinimalStyle #BohoStyle #GlamStyle #LuxuryStyle #EverydayStyle #ShopNow #SupportSmallBusiness #OnlineBoutique #StyleDelivered #NewArrival #FashionSale #ShopTheLook #WomensWear,True,English
Instagram,"Aeva’s beautiful 19th birthday cake 🤍✨

Soft, elegant, and full of delicate detail — this two-tier beauty is finished in smooth ivory buttercream, dressed with intricate vintage-style piping and the prettiest sage green ribbon bows cascading all the way around. Tiny blush florals add just the right touch of sweetness, bringing everything together so effortlessly.

A timeless design with a modern twist… perfect for celebrating such a special birthday 💫

Happy 19th, Aeva! I hope your day was as gorgeous as your cake 🎂💕

#VintageCake #ButtercreamBeauty #BirthdayCake #ElegantCakes #19thBirthday CakeDesign HandmadeWithLove",0,0,0,0,2026-04-27 13:41:40+00:00,"Aeva’s beautiful 19th birthday cake 🤍✨ Soft, elegant, and full of delicate detail — this two-tier beauty is finished in smooth ivory buttercream, dressed with intricate vintage-style piping and the prettiest sage green ribbon bows cascading all the way around. Tiny blush florals add just the right touch of sweetness, bringing everything together so effortlessly. A timeless design with a modern twist… perfect for celebrating such a special birthday 💫 Happy 19th, Aeva! I hope your day was as gorgeous as your cake 🎂💕 #VintageCake #ButtercreamBeauty #BirthdayCake #ElegantCakes #19thBirthday CakeDesign HandmadeWithLove",True,English
Instagram,Happy happy birthday to my small but terrible 3rd siblings😘😘❤️❤️🎂 ang masasabi ko lang lagot ka sa akin mamaya hahah joke lang😂😂 ang palaging paalala ng isang magulang❤️ tapusin ang pag aaral❤️ period😊 #birtdaygirl #my3rdchild #19thbirthday #fblifestyle #highlightseveryone,0,0,0,0,2026-04-27 04:44:08+00:00,Happy happy birthday to my small but terrible 3rd siblings😘😘❤️❤️🎂 ang masasabi ko lang lagot ka sa akin mamaya hahah joke lang😂😂 ang palaging paalala ng isang magulang❤️ tapusin ang pag aaral❤️ period😊 #birtdaygirl #my3rdchild #19thbirthday #fblifestyle #highlightseveryone,True,English
Instagram,"the teen final season: nineteen🌊🐚☁️
pic credits :-@vikshabhatt
.
.
.
.
.
.
.
.
.
[19th birthday, birthday posts, viral, fyp, ahemdabad ni gufa, explorepage, last teenage year, trending, ]
#19thbirthday #birthdaypost #blueandwhite #fyp #explorepageviral",131,34,0,0,2026-04-26 08:19:26+00:00,"the teen final season: nineteen🌊🐚☁️ pic credits :- . . . . . . . . . [19th birthday, birthday posts, viral, fyp, ahemdabad ni gufa, explorepage, last teenage year, trending, ] #19thbirthday #birthdaypost #blueandwhite #fyp #explorepageviral",True,English
Instagram,"This look>>>>

#batasialoop #darjeeling #lepchajagat #nepaliattire #trendingnow",-1,22,0,0,2026-04-23 13:51:34+00:00,This look>>>> #batasialoop #darjeeling #lepchajagat #nepaliattire #trendingnow,True,English
Instagram,"Being magarni(jhorley)❣️🇳🇵🤧
.
.
.
#fypppppppppppppppシ゚viral #nepaliattire#magarni",57,8,0,0,2026-04-18 14:02:16+00:00,Being magarni(jhorley)❣️🇳🇵🤧 . . . #fypppppppppppppppシ゚viral #nepaliattire#magarni,True,English
Instagram,"❤️🦋

#nepaliattire #fyp #insta",186,5,0,0,2026-04-15 08:35:03+00:00,❤️🦋 #nepaliattire #fyp #insta,True,English
Instagram,"In love with this attire❤️

#nepaliattire #fyp",94,2,0,0,2026-04-14 05:21:05+00:00,In love with this attire❤️ #nepaliattire #fyp,True,English
Instagram,"🦚

#autumnishere #nepaliattire #moderntouch #explore #fyp",88,4,0,0,2026-04-12 05:32:35+00:00,🦚 #autumnishere #nepaliattire #moderntouch #explore #fyp,True,English
Instagram,"Nepali attire, timeless grace

#NepaliDress #NepaliAttire #Tradition #Culture #Nepal DhakaSaree DauraSuruwal EthnicWear ProudNepali NepaliFashion",25,3,0,0,2026-04-11 12:57:28+00:00,"Nepali attire, timeless grace #NepaliDress #NepaliAttire #Tradition #Culture #Nepal DhakaSaree DauraSuruwal EthnicWear ProudNepali NepaliFashion",True,English
Instagram,"❤️✨
.
.
.
.
#mirik #miriklake #darjeeling #nepaliattire #travel",75,6,0,0,2026-04-07 14:09:03+00:00,❤️✨ . . . . #mirik #miriklake #darjeeling #nepaliattire #travel,True,English
Instagram,"And she couldn't choose one…🌻

#nepaliattire #miriklake #tinchuleypeak #fypagee",-1,18,0,0,2026-04-07 11:23:56+00:00,And she couldn't choose one…🌻 #nepaliattire #miriklake #tinchuleypeak #fypagee,True,English
Instagram,"In my fav attire🫶🏻✨
#instagram #nepaliattire #instapost",-1,41,0,0,2026-04-06 14:32:52+00:00,In my fav attire🫶🏻✨ #instagram #nepaliattire #instapost,True,English
Instagram,"❤️‍🩹

#nepaliattire #fyp #instagood #trending#instalove",160,25,0,0,2026-04-06 12:35:52+00:00,❤️‍🩹 #nepaliattire #fyp #instagood #trending#instalove,True,English
Instagram,"Pleats, grace, and Nepali vibes. 💫
.
..
…
….
#NepaliSaree #NepaliAttire #Nepal #fypviralinstagram #CulturalAppreciation",205,0,0,0,2026-04-05 13:21:16+00:00,"Pleats, grace, and Nepali vibes. 💫 . .. … …. #NepaliSaree #NepaliAttire #Nepal #fypviralinstagram #CulturalAppreciation",True,English
Instagram,"🌸💕

#nepaliattire #traditional #trending #fyp #explore",195,34,0,0,2026-03-29 16:02:10+00:00,🌸💕 #nepaliattire #traditional #trending #fyp #explore,True,English
Instagram,"Draped In Nepali Attire..!🤌
.
.
.
.
.
.
.
#mountain #nature #nepaliattire #goodvibes #solo",30,6,0,0,2026-03-28 14:23:28+00:00,Draped In Nepali Attire..!🤌 . . . . . . . #mountain #nature #nepaliattire #goodvibes #solo,True,English
Instagram,"Ramri nai xu phool vhanda🙈❤️

#nepaligirl🇳🇵
#nepaliattire #postviral #explorepage✨",161,17,0,0,2026-03-23 16:13:03+00:00,Ramri nai xu phool vhanda🙈❤️ #nepaligirl🇳🇵 #nepaliattire #postviral #explorepage✨,True,English
Instagram,"😌❤️‍🩹
.

.

.

.

#new #nepaliattire #explorepage",-1,0,0,0,2026-03-23 12:54:20+00:00,😌❤️‍🩹 . . . . #new #nepaliattire #explorepage,True,English
Instagram,"💙

#traditional #nepaliattire #fyp #instalike",216,49,0,0,2026-03-21 16:36:59+00:00,💙 #traditional #nepaliattire #fyp #instalike,True,English
Instagram,"Sharp Aura 😎

📸 श्रीमती @nishaa_khadkaa 

#sharp #boldlooks #nepaliattire",77,6,0,0,2026-03-21 10:09:46+00:00,Sharp Aura 😎 📸 श्रीमती #sharp #boldlooks #nepaliattire,True,Nepali
Instagram,"Eighteenth Birthday Bouquet🤍🎉

DM to order💌 

#bouquet #18thbirthday #_bespokecreations",2,1,0,0,2026-04-27 13:28:30+00:00,Eighteenth Birthday Bouquet🤍🎉 DM to order💌 #bouquet #18thbirthday #_bespokecreations,True,English
Instagram,"✨ Turning 18 is a monumental moment—let's celebrate it in style! 🎉

The Beistle 18th Cascade Centerpiece is the perfect addition to your birthday bash. With its vibrant colors and sparkling design, it not only catches the eye but also captures the joy of this special age! Whether it's a grand party or an intimate gathering, elevate your festivities and create unforgettable memories. 🌟

Don’t let this centerpiece be the one that got away—snatch it up before it disappears! 😉 

#18thBirthday #PartySupplies #CelebrateInStyle #BirthdayBash #BirthdayDecor #EventPlanning #PartyInspiration #FestiveVibes #CenterpieceIdeas #MemorableMoments #bargainsdelivered",0,0,0,0,2026-04-27 13:22:42+00:00,"✨ Turning 18 is a monumental moment—let's celebrate it in style! 🎉 The Beistle 18th Cascade Centerpiece is the perfect addition to your birthday bash. With its vibrant colors and sparkling design, it not only catches the eye but also captures the joy of this special age! Whether it's a grand party or an intimate gathering, elevate your festivities and create unforgettable memories. 🌟 Don’t let this centerpiece be the one that got away—snatch it up before it disappears! 😉 #18thBirthday #PartySupplies #CelebrateInStyle #BirthdayBash #BirthdayDecor #EventPlanning #PartyInspiration #FestiveVibes #CenterpieceIdeas #MemorableMoments #bargainsdelivered",True,English
Instagram,"Turning 18, but make it unforgettable ✨🌸
From the blush draping to the gold accents and florals, every detail was designed to celebrate this milestone in style.

Because moments like this deserve more than just a party; they deserve an experience.

Planning your next event? Let’s bring your vision to life 💫
#EventDesign #EventPlanner #18thBirthday #LuxuryEvents #bayarea",4,0,0,0,2026-04-27 13:10:14+00:00,"Turning 18, but make it unforgettable ✨🌸 From the blush draping to the gold accents and florals, every detail was designed to celebrate this milestone in style. Because moments like this deserve more than just a party; they deserve an experience. Planning your next event? Let’s bring your vision to life 💫 #EventDesign #EventPlanner #18thBirthday #LuxuryEvents #bayarea",True,English
Instagram,"Filha, chegou a hora de receber a vida adulta de braços abertos e com um sorriso no rosto. Hoje você completa 18 anos e sei que há muito tempo faz planos para esta fase linda da vida.

Você sabe quais sãos os seus sonhos e como fará para alcançá-los sem deixar de lado seu caráter e jeito de ser. Eu acredito em você e sei que não vai demorar para ter tudo que sempre quis.

Enquanto o futuro não chega, viva o hoje como se não houvesse amanhã. Amo você, filha! Parabéns!
 
#felizaniversariofilhaamada❤️
#18anoschegou🎂🎉🙌#18thbirthday#18anosfilha❤️🥰😍",14,0,0,0,2026-04-27 13:09:27+00:00,"Filha, chegou a hora de receber a vida adulta de braços abertos e com um sorriso no rosto. Hoje você completa 18 anos e sei que há muito tempo faz planos para esta fase linda da vida. Você sabe quais sãos os seus sonhos e como fará para alcançá-los sem deixar de lado seu caráter e jeito de ser. Eu acredito em você e sei que não vai demorar para ter tudo que sempre quis. Enquanto o futuro não chega, viva o hoje como se não houvesse amanhã. Amo você, filha! Parabéns! #felizaniversariofilhaamada❤️ #18anoschegou🎂🎉🙌#18thbirthday#18anosfilha❤️🥰😍",True,English
Instagram,"Upto 100 guests
Party in style .#essexevents #marqueehire #partyplanner #dancefloorhire #18thbirthday",0,0,0,0,2026-04-27 12:44:46+00:00,Upto 100 guests Party in style .#essexevents #marqueehire #partyplanner #dancefloorhire #18thbirthday,True,English
Instagram,"✨ Orchid Nepal Collection ✨
💰 Price: RS 3700
Elegant Satin Saree crafted for a rich, statement look 💃
👗 Saree: Satin with multi sequin embroidery (C-pallu design)
👚 Blouse: Fully stitched satin with sequin embroidery & lace (fits 38–42)
📦 Ready to dispatch
🚚 Delivery all over Nepal & worldwide
#OrchidNepal #OrchidNepalCollection #SareeNepal #PartyWearNepal #EthnicWearNepal ✨",-1,0,0,0,2026-04-27 11:08:31+00:00,"✨ Orchid Nepal Collection ✨ 💰 Price: RS 3700 Elegant Satin Saree crafted for a rich, statement look 💃 👗 Saree: Satin with multi sequin embroidery (C-pallu design) 👚 Blouse: Fully stitched satin with sequin embroidery & lace (fits 38–42) 📦 Ready to dispatch 🚚 Delivery all over Nepal & worldwide #OrchidNepal #OrchidNepalCollection #SareeNepal #PartyWearNepal #EthnicWearNepal ✨",True,English
Instagram,"✨ Orchid Nepal Collection ✨
💰 Price: RS 3050
Elegant Satin Saree perfect for festive & party wear 💃
👗 Saree: Satin with sequin butti & lace border detailing
👚 Blouse: Matching satin with sequin butti
📦 Ready to dispatch
🚚 Delivery all over Nepal & worldwide
#OrchidNepal #OrchidNepalCollection #SareeNepal #FestiveWearNepal #EthnicWearNepal ✨",-1,0,0,0,2026-04-25 17:11:29+00:00,✨ Orchid Nepal Collection ✨ 💰 Price: RS 3050 Elegant Satin Saree perfect for festive & party wear 💃 👗 Saree: Satin with sequin butti & lace border detailing 👚 Blouse: Matching satin with sequin butti 📦 Ready to dispatch 🚚 Delivery all over Nepal & worldwide #OrchidNepal #OrchidNepalCollection #SareeNepal #FestiveWearNepal #EthnicWearNepal ✨,True,English
Instagram,"✨ Orchid Nepal Collection ✨
💰 Price: RS 3050
Rich Dual Shade Satin Saree that catches light like liquid gold ✨
👗 Saree: Space satin with dual-shade finish & full sequin embroidery
👚 Blouse: Running blouse
🎨 Colours: Multiple vibrant options (as shown)
📦 Ready stock available
🚚 Delivery all over Nepal & worldwide
#OrchidNepal #OrchidNepalCollection #SareeNepal #PartyWearNepal #EthnicWearNepal ✨",-1,0,0,0,2026-04-23 03:49:44+00:00,✨ Orchid Nepal Collection ✨ 💰 Price: RS 3050 Rich Dual Shade Satin Saree that catches light like liquid gold ✨ 👗 Saree: Space satin with dual-shade finish & full sequin embroidery 👚 Blouse: Running blouse 🎨 Colours: Multiple vibrant options (as shown) 📦 Ready stock available 🚚 Delivery all over Nepal & worldwide #OrchidNepal #OrchidNepalCollection #SareeNepal #PartyWearNepal #EthnicWearNepal ✨,True,English
Instagram,"Drape yourself in timeless elegance ✨

#Saaranz
#NepalFashion
#SareeNepal
#NepalBoutique
NepalShopping",9,0,0,0,2026-04-22 14:58:21+00:00,Drape yourself in timeless elegance ✨ #Saaranz #NepalFashion #SareeNepal #NepalBoutique NepalShopping,True,English
Instagram,"https://www.tiktok.com/@dnsfashionstore

Offer ✨ Offer ✨ Offer ✨
☆ अडर को लागि Messenger / WhatsApp/ Instagram मा गएर आफ्नो ठेगाना र फोन नम्बर  दिनुहोला ।
✅ नेपालैभरी नै Delivery ब्यबस्था छ ।

Location : Sukedhara chock, near Elite Petrol Pump, Kathmandu.
Shop Name :DNS Fashion Store 
Contact :  9841985346 , 9803030899

#SareeCollection #SareeDesign #OnlineShopping #KurthaFashion #SareeNepal 🛍️🇳🇵",3,1,0,0,2026-04-20 17:08:38+00:00,"Offer ✨ Offer ✨ Offer ✨ ☆ अडर को लागि Messenger / WhatsApp/ Instagram मा गएर आफ्नो ठेगाना र फोन नम्बर दिनुहोला । ✅ नेपालैभरी नै Delivery ब्यबस्था छ । Location : Sukedhara chock, near Elite Petrol Pump, Kathmandu. Shop Name :DNS Fashion Store Contact : 9841985346 , 9803030899 #SareeCollection #SareeDesign #OnlineShopping #KurthaFashion #SareeNepal 🛍️🇳🇵",True,Nepali
Instagram,"GIVEAWAY ALERRT
(5 Winners)

Steps to follow:
- Follow
- Like the post
- Tag/mention any 5 friends

Valid till : 2nd May 2026

Winners will be announced on 4th May 2026

The best quality Japanese LUNGI with gold 🧡 
MADE IN JAPAN🇯🇵

DETAILS:
1️⃣Size: 200*110cm(can be 120cm)
2️⃣Weight: 150g/m
3️⃣Type: Sheeting
4️⃣Made in Japan
5️⃣Material: 100% cotton

🎁Wholesale available
🎁Discount available

ORDER NOW:
🌐DM us
🌐014521647

🚚Delivery available all over Nepal

______

🇳🇵 Store Location (Nepal):
📍 Kalopul Chowk
🕜 Opening Hours: 10 AM - 6 PM
📆 Open Everyday

_____

#wagaralungi 
#pabiscollection 
#lungi 
#clothingnepal 
#sareenepal",188,303,0,0,2026-04-18 10:34:02+00:00,GIVEAWAY ALERRT (5 Winners) Steps to follow: - Follow - Like the post - Tag/mention any 5 friends Valid till : 2nd May 2026 Winners will be announced on 4th May 2026 The best quality Japanese LUNGI with gold 🧡 MADE IN JAPAN🇯🇵 DETAILS: 1️⃣Size: 200*110cm(can be 120cm) 2️⃣Weight: 150g/m 3️⃣Type: Sheeting 4️⃣Made in Japan 5️⃣Material: 100% cotton 🎁Wholesale available 🎁Discount available ORDER NOW: 🌐DM us 🌐014521647 🚚Delivery available all over Nepal ______ 🇳🇵 Store Location (Nepal): 📍 Kalopul Chowk 🕜 Opening Hours: 10 AM - 6 PM 📆 Open Everyday _____ #wagaralungi #pabiscollection #lungi #clothingnepal #sareenepal,True,English
Instagram,"✨ Orchid Nepal Collection ✨
💰 Price: RS 3360
Elegant Space Silk Saree perfect for festive & graceful occasions 💃
👗 Saree: Space silk with beautiful handwork all over
👚 Blouse: Running blouse with handwork
📦 Ready to dispatch
🚚 Delivery all over Nepal & worldwide
#OrchidNepal #OrchidNepalCollection #SareeNepal #FestiveWearNepal #EthnicWearNepal ✨",-1,0,0,0,2026-04-16 08:39:23+00:00,✨ Orchid Nepal Collection ✨ 💰 Price: RS 3360 Elegant Space Silk Saree perfect for festive & graceful occasions 💃 👗 Saree: Space silk with beautiful handwork all over 👚 Blouse: Running blouse with handwork 📦 Ready to dispatch 🚚 Delivery all over Nepal & worldwide #OrchidNepal #OrchidNepalCollection #SareeNepal #FestiveWearNepal #EthnicWearNepal ✨,True,English
Instagram,"✨ Orchid Nepal Collection ✨
💰 Price: RS 3860
Elegant Satin Saree crafted for rich festive & party wear 💃
👗 Saree: Fendy satin with 3mm sequins embroidery border & butti work
👚 Blouse: Fully stitched with heavy embroidery & lace (fits up to 42)
🎨 Colours: 6 options
📦 Ready stock available
🚚 Delivery all over Nepal & worldwide
#OrchidNepal #OrchidNepalCollection #SareeNepal #FestiveWearNepal #EthnicWearNepal ✨",-1,1,0,0,2026-04-15 02:32:09+00:00,✨ Orchid Nepal Collection ✨ 💰 Price: RS 3860 Elegant Satin Saree crafted for rich festive & party wear 💃 👗 Saree: Fendy satin with 3mm sequins embroidery border & butti work 👚 Blouse: Fully stitched with heavy embroidery & lace (fits up to 42) 🎨 Colours: 6 options 📦 Ready stock available 🚚 Delivery all over Nepal & worldwide #OrchidNepal #OrchidNepalCollection #SareeNepal #FestiveWearNepal #EthnicWearNepal ✨,True,English
Instagram,"Silver silk saree with mirror work🪞✨
#sareenepal #fyp #trending #tissuesilksaree",4,0,0,0,2026-04-12 14:58:29+00:00,Silver silk saree with mirror work🪞✨ #sareenepal #fyp #trending #tissuesilksaree,True,English
Instagram,"The best quality Japanese LUNGI with gold❤️
MADE IN JAPAN🇯🇵 

🌈DETAILS 
1️⃣ Size: 200*110cm(can be 120cm)
2️⃣ Weight: 150g/m
3️⃣ Type: Sheeting
4️⃣ Made in Japan 
5️⃣ Material: 100% cotton

🎁Wholesale available 
🎁 Discount available 

ORDER NOW:
🌐 DM us
🌐 014521647

🚚 Delivery available all over Nepal

⸻

🇳🇵 Store Location (Nepal):
📍 Kalopul Chowk
🕙 Opening Hours: 10 AM – 6 PM
📅 Open Everyday

⸻

#wagaralungi 
#pabiscollection 
#lungi 
#clothingnepal 
#sareenepal",27,2,0,0,2026-04-12 09:53:37+00:00,The best quality Japanese LUNGI with gold❤️ MADE IN JAPAN🇯🇵 🌈DETAILS 1️⃣ Size: 200*110cm(can be 120cm) 2️⃣ Weight: 150g/m 3️⃣ Type: Sheeting 4️⃣ Made in Japan 5️⃣ Material: 100% cotton 🎁Wholesale available 🎁 Discount available ORDER NOW: 🌐 DM us 🌐 014521647 🚚 Delivery available all over Nepal ⸻ 🇳🇵 Store Location (Nepal): 📍 Kalopul Chowk 🕙 Opening Hours: 10 AM – 6 PM 📅 Open Everyday ⸻ #wagaralungi #pabiscollection #lungi #clothingnepal #sareenepal,True,English
Instagram,"✨ Orchid Nepal Collection ✨
💰 Price: RS 4190
Elegant Satin Saree crafted for rich festive & party wear 💃
👗 Saree: Fendy satin with jacquard weaving, patta detailing & sequence lace border
👚 Blouse: Unstitched with handwork & lace
🎨 Colours: 5 options
📦 Ready to dispatch
🚚 Delivery all over Nepal & worldwide
#OrchidNepal #OrchidNepalCollection #SareeNepal #FestiveWearNepal #EthnicWearNepal ✨",-1,1,0,0,2026-04-11 08:14:17+00:00,"✨ Orchid Nepal Collection ✨ 💰 Price: RS 4190 Elegant Satin Saree crafted for rich festive & party wear 💃 👗 Saree: Fendy satin with jacquard weaving, patta detailing & sequence lace border 👚 Blouse: Unstitched with handwork & lace 🎨 Colours: 5 options 📦 Ready to dispatch 🚚 Delivery all over Nepal & worldwide #OrchidNepal #OrchidNepalCollection #SareeNepal #FestiveWearNepal #EthnicWearNepal ✨",True,English
Instagram,"✨ Elegant Details ✨

Premium saree with blouse 😍
Perfect for party & festive wear 💫

Wine | Black | Teal | Mustard 🎨
Size: 34–44

Limited pieces 🔥

📍6575 E Livingston Ave 
Reynoldsburg, OH 43068
DM to order 📩

#sareenepal #nepalfashion #sareestyle #ethnicwear partywear",6,0,0,0,2026-04-07 13:33:50+00:00,"✨ Elegant Details ✨ Premium saree with blouse 😍 Perfect for party & festive wear 💫 Wine | Black | Teal | Mustard 🎨 Size: 34–44 Limited pieces 🔥 📍6575 E Livingston Ave Reynoldsburg, OH 43068 DM to order 📩 #sareenepal #nepalfashion #sareestyle #ethnicwear partywear",True,English
Instagram,"❤️

#nepali #nepalidress #nepalitradition 
Traditional dress competition 
Beauty pageant 
Miss Duliajan College",62,12,0,0,2026-04-26 16:25:49+00:00,❤️ #nepali #nepalidress #nepalitradition Traditional dress competition Beauty pageant Miss Duliajan College,True,English
Instagram,#traditionaldress #nepalidress #dhakasaree,41,0,0,0,2026-04-26 11:42:04+00:00,#traditionaldress #nepalidress #dhakasaree,True,English
Instagram,"💙 Tradition with a modern touch 💙
This beautiful Gurung/Magar Lehenga Set reflects the rich cultural elegance of Nepal 🇳🇵✨

The outfit features a stylish velvet cholo (top) in deep blue with delicate embroidery, paired with a flowy lehenga skirt designed with subtle patterns and a detailed border that adds a royal finish. The combination creates a perfect balance of tradition and contemporary style ❤️

Perfect for cultural programs, festivals, and special occasions, this look is all about grace and heritage 🌸

💌 DM to order yours now!

#GurungDress #MagarDress #NepaliFashion #EthnicWear #TraditionalLook #LehengaSet #CulturalStyle #FestiveWear #NepaliDress #dmtoorder📩",1,0,0,0,2026-04-26 11:22:37+00:00,"💙 Tradition with a modern touch 💙 This beautiful Gurung/Magar Lehenga Set reflects the rich cultural elegance of Nepal 🇳🇵✨ The outfit features a stylish velvet cholo (top) in deep blue with delicate embroidery, paired with a flowy lehenga skirt designed with subtle patterns and a detailed border that adds a royal finish. The combination creates a perfect balance of tradition and contemporary style ❤️ Perfect for cultural programs, festivals, and special occasions, this look is all about grace and heritage 🌸 💌 DM to order yours now! #GurungDress #MagarDress #NepaliFashion #EthnicWear #TraditionalLook #LehengaSet #CulturalStyle #FestiveWear #NepaliDress #dmtoorder📩",True,English
Instagram,"Tradition that speaks, elegance that stays ✨

We loved collaborating with @phengna_ahnghu 💗

who looked absolutely graceful in our Nepali dress
bringing culture and style together so beautifully. 💫

Now available at Lili Jewels🤍
come visit Lili Jewels store and make it yours. 🎀🌸

#LiliJewels #NepaliDress #VisitUs #TraditionalWear",-1,82,0,0,2026-04-25 15:55:04+00:00,"Tradition that speaks, elegance that stays ✨ We loved collaborating with 💗 who looked absolutely graceful in our Nepali dress bringing culture and style together so beautifully. 💫 Now available at Lili Jewels🤍 come visit Lili Jewels store and make it yours. 🎀🌸 #LiliJewels #NepaliDress #VisitUs #TraditionalWear",True,English
Instagram,"💙 Handwoven Dhaka Sari Cholo Set 💙
Grace meets tradition with this beautifully crafted Premium Dhaka Set, showcasing the rich heritage of Nepali craftsmanship 🇳🇵✨

Made from authentic handwoven Dhaka fabric, this set features a stylish cholo (blouse) paired with an elegant sari, highlighted by traditional patterns and fine detailing. Perfect for cultural events, festive occasions, and special celebrations ❤️

Available in stunning shades of Blue 💙 and Pink 💗

💌 DM to order yours now!

#DhakaSari #DhakaSet #NepaliFashion #Handwoven #EthnicWear #TraditionalLook #NepaliDress #CulturalStyle #FestiveWear #DMToOrder",1,0,0,0,2026-04-25 04:03:41+00:00,"💙 Handwoven Dhaka Sari Cholo Set 💙 Grace meets tradition with this beautifully crafted Premium Dhaka Set, showcasing the rich heritage of Nepali craftsmanship 🇳🇵✨ Made from authentic handwoven Dhaka fabric, this set features a stylish cholo (blouse) paired with an elegant sari, highlighted by traditional patterns and fine detailing. Perfect for cultural events, festive occasions, and special celebrations ❤️ Available in stunning shades of Blue 💙 and Pink 💗 💌 DM to order yours now! #DhakaSari #DhakaSet #NepaliFashion #Handwoven #EthnicWear #TraditionalLook #NepaliDress #CulturalStyle #FestiveWear #DMToOrder",True,English
Instagram,"💙 Elegance in every thread 💙
This stunning Rai Lehenga Set beautifully represents the cultural grace of the Rai community of Nepal 🇳🇵.

The outfit features a rich blue cholo (blouse) paired with a flowy printed lehenga, highlighted with intricate golden detailing that adds a royal touch ✨. The look is completed with a graceful dupatta adorned with traditional borders, enhancing its ethnic charm.

Paired with minimal gold jewelry and a soft, natural look, this outfit is perfect for festive occasions, cultural celebrations, and weddings ❤️

💌 Want this look? DM to order now!

#RaiLehenga #NepaliFashion #EthnicWear #TraditionalLook #DesiStyle #FestiveOutfit #CulturalElegance #NepaliDress #InstaStyle #DMToOrder",2,0,0,0,2026-04-25 03:53:27+00:00,"💙 Elegance in every thread 💙 This stunning Rai Lehenga Set beautifully represents the cultural grace of the Rai community of Nepal 🇳🇵. The outfit features a rich blue cholo (blouse) paired with a flowy printed lehenga, highlighted with intricate golden detailing that adds a royal touch ✨. The look is completed with a graceful dupatta adorned with traditional borders, enhancing its ethnic charm. Paired with minimal gold jewelry and a soft, natural look, this outfit is perfect for festive occasions, cultural celebrations, and weddings ❤️ 💌 Want this look? DM to order now! #RaiLehenga #NepaliFashion #EthnicWear #TraditionalLook #DesiStyle #FestiveOutfit #CulturalElegance #NepaliDress #InstaStyle #DMToOrder",True,English
Instagram,"❤️✨
.
.
.
.
#nepali #nepalidress #mirik #darjeeling #explore",17,1,0,0,2026-04-24 14:11:25+00:00,❤️✨ . . . . #nepali #nepalidress #mirik #darjeeling #explore,True,English
Instagram,"#newpost😍 #nepalidress #likesharecomment 🫶💗

....",-1,14,0,0,2026-04-23 19:51:43+00:00,#newpost😍 #nepalidress #likesharecomment 🫶💗 ....,True,English
Instagram,"Good morning 🙏  everyone 
#fypシ❤️💞❤️ #postforyou❤️ #nepalidress #culturedress❤️",41,6,0,0,2026-04-23 04:01:55+00:00,Good morning 🙏 everyone #fypシ❤️💞❤️ #postforyou❤️ #nepalidress #culturedress❤️,True,English
Instagram,"शान्त र रमाइलो गाउँ !!🫶🏻🫧🪷

#fyp #instagrampost #nepalidress #traditional",42,7,0,0,2026-04-22 12:51:58+00:00,शान्त र रमाइलो गाउँ !!🫶🏻🫧🪷 #fyp #instagrampost #nepalidress #traditional,True,Nepali
Instagram,"Evening like this….. 🤌🤌

#instagramfeed #instagram #feed #nepali #nepalidress",-1,20,0,0,2026-04-22 10:07:28+00:00,Evening like this….. 🤌🤌 #instagramfeed #instagram #feed #nepali #nepalidress,True,English
Instagram,"Sittong Series.... 

#sittong #nepalidress",5,0,0,0,2026-04-21 11:35:44+00:00,Sittong Series.... #sittong #nepalidress,True,English
Instagram,"💜💜
.
.
.
#nepalidress #nepaliculture #weddingseason",-1,23,0,0,2026-04-20 12:25:28+00:00,💜💜 . . . #nepalidress #nepaliculture #weddingseason,True,English
Instagram,"“Wrapped in tradition, glowing with grace ✨
”#NepaliDress #NepaliLook #EthnicVibes #TraditionalWear #DesiStyle",60,0,0,0,2026-04-20 11:36:10+00:00,"“Wrapped in tradition, glowing with grace ✨ ”#NepaliDress #NepaliLook #EthnicVibes #TraditionalWear #DesiStyle",True,English
Instagram,Malmal PJ set. Suitable for both summer and winter❤️ #malmal #nepalidress #madeinnepal,11,0,0,0,2026-04-20 00:56:44+00:00,Malmal PJ set. Suitable for both summer and winter❤️ #malmal #nepalidress #madeinnepal,True,English
Instagram,Nepal Day celebration 🎊 #NepaliFood #nepaliculture #HappyNewYear #nepalidress #funwithfriendsandfamily Sam Tamang Isherwood,19,0,0,0,2026-04-18 21:57:08+00:00,Nepal Day celebration 🎊 #NepaliFood #nepaliculture #HappyNewYear #nepalidress #funwithfriendsandfamily Sam Tamang Isherwood,True,English
Instagram,"@_nitish_sarma_
#instagram
#viralpost2026 
#newviralpost😘❤️❤️🙈😍please_guys_support_me_and_like_me_follow_me_please 
#nepalidress",151,6,0,0,2026-04-18 10:41:27+00:00,#instagram #viralpost2026 #newviralpost😘❤️❤️🙈😍please_guys_support_me_and_like_me_follow_me_please #nepalidress,True,English
Instagram,"No matter where you are in the US 🇺🇸
A piece of Nepal 🇳🇵 is just a delivery away ✨🤍
Coming Soon….
#fyp #nepalidress #desifashion #deliveryalloverus #austin",23,0,0,0,2026-04-18 07:13:12+00:00,No matter where you are in the US 🇺🇸 A piece of Nepal 🇳🇵 is just a delivery away ✨🤍 Coming Soon…. #fyp #nepalidress #desifashion #deliveryalloverus #austin,True,English
Instagram,The cute malmal frock set ❤️ #nepalidress #babygirls,17,0,0,0,2026-04-18 05:25:37+00:00,The cute malmal frock set ❤️ #nepalidress #babygirls,True,English
Instagram,"Your ethnic wardrobe upgrade is on the way 👀✨
Delivered all over the US 🇺🇸
Coming soon…
#usa #deliveryalloverus #comingsoon #nepalidress",63,5,0,0,2026-04-17 19:55:56+00:00,Your ethnic wardrobe upgrade is on the way 👀✨ Delivered all over the US 🇺🇸 Coming soon… #usa #deliveryalloverus #comingsoon #nepalidress,True,English
Instagram,"GoodWill Nepal
Expect More From Fashion
Remember us for all kinds of mens fashion ware.
#goodwill_nepal #nepali_fashion #fashion #style",0,0,0,0,2021-07-21 15:10:13+00:00,GoodWill Nepal Expect More From Fashion Remember us for all kinds of mens fashion ware. #goodwill_nepal #nepali_fashion #fashion #style,True,English
Instagram,"Premium quality designed shirts
Size: Available
DM for more details
.
.
.
.
.
.
.
.
#nepali_fashion #online_shopping #women_fashion #womens_clothing
#nepal",7,0,0,0,2021-02-04 01:56:41+00:00,Premium quality designed shirts Size: Available DM for more details . . . . . . . . #nepali_fashion #online_shopping #women_fashion #womens_clothing #nepal,True,English
Instagram,"Premium quality shirts
Colors: White, black and navy blue
Size: Available
DM for more details
.
.
.
.
.
.
.
.
#nepali_fashion #online_shopping #women_fashion #womens_clothing
#nepal",5,0,0,0,2021-02-04 01:55:36+00:00,"Premium quality shirts Colors: White, black and navy blue Size: Available DM for more details . . . . . . . . #nepali_fashion #online_shopping #women_fashion #womens_clothing #nepal",True,English
Instagram,"Premium quality jackets
Colors: Black and White
Size: Available
DM for more details
.
.
.
.
.
.
.
.
#nepali_fashion #online_shopping #women_fashion #womens_clothing
#nepal",8,0,0,0,2021-01-24 15:40:53+00:00,Premium quality jackets Colors: Black and White Size: Available DM for more details . . . . . . . . #nepali_fashion #online_shopping #women_fashion #womens_clothing #nepal,True,English
Instagram,"We provide very high quality product at reasonable price.

Size: Available 
Dm or contact at 9840481118 to order
.
.
.
.
.
#nepali_fashion #online_shopping #women_fashion #womens_clothing #nepali_clothing #new_trends #winter_wears #women_jackets #online_shopping_nepal",4,0,0,0,2021-01-15 05:44:08+00:00,We provide very high quality product at reasonable price. Size: Available Dm or contact at 9840481118 to order . . . . . #nepali_fashion #online_shopping #women_fashion #womens_clothing #nepali_clothing #new_trends #winter_wears #women_jackets #online_shopping_nepal,True,English
Instagram,"She never knew, she would meet her Prince !
.
.
.
#nepal#photography#passion#nepali_fashion#nepali_girl#instanepal#instaphoto#culturenepal#beautyfulnepal#nepalpicture#photography#smilespreadsomelove #Inspiration👼#instamood🙏
Remember us for any kind of photo sessions😉",63,0,0,0,2019-06-03 08:18:56+00:00,"She never knew, she would meet her Prince ! . . . #nepal#photography#passion#nepali_fashion#nepali_girl#instanepal#instaphoto#culturenepal#beautyfulnepal#nepalpicture#photography#smilespreadsomelove #Inspiration👼#instamood🙏 Remember us for any kind of photo sessions😉",True,English
Instagram,"Story series|Ep 01| 
MUA : Rose Parlour Costume : @yubithapa
.
.
.
#nepal#photography#passion#nepali_fashion#nepali_girl#instanepal#instaphoto#culturenepal#beautyfulnepal#nepalpictur#photography#smilespreadsomelove #Inspiration👼#instamood🙏
Remember us for any kind of photo sessions😉",67,0,0,0,2019-05-26 11:15:20+00:00,Story series|Ep 01| MUA : Rose Parlour Costume : . . . #nepal#photography#passion#nepali_fashion#nepali_girl#instanepal#instaphoto#culturenepal#beautyfulnepal#nepalpictur#photography#smilespreadsomelove #Inspiration👼#instamood🙏 Remember us for any kind of photo sessions😉,True,English
Instagram,"#nepal#nepali_fashion #nepali_girl#culturenepal#beautyfulnepal#nepalpictures#photography#smilespreadsomelove#Inspiration👼#instamood#janjeer_photography
Remember us for any kind of photo sessions😉",82,0,0,0,2019-02-04 03:02:12+00:00,#nepal#nepali_fashion #nepali_girl#culturenepal#beautyfulnepal#nepalpictures#photography#smilespreadsomelove#Inspiration👼#instamood#janjeer_photography Remember us for any kind of photo sessions😉,True,English
Instagram,"LONG AGO.....
People used to born royal But today Royalty comes from what you do💝
.
.
.

#nepal #lehenga #photography #portraits #passion #nepali_fashion #nepali_girl 
#colorplay#instanepal#instaphoto
#culturenepal#beautyfulnepal#nepalpictures#sister#photography#smilespreadsomelove #Inspiration👼#instamood🙏#janjeer_photography
Remember us for any kind of photo sessions😉",127,3,0,0,2018-10-14 05:02:55+00:00,LONG AGO..... People used to born royal But today Royalty comes from what you do💝 . . . #nepal #lehenga #photography #portraits #passion #nepali_fashion #nepali_girl #colorplay#instanepal#instaphoto #culturenepal#beautyfulnepal#nepalpictures#sister#photography#smilespreadsomelove #Inspiration👼#instamood🙏#janjeer_photography Remember us for any kind of photo sessions😉,True,English
TikTok,"✨ Lehenga र Gown का लागि Beautiful Fabric ✨
Premium quality र latest design 💕

📩 DM to order
📞 WhatsApp/Viber: 9862920282 | 9860795206

#NepaliFashion #FabricCollection #shahfashionparadise ",300,4,6,5183,2026-04-27 08:15:23+00:00,✨ Lehenga र Gown का लागि Beautiful Fabric ✨ Premium quality र latest design 💕 📩 DM to order 📞 WhatsApp/Viber: 9862920282 | 9860795206 #NepaliFashion #FabricCollection #shahfashionparadise,True,Nepali
TikTok,"Oufit under Rs.5000. Follow for more fashion stuff.
#fashiontiktok #nepal #fashion #outfit #nepalitiktok ",6693,27,370,207200,2026-02-16 14:17:51+00:00,Oufit under Rs.5000. Follow for more fashion stuff. #fashiontiktok #nepal #fashion #outfit #nepalitiktok,True,English
TikTok,"Latkan dress 

#bohoclothing #trending #nepalihippiecollection #womensfashion #outfitinspo ",5140,25,897,147500,2026-02-27 07:12:15+00:00,Latkan dress #bohoclothing #trending #nepalihippiecollection #womensfashion #outfitinspo,True,English
TikTok,Your turn to visit @Ajmera Fashion Nepali for beautiful outfits that blend culture with style at affordable prices.#ajmeranepal #wholesaleprice #blackbullgarments ,1521,29,585,41100,2026-04-22 17:07:40+00:00,Your turn to visit Fashion Nepali for beautiful outfits that blend culture with style at affordable prices.#ajmeranepal #wholesaleprice #blackbullgarments,True,English
TikTok,"Tried something different @नेप्Aesthetics — their Chinese-inspired shirt 🇨🇳

Clean details, unique pattern, and a fit that actually stands out without trying too hard.
Definitely one of those pieces that upgrades your everyday style.

Would you wear this or pass? 👇
#nepalfashion #mensfashion #streetwearnepal #outfitinspo  #streetstyle ",5549,24,415,124500,2026-04-24 13:29:17+00:00,"Tried something different ेप्Aesthetics — their Chinese-inspired shirt 🇨🇳 Clean details, unique pattern, and a fit that actually stands out without trying too hard. Definitely one of those pieces that upgrades your everyday style. Would you wear this or pass? 👇 #nepalfashion #mensfashion #streetwearnepal #outfitinspo #streetstyle",True,Nepali
TikTok,"✨ Beautiful Saree – Just Rs. 1650 ✨
Upgrade your wardrobe with this elegant piece at an unbeatable price!

📦 Free Delivery Inside Kathmandu Valley
🎨 Multiple colors & designs available
📩 DM now to order!

#AffordableElegance #SareeLovers #ShahFashionParadise #NepalFashion #TeejSpecial #SareeUnder2000",13900,223,4451,680200,2025-08-06 12:50:54+00:00,✨ Beautiful Saree – Just Rs. 1650 ✨ Upgrade your wardrobe with this elegant piece at an unbeatable price! 📦 Free Delivery Inside Kathmandu Valley 🎨 Multiple colors & designs available 📩 DM now to order! #AffordableElegance #SareeLovers #ShahFashionParadise #NepalFashion #TeejSpecial #SareeUnder2000,True,English
TikTok,"🇳🇵🇳🇵🇳🇵🇳🇵🇳🇵Prasamsha wears 🇳🇵 ♥️✨ To buy any cloth of your choice, please DM on instagram @prasamshawears 
[ You Can See instagram icon in our tiktok page just click there ]
💌 E-mail : ""Nepal's top clothing fashion Company 💫 Experience the power of Nepali tradition and trends style with Prasamsha Wears.🤗🖐️
.
.
.
.
.
.
#momndsonbabyland #mom #love #nepaligirl #chitwan #kathmandu #happy #foryoupage #yebawear #hamrofashion #hamrofashionwear #r7fashionwear #maichawears #salt #Nepal #tiktoknepal🇳🇵 #nepalonlineshopping #goviral #goviraltiktok #foryourpage #foryoupage #viral #keeponsupporting #trending #fyp #foryou ",2690,98,321,166500,2023-07-06 01:41:22+00:00,"🇳🇵🇳🇵🇳🇵🇳🇵🇳🇵Prasamsha wears 🇳🇵 ♥️✨ To buy any cloth of your choice, please DM on instagram [ You Can See instagram icon in our tiktok page just click there ] 💌 E-mail : ""Nepal's top clothing fashion Company 💫 Experience the power of Nepali tradition and trends style with Prasamsha Wears.🤗🖐️ . . . . . . #momndsonbabyland #mom #love #nepaligirl #chitwan #kathmandu #happy #foryoupage #yebawear #hamrofashion #hamrofashionwear #r7fashionwear #maichawears #salt #Nepal #tiktoknepal🇳🇵 #nepalonlineshopping #goviral #goviraltiktok #foryourpage #foryoupage #viral #keeponsupporting #trending #fyp #foryou",True,English
TikTok,#fyp #3pieceset #nepalitiktok #nepali #dance DM # 8594698472 if your interested!💙,188,7,23,5072,2026-02-26 01:52:12+00:00,#fyp #3pieceset #nepalitiktok #nepali #dance DM # 8594698472 if your interested!💙,True,English
TikTok,"🌺 Teej Special Saree Collection 🌺
Celebrate womanhood with grace and tradition!
Drape yourself in elegance this Teej with our latest saree designs – vibrant colors, premium fabrics, and festive feels. 💃✨

📩 DM to order your favorite piece
📱 WhatsApp/Viber: 9862920282 | 9860795206
📍 Shantinagar, Baneshwor (Below Nabil Bank)

#TeejSpecial #SareeForTeej #ShahFashionParadise #NepaliFashion #TeejCollection #Teej2025",15700,227,1338,299000,2025-08-10 06:44:49+00:00,"🌺 Teej Special Saree Collection 🌺 Celebrate womanhood with grace and tradition! Drape yourself in elegance this Teej with our latest saree designs – vibrant colors, premium fabrics, and festive feels. 💃✨ 📩 DM to order your favorite piece 📱 WhatsApp/Viber: 9862920282 | 9860795206 📍 Shantinagar, Baneshwor (Below Nabil Bank) #TeejSpecial #SareeForTeej #ShahFashionParadise #NepaliFashion #TeejCollection #Teej2025",True,English
TikTok,"🚚 Delivery Available

📩 DM to order
📞 WhatsApp/Viber: 9862920282 | 9860795206

#NepaliFashion #CustomOrder #ShahFashionParadise",749,14,38,10800,2026-04-26 08:43:00+00:00,🚚 Delivery Available 📩 DM to order 📞 WhatsApp/Viber: 9862920282 | 9860795206 #NepaliFashion #CustomOrder #ShahFashionParadise,True,English
TikTok,"Get ready with us 

Struggling to fit into your sari  perfectly?
Introducing our stretchable petticoats comfort meets tradition 💃
Customized, altered, and styled only at RASiRS USA 🇺🇸
📍Visit us  or DM for orders! 
#RASIRSUSA #AlterationSpecialist #StretchPetticoat #TeejReady #NepaliFashion #SareeLook #DesiStyle @Samyona @Salonimaharjan1369 ",8423,167,704,243400,2025-07-11 01:25:55+00:00,"Get ready with us Struggling to fit into your sari perfectly? Introducing our stretchable petticoats comfort meets tradition 💃 Customized, altered, and styled only at RASiRS USA 🇺🇸 📍Visit us or DM for orders! #RASIRSUSA #AlterationSpecialist #StretchPetticoat #TeejReady #NepaliFashion #SareeLook #DesiStyle",True,English
TikTok,New arrivals for winter 🔥 #fyp #nepalifashion #winterclothing #warmclothes #sale ,345,24,16,8309,2026-01-18 02:16:50+00:00,New arrivals for winter 🔥 #fyp #nepalifashion #winterclothing #warmclothes #sale,True,English
TikTok,Kurthi ootd✨ #fyp #shortkurthi #nepali ,6561,62,525,509300,2025-10-02 02:40:20+00:00,Kurthi ootd✨ #fyp #shortkurthi #nepali,True,English
TikTok,"✨ Beautiful Fabric for Lehenga & Gown ✨
Premium quality • Stunning designs • Perfect for your dream outfit 💖

📩 DM to order
📞 WhatsApp/Viber: 9862920282 | 9860795206
🌍 Delivery Available

#LehengaFabric #GownFabric #ShahFashionParadise #NepaliFashion",159,1,3,2038,2026-04-27 09:43:18+00:00,✨ Beautiful Fabric for Lehenga & Gown ✨ Premium quality • Stunning designs • Perfect for your dream outfit 💖 📩 DM to order 📞 WhatsApp/Viber: 9862920282 | 9860795206 🌍 Delivery Available #LehengaFabric #GownFabric #ShahFashionParadise #NepaliFashion,True,English
TikTok,#womensclothingshop #nepali #gowns #fyp AVAILABLE NOW LADIES!💞,337,11,22,11500,2026-02-16 19:56:26+00:00,#womensclothingshop #nepali #gowns #fyp AVAILABLE NOW LADIES!💞,True,English
TikTok,FULL DETAILS OF CHOLI🙏 #auracouturedharan #fypシ゚ #clothing #chaubandi #design #nepalitiktok #nepal #boutique #tiktokfashion #fashhion #nepalimuser ,801,7,125,49500,2025-01-26 16:59:23+00:00,FULL DETAILS OF CHOLI🙏 #auracouturedharan #fypシ゚ #clothing #chaubandi #design #nepalitiktok #nepal #boutique #tiktokfashion #fashhion #nepalimuser,True,English
TikTok,"✨ Beautiful Saree for Party Wear ✨
Elegant & trendy design 💃
🎨 More than 8 color options available

📩 DM us for price & details
📞 WhatsApp/Viber: 9862920282 | 9860795206

#ShahFashionParadise #PartyWearSaree #ColorOptions #NepaliFashion #DMForPrice",29700,392,5003,1300000,2026-01-04 05:40:01+00:00,✨ Beautiful Saree for Party Wear ✨ Elegant & trendy design 💃 🎨 More than 8 color options available 📩 DM us for price & details 📞 WhatsApp/Viber: 9862920282 | 9860795206 #ShahFashionParadise #PartyWearSaree #ColorOptions #NepaliFashion #DMForPrice,True,English
TikTok,"✨ Beautiful Saree Available in Different Colors ✨
Add elegance to your wardrobe with our stunning saree collection.
Available in multiple colors to match every style and occasion. 💃🌈

📩 DM for price & orders
📞 WhatsApp/Viber: 9862920282 | 9860795206
📍 Visit Us:
• Kupondole (Near Kandevta Mandir)
• Shantinagar, Baneshwor (Below Nabil Bank)
🌍 Worldwide Shipping Available

#ShahFashionParadise #BeautifulSaree #ColorOptions #NepaliFashion #ElegantStyle",28400,334,2298,2100000,2025-12-20 11:06:16+00:00,"✨ Beautiful Saree Available in Different Colors ✨ Add elegance to your wardrobe with our stunning saree collection. Available in multiple colors to match every style and occasion. 💃🌈 📩 DM for price & orders 📞 WhatsApp/Viber: 9862920282 | 9860795206 📍 Visit Us: • Kupondole (Near Kandevta Mandir) • Shantinagar, Baneshwor (Below Nabil Bank) 🌍 Worldwide Shipping Available #ShahFashionParadise #BeautifulSaree #ColorOptions #NepaliFashion #ElegantStyle",True,English
TikTok,"Street style in Kathmandu 🇳🇵

 #kathmandufashion #streetstyle #nepalifashion #whatpeoplearewearing #kathmandustyle #nepalvibes #travelnepal #tiktoknepal #explorenepal #fashioninspo #cultureandfashion #nepal ",14800,40,335,342700,2024-09-08 11:28:46+00:00,Street style in Kathmandu 🇳🇵 #kathmandufashion #streetstyle #nepalifashion #whatpeoplearewearing #kathmandustyle #nepalvibes #travelnepal #tiktoknepal #explorenepal #fashioninspo #cultureandfashion #nepal,True,English
TikTok,Nepali style Chowmin recipe #content #chowmin ,1021,27,205,33700,2026-01-10 18:29:02+00:00,Nepali style Chowmin recipe #content #chowmin,True,English
TikTok,Nepali style hehe #nepali #nepalitiktok #nepalimuser #fyp #browntiktok ,2331,28,125,42300,2025-10-11 02:49:03+00:00,Nepali style hehe #nepali #nepalitiktok #nepalimuser #fyp #browntiktok,True,English
TikTok,"Nepali women be looking extra beautiful in their cultural attire 🇳🇵❤️ (part - 3)
#ghaledress #thakalidress #sunuwardress #maithilidress #bishwokarmadress ",26100,246,610,558400,2026-02-16 04:06:26+00:00,Nepali women be looking extra beautiful in their cultural attire 🇳🇵❤️ (part - 3) #ghaledress #thakalidress #sunuwardress #maithilidress #bishwokarmadress,True,English
TikTok,Khasi ko jhol recipe Nepali style😋#mutton #khasikomasu❤️ #nepalistyle #nepalitiktok #fypシ゚viral @Sonisand ,22800,74,3851,702000,2026-01-27 03:09:42+00:00,Khasi ko jhol recipe Nepali style😋#mutton #khasikomasu❤️ #nepalistyle #nepalitiktok #fypシ゚viral,True,English
TikTok,"Nepali traditional dress🇳🇵🔥
#nepal #culture #top1 #bestdress #fyp #page #foryou #basu___editz ",30900,775,947,465700,2025-04-21 07:57:49+00:00,Nepali traditional dress🇳🇵🔥 #nepal #culture #top1 #bestdress #fyp #page #foryou #basu___editz,True,English
TikTok,"Outfit check - Nepali style 💃
#ootd ",9537,46,1334,146300,2025-11-12 06:21:02+00:00,Outfit check - Nepali style 💃 #ootd,True,English
TikTok,Heritage reimagined with soft modern elegance — inspired by @silu gurung  and it’s customize from japan 🤗 #magicofscissorboutiquecollection #nationalflagdress #choli #nepaliflagstyle ,9845,101,213,242000,2026-02-26 14:02:05+00:00,Heritage reimagined with soft modern elegance — inspired by gurung and it’s customize from japan 🤗 #magicofscissorboutiquecollection #nationalflagdress #choli #nepaliflagstyle,True,English
TikTok,"Rooted in pure tradition ✨
This Thakali outfit reflects timeless culture, elegance, and heritage in its truest form ❤️
Every detail carries meaning… feeling proud and deeply connected to my roots 🇳🇵 

#nepaliculture #nepalitiktok #nepalistyle #thakali #ethnicwear ",4122,158,835,29400,2026-03-29 04:05:54+00:00,"Rooted in pure tradition ✨ This Thakali outfit reflects timeless culture, elegance, and heritage in its truest form ❤️ Every detail carries meaning… feeling proud and deeply connected to my roots 🇳🇵 #nepaliculture #nepalitiktok #nepalistyle #thakali #ethnicwear",True,English
TikTok,"Outfit inspo for family wedding ✨ 
#fypnepal🇳🇵 #nepalitiktok #nepaleseinaustralia #sari #lehenga ",13200,54,1680,511600,2025-10-01 16:09:59+00:00,Outfit inspo for family wedding ✨ #fypnepal🇳🇵 #nepalitiktok #nepaleseinaustralia #sari #lehenga,True,English
TikTok,ready to be your maichyang!! #nepalitiktok #fyp #nepal #redsaree #chyanba #maichyang ,35900,1072,1049,339100,2025-04-17 21:05:19+00:00,ready to be your maichyang!! #nepalitiktok #fyp #nepal #redsaree #chyanba #maichyang,True,English
TikTok,She’s so pretty #nepali #nepalitiktok #varshathapa #model #woc #culture #fashiontiktok #southasian #southasiantiktok #kathamandu #nepal #foryourpage ,10700,24,241,98700,2025-07-23 14:25:59+00:00,She’s so pretty #nepali #nepalitiktok #varshathapa #model #woc #culture #fashiontiktok #southasian #southasiantiktok #kathamandu #nepal #foryourpage,True,English
TikTok,"Replying to @Prakriti Pariyar  
It’s a customized dress, stitched in Nepal for a client from Japan ♥️🙏 
#nationalflagdress #nepaliflagstyle #magicofscissorboutiquecollection #rastiyejhandadress ",4216,30,270,124800,2026-02-26 14:43:48+00:00,"Replying to Pariyar It’s a customized dress, stitched in Nepal for a client from Japan ♥️🙏 #nationalflagdress #nepaliflagstyle #magicofscissorboutiquecollection #rastiyejhandadress",True,English
TikTok,"Manamaiju jyapu diwas
#manamaiju 
#NewariCulture
#NewariDress
#TraditionalNewari
#NewariHeritage 
#NepaliCulture
#NewariFashion
#NewariTradition 
#NewariBeauty
#EthnicWear
#CulturalVibes",97500,303,2509,1200000,2024-12-15 16:12:06+00:00,Manamaiju jyapu diwas #manamaiju #NewariCulture #NewariDress #TraditionalNewari #NewariHeritage #NepaliCulture #NewariFashion #NewariTradition #NewariBeauty #EthnicWear #CulturalVibes,True,English
TikTok,"#creatorsearchinsights 
#khimchi nepali style ",17,3,4,770,2026-04-27 07:55:22+00:00,#creatorsearchinsights #khimchi nepali style,True,English
TikTok,Can’t lie I loveeee wearing cultural clothing #limbu #limbuculture #fyp #sisekpatangnam #chumlung #nepalitiktok ,11100,47,590,125000,2025-07-20 08:01:26+00:00,Can’t lie I loveeee wearing cultural clothing #limbu #limbuculture #fyp #sisekpatangnam #chumlung #nepalitiktok,True,English
TikTok,"We’re thrilled to introduce Newari traditional clothing to our collection! Watch as our beautiful model @Sonali Shahi @Manav Shahi brings these timeless designs to life with grace, energy, and joy. These outfits aren’t just clothing—they’re a connection to our heritage, come explore our collection! #ktmcorner #newari #traditional #ethnicwear #hakupatasi #newariculture #newa #toronto #scarborough #nepali #fashion #foryoupage #nepal #nepaliincanada #canada_life🇨🇦 #canada🇨🇦 #nepalitiktok #newaridress ",385,17,74,20100,2025-05-28 20:54:11+00:00,"We’re thrilled to introduce Newari traditional clothing to our collection! Watch as our beautiful model Shahi Shahi brings these timeless designs to life with grace, energy, and joy. These outfits aren’t just clothing—they’re a connection to our heritage, come explore our collection! #ktmcorner #newari #traditional #ethnicwear #hakupatasi #newariculture #newa #toronto #scarborough #nepali #fashion #foryoupage #nepal #nepaliincanada #canada_life🇨🇦 #canada🇨🇦 #nepalitiktok #newaridress",True,English
TikTok,Nepali baddie😁❤️#fyppppppppppppppppppppppp #hd #goviral ,39100,494,4794,429400,2025-10-04 11:02:55+00:00,Nepali baddie😁❤️#fyppppppppppppppppppppppp #hd #goviral,True,English
TikTok,"Some hippie outfit inspo☮️
Summer edition 🌞(ig:nepali_hippie)dm for more details 
Delivery all over Nepal 🇳🇵#hippiestyle #boho #vintageclothes #nepalibrand #tokfashion #nepalihippieclothing #nepal #onlineclothing #uniquecollections #supportsmallbusiness ",242400,720,8750,2000000,2023-07-02 09:59:38+00:00,Some hippie outfit inspo☮️ Summer edition 🌞(ig:nepali_hippie)dm for more details Delivery all over Nepal 🇳🇵#hippiestyle #boho #vintageclothes #nepalibrand #tokfashion #nepalihippieclothing #nepal #onlineclothing #uniquecollections #supportsmallbusiness,True,English
TikTok,"This Mother’s Day, celebrate your mother 💐
Treat her something special — stylish, comfortable clothes at prices you’ll love!
Because every mom deserves to feel beautiful without spending too much 💖
Visit our store today and find perfect look in reasonable price ✨

#kesariaBazarNepal
#ethnicwear #wholesaler #fashionnepal #fyp ",18600,234,4294,816200,2026-04-15 10:46:34+00:00,"This Mother’s Day, celebrate your mother 💐 Treat her something special — stylish, comfortable clothes at prices you’ll love! Because every mom deserves to feel beautiful without spending too much 💖 Visit our store today and find perfect look in reasonable price ✨ #kesariaBazarNepal #ethnicwear #wholesaler #fashionnepal #fyp",True,English
TikTok,"Happy customers, trusted quality 💯
Bulk & wholesale available at Ajmera Fashion Nepal ✨
📍 New Baneshwor | 📞 Contact us now 9820815815,9762630517 

#AjmeraFashionNepal
#CustomerReview
#HappyCustomers
#WholesaleNepal
#BulkOrderNepal",3404,33,478,133600,2026-01-13 03:26:00+00:00,"Happy customers, trusted quality 💯 Bulk & wholesale available at Ajmera Fashion Nepal ✨ 📍 New Baneshwor | 📞 Contact us now 9820815815,9762630517 #AjmeraFashionNepal #CustomerReview #HappyCustomers #WholesaleNepal #BulkOrderNepal",True,English
TikTok,"Your one-stop for traditional wear sourcing ✨
📍Ajmera Fashion Nepal, Indreni Complex, Baneshwor @ajmerafashionnepal ✨ #aarjushrestha  #ajmeranepal #wholesaleprice #ajmerainnepal #blackbullgarments ",2998,17,1449,99600,2026-03-26 02:19:02+00:00,"Your one-stop for traditional wear sourcing ✨ 📍Ajmera Fashion Nepal, Indreni Complex, Baneshwor ✨ #aarjushrestha #ajmeranepal #wholesaleprice #ajmerainnepal #blackbullgarments",True,English
TikTok,"@Ajmera Fashion Nepali  by Blackbull Garment Trading pvt. ltd  
Location: Indreni complex, baneshwor 
#ajmerafashionnepal #ajmerafashion #ajmeranepal #blackbullgarments #wholesaleprice ",600,9,158,19700,2026-04-22 08:25:03+00:00,"Fashion Nepali by Blackbull Garment Trading pvt. ltd Location: Indreni complex, baneshwor #ajmerafashionnepal #ajmerafashion #ajmeranepal #blackbullgarments #wholesaleprice",True,English
TikTok,"What are girls wearing in Kathmandu 💓

ENJOY !

.
.
.
.
#travelasia #kathmandu #nepal #shoppingkathmandu #kathmanduculture #thamel #shoppingthamel #streetstyle#consciousshoping #localartists #fw2024#styleinspos #artistsofnepal #fashiontrends#fashioninnepal #fashion #asiafashion ",885,2,26,58500,2024-09-24 15:54:07+00:00,What are girls wearing in Kathmandu 💓 ENJOY ! . . . . #travelasia #kathmandu #nepal #shoppingkathmandu #kathmanduculture #thamel #shoppingthamel #streetstyle#consciousshoping #localartists #fw2024#styleinspos #artistsofnepal #fashiontrends#fashioninnepal #fashion #asiafashion,True,English
TikTok,"Vibrant tones for this summer festive season. Shop now at Kaira 📍Kamalpokhari Chowk opp to Angan Sweets 

#sarees #designercollections #latestsareecollection #floraldesign #fyp #foryou #sareeshopinkathmandu #sareeshopinnepal #sareefashion #trendingsare #",24100,87,8571,1100000,2025-03-31 04:59:54+00:00,Vibrant tones for this summer festive season. Shop now at Kaira 📍Kamalpokhari Chowk opp to Angan Sweets #sarees #designercollections #latestsareecollection #floraldesign #fyp #foryou #sareeshopinkathmandu #sareeshopinnepal #sareefashion #trendingsare #,True,English
TikTok,"Floral lehenga Collection✨🌷🌸
Flagship: @aura_couture Nepal
WhatsApp: +9779810078819
Worldwide Delivery 
Dm/inbox for more details 
:
:
#auracouturedharan #fypシ #explore #lehehngadesign #wedding #reception #nepal #store #dharan #boutique #trending #fashion #lehengalove #wedding #look #bridetobe #floraldesign #reelitfeelit #worldwideshipping #viraltiktok #creatersearchingsight ",14400,65,2780,367800,2025-06-06 05:12:25+00:00,Floral lehenga Collection✨🌷🌸 Flagship: Nepal WhatsApp: +9779810078819 Worldwide Delivery Dm/inbox for more details : : #auracouturedharan #fypシ #explore #lehehngadesign #wedding #reception #nepal #store #dharan #boutique #trending #fashion #lehengalove #wedding #look #bridetobe #floraldesign #reelitfeelit #worldwideshipping #viraltiktok #creatersearchingsight,True,English
TikTok,"Soft as a whisper, bold as your dreams ✨ Draped in crepe silk, made for moments that matter. #CrepeSilkGlow
#CrepeSilk #SilkStyle #FabricTok #NepaliFashion #LuxuryFabric #SareeTok #TextileLove #SilkVibes #NepalFashion #FabricsOfNepal #DrapedInElegance #CrepeSilkNepal #NepaliBrand #FashionWeaves #HandfeelLuxury #fyp #MadeInNepal ",3010,36,357,158200,2025-08-01 10:45:35+00:00,"Soft as a whisper, bold as your dreams ✨ Draped in crepe silk, made for moments that matter. #CrepeSilkGlow #CrepeSilk #SilkStyle #FabricTok #NepaliFashion #LuxuryFabric #SareeTok #TextileLove #SilkVibes #NepalFashion #FabricsOfNepal #DrapedInElegance #CrepeSilkNepal #NepaliBrand #FashionWeaves #HandfeelLuxury #fyp #MadeInNepal",True,English
TikTok,"Delivery all over Nepal 
price only Rs 1250/-
free delivery 🛍️ 
#onlyforgirls #narifashion #onlineshopping #deliveryallovernepal #viralvideo ",16200,587,3917,821000,2025-04-28 11:29:05+00:00,Delivery all over Nepal price only Rs 1250/- free delivery 🛍️ #onlyforgirls #narifashion #onlineshopping #deliveryallovernepal #viralvideo,True,English
TikTok,New long one piece available ✅❤️Sbstore dm WhatsApp 9765979919/9813317515#trending #summervibes #girlsfashion #tiktok #deliveryallovernepal🇳🇵 ,40000,479,3841,882200,2026-04-04 08:41:41+00:00,New long one piece available ✅❤️Sbstore dm WhatsApp 9765979919/9813317515#trending #summervibes #girlsfashion #tiktok #deliveryallovernepal🇳🇵,True,English
TikTok,DM Us on WhatsApp 9706838239👍#New design Heavy Saree set available at reasonable price 🙂#bestqualitybestprice #Modernfashionwear🛍️🙂 #onlineshopping #deliveryallovernepal🇳🇵 #wholesalemarket #differentclothesavailable #ShopNow🛍️🎁 ,5159,68,1323,181700,2025-06-02 07:26:31+00:00,DM Us on WhatsApp 9706838239👍#New design Heavy Saree set available at reasonable price 🙂#bestqualitybestprice #Modernfashionwear🛍️🙂 #onlineshopping #deliveryallovernepal🇳🇵 #wholesalemarket #differentclothesavailable #ShopNow🛍️🎁,True,English
TikTok,"@sabbu🧚🏻‍♀️ 
New collection new wear new attire
Loved one do 🛍 with us
#ethnic#ethnicwear#attire#attiretowear#favouriteattiretowear💫 #traditional #traditionalwear #outfitoftheday #fashionwear #anarkali #layeranarkali #fyp #pokhara_nepal #aamshukboutique #❤️ ",11500,111,1153,395000,2023-05-20 11:29:50+00:00,🧚🏻‍♀️ New collection new wear new attire Loved one do 🛍 with us #ethnic#ethnicwear#attire#attiretowear#favouriteattiretowear💫 #traditional #traditionalwear #outfitoftheday #fashionwear #anarkali #layeranarkali #fyp #pokhara_nepal #aamshukboutique #❤️,True,English
TikTok,Available now on Rs Fashion Collection 🤍✨#rsfashioncollection #pokharaclothesshop #onepiece #deliveryallovernepal🇳🇵 #summerdress ,348,6,38,26600,2026-04-12 03:59:48+00:00,Available now on Rs Fashion Collection 🤍✨#rsfashioncollection #pokharaclothesshop #onepiece #deliveryallovernepal🇳🇵 #summerdress,True,English
TikTok,"Golden small botton Cardigan
❄️Only Rs1280❄️ 

Size: Free
Color: All colors available as shown in video

Dm us for more inquiries 📩
Delivery all Over Nepal 🇳🇵 

Contact no.9809660213
Location: Kapan, Bhirkuti chwok, Kathmandu
(You can also find us by typing “Warsa” on Google/indrive/pathao/yango)

#cardigan #wintercollection #warsa #fashionfrenzybywarsa #fyp ",36100,222,9436,1800000,2025-11-05 11:35:53+00:00,"Golden small botton Cardigan ❄️Only Rs1280❄️ Size: Free Color: All colors available as shown in video Dm us for more inquiries 📩 Delivery all Over Nepal 🇳🇵 Contact no.9809660213 Location: Kapan, Bhirkuti chwok, Kathmandu (You can also find us by typing “Warsa” on Google/indrive/pathao/yango) #cardigan #wintercollection #warsa #fashionfrenzybywarsa #fyp",True,English
TikTok,"fashion is for everybody 💕❤️
.
#nesca #plussize #kurti #nepal #kathmandu ",1175,12,113,37100,2026-04-02 16:16:15+00:00,fashion is for everybody 💕❤️ . #nesca #plussize #kurti #nepal #kathmandu,True,English
TikTok,"Beautiful @raisasya2 ❤️ ❤️ 
Follow her ❤️

Follow us 💘

Kindly DM for credits/removal 😊
 

#nepaligirl #nepalibeautiful #nepalisong #viral #reels",674,20,121,32000,2026-02-22 15:03:48+00:00,Beautiful ❤️ ❤️ Follow her ❤️ Follow us 💘 Kindly DM for credits/removal 😊 #nepaligirl #nepalibeautiful #nepalisong #viral #reels,True,English
TikTok,"Beautiful ❤️❤️❤️
Follow her 💓
Follow us 💘

Kindly DM for credits/removal 😊
 

#nepaligirl #nepalibeautiful #nepalisong #viral #reels #fyp #explore #beautifulgirl #nepali",2299,31,74,120500,2025-06-16 15:06:45+00:00,Beautiful ❤️❤️❤️ Follow her 💓 Follow us 💘 Kindly DM for credits/removal 😊 #nepaligirl #nepalibeautiful #nepalisong #viral #reels #fyp #explore #beautifulgirl #nepali,True,English
TikTok,Top 10 Beautiful Women's of Nepal 🇳🇵. #viraltiktok #10millionviews #beautifulwoman🥰🥰💓 #creatorsearchinsights #top10list ,9457,527,368,562700,2025-09-15 04:46:19+00:00,Top 10 Beautiful Women's of Nepal 🇳🇵. #viraltiktok #10millionviews #beautifulwoman🥰🥰💓 #creatorsearchinsights #top10list,True,English
TikTok,Nepali girls are beautiful #southasian #desigirl #desi #🇳🇵 #ethnicity #fyppp #repost ,29700,292,3680,703700,2025-03-25 22:14:51+00:00,Nepali girls are beautiful #southasian #desigirl #desi #🇳🇵 #ethnicity #fyppp #repost,True,English
TikTok,One meetup and 100 TikTok videos 💅@jenishatamang #fyp #nepaligirls ,6044,29,826,95100,2026-02-17 18:53:26+00:00,One meetup and 100 TikTok videos 💅 #fyp #nepaligirls,True,English
TikTok,"NEPALI GIRLS EDITION 

@Seema__ @Puja K C @Ericka Pathak 🦢🪷 ",585,11,19,35400,2025-10-26 02:32:25+00:00,NEPALI GIRLS EDITION K C Pathak 🦢🪷,True,English
TikTok,"vc available🥵
#vc #vclive #vcnepaligirl #vcgirl #vcgirlnepal ",1032,67,35,13300,2026-03-20 04:47:35+00:00,vc available🥵 #vc #vclive #vcnepaligirl #vcgirl #vcgirlnepal,True,English
TikTok,#fyp #nepaligirl #nepalitiktok #nepalisong #loveyourself ,27300,0,1409,735800,2024-04-09 04:48:06+00:00,#fyp #nepaligirl #nepalitiktok #nepalisong #loveyourself,True,English
TikTok,"@Purnika Sijapati 
#pragyabhandarii #fyp #nepaligirls ",6350,54,393,68800,2026-03-28 02:19:16+00:00,Sijapati #pragyabhandarii #fyp #nepaligirls,True,English
TikTok,#fyppppppppppppppppppppppp #tiktoknepal #nepaligirl ,25000,334,3521,363100,2025-12-28 22:12:57+00:00,#fyppppppppppppppppppppppp #tiktoknepal #nepaligirl,True,English
TikTok,"Beautiful 🤩❤️ 
Follow her 💓
Follow us 💘

Kindly DM for credits/removal 😊
 

#nepaligirl #nepalibeautiful #nepalisong #viral #reels #fyp #explore ",2713,88,229,127100,2025-07-15 15:16:05+00:00,Beautiful 🤩❤️ Follow her 💓 Follow us 💘 Kindly DM for credits/removal 😊 #nepaligirl #nepalibeautiful #nepalisong #viral #reels #fyp #explore,True,English
TikTok,BLUE is 💙💙💙 #foryoupage #foryou #nepaligirl #nepalitiktok #fyppppppppppppppppppppppp ,1449,31,182,95800,2025-11-23 12:17:50+00:00,BLUE is 💙💙💙 #foryoupage #foryou #nepaligirl #nepalitiktok #fyppppppppppppppppppppppp,True,English
TikTok,@Rima Gurung🇳🇵 #nepaligirl #dancetrend ,11100,136,560,143800,2026-02-17 10:28:28+00:00,Gurung🇳🇵 #nepaligirl #dancetrend,True,English
TikTok,"Beautiful @bhumika_sth ❤️
Follow her 💓
Follow us 💘

Kindly DM for credits/removal 😊
 

#nepaligirl #nepalibeautiful #nepalisong #viral #reels    #",1393,72,44,73000,2025-09-24 15:11:25+00:00,Beautiful ❤️ Follow her 💓 Follow us 💘 Kindly DM for credits/removal 😊 #nepaligirl #nepalibeautiful #nepalisong #viral #reels #,True,English
TikTok,🤭#nepaligirl #ootd #fyp #nepalitiktok #nyc ,6445,113,541,48700,2026-04-05 01:45:46+00:00,🤭#nepaligirl #ootd #fyp #nepalitiktok #nyc,True,English
TikTok,hainatw!? #aaku_02 #ahoraa #fyp #nepaligirl #trend honii👅❤️,99300,405,3579,1900000,2026-03-12 11:11:46+00:00,hainatw!? #aaku_02 #ahoraa #fyp #nepaligirl #trend honii👅❤️,True,English
TikTok,Nepali Bebot? 🙊🥰🤷🏽‍♀️ #bebot #foryoupage #nepaligirl #grwm #galentinesday ,13900,225,2628,272300,2026-02-13 22:05:02+00:00,Nepali Bebot? 🙊🥰🤷🏽‍♀️ #bebot #foryoupage #nepaligirl #grwm #galentinesday,True,English
TikTok,Her Body Moves ♥️ #fyp #fy #foryou #trend #nepaligirl ,2082,15,242,22200,2025-12-16 06:28:18+00:00,Her Body Moves ♥️ #fyp #fy #foryou #trend #nepaligirl,True,English
TikTok,"दिल ने मारी सिटि 😉
#dance #nepalimodel #outfitcheck #nepaligirls #nepalitiktok ",1952,63,99,151400,2025-10-13 10:33:08+00:00,दिल ने मारी सिटि 😉 #dance #nepalimodel #outfitcheck #nepaligirls #nepalitiktok,True,Nepali
TikTok,#deepsukanchi #nepalitiktok #viral #nepaligirl #fyp ,14200,55,1404,174800,2025-05-15 00:46:23+00:00,#deepsukanchi #nepalitiktok #viral #nepaligirl #fyp,True,English
TikTok,"How cute are we? Also how is it already almost over??? 😭😭😭😭 

#nepaliwomen #nepaliwedding #fyp ",3249,36,107,98100,2026-03-02 11:01:54+00:00,How cute are we? Also how is it already almost over??? 😭😭😭😭 #nepaliwomen #nepaliwedding #fyp,True,English
TikTok,#fyppppppppppppppppppppppp🤪#nepaligirl✌️#harrisburg#usa🇺🇸 ,3244,88,113,74000,2024-08-10 23:23:52+00:00,#fyppppppppppppppppppppppp🤪#nepaligirl✌️#harrisburg#usa🇺🇸,True,English
TikTok,With my girls🥰❤️ #fyp #explorepage✨ #nepalitiktok #trending 😚@Sandy @_rii.ya_ ,2688,44,167,38800,2026-01-28 12:56:33+00:00,With my girls🥰❤️ #fyp #explorepage✨ #nepalitiktok #trending 😚 .ya_,True,English
TikTok,Mei pqni pani ho gayi#nepalitiktok #nepaligirl #fypシ゚viral ,44300,517,818,776100,2024-10-10 08:38:13+00:00,Mei pqni pani ho gayi#nepalitiktok #nepaligirl #fypシ゚viral,True,English
TikTok,we love nepali baddies around here #nepali #nepalitiktok #southasian #southasiantiktok #brown #browntiktok #asian #asiantiktok #🇳🇵 #fypシ #viral ,8297,84,1652,110400,2025-08-08 20:41:48+00:00,we love nepali baddies around here #nepali #nepalitiktok #southasian #southasiantiktok #brown #browntiktok #asian #asiantiktok #🇳🇵 #fypシ #viral,True,English
TikTok,"I meannnn 

#nepalibaddie #nepaligirl #fyp ",26400,130,3579,1200000,2025-07-09 06:50:11+00:00,I meannnn #nepalibaddie #nepaligirl #fyp,True,English
TikTok,#nepalitiktok🇳🇵🇳🇵 #ootd ,2031,15,49,44900,2025-05-01 01:10:52+00:00,#nepalitiktok🇳🇵🇳🇵 #ootd,True,English
TikTok,Also ignore the mess!! #ootd #fyp #nepal #outfit ,17600,90,2103,318100,2025-12-15 02:53:00+00:00,Also ignore the mess!! #ootd #fyp #nepal #outfit,True,English
TikTok,Now get yours from@Lavishio Nepal Official a perfect fit for everyday ✨ #foryoupagе #fyppp #trends #OOTD #fyp ,1522,10,98,32900,2026-02-19 12:48:08+00:00,Now get yours from Nepal Official a perfect fit for everyday ✨ #foryoupagе #fyppp #trends #OOTD #fyp,True,English
TikTok,"Day 4: Layered up for the winter chill! ❄️
Serving soft-girl vibes with a cozy, casual twist 🤍

#shortgirliefitcheck #fitcheck #nepalishortgirl #ootd #winterfit #winterfits #layeroutfits #fashiontiktok #fashion #outfitoftheday #tiktokentertainment #tiktoknepal🇳🇵 #jasmine #jasminemaharjan #contentcreator ",11900,68,155,374900,2024-12-19 02:28:42+00:00,"Day 4: Layered up for the winter chill! ❄️ Serving soft-girl vibes with a cozy, casual twist 🤍 #shortgirliefitcheck #fitcheck #nepalishortgirl #ootd #winterfit #winterfits #layeroutfits #fashiontiktok #fashion #outfitoftheday #tiktokentertainment #tiktoknepal🇳🇵 #jasmine #jasminemaharjan #contentcreator",True,English
TikTok,Final Day OOTD😝🖤 #annapurnabasecamp #travel #explore #nepal #fypage ,1157,12,122,9788,2026-04-19 08:29:08+00:00,Final Day OOTD😝🖤 #annapurnabasecamp #travel #explore #nepal #fypage,True,English
TikTok,#ootd #nepalitiktok #nepali #fyp #nepal ,2137,61,58,19200,2026-02-25 01:53:23+00:00,#ootd #nepalitiktok #nepali #fyp #nepal,True,English
TikTok,"Just in case you forgot 😜

#fyp #outfitideas #nepali #fashion #fitcheck ",658,59,14,19100,2025-12-31 03:45:35+00:00,Just in case you forgot 😜 #fyp #outfitideas #nepali #fashion #fitcheck,True,English
TikTok,"i love nepal! maybe my favorite country?? 
#ilp #outside #backpack #travel #OOTD @ilpadventure ",45,2,1,876,2026-04-24 15:35:20+00:00,i love nepal! maybe my favorite country?? #ilp #outside #backpack #travel #OOTD,True,English
TikTok,"✨ New Arrival ✨
This is now available for just Rs.1000! 🛍️
Perfect for your summer look 🌸
📩 DM to order — limited stock only!
Which color would you choose? 😍👇

#NepaliFashion #OOTDNepal #NepaliBrand
#AffordableFashionNepal #LittleLuxeStyle #GirlsFashionNepal
#ViralReelsNepal #TryOnHaul #FashionReels
#NepalOnlineShopping #ClothingStoreNepal #Under1000Fashion
#OutfitOfTheDay #BudgetFriendlyFashion",24500,261,3029,1000000,2025-07-19 05:06:58+00:00,✨ New Arrival ✨ This is now available for just Rs.1000! 🛍️ Perfect for your summer look 🌸 📩 DM to order — limited stock only! Which color would you choose? 😍👇 #NepaliFashion #OOTDNepal #NepaliBrand #AffordableFashionNepal #LittleLuxeStyle #GirlsFashionNepal #ViralReelsNepal #TryOnHaul #FashionReels #NepalOnlineShopping #ClothingStoreNepal #Under1000Fashion #OutfitOfTheDay #BudgetFriendlyFashion,True,English
TikTok,This makhmal ko jutti is my current obsession! wearing them on repeat 😍#nepalitiktok #outfitoftheday #casualoutfits #kathmandunepal🇳🇵 #foryoupage ,462,25,25,39800,2025-11-14 10:19:41+00:00,This makhmal ko jutti is my current obsession! wearing them on repeat 😍#nepalitiktok #outfitoftheday #casualoutfits #kathmandunepal🇳🇵 #foryoupage,True,English
TikTok,"😛😛 

#dancer #bhairahawa #ootd #bhw_nepal #bhairahawamuser ",18500,143,2009,337800,2025-11-18 02:59:00+00:00,😛😛 #dancer #bhairahawa #ootd #bhw_nepal #bhairahawamuser,True,English
TikTok,OOTD in Basantapur💛🌻🍋🔆 #nepali #basantapur #ktm #ootd #nepaltravel #traveltiktok #nepaltravel ,26,6,8,1360,2025-07-12 16:40:26+00:00,OOTD in Basantapur💛🌻🍋🔆 #nepali #basantapur #ktm #ootd #nepaltravel #traveltiktok #nepaltravel,True,English
TikTok,"Celina ootd 💟
New arrivals !!!

Outfit of the Day……..
New arrivals 
Delivery all over nepal 🇳🇵
Swipe for more details pictures ⏭
All pictures belongs to us 📸
Color may look differ due to lighting ⚡️
.
.
.
.
.
.
.
.

#ootdfashion #tranding #ootd #shopping 
#chitwan        
       ",813,3,39,33700,2025-11-21 07:43:16+00:00,Celina ootd 💟 New arrivals !!! Outfit of the Day…….. New arrivals Delivery all over nepal 🇳🇵 Swipe for more details pictures ⏭ All pictures belongs to us 📸 Color may look differ due to lighting ⚡️ . . . . . . . . #ootdfashion #tranding #ootd #shopping #chitwan,True,English
TikTok,"woke up in Pokharaaaaa
#nepal #pokhara #ootd #fitcheck #nepalitiktok #fyp ",329,12,2,7465,2025-03-07 14:06:02+00:00,woke up in Pokharaaaaa #nepal #pokhara #ootd #fitcheck #nepalitiktok #fyp,True,English
TikTok,"Sharing my daily fits as a Nepali short girlie! 🩷
I’m not a stylist or a fashionista—just having fun with what works for me. #growwithtiktok #ootd #fashion #fashiontiktok #fashioninspo #shortheightgirl #shortgirl #voiceover #contentcreator #jasminemaharjan #lifestylecontentcreator #fashionnepal #fitcheck ",9497,40,168,315400,2024-11-23 03:47:36+00:00,Sharing my daily fits as a Nepali short girlie! 🩷 I’m not a stylist or a fashionista—just having fun with what works for me. #growwithtiktok #ootd #fashion #fashiontiktok #fashioninspo #shortheightgirl #shortgirl #voiceover #contentcreator #jasminemaharjan #lifestylecontentcreator #fashionnepal #fitcheck,True,English
TikTok,outfits from a few weeks ago #fitchecked_ #ootd #fypシ #nepali ,3601,11,94,42900,2023-10-16 23:20:17+00:00,outfits from a few weeks ago #fitchecked_ #ootd #fypシ #nepali,True,English
TikTok,"Fit check for SRV concert✨🎶
.
.
.
.
.
.
.
.
#falloutfits #fitcheck #OOTD #nepalitiktok #fypシ゚viral🖤tiktok #nepalitiktok #nepalfashion #srv #concertoutfit ",1852,9,76,57100,2024-11-16 08:48:55+00:00,Fit check for SRV concert✨🎶 . . . . . . . . #falloutfits #fitcheck #OOTD #nepalitiktok #fypシ゚viral🖤tiktok #nepalitiktok #nepalfashion #srv #concertoutfit,True,English
TikTok,"Hello I’m in Nepal and life is good I love this country @ilpadventure #travel #fitcheck #hudsonwilliams #ootd #thrifting

Thanks @madisonlonsdale personal phone stand ",1225,29,10,11000,2026-04-25 13:01:53+00:00,Hello I’m in Nepal and life is good I love this country #travel #fitcheck #hudsonwilliams #ootd #thrifting Thanks personal phone stand,True,English
TikTok,Welcommeeee dikshyaaa #fyp #ootd #nepali #concert ,510,11,23,13900,2026-02-27 16:49:43+00:00,Welcommeeee dikshyaaa #fyp #ootd #nepali #concert,True,English
TikTok,"Ladies Jacket
Size: Free Size

📦 Delivery all over Nepal 🚚

📸 Instagram: @wrongway_officials
📲 WhatsApp: +977 9702037293

#wrongway
#wrongwaythefashionway
#Wrongway_officials
#LadiesOuterwear #CozyAndChic #StyleLayered
#NepaliFashionista #TrendyLooksNepal
#WinterFitCheck #SoftLayers
#WomensWearNepal #StayWarmInStyle
#JacketVibes #DailyStyleFix
#LookOfTheDay #FashionNepal
#WrapYourselfWell #ChicInEveryLayer
#FreeSizeFashion",13100,196,4092,548100,2025-08-08 14:08:54+00:00,Ladies Jacket Size: Free Size 📦 Delivery all over Nepal 🚚 📸 Instagram: 📲 WhatsApp: +977 9702037293 #wrongway #wrongwaythefashionway #Wrongway_officials #LadiesOuterwear #CozyAndChic #StyleLayered #NepaliFashionista #TrendyLooksNepal #WinterFitCheck #SoftLayers #WomensWearNepal #StayWarmInStyle #JacketVibes #DailyStyleFix #LookOfTheDay #FashionNepal #WrapYourselfWell #ChicInEveryLayer #FreeSizeFashion,True,English
TikTok,"Chill out in style with this designed-to-impress summer set. 
📍@Sundown Ktm 
#summerdress #skirts #samakhushichowk #dresses #dress #topshopkathmandu #nepalibeauty #newcollection #summervibes #summer #summertime 
#womenswear #shopping #dress  #outfit #fashionista #trending 
#streetstyle #designer ",122500,658,9205,2300000,2024-04-29 13:03:21+00:00,Chill out in style with this designed-to-impress summer set. 📍 Ktm #summerdress #skirts #samakhushichowk #dresses #dress #topshopkathmandu #nepalibeauty #newcollection #summervibes #summer #summertime #womenswear #shopping #dress #outfit #fashionista #trending #streetstyle #designer,True,English
TikTok,#love #NepaliGucciGang #OutfitOfTheDay #Anonymous #Nepali #GirlLove #Improve #nepalitiktok #girlswholift #fashion #outfits,21,0,5,2984,2022-03-29 18:15:13+00:00,#love #NepaliGucciGang #OutfitOfTheDay #Anonymous #Nepali #GirlLove #Improve #nepalitiktok #girlswholift #fashion #outfits,True,English
TikTok,"Comfortable and easy outfit ❤️ 
📍 @Sundown Ktm 
- #summerdress #skirts #samakhushichowk #dresses #dress #topshopkathmandu #fashionable #trendy #trendingreels #trendingreelsvideo #byeesanna❤️ #thriftnepal #nepalibeauty #newcollection #summervibes #summer #summertime 
#womenswear #fashionblogger #shopping #dress #luxury #outfit #fashionista #trending 
#streetstyle #designer ",10800,91,1153,448400,2024-05-08 13:05:15+00:00,Comfortable and easy outfit ❤️ 📍 Ktm - #summerdress #skirts #samakhushichowk #dresses #dress #topshopkathmandu #fashionable #trendy #trendingreels #trendingreelsvideo #byeesanna❤️ #thriftnepal #nepalibeauty #newcollection #summervibes #summer #summertime #womenswear #fashionblogger #shopping #dress #luxury #outfit #fashionista #trending #streetstyle #designer,True,English
TikTok,#outfits #OutfitOfTheDay #love #Nepali #goviral #guccigang🇳🇵 #fashion #fyppnepal #NepaliGucciGang,7,0,2,2029,2022-03-29 18:20:39+00:00,#outfits #OutfitOfTheDay #love #Nepali #goviral #guccigang🇳🇵 #fashion #fyppnepal #NepaliGucciGang,True,English
TikTok,"""DASHAIN AYO"" ✨😍🙏🏻
Vibrant and full of colours be ready this festival season with our cultural taschen chaubandi 🛍️

Store ph: +9779704507533🇳🇵
Viber/whatsapp: +977-9810078819🇳🇵

Or visit our offline store 
ZEROPOINT DHARAN-13,NEAR CHAUTARI CAFE
:
:
:
#reels #culturallook #foryou #follow #dharan #nepal #auracouturedharan #choli #chaubandi #nepalidesigner #worldwideshipping #nepalitiktok #nepalidesign #boutique #store #order #support #newdesign #raidress_culture #viral #wedding #trendy #festivalseason #explorepage✨exploremore #ethnic #culturallook  ",13600,135,2610,465100,2024-09-22 03:27:27+00:00,"""DASHAIN AYO"" ✨😍🙏🏻 Vibrant and full of colours be ready this festival season with our cultural taschen chaubandi 🛍️ Store ph: +9779704507533🇳🇵 Viber/whatsapp: +977-9810078819🇳🇵 Or visit our offline store ZEROPOINT DHARAN-13,NEAR CHAUTARI CAFE : : : #reels #culturallook #foryou #follow #dharan #nepal #auracouturedharan #choli #chaubandi #nepalidesigner #worldwideshipping #nepalitiktok #nepalidesign #boutique #store #order #support #newdesign #raidress_culture #viral #wedding #trendy #festivalseason #explorepage✨exploremore #ethnic #culturallook",True,English
TikTok,"Experience luxury in every thread with this premium muslin kurthi set. Crafted from ultra-soft, breathable fabric, it blends royalty with comfort. The natural sheen of muslin gives it an elegant drape, while its minimal yet refined design makes it perfect for festive days, office elegance, or classy casuals. Pair it with statement accessories and soft glam makeup for a complete graceful look.

MuslinKurthiSet #PremiumEthnicWear #LuxuryInSimplicity #ElegantLook #MuslinMagic #ChicAndComfortable #DesiElegance #NepaliFashion #EthnicWithGrace #SoftStyleStatement #TiktokNepal #ClassyKurthiVibes #TrendyEthnicWear #MinimalLuxuryLook",4250,83,734,300400,2025-07-13 08:45:23+00:00,"Experience luxury in every thread with this premium muslin kurthi set. Crafted from ultra-soft, breathable fabric, it blends royalty with comfort. The natural sheen of muslin gives it an elegant drape, while its minimal yet refined design makes it perfect for festive days, office elegance, or classy casuals. Pair it with statement accessories and soft glam makeup for a complete graceful look. MuslinKurthiSet #PremiumEthnicWear #LuxuryInSimplicity #ElegantLook #MuslinMagic #ChicAndComfortable #DesiElegance #NepaliFashion #EthnicWithGrace #SoftStyleStatement #TiktokNepal #ClassyKurthiVibes #TrendyEthnicWear #MinimalLuxuryLook",True,English
TikTok,"Elegance with a touch of comfort in this long stretchable dress 💗

.
.
.
.
.#bulwarkstyle #summercollection #summerfashion 
  #cuteoutfit #ootd #bulwarkoutfits#fashion #inspo #xo #outfits #newcollection #nepal #shoponline #wear #trend #nepaligirls #fashionblogger #model #art #trendingstyle #instagood #xo #fitcheck #newcollection ",3191,69,809,157500,2025-03-21 12:46:13+00:00,Elegance with a touch of comfort in this long stretchable dress 💗 . . . . .#bulwarkstyle #summercollection #summerfashion #cuteoutfit #ootd #bulwarkoutfits#fashion #inspo #xo #outfits #newcollection #nepal #shoponline #wear #trend #nepaligirls #fashionblogger #model #art #trendingstyle #instagood #xo #fitcheck #newcollection,True,English
TikTok,"Get festive ready in style with our Jaipuri cotton long skirt 🫶🏼💙🪞❤️
•Free size 
#fyp #baesicfashion #festiveseason #skirt #madeinnepal #festivekurtiswithbaesicfashion #trending #nepalitiktok ",5492,60,1617,302200,2025-09-16 11:15:24+00:00,Get festive ready in style with our Jaipuri cotton long skirt 🫶🏼💙🪞❤️ •Free size #fyp #baesicfashion #festiveseason #skirt #madeinnepal #festivekurtiswithbaesicfashion #trending #nepalitiktok,True,English
TikTok,"If you’ve been following my journey here, you know how deeply I love dance, fashion, and culture. Bringing all of my passions into one with Nach Firiri!

After years of experimenting with different styles and outfits in my dance videos, I always find myself coming back to simple, dance-friendly pieces like kurthis with a flattering fit and sheer sleeves. There’s just something about moving in certain outfits that feels fun…kurthis being one of them especially given the dance style I do.

So I’m starting Nach Firiri with a simple vision: wear your culture, dance freely with it, and proudly carry it everywhere you go! 

I am starting this journey with Maya Collection, which feature simple, dance friendly kurthis inspired by my Nepali roots. I’ve rarely seen Nepali fashion represented on social media in the way it truly deserves. My goal with this first collection is to showcase Nepali culture through both dance and fashion.

Don’t know where this journey will lead, but I am building this with a lot of love for the craft with so many fun ideas in the pipeline. I hope you’ll follow along for the ride.

Link in bio🤍

#nachfiriri #southasianfashion #nepalifashion #nepalikurthis #kurthi ",3,0,0,121,2026-04-14 21:55:05+00:00,"If you’ve been following my journey here, you know how deeply I love dance, fashion, and culture. Bringing all of my passions into one with Nach Firiri! After years of experimenting with different styles and outfits in my dance videos, I always find myself coming back to simple, dance-friendly pieces like kurthis with a flattering fit and sheer sleeves. There’s just something about moving in certain outfits that feels fun…kurthis being one of them especially given the dance style I do. So I’m starting Nach Firiri with a simple vision: wear your culture, dance freely with it, and proudly carry it everywhere you go! I am starting this journey with Maya Collection, which feature simple, dance friendly kurthis inspired by my Nepali roots. I’ve rarely seen Nepali fashion represented on social media in the way it truly deserves. My goal with this first collection is to showcase Nepali culture through both dance and fashion. Don’t know where this journey will lead, but I am building this with a lot of love for the craft with so many fun ideas in the pipeline. I hope you’ll follow along for the ride. Link in bio🤍 #nachfiriri #southasianfashion #nepalifashion #nepalikurthis #kurthi",True,English
TikTok,Swastima khadka in Fashion Designer Yubi Thapa’s Design#adelaide #fashionshows #theboutique #swastimakhadka #adelaideaustralia #nepaliactress #actrices #lovenepal #forurpage_ #bestactress #nepaliflimindustry @Swastima khadka @YUBI THAPA,841,4,8,41100,2022-05-21 00:27:52+00:00,Swastima khadka in Fashion Designer Yubi Thapa’s Design#adelaide #fashionshows #theboutique #swastimakhadka #adelaideaustralia #nepaliactress #actrices #lovenepal #forurpage_ #bestactress #nepaliflimindustry khadka THAPA,True,English
TikTok,"Our fellow NSA members showing off stunning Sherpa fits, elegant sarees, and a beautiful lehenga representing culture, and tradition. Huge thank you to everyone who participated in the fashion show, proudly showcasing Nepali culture and community. 💌 @nihit @chickenfeetsalad @Ashritha⁷ #nepaliculture #funny #nepali #cuboulder #NSA ",130,2,10,4171,2026-04-14 00:18:16+00:00,"Our fellow NSA members showing off stunning Sherpa fits, elegant sarees, and a beautiful lehenga representing culture, and tradition. Huge thank you to everyone who participated in the fashion show, proudly showcasing Nepali culture and community. 💌 #nepaliculture #funny #nepali #cuboulder #NSA",True,English
TikTok,"Nabolau Aaba Nobolau
Ghari Ghari Timro Ghara Ma

#meebeetravels #pahuna #sushantkc #sushantkcsong #bikinishoot #indepependenceday # #4thofjulybikini #bayareamodel #beachwearstyle #bikinihaul #bikinimodel #bayareatiktok #nepalitiktok ",1001,33,56,91200,2025-07-06 15:55:55+00:00,Nabolau Aaba Nobolau Ghari Ghari Timro Ghara Ma #meebeetravels #pahuna #sushantkc #sushantkcsong #bikinishoot #indepependenceday # #4thofjulybikini #bayareamodel #beachwearstyle #bikinihaul #bikinimodel #bayareatiktok #nepalitiktok,True,English
TikTok,🥰🥰🥰 #fashiondesigner #fyp #nepalisong #nepalidress #nepalitiktok  ,72300,551,3344,1200000,2026-02-16 09:47:04+00:00,🥰🥰🥰 #fashiondesigner #fyp #nepalisong #nepalidress #nepalitiktok,True,English
TikTok,#fyp #goviral #collegegirl #nepaligirl #trinity #hot #schooldress ,1256,14,126,159300,2023-07-01 20:27:25+00:00,#fyp #goviral #collegegirl #nepaligirl #trinity #hot #schooldress,True,English
TikTok,"Loving the details on this pearl beauty 😍  can be customised in any color or design 
#nepali #fusionwear #foryoupage #goviral #blouse #ethnic ",4480,62,610,145400,2023-06-27 06:18:04+00:00,Loving the details on this pearl beauty 😍 can be customised in any color or design #nepali #fusionwear #foryoupage #goviral #blouse #ethnic,True,English
TikTok,Pure handmade dhaka gwon set mikfung boutique jhapa nepal dm to order insta limbunee mikfung #mikfung ,22400,415,4650,679700,2024-09-28 14:16:40+00:00,Pure handmade dhaka gwon set mikfung boutique jhapa nepal dm to order insta limbunee mikfung #mikfung,True,English
TikTok,"🎀 NEW SUMMER COLLECTION 🎀
📱 WhatsApp no. : 9865596724
☎️ फोन नं. 9700749075

🏬 स्टोर ठेगाना: न्यू बानेश्वर, शंखमूल रोड, काठमाडौं

✨ Kitsol clothing store  ✨ #summeroutfit #flowydress #kitsolclothingstore #kathmandunepal🇳🇵 #ladiesfashion ",3346,70,610,118800,2026-04-26 05:14:07+00:00,"🎀 NEW SUMMER COLLECTION 🎀 📱 WhatsApp no. : 9865596724 ☎️ फोन नं. 9700749075 🏬 स्टोर ठेगाना: न्यू बानेश्वर, शंखमूल रोड, काठमाडौं ✨ Kitsol clothing store ✨ #summeroutfit #flowydress #kitsolclothingstore #kathmandunepal🇳🇵 #ladiesfashion",True,Nepali
TikTok,"Now available ✨
#onlineshopping #deliveryallovernepal🇳🇵 #fashionfab #nepaligirls #dailywear ",69,2,6,1070,2026-04-24 02:18:47+00:00,Now available ✨ #onlineshopping #deliveryallovernepal🇳🇵 #fashionfab #nepaligirls #dailywear,True,English
TikTok,"premium quality saree with blouse ✅ girls fashion collection Nepal 🇳🇵✅ hight quality video post 😘✅ all over nepal 🇳🇵 home 🏠 delivery 🚚 available ✅ order now WhatsApp 📱 9829943161✅😘
low price only 1750/-✅😘
#trending #video #post 
#fyp #foryou ",932,15,94,49600,2026-04-24 03:56:21+00:00,premium quality saree with blouse ✅ girls fashion collection Nepal 🇳🇵✅ hight quality video post 😘✅ all over nepal 🇳🇵 home 🏠 delivery 🚚 available ✅ order now WhatsApp 📱 9829943161✅😘 low price only 1750/-✅😘 #trending #video #post #fyp #foryou,True,English
TikTok,"♡ New arrivals ’ sleeveless crop tee ♡

💖✨🌸🫧💌📌

Top • sleeveless crop tee

•Also available in Beige colour
Premium quality soft jeans pants • comes with belt

Pant sizes available

Trendy look, comfy & stylish !!

Grab yours @fashion.finds_0💌📌

Cash on delivery available 🚚
For instant reply or to place your order, DM us on-
Instagram: @fashionfinds.0
WhatsApp: 9713793069📞

#fashionfinds #fyp #ladiesfashion #deliveryallovernepal🇳🇵 #nepalionlinestore",1781,30,11,30600,2026-04-26 14:00:52+00:00,"♡ New arrivals ’ sleeveless crop tee ♡ 💖✨🌸🫧💌📌 Top • sleeveless crop tee •Also available in Beige colour Premium quality soft jeans pants • comes with belt Pant sizes available Trendy look, comfy & stylish !! Grab yours .finds_0💌📌 Cash on delivery available 🚚 For instant reply or to place your order, DM us on- Instagram: .0 WhatsApp: 9713793069📞 #fashionfinds #fyp #ladiesfashion #deliveryallovernepal🇳🇵 #nepalionlinestore",True,English
TikTok,"premium quality Saree with blouse ✅😘 girls fashion collection Nepal 🇳🇵✅ hight quality video post ✅ all over nepal 🇳🇵 home 🏠 delivery 🚚 available ✅ order now WhatsApp 📱 9829943161🙏✅
low price only 1199/-✅😘
#trending #video #post 
#fyp #foryou ",11400,211,3033,428500,2026-04-21 04:54:00+00:00,premium quality Saree with blouse ✅😘 girls fashion collection Nepal 🇳🇵✅ hight quality video post ✅ all over nepal 🇳🇵 home 🏠 delivery 🚚 available ✅ order now WhatsApp 📱 9829943161🙏✅ low price only 1199/-✅😘 #trending #video #post #fyp #foryou,True,English
TikTok,"Shirt is perfect for any pants ❤️  

 #tishirt #nepalibeauty #newcollection #summervibes #summer #summertime 
#womenswear #fashionblogger #shopping   #outfit #fashionista #trending 
#streetstyle #designer",2587,16,331,197200,2024-05-31 03:20:30+00:00,Shirt is perfect for any pants ❤️ #tishirt #nepalibeauty #newcollection #summervibes #summer #summertime #womenswear #fashionblogger #shopping #outfit #fashionista #trending #streetstyle #designer,True,English
TikTok,#Y2KFashion #outfit #outfitinspo #fashiontiktok #ootd #girlies #nepalonlinebusiness #affordablefashion #miniskirts ,2198,5,458,125800,2025-06-03 10:43:02+00:00,#Y2KFashion #outfit #outfitinspo #fashiontiktok #ootd #girlies #nepalonlinebusiness #affordablefashion #miniskirts,True,English
TikTok,"Be the epitome of grace in this gorgeous floral summer dress 💞

.
.
.
.
.
.#bulwarkstyle #summercollection #summerfashion 
  #cuteoutfit #ootd #bulwarkoutfits#fashion #inspo #xo #outfits #newcollection #nepal #shoponline #wear #trend #nepaligirls #fashionblogger #model #art #trendingstyle #instagood #xo #fitcheck #newcollection",5463,16,812,221400,2025-02-21 12:44:23+00:00,Be the epitome of grace in this gorgeous floral summer dress 💞 . . . . . .#bulwarkstyle #summercollection #summerfashion #cuteoutfit #ootd #bulwarkoutfits#fashion #inspo #xo #outfits #newcollection #nepal #shoponline #wear #trend #nepaligirls #fashionblogger #model #art #trendingstyle #instagood #xo #fitcheck #newcollection,True,English
TikTok,"✨""Comfort meets class: Stretchable formal pants for all-day ease and style.""💫#tiktoknepal #lifestyle7fashion #fypシ #foryoupage #croptop #formal #pant #outfit #sunnyday ",27000,313,3420,1100000,2025-01-27 10:40:38+00:00,"✨""Comfort meets class: Stretchable formal pants for all-day ease and style.""💫#tiktoknepal #lifestyle7fashion #fypシ #foryoupage #croptop #formal #pant #outfit #sunnyday",True,English
TikTok,"Lightweight, flowy, and made for sunny days—shop the new boho drop now🌺

colors available 

Dm us on instagram for further details!! 

#nepalihippiecollection #bohoclothing #hippienepal #summerdresses #womensfashion #summerfashion #dresses ",14600,46,607,326600,2025-06-06 12:15:38+00:00,"Lightweight, flowy, and made for sunny days—shop the new boho drop now🌺 colors available Dm us on instagram for further details!! #nepalihippiecollection #bohoclothing #hippienepal #summerdresses #womensfashion #summerfashion #dresses",True,English
TikTok,"Naturally graceful, effortlessly chic – brown never looked this good 🍂

colors available 
Dm to order !! 

#bohoclothing #trending #womensfashion #nepalihippiecollection #outfitinspo #hippiefashionnepal ",13500,39,1604,326600,2025-05-02 05:48:49+00:00,"Naturally graceful, effortlessly chic – brown never looked this good 🍂 colors available Dm to order !! #bohoclothing #trending #womensfashion #nepalihippiecollection #outfitinspo #hippiefashionnepal",True,English
TikTok,"Shop this look 💕

Dm us on our instagram to order !! 
Link on bio 

.
.
.
.
.
#bulwarkstyle 
  #cute outfit #OOTD #bulwarkoutfits#fashion #inspo #xo #outfits #newcollection #nepal #shoponline #wear #trend #nepaligirls #fashionblogger #model #art #trendingstyle #instagood #xo #fitcheck ",10900,54,782,162800,2025-05-23 11:07:30+00:00,Shop this look 💕 Dm us on our instagram to order !! Link on bio . . . . . #bulwarkstyle #cute outfit #OOTD #bulwarkoutfits#fashion #inspo #xo #outfits #newcollection #nepal #shoponline #wear #trend #nepaligirls #fashionblogger #model #art #trendingstyle #instagood #xo #fitcheck,True,English
TikTok,Looks cool #nepali #shirthack #outfithacks #outfitideas #outfitinspo #fyp #fyppppppppppppppppppppppp #foryou #styling #fashionhack ,480500,1705,15000,5100000,2025-04-18 12:38:31+00:00,Looks cool #nepali #shirthack #outfithacks #outfitideas #outfitinspo #fyp #fyppppppppppppppppppppppp #foryou #styling #fashionhack,True,English
TikTok,"OOTD
.
.
.
.
.
.
.
#fyppppppppppppppppppppppp #outfitideas #fyp #ootd #outfit #gothic #alt #altfashion #gothgirl #nepali #emo ",6693,80,757,141600,2025-03-15 12:00:57+00:00,OOTD . . . . . . . #fyppppppppppppppppppppppp #outfitideas #fyp #ootd #outfit #gothic #alt #altfashion #gothgirl #nepali #emo,True,English
TikTok,"Rock your confidence and flaunt your curves in stunning bodycon onepiece 🤍

Dm us on our instagram: @bulwark.la @ethnicbulwark 
Viber whatsapp : 9851219308
.
.
.
.
.
.
.#bulwarkstyle #summercollection #summerfashion 
  #cuteoutfit #ootd #bulwarkoutfits#fashion #inspo #xo #outfits #newcollection #nepal #shoponline #wear #trend #nepaligirls #fashionblogger #model #art #trendingstyle #instagood #xo #fitcheck #newcollection",4461,12,541,56800,2025-04-24 12:47:26+00:00,Rock your confidence and flaunt your curves in stunning bodycon onepiece 🤍 Dm us on our instagram: .la Viber whatsapp : 9851219308 . . . . . . .#bulwarkstyle #summercollection #summerfashion #cuteoutfit #ootd #bulwarkoutfits#fashion #inspo #xo #outfits #newcollection #nepal #shoponline #wear #trend #nepaligirls #fashionblogger #model #art #trendingstyle #instagood #xo #fitcheck #newcollection,True,English
TikTok,"🌸🌸🌸

#NepaliReels #NepaliCreator #NepaliFashion #LifestyleNepal #Nepal #OOTDNepal #StyleWithMe #FashionReels #NepaliGirl #ReelsOfInstagram #AestheticNepal #FashionVibesNepal #ExplorePage #GRWMNepal #SlayinNepal #ReelTrend #InstaNepal
#MadelnNepal #VisitNepal2025 #TrendingNow #ViralReels #ReelKaroFeelKaro #OutfitinspoNepal #NepaliBeauty #FashionNepal #DayInMyLifeNepal #ExploreNepal
#NepalVibes #ReelLove #FYPnepal",10000,73,641,144800,2025-05-13 09:39:44+00:00,🌸🌸🌸 #NepaliReels #NepaliCreator #NepaliFashion #LifestyleNepal #Nepal #OOTDNepal #StyleWithMe #FashionReels #NepaliGirl #ReelsOfInstagram #AestheticNepal #FashionVibesNepal #ExplorePage #GRWMNepal #SlayinNepal #ReelTrend #InstaNepal #MadelnNepal #VisitNepal2025 #TrendingNow #ViralReels #ReelKaroFeelKaro #OutfitinspoNepal #NepaliBeauty #FashionNepal #DayInMyLifeNepal #ExploreNepal #NepalVibes #ReelLove #FYPnepal,True,English
TikTok,"Elegance with a touch of comfort in this long stretchable dress 💗
.
.
.
.
.#bulwarkstyle #summercollection #SummerFashion 
  #cuteoutfit #OOTD #bulwarkoutfits#fashion #inspo #xo #outfits #newcollection #nepal #shoponline #wear #trend #nepaligirls #fashionblogger #model #art #trendingstyle #instagood #xo #fitcheck #newcollection.",7589,143,1180,248900,2025-03-26 12:43:29+00:00,Elegance with a touch of comfort in this long stretchable dress 💗 . . . . .#bulwarkstyle #summercollection #SummerFashion #cuteoutfit #OOTD #bulwarkoutfits#fashion #inspo #xo #outfits #newcollection #nepal #shoponline #wear #trend #nepaligirls #fashionblogger #model #art #trendingstyle #instagood #xo #fitcheck #newcollection.,True,English
TikTok,New Baggy Over size paint only for Rs 1200. In two different color. Delivery all over Nepal. #ladiesfashion #baddypaint#girlsfasion #viral #trending #fyppppppppppppppppppppppp ,7811,234,5062,709700,2024-11-22 12:25:20+00:00,New Baggy Over size paint only for Rs 1200. In two different color. Delivery all over Nepal. #ladiesfashion #baddypaint#girlsfasion #viral #trending #fyppppppppppppppppppppppp,True,English
TikTok,time flies when ur having fun ;)🥂🖤✨ #birthdaygirl #birthday #happybirthday #26 #birthdayoutfit ,54100,286,3358,1100000,2025-12-09 02:15:06+00:00,time flies when ur having fun ;)🥂🖤✨ #birthdaygirl #birthday #happybirthday #26 #birthdayoutfit,True,English
TikTok,Birthday party outfit… 🐆🎂 #26thbirthday #birthday #bday #birthdaytransition #gabriellavigorito ,5039,148,17,54400,2026-04-04 22:39:12+00:00,Birthday party outfit… 🐆🎂 #26thbirthday #birthday #bday #birthdaytransition #gabriellavigorito,True,English
TikTok,#viral #nepaligirl #college #dress #fyp #tiktoknepal #follow ,19500,385,919,1500000,2024-01-03 05:03:57+00:00,#viral #nepaligirl #college #dress #fyp #tiktoknepal #follow,True,English
TikTok,#CapCut #nepaligirl #fyp #nepali,558,25,17,33300,2023-05-14 05:51:22+00:00,#CapCut #nepaligirl #fyp #nepali,True,English
TikTok,Not my problem 😎 Kuch V edit Kar Raha hu 🥲 #schoolgirl #schoolgirlssupervisorsato #collegegirl #collegegirlvibes #viralnepaligirl #nepaligirl ,8193,119,194,295600,2024-10-22 04:33:21+00:00,Not my problem 😎 Kuch V edit Kar Raha hu 🥲 #schoolgirl #schoolgirlssupervisorsato #collegegirl #collegegirlvibes #viralnepaligirl #nepaligirl,True,English
TikTok,Nursing college life in Nepal is truly the best! 💕 #nepalinurse #usrn #nurselife #nepaligossipgirl  @Gemini girl ❤️🧿🪬 ,1332,34,118,39500,2026-03-11 17:38:42+00:00,Nursing college life in Nepal is truly the best! 💕 #nepalinurse #usrn #nurselife #nepaligossipgirl girl ❤️🧿🪬,True,English
TikTok,#collegegirl #collegelife #nepalitiktok #viraltiktok @Prabes Crestha. 🇳🇵 ,89,7,1,626,2026-04-14 12:17:15+00:00,#collegegirl #collegelife #nepalitiktok #viraltiktok Crestha. 🇳🇵,True,English
TikTok,College fit check guys🥰#firsttry #unifitcheck #fitcheck #fyp #sneha #nepali #nepaligirl #sydney #australia #internationalstudent #spreadlove #❤️❤️❤️ @Ayusha Timilsina ,860,69,15,8010,2025-06-05 12:15:13+00:00,College fit check guys🥰#firsttry #unifitcheck #fitcheck #fyp #sneha #nepali #nepaligirl #sydney #australia #internationalstudent #spreadlove #❤️❤️❤️ Timilsina,True,English
TikTok,Sex lives of college girls styled scene! #halloweencostume #actingreel #collegegirls #collegegirlsoftiktok #nepalitiktok ,14,0,2,3980,2025-08-19 02:34:12+00:00,Sex lives of college girls styled scene! #halloweencostume #actingreel #collegegirls #collegegirlsoftiktok #nepalitiktok,True,English
TikTok,Quick OOTD check for my college 🤎#nepali girl ,91,6,0,737,2026-04-09 09:42:19+00:00,Quick OOTD check for my college 🤎#nepali girl,True,English
TikTok,"Hahaha, good old days!🤪🤪🤪 @niti.acharyaa #nepaligirls #college",179,4,7,4186,2023-01-08 18:53:07+00:00,"Hahaha, good old days!🤪🤪🤪 .acharyaa #nepaligirls #college",True,English
TikTok,"A day well spent with friends is always a day worth remembering- full of laughter, stories, and little moments that turn into lifelong memories. 😘❤️🧿🌸 @Aniwa shiwakoti💃  @Sabina #Dayout #Friends #collegelife  #fypシ゚viral #Nepali🇳🇵 ",70,15,3,343,2026-04-27 10:18:35+00:00,"A day well spent with friends is always a day worth remembering- full of laughter, stories, and little moments that turn into lifelong memories. 😘❤️🧿🌸 shiwakoti💃 #Dayout #Friends #collegelife #fypシ゚viral #Nepali🇳🇵",True,English
TikTok,tapaiko prashna part 2 #nepalitiktok #nepaligirl,23400,389,2373,658300,2025-09-23 02:33:41+00:00,tapaiko prashna part 2 #nepalitiktok #nepaligirl,True,English
TikTok,Nepali college girls teach me how to dance 🇳🇵,442100,3564,8462,6900000,2024-10-02 12:00:00+00:00,Nepali college girls teach me how to dance 🇳🇵,True,English
TikTok,Talking with Nepali girls in Kathmandu🇳🇵 #vlog ,1351,9,93,53400,2025-09-06 13:24:29+00:00,Talking with Nepali girls in Kathmandu🇳🇵 #vlog,True,English
TikTok,Kavreli samdhi dance>> #kavrelisamdi #nepalitiktok ,20200,447,3430,561600,2026-03-08 04:42:21+00:00,Kavreli samdhi dance>> #kavrelisamdi #nepalitiktok,True,English
TikTok,#fypシ゚viral🖤tiktok #hot #girl #viral #nepalitiktok,8777,309,651,651900,2025-08-30 14:53:37+00:00,#fypシ゚viral🖤tiktok #hot #girl #viral #nepalitiktok,True,English
TikTok,"#youthfashion #rambabubastralaya #deliveryallovernepal🇳🇵 
no.9779819880498
no.9779816821033
#viralyouthfashion #dhanauji ",1200,45,28,13200,2026-04-02 08:09:23+00:00,#youthfashion #rambabubastralaya #deliveryallovernepal🇳🇵 no.9779819880498 no.9779816821033 #viralyouthfashion #dhanauji,True,English
TikTok,"#youthfashion #rambabubastralaya #deliveryallovernepal🇳🇵 
no.9779819880498
no.9779816821033
#viralyouthfashion #dhanauji @Ŝ𝐚𝓝𝒿𝓪𝔂 💓🦋 ",3643,176,129,38100,2026-04-08 14:28:16+00:00,#youthfashion #rambabubastralaya #deliveryallovernepal🇳🇵 no.9779819880498 no.9779816821033 #viralyouthfashion #dhanauji 💓🦋,True,English
TikTok,#creatorsearchinsights #youthfulstyle #nepalitiktok #beautycraftshalu #fyp ,174,10,1,1024,2026-01-14 10:40:26+00:00,#creatorsearchinsights #youthfulstyle #nepalitiktok #beautycraftshalu #fyp,True,English
TikTok,"Nepalcanmove #youthfashion #rambabubastralaya #deliveryallovernepal🇳🇵 
no.9779819880498
no.9779816821033
#viralyouthfashion #dhanauji ",2154,79,29,24000,2026-04-04 07:47:21+00:00,Nepalcanmove #youthfashion #rambabubastralaya #deliveryallovernepal🇳🇵 no.9779819880498 no.9779816821033 #viralyouthfashion #dhanauji,True,English
TikTok,Casual Tuesday 🚶 #fashiontiktok #streetwearfashion #nepalistreetwear #baggyoutfit #ootd #fyppppppp ,2440,25,219,83200,2025-04-22 12:40:35+00:00,Casual Tuesday 🚶 #fashiontiktok #streetwearfashion #nepalistreetwear #baggyoutfit #ootd #fyppppppp,True,English
TikTok,"Step up your street game with Naulo Clothing 💯👕
Slide into DMs & grab yours now! 📩
#NauloClothing #NepalFashion #StreetWearNepal #UrbanStyle #YouthVibes ",26,0,4,481,2026-02-15 05:09:05+00:00,Step up your street game with Naulo Clothing 💯👕 Slide into DMs & grab yours now! 📩 #NauloClothing #NepalFashion #StreetWearNepal #UrbanStyle #YouthVibes,True,English
TikTok,#youthfashion #9819880498 #9816821033 #deliveryallovernepal🇳🇵 #luckyshah298 #shrwanshah #dhanauji #dhanusha #foryou #explore ,582,14,16,8666,2025-07-15 15:19:51+00:00,#youthfashion #9819880498 #9816821033 #deliveryallovernepal🇳🇵 #luckyshah298 #shrwanshah #dhanauji #dhanusha #foryou #explore,True,English
TikTok,"Limbuni with her labubu🇳🇵🫶🏼

#OOTD #styleinspo #outfitcheck #limbuculture #labubu #nepalitiktok #creatorsearchinsights #TraditionalOutfit#fyp #chumlung ",782,22,33,27300,2025-07-19 22:49:06+00:00,Limbuni with her labubu🇳🇵🫶🏼 #OOTD #styleinspo #outfitcheck #limbuculture #labubu #nepalitiktok #creatorsearchinsights #TraditionalOutfit#fyp #chumlung,True,English
TikTok,"Nepal drip🇳🇵 🈲 drip outfit for this summer😎🔥😎 @nj.closet99 

Tt nirajanuniquefancy
Ig nj.closet99

Size - m l xl 

Location 📍Thulo bharyang swoyambhu kathmandu
.
.
.
.
.
.
#foryou  #combo #drip #outfit #reddrip #fashion #trending #outfits #fashion #reels #goviral #fyp 

We do shipping all over nepal & worldwide✈️✈️

Kindly do follow our page for more updates❤️☺️

Thank you all ❤️❤️❤️❤️",38900,114,466,1200000,2025-06-15 14:19:51+00:00,Nepal drip🇳🇵 🈲 drip outfit for this summer😎🔥😎 .closet99 Tt nirajanuniquefancy Ig nj.closet99 Size - m l xl Location 📍Thulo bharyang swoyambhu kathmandu . . . . . . #foryou #combo #drip #outfit #reddrip #fashion #trending #outfits #fashion #reels #goviral #fyp We do shipping all over nepal & worldwide✈️✈️ Kindly do follow our page for more updates❤️☺️ Thank you all ❤️❤️❤️❤️,True,English
TikTok,"Trendy & Youth Style Upgrade your style with this trendy T-shirt, designed to stand out effortlessly. With its unique design and premium comfort, it's perfect for casual outings, hangouts, or making a statement wherever you go.

#creatorsearchinsights ",35,3,0,504,2026-03-18 02:47:31+00:00,"Trendy & Youth Style Upgrade your style with this trendy T-shirt, designed to stand out effortlessly. With its unique design and premium comfort, it's perfect for casual outings, hangouts, or making a statement wherever you go. #creatorsearchinsights",True,English
TikTok,"Perfect Formal outfit for this Dashain❤️
Dm us on insta:HANGGER
Home Delivery all over Nepal🇳🇵
Call☎️9765779363
Visit store: Surkhet, Bichbazar
#hangger #surkhetmuser.
#birendranagar_surkhet #NEPAL
#foryounepal #kathmandu #lalitpur
#bhaktapur #boudha #australia #japan
#jhapa #illam #ithari #pokhara #butwal
#dang #ghorahi #tiktoknepal #nepal #*dubai
#Unfreeze #combo #cargo #converse
#acket #icebelt #dailekh
#mehelkuna_surkhet #chinchu #ithari #bara
#australia #hangger #japan #pokhara
#nawalpur #jhapa #koholpur
#koteshwor_kathmandU #goviral #fypnepal
#nepalimuser #kyoto #canada #sydney
#newroadpokhara",100800,1176,12800,2100000,2023-10-12 12:16:06+00:00,"Perfect Formal outfit for this Dashain❤️ Dm us on insta:HANGGER Home Delivery all over Nepal🇳🇵 Call☎️9765779363 Visit store: Surkhet, Bichbazar #hangger #surkhetmuser. #birendranagar_surkhet #NEPAL #foryounepal #kathmandu #lalitpur #bhaktapur #boudha #australia #japan #jhapa #illam #ithari #pokhara #butwal #dang #ghorahi #tiktoknepal #nepal #*dubai #Unfreeze #combo #cargo #converse #acket #icebelt #dailekh #mehelkuna_surkhet #chinchu #ithari #bara #australia #hangger #japan #pokhara #nawalpur #jhapa #koholpur #koteshwor_kathmandU #goviral #fypnepal #nepalimuser #kyoto #canada #sydney #newroadpokhara",True,English
TikTok,"Rate this outfit out of ten??🤪

#foryoupage #outfit #streetstyle #nepali #fashiontiktok #fashioninspo #recreation ",5026,47,159,176700,2025-04-21 12:41:54+00:00,Rate this outfit out of ten??🤪 #foryoupage #outfit #streetstyle #nepali #fashiontiktok #fashioninspo #recreation,True,English
TikTok,"Elegance meets charisma in the bold embrace of black. Presenting the epitome of style from the Pret menswear collection, where traditional allure intertwines seamlessly with contemporary design. 

@Siwangi Official x @Rehan Shrestha #siwangiandrehan #siwangixrehan #itsrehanshrestha #siwangipradhan #ayushmandeshrajoshi #alexbishwakarma #kunsangbomjan #nischalkhadka #menswear #fashiontok #fashiontiktok #mensoutfit #nepal #nepali #tiktoknepal #fypシ ",34700,155,129,650100,2023-12-08 06:41:00+00:00,"Elegance meets charisma in the bold embrace of black. Presenting the epitome of style from the Pret menswear collection, where traditional allure intertwines seamlessly with contemporary design. Official x Shrestha #siwangiandrehan #siwangixrehan #itsrehanshrestha #siwangipradhan #ayushmandeshrajoshi #alexbishwakarma #kunsangbomjan #nischalkhadka #menswear #fashiontok #fashiontiktok #mensoutfit #nepal #nepali #tiktoknepal #fypシ",True,English
TikTok,PART-2 all nepali cultural dresses available 😍🙏#buyculturaldressfromhamrobhesbhusa #hamrobhesbhusaimadol #nepaliculturedress #nepalidresswithornaments #nepalidress ,29700,527,1265,974100,2026-03-09 06:52:08+00:00,PART-2 all nepali cultural dresses available 😍🙏#buyculturaldressfromhamrobhesbhusa #hamrobhesbhusaimadol #nepaliculturedress #nepalidresswithornaments #nepalidress,True,English
TikTok,Nepali women look extra beautiful in their own cultural dress ❤️🇳🇵✨️#Tamangdress #Newardress #Thakuridress #Tharudress #Sherpadress ,14700,133,409,298300,2026-02-14 12:30:02+00:00,Nepali women look extra beautiful in their own cultural dress ❤️🇳🇵✨️#Tamangdress #Newardress #Thakuridress #Tharudress #Sherpadress,True,English
TikTok,"I’ve never felt so welcomed as I have in Nepal. The people are so kind, hospitable, and l’ve loved learning more about Nepalese culture… and how stunning is this clothing 🥹❤️ #nepal #gurung ",819,15,24,25700,2024-04-05 01:06:10+00:00,"I’ve never felt so welcomed as I have in Nepal. The people are so kind, hospitable, and l’ve loved learning more about Nepalese culture… and how stunning is this clothing 🥹❤️ #nepal #gurung",True,English
TikTok,"Nepali women be looking extra beautiful in their cultural attire! 🇳🇵🫶🏼✨️
#chhetridress #bahundress #gurungdress #magardress #raidress & Limbu dress ",22600,523,1239,440100,2026-02-12 15:02:31+00:00,Nepali women be looking extra beautiful in their cultural attire! 🇳🇵🫶🏼✨️ #chhetridress #bahundress #gurungdress #magardress #raidress & Limbu dress,True,English
TikTok,"Proof that Nepali boys look extra better in their cultural attires! there're more than 120 ethnic communities residing in the country 🇳🇵. 

(Plus : We're extremely sorry for those communities whose cultural attire haven't been mentioned in the video, this problem often arises due to the lack of proper and trustable sources, Every audience are free to send their clips on their cultural attire on our D.M without any hesitation, Our team will be glad for the help) 🙏🏻🇳🇵
#Magar #Gurung #Tamang #Kirat #Newar ",2430,9,90,39900,2026-04-12 13:02:37+00:00,"Proof that Nepali boys look extra better in their cultural attires! there're more than 120 ethnic communities residing in the country 🇳🇵. (Plus : We're extremely sorry for those communities whose cultural attire haven't been mentioned in the video, this problem often arises due to the lack of proper and trustable sources, Every audience are free to send their clips on their cultural attire on our D.M without any hesitation, Our team will be glad for the help) 🙏🏻🇳🇵 #Magar #Gurung #Tamang #Kirat #Newar",True,English
TikTok,TRYING ON NEPALI TRADITIONAL DRESSES!! For educational purposes tyvm #nepal #nepalitiktok #nepali #nepaligirl #nepaltiktok ,1143,21,44,21700,2025-11-13 16:50:24+00:00,TRYING ON NEPALI TRADITIONAL DRESSES!! For educational purposes tyvm #nepal #nepalitiktok #nepali #nepaligirl #nepaltiktok,True,English
TikTok,"सबै आआफ्नो संस्कृति पोसाक मा । 
#newar #tamang #Gurung #Sherpa #rai #magar #couple #dresses #culture #nepal #goviral #keepsupporting #foryou #video #viralvideo #tiktok #nepal #keeploving #tamtrang #rai #magar #gurung #newar #viral #couples #video ",33000,1800,2288,686800,2025-07-11 01:42:06+00:00,सबै आआफ्नो संस्कृति पोसाक मा । #newar #tamang #Gurung #Sherpa #rai #magar #couple #dresses #culture #nepal #goviral #keepsupporting #foryou #video #viralvideo #tiktok #nepal #keeploving #tamtrang #rai #magar #gurung #newar #viral #couples #video,True,Nepali
TikTok,#creatorsearchinsights #fypシ゚ #ethnicwear #traditionalwear #sumayaabyishu #bridalwear #bride #luxurybridal #nepalidesigner #nepalibride ,2846,53,1354,132600,2025-06-25 12:38:41+00:00,#creatorsearchinsights #fypシ゚ #ethnicwear #traditionalwear #sumayaabyishu #bridalwear #bride #luxurybridal #nepalidesigner #nepalibride,True,English
TikTok,"Newari HakuPatasi set only $55 ✨
Size: 32-44 available 

#hakupatasiinusa #newaridressinusa #newari #newariornamentsinusa #hakupatasi @Ethnic Wears & Accessories💎 @kurthighar_usa ",318,6,26,11000,2026-03-24 14:39:02+00:00,Newari HakuPatasi set only $55 ✨ Size: 32-44 available #hakupatasiinusa #newaridressinusa #newari #newariornamentsinusa #hakupatasi Wears & Accessories💎,True,English
TikTok,"I love experiencing different cultures
This was so special 🇳🇵#nepal #nepali #traditional #outfit #outfitoftheday ",10500,331,43,96400,2026-03-20 20:14:52+00:00,I love experiencing different cultures This was so special 🇳🇵#nepal #nepali #traditional #outfit #outfitoftheday,True,English
TikTok,#clothingstores #nepalistoreinusa #culturaldress #foryou @The Bipu 😎 @Renu Chhetri Poudel 🇺🇸 @Dasyalee @Ratnatamang63 @Rhythmpurnima🖤 @Kaliree @🇺🇸renugurung🇺🇸 @Rubina dumzon @Everest elegance @Roneela Lama🦢 ,249,18,102,9790,2026-04-13 23:33:50+00:00,#clothingstores #nepalistoreinusa #culturaldress #foryou Bipu 😎 Chhetri Poudel 🇺🇸 🖤 @🇺🇸renugurung🇺🇸 dumzon elegance Lama🦢,True,English
TikTok,#sumnimacollectionitahari🛍️ #callforinquiries☎️9804001255🛍️☎️ #nepaliauthenthicwear #Raicultureldress🙏 #keepsupporting ,2335,46,277,53600,2025-12-17 10:04:44+00:00,#sumnimacollectionitahari🛍️ #callforinquiries☎️9804001255🛍️☎️ #nepaliauthenthicwear #Raicultureldress🙏 #keepsupporting,True,English
TikTok,These pieces deserve their own momentssss #haul #ethnicclothing #nepalhaul #clothinghaul ,38,2,0,512,2026-04-07 17:38:07+00:00,These pieces deserve their own momentssss #haul #ethnicclothing #nepalhaul #clothinghaul,True,English
TikTok,"Lhochhar(ल्होछार)Special 2862
Nepali girl in traditional dress 
||
#lhochhar #sonamlhosar #tamang #tamangculture #tamangdress 
~
@GhOsT😼_👻 
•
•
Sonam lhochhar 🐴",163100,2225,2907,3200000,2026-01-23 02:44:05+00:00,Lhochhar(ल्होछार)Special 2862 Nepali girl in traditional dress || #lhochhar #sonamlhosar #tamang #tamangculture #tamangdress ~ 😼_👻 • • Sonam lhochhar 🐴,True,Nepali
TikTok,"Replying to @Sita dhungel 💃 Beautiful ethnic wear for every occasion! @Nana clothing & gift 
#fyp #nepali #traditional #interacialcouple #blessed ",142400,1010,807,1900000,2025-09-22 14:11:37+00:00,Replying to dhungel 💃 Beautiful ethnic wear for every occasion! clothing & gift #fyp #nepali #traditional #interacialcouple #blessed,True,English
TikTok,"Chhetri dress will soon be out of stock. Get this dress before you regret❤️ Location: 831 Pascoe Vale Road, Glenroy, Melbourne @Rosy🌹 #chettridress #chhetridress #nepaliculture #limitedinstock #chhetridressavailable #nepalistoreinaustralia #indrenimarket #nepaleseinmelbourne #nepaliinmelbourne #australiawideshipping #onlineshop #nepaleseinaustralia #nepaliinaustralia #melbourneclothingstore #nepaliclothingstore #clothingstoreinaustralia #nepaliclothing #foryoupage #fyp #foryou #fypmelbourne ",3223,118,513,117500,2025-02-28 09:28:01+00:00,"Chhetri dress will soon be out of stock. Get this dress before you regret❤️ Location: 831 Pascoe Vale Road, Glenroy, Melbourne 🌹 #chettridress #chhetridress #nepaliculture #limitedinstock #chhetridressavailable #nepalistoreinaustralia #indrenimarket #nepaleseinmelbourne #nepaliinmelbourne #australiawideshipping #onlineshop #nepaleseinaustralia #nepaliinaustralia #melbourneclothingstore #nepaliclothingstore #clothingstoreinaustralia #nepaliclothing #foryoupage #fyp #foryou #fypmelbourne",True,English
TikTok,Full sleeve long dress #fashionsutra #onlineshopping #ordernow #limitedstock #foryou #trending #womensclothing #fyp #nepalitiktok🇳🇵@shreya_adhikari ,32900,743,8070,1300000,2024-09-23 13:22:17+00:00,Full sleeve long dress #fashionsutra #onlineshopping #ordernow #limitedstock #foryou #trending #womensclothing #fyp #nepalitiktok🇳🇵,True,English
TikTok,"Size 32,36available #newdesignsareeavailable #nepaligirls🇳🇵 #foryoupage❤️❤️ ",769,10,177,93400,2024-07-31 20:15:26+00:00,"Size 32,36available #newdesignsareeavailable #nepaligirls🇳🇵 #foryoupage❤️❤️",True,English
TikTok,Now available 🥰please call/text us 412-758-1942 for more information #fyp #lehenga #nepalitiktok #mariyafashionboutique #nepali ,14000,47,1489,320900,2025-11-18 19:39:17+00:00,Now available 🥰please call/text us 412-758-1942 for more information #fyp #lehenga #nepalitiktok #mariyafashionboutique #nepali,True,English
TikTok,"it’s a cinderella dress for me 👗Once you start wearing maxi ,there’s no going back😭🥹🥰 oh my god the comfort ,the feeling is so heaven💅🏻🥹😭#maxiera #maxidress #nepali #innerchildhealing #selflove ",42200,782,7422,691800,2026-01-12 04:22:59+00:00,"it’s a cinderella dress for me 👗Once you start wearing maxi ,there’s no going back😭🥹🥰 oh my god the comfort ,the feeling is so heaven💅🏻🥹😭#maxiera #maxidress #nepali #innerchildhealing #selflove",True,English
TikTok,"New Drop Alert!! 

#goviral #shortkurthi #summer #nepali #forgirls ",12100,48,1534,399800,2026-03-24 14:42:43+00:00,New Drop Alert!! #goviral #shortkurthi #summer #nepali #forgirls,True,English
TikTok,😍now available@mariyafashion4000 at the store in 3 different colors! #customizable #nepali #fyp #foryoupage #trending ,1997,44,302,49900,2026-01-04 20:05:28+00:00,😍now available at the store in 3 different colors! #customizable #nepali #fyp #foryoupage #trending,True,English
TikTok,Lehenga set available 🥀🥀🥀🌷🌷.   Color options red and white 🤍🤍❣️. Size can be customize 🤍🤍#jyotiwomenwear #sistersboutique #nepaliboutique #syangjawaling #foryoupage❤️ @Jyotiwomenwear @Itnash💙 ,15200,97,1089,288500,2026-04-16 16:47:11+00:00,Lehenga set available 🥀🥀🥀🌷🌷. Color options red and white 🤍🤍❣️. Size can be customize 🤍🤍#jyotiwomenwear #sistersboutique #nepaliboutique #syangjawaling #foryoupage❤️ 💙,True,English
TikTok,We are wearing @JOPHIEL.BY.EVA ‘s spring collection🪐#fyp #nepali #keepsmiling @karishma shrestha instagram:evaaa.g__#iloveyouall❤️🍂 ,118000,535,3509,1800000,2023-07-02 11:41:28+00:00,We are wearing .BY.EVA ‘s spring collection🪐#fyp #nepali #keepsmiling shrestha instagram:evaaa.g__#iloveyouall❤️🍂,True,English
TikTok,"get dressed with me for a Nepali wedding reception🫶🏼 

@Valentino @Josie Maran @Athena Club ",5779,53,230,114000,2025-06-08 22:33:08+00:00,get dressed with me for a Nepali wedding reception🫶🏼 Maran Club,True,English
TikTok,You can order @AmenaFashion #nepali #smallbusiness #sarees #nepaliwomeninbusiness #amenafashion #tiktoknepalofficial #tiktoknepalofficial ,7232,159,373,533800,2025-03-15 00:03:55+00:00,You can order #nepali #smallbusiness #sarees #nepaliwomeninbusiness #amenafashion #tiktoknepalofficial #tiktoknepalofficial,True,English
TikTok,"one of our hot selling kurti set ❤️
Grab yours from KTW😉
@KRITA.B 
#foryoupage #ktwears #kathmandutraditionalwears #red #teej #festival #nepali #traditional #tassdress #adelaide ",17400,93,1710,923300,2025-08-22 10:23:49+00:00,one of our hot selling kurti set ❤️ Grab yours from KTW😉 .B #foryoupage #ktwears #kathmandutraditionalwears #red #teej #festival #nepali #traditional #tassdress #adelaide,True,English
TikTok,24 24 24 !!! #gold #goldbirthday #dress #24th #24karat ,168,21,2,4563,2026-03-24 06:48:39+00:00,24 24 24 !!! #gold #goldbirthday #dress #24th #24karat,True,English
TikTok,"A red monochrome net lehenga with handwork detailing is a stunning and timeless choice for a bride who wants to blend tradition with sophistication.
#maya #mayaboutique #mayaboutique_brt #fyp #foryou #foryourpage #follower #lehenga #lehengalove #lehengadesigns #bride #nepalibride #bridal #biratnagarmuser ",6603,163,1566,225300,2024-11-20 05:31:36+00:00,A red monochrome net lehenga with handwork detailing is a stunning and timeless choice for a bride who wants to blend tradition with sophistication. #maya #mayaboutique #mayaboutique_brt #fyp #foryou #foryourpage #follower #lehenga #lehengalove #lehengadesigns #bride #nepalibride #bridal #biratnagarmuser,True,English
TikTok,Purple hues and intricate details for that perfect occasion look ✨✨ Full hand embroidered lehenga set #soansicollection for price details dm us in our instagram account soansi.collection 🌸🙂 #lehenga #lehengas #nepaliwedding #nepalnow,712,10,130,25100,2026-03-20 19:44:42+00:00,Purple hues and intricate details for that perfect occasion look ✨✨ Full hand embroidered lehenga set #soansicollection for price details dm us in our instagram account soansi.collection 🌸🙂 #lehenga #lehengas #nepaliwedding #nepalnow,True,English
TikTok,"wedding special lehanga delivery over all Nepal..
#shippingacailableoverallnepal #whatsapp9844329812 #madetoorder #lehangastore #wholesale #growmyaccount🙏😭 ",4387,39,946,332800,2024-01-31 00:03:12+00:00,wedding special lehanga delivery over all Nepal.. #shippingacailableoverallnepal #whatsapp9844329812 #madetoorder #lehangastore #wholesale #growmyaccount🙏😭,True,English
TikTok,new lehenga available delivery all over Nepal massage on what's app con .9706254841 best quality best product #fypシ #viral #foryoupage #growmyaccount #onlineshopping #trending #bestcolors #sizeavailable #deliveryallovernepal🇳🇵 #lehenga ,8752,131,4905,787700,2024-11-17 09:51:34+00:00,new lehenga available delivery all over Nepal massage on what's app con .9706254841 best quality best product #fypシ #viral #foryoupage #growmyaccount #onlineshopping #trending #bestcolors #sizeavailable #deliveryallovernepal🇳🇵 #lehenga,True,English
TikTok,"Floral Handwork lehenga✨🌸💗
Color & size can be customised #fyp #floraldesign #florallehenga #lehngacholi #brides #receptionwear #wedding #handwork #boutique #nepal #store #dharan #trending #auracouturedharan #worldwideshippingavailable✈️✈️ ",7144,94,1893,206600,2025-08-08 10:09:22+00:00,Floral Handwork lehenga✨🌸💗 Color & size can be customised #fyp #floraldesign #florallehenga #lehngacholi #brides #receptionwear #wedding #handwork #boutique #nepal #store #dharan #trending #auracouturedharan #worldwideshippingavailable✈️✈️,True,English
TikTok,"Black ✨🖤 Lehenga #handwork
-can be customised in any size
-preorder(2-3week)
-Dhl shipping worldwide 
:
:
#auracouturedharan #fypageシ #black #lehenga #design  #nepal #nepalitiktok #brownfashion #nepaliwedding #indianwedding #boutique #worldwideshipping ",4013,33,1115,215300,2024-09-30 13:19:39+00:00,Black ✨🖤 Lehenga #handwork -can be customised in any size -preorder(2-3week) -Dhl shipping worldwide : : #auracouturedharan #fypageシ #black #lehenga #design #nepal #nepalitiktok #brownfashion #nepaliwedding #indianwedding #boutique #worldwideshipping,True,English
TikTok,"New Collection 🔥Lehengas 2026🤍
Raj Gharana in Thane❤️
Customisation available ✨
Shipping Worldwide 🌍

📍 Store Address:
201, 2nd Floor, Jagdale Avesa, Pokharan Road No. 2, Gandhi Nagar, Thane West

🛍️ SHOP WITH US:

▪️ Bridal Lehengas & Partywear Lehengas 

▪️ Enquiries/Appointments: +91 77180 61966 (Call/WhatsApp)

▪️ Customer Care (existing clients): +91 91374 69227 (Call/WhatsApp)

Bridal Lehenga, bridesmaid lehenga, Engagement lehenga, Carnival Lehenga, Reception lehenga, Haldi lehenga, Mehendi Lehenga Wedding, wedding lehenga, lehenga for bride, lehenga for wedding, lehenga, bride, bride to be, bridesmaid, bridesmaid outfit, bridesmaid dress, pink lehenga, yellow lehenga, white lehenga, bridal lehenga online, online business

#brides #rajgharanabride #lehenga #wedding #weddingdress",472,10,154,44800,2026-01-22 05:00:06+00:00,"New Collection 🔥Lehengas 2026🤍 Raj Gharana in Thane❤️ Customisation available ✨ Shipping Worldwide 🌍 📍 Store Address: 201, 2nd Floor, Jagdale Avesa, Pokharan Road No. 2, Gandhi Nagar, Thane West 🛍️ SHOP WITH US: ▪️ Bridal Lehengas & Partywear Lehengas ▪️ Enquiries/Appointments: +91 77180 61966 (Call/WhatsApp) ▪️ Customer Care (existing clients): +91 91374 69227 (Call/WhatsApp) Bridal Lehenga, bridesmaid lehenga, Engagement lehenga, Carnival Lehenga, Reception lehenga, Haldi lehenga, Mehendi Lehenga Wedding, wedding lehenga, lehenga for bride, lehenga for wedding, lehenga, bride, bride to be, bridesmaid, bridesmaid outfit, bridesmaid dress, pink lehenga, yellow lehenga, white lehenga, bridal lehenga online, online business #brides #rajgharanabride #lehenga #wedding #weddingdress",True,English
TikTok,@mariyafashion4000 This sky blue handworked lehenga is designed to shine with every twirl🥰🥰it’s now available. Please contact us at 412-758-1942/ 412-506-1149 for more information. #lehenga #handworklehenga #indianwear #nepali #fyp ,5124,75,382,98800,2026-01-29 14:46:55+00:00,This sky blue handworked lehenga is designed to shine with every twirl🥰🥰it’s now available. Please contact us at 412-758-1942/ 412-506-1149 for more information. #lehenga #handworklehenga #indianwear #nepali #fyp,True,English
TikTok,"Premium pure Crepe silk lehenga✨🌸😍
Limited stock available✨

Store: Dharan-13, Zeropoint,Nepal
Contact: +9779810078819
Place ur orders via WhatsApp and Dm
Worldwide shipping 🌏

#lehengacholi #lehenga #nepal #foryoupage #designer #outfits #auracouturedharan #boutique #ordernow #fypシ゚ #reels #mehendi #lehenga #auracouturedharan #fypシ #haldiceremony #weddinginspiration #weddings #trending #trendy #desi #viral #fyp #nepalimuser #lehengalove #fashioninspo #nepaliweddings #silklehenga",4308,46,890,163900,2025-04-25 07:31:53+00:00,"Premium pure Crepe silk lehenga✨🌸😍 Limited stock available✨ Store: Dharan-13, Zeropoint,Nepal Contact: +9779810078819 Place ur orders via WhatsApp and Dm Worldwide shipping 🌏 #lehengacholi #lehenga #nepal #foryoupage #designer #outfits #auracouturedharan #boutique #ordernow #fypシ゚ #reels #mehendi #lehenga #auracouturedharan #fypシ #haldiceremony #weddinginspiration #weddings #trending #trendy #desi #viral #fyp #nepalimuser #lehengalove #fashioninspo #nepaliweddings #silklehenga",True,English
TikTok,"SALE 🔥🔥UPTO 50% OFF🚨
Raj Gharana in Thane✨
Lehengas 2025🤍
Shipping Worldwide 🌍
.
Store Address: 201, 2nd floor, Jagdale Avesa, Pokharan Road 2, Gandhi Nagar, Thane West.
.
SHOP WITH US:

▪️Bridal Lehenga and Lehengas.

▪️Enquiries/ Appointments: +91-7718061966 (WhatsApp/ Call)

▪️Customer Care of existing clients: +91-9137469227 (Call/WhatsApp)
.
Wedding wedding lehenga lehenga for bride lehenga for wedding lehenga saree lehenga bride bride to be bridesmaid bridemaid outfit bridesmaid dress pink lehenga yellow lehenga white lehenga bridal lehenga online online business
.
#brides #rajgharanabride #lehenga #weddings #weddingdress #saree#bridesmaiddresses #thane",11600,139,3546,798200,2025-04-10 13:41:13+00:00,"SALE 🔥🔥UPTO 50% OFF🚨 Raj Gharana in Thane✨ Lehengas 2025🤍 Shipping Worldwide 🌍 . Store Address: 201, 2nd floor, Jagdale Avesa, Pokharan Road 2, Gandhi Nagar, Thane West. . SHOP WITH US: ▪️Bridal Lehenga and Lehengas. ▪️Enquiries/ Appointments: +91-7718061966 (WhatsApp/ Call) ▪️Customer Care of existing clients: +91-9137469227 (Call/WhatsApp) . Wedding wedding lehenga lehenga for bride lehenga for wedding lehenga saree lehenga bride bride to be bridesmaid bridemaid outfit bridesmaid dress pink lehenga yellow lehenga white lehenga bridal lehenga online online business . #brides #rajgharanabride #lehenga #weddings #weddingdress #saree#bridesmaiddresses #thane",True,English
TikTok,"Emerald Green Handembrodiery lehenga set 🦚✨
Can be made in any size/shades

Viber/whatsapp: +977-9810078819🇳🇵
Store : +9779704507533🇳🇵

Or visit our offline store 
ZEROPOINT DHARAN-13,NEAR CHAUTARI CAFE
:
:
:
#reels #foryou #follow #dharan #nepal #auracouturedharan #nepalidesigner #worldwideshipping #nepalitiktok #handwork #lehengaset #boutique #store #order #support #newdesign #weddings #viral #lehengalove #trendy #explorepage✨exploremore #ethnic #worldwideshipping #tiktoknepal ",1644,22,624,100900,2024-08-05 14:16:11+00:00,"Emerald Green Handembrodiery lehenga set 🦚✨ Can be made in any size/shades Viber/whatsapp: +977-9810078819🇳🇵 Store : +9779704507533🇳🇵 Or visit our offline store ZEROPOINT DHARAN-13,NEAR CHAUTARI CAFE : : : #reels #foryou #follow #dharan #nepal #auracouturedharan #nepalidesigner #worldwideshipping #nepalitiktok #handwork #lehengaset #boutique #store #order #support #newdesign #weddings #viral #lehengalove #trendy #explorepage✨exploremore #ethnic #worldwideshipping #tiktoknepal",True,English
TikTok,high Quality Lahenga 💫 Only price 15000✅💫 dm us on WhatsApp 📞 #deliveryallovernepal🇳🇵 #homedeliveryavailable✅ #virallahengavideo💫 #deliveryavailableworldwide🌎 ,2622,113,840,97300,2026-01-27 03:49:12+00:00,high Quality Lahenga 💫 Only price 15000✅💫 dm us on WhatsApp 📞 #deliveryallovernepal🇳🇵 #homedeliveryavailable✅ #virallahengavideo💫 #deliveryavailableworldwide🌎,True,English
TikTok,"Slaying in red, because queens don’t do subtle ❤️👑
#RedLehenga #NepalFashion #GlamLook  #BridalVibes #EthnicWear #NepaliStyle",29000,376,3816,284100,2026-02-27 11:21:56+00:00,"Slaying in red, because queens don’t do subtle ❤️👑 #RedLehenga #NepalFashion #GlamLook #BridalVibes #EthnicWear #NepaliStyle",True,English
TikTok,"नमस्कार।
 अजमेरा फेसनको सम्पर्क कार्यालय काठमाडौं,नयाँ बानेश्वरस्थित इन्द्रेणी कम्प्लेक्सको तेस्रो तल्लामा रहेको छ।
Whatsapp/Call  : 9779820815815,9862630517

#AjmeraFashionNepal
#WholesaleSaree
#BulkSareeNepal
#NepalWholesale
#SareeBusiness",26400,154,6598,1100000,2026-02-06 14:35:16+00:00,"नमस्कार। अजमेरा फेसनको सम्पर्क कार्यालय काठमाडौं,नयाँ बानेश्वरस्थित इन्द्रेणी कम्प्लेक्सको तेस्रो तल्लामा रहेको छ। Whatsapp/Call : 9779820815815,9862630517 #AjmeraFashionNepal #WholesaleSaree #BulkSareeNepal #NepalWholesale #SareeBusiness",True,Nepali
TikTok,Restock - Limited piece ✨♥️ #cashondelivery  #nepal  #lehengalove  #wedeliveryallovernepal✈️🚘  #trending ,2180,83,466,106700,2025-05-20 06:06:48+00:00,Restock - Limited piece ✨♥️ #cashondelivery #nepal #lehengalove #wedeliveryallovernepal✈️🚘 #trending,True,English
TikTok,#thriftlehenga #tiktoknepal #foryoupage ,355,10,24,18700,2026-02-05 10:56:39+00:00,#thriftlehenga #tiktoknepal #foryoupage,True,English
TikTok,"The moment when you find the perfect bridal lehenga outfit🫶🏻🌸 Handembroided lehenga set! for order please contact:9807025281,whatsapp,viber.IG:Manrose Creation.#manrosecreation456 #nepalidesign #tiktoknepal #foryou #fyp #damak #boutique #goviral #bridal#worldwide #handembroided #trending #fashion #outfit #attire #lehenga #tiktok",16300,171,1490,778600,2024-03-06 08:37:25+00:00,"The moment when you find the perfect bridal lehenga outfit🫶🏻🌸 Handembroided lehenga set! for order please contact:9807025281,whatsapp,viber.IG:Manrose Creation.#manrosecreation456 #nepalidesign #tiktoknepal #foryou #fyp #damak #boutique #goviral #bridal#worldwide #handembroided #trending #fashion #outfit #attire #lehenga #tiktok",True,English
TikTok,Get this beautiful velvet bridal lehenga on rent at just 3000 upto 3 days #ClassicCurve #RentalDress #rentalstoreinktm #promotingrentalfashion #inboxmefordetails📩 #Outfit #Traditional #kathmandunepal🇳🇵 #pepsicolatownplanning ,18200,491,1656,1000000,2024-11-20 11:54:01+00:00,Get this beautiful velvet bridal lehenga on rent at just 3000 upto 3 days #ClassicCurve #RentalDress #rentalstoreinktm #promotingrentalfashion #inboxmefordetails📩 #Outfit #Traditional #kathmandunepal🇳🇵 #pepsicolatownplanning,True,English
TikTok,"✨ Powder blue elegance! This pearl embroidery lehenga is a dream come true – perfect for party wear or a wedding day glam. Available now in our new arrivals at Glam Fashion Nepal. Shine with grace and luxury 💫

#PowderBlueLehenga #PearlEmbroidery #GlamFashionNepal #LuxuryLehenga #WeddingOutfit #PartyWearLehenga #NepalFashion #GlamLook #NewArrivals #BridalVibes #ElegantStyle #StatementLehenga",5075,163,407,46700,2025-06-16 16:00:16+00:00,✨ Powder blue elegance! This pearl embroidery lehenga is a dream come true – perfect for party wear or a wedding day glam. Available now in our new arrivals at Glam Fashion Nepal. Shine with grace and luxury 💫 #PowderBlueLehenga #PearlEmbroidery #GlamFashionNepal #LuxuryLehenga #WeddingOutfit #PartyWearLehenga #NepalFashion #GlamLook #NewArrivals #BridalVibes #ElegantStyle #StatementLehenga,True,English
TikTok,23 and blessed 🤍🤍🥰 #bdaygirl #bdaydress #ohpolly ,12500,77,274,188900,2023-11-29 21:33:21+00:00,23 and blessed 🤍🤍🥰 #bdaygirl #bdaydress #ohpolly,True,English
TikTok,"Indo western kurtha many more latest designs available in 👑Raani Shringar (Wholesale only )📍opposite of Ranjana complex,underground Newroad ktm#fypシ゚viral #kurthanepal #indowestern #trending #contact us ",2712,26,550,154800,2026-02-20 12:17:13+00:00,"Indo western kurtha many more latest designs available in 👑Raani Shringar (Wholesale only )📍opposite of Ranjana complex,underground Newroad ktm#fypシ゚viral #kurthanepal #indowestern #trending #contact us",True,English
TikTok,"Mother’s Day special shop the product online or directly visit our store 
📍Nepal , ktm jadibuti manohara pool 💬Contact us on our whatsapp 
: +977-9851219308
Instagram ID - ethnicbulwark 
 #fyp #cottonkurtha #kurthanepal #umbrellakurtha #giftformother ",7029,64,623,165600,2026-04-05 09:18:18+00:00,"Mother’s Day special shop the product online or directly visit our store 📍Nepal , ktm jadibuti manohara pool 💬Contact us on our whatsapp : +977-9851219308 Instagram ID - ethnicbulwark #fyp #cottonkurtha #kurthanepal #umbrellakurtha #giftformother",True,English
TikTok,"Georgette kurthi set🥰 WhatsApp: 9803996255 // Location: Itahari , natioanl galli #kurthi #georgette #kurthanepal #nepal #nandastore #nandastoreitahari",14100,777,2417,448200,2025-07-21 11:17:04+00:00,"Georgette kurthi set🥰 WhatsApp: 9803996255 // Location: Itahari , natioanl galli #kurthi #georgette #kurthanepal #nepal #nandastore #nandastoreitahari",True,English
TikTok,"Find your perfect kurtha style that speaks volumes about your personality and taste.

Dm us on our instagram: @bulwark.la @ethnicbulwark 
Call or WhatsApp : 9851219308 
Address: jadibuti near manohara pool 
.
.
.
.
.
.
#newcollection #sequencework #partywear#bulwarkoutfits #bulwarkstyle #vneckdesign #kurthastore #bulwarkethnic #kurtha #traditionalwear #kurthafortihar #bhaitikaoutfit#kurthanewdesign #nepal #kurthanepal #jadibuti #umbrellaset #anarkaliset #newarrivals #kurthastore #kurthasong #hindisongsforkurtha #outfitforplussize #plussizenepal #laxmipujaoutfit #plussizekurtha #giftforsister ",95400,902,32900,3800000,2025-02-06 12:06:23+00:00,Find your perfect kurtha style that speaks volumes about your personality and taste. Dm us on our instagram: .la Call or WhatsApp : 9851219308 Address: jadibuti near manohara pool . . . . . . #newcollection #sequencework #partywear#bulwarkoutfits #bulwarkstyle #vneckdesign #kurthastore #bulwarkethnic #kurtha #traditionalwear #kurthafortihar #bhaitikaoutfit#kurthanewdesign #nepal #kurthanepal #jadibuti #umbrellaset #anarkaliset #newarrivals #kurthastore #kurthasong #hindisongsforkurtha #outfitforplussize #plussizenepal #laxmipujaoutfit #plussizekurtha #giftforsister,True,English
TikTok,"Indo western kurtha and sarees and  more party wear designs are available . Visit our store or shop online 
📍ktm jadibuti manohara pool 🦢. Contact us : 9851219308 #fyp #festiveoutfit #kurthanepal #indowestern  #cottonkurtha ",235,5,16,5535,2026-04-26 11:34:32+00:00,Indo western kurtha and sarees and more party wear designs are available . Visit our store or shop online 📍ktm jadibuti manohara pool 🦢. Contact us : 9851219308 #fyp #festiveoutfit #kurthanepal #indowestern #cottonkurtha,True,English
TikTok,"Cotton suits , indo western , drape saree and more party wear designs are available . Visit our store or shop online 
📍ktm jadibuti manohara pool 🦢. Contact us : 9851219308 #fyp #festiveoutfit #kurthanepal #indowestern  #cottonkurtha ",102,2,3,1982,2026-04-27 11:13:13+00:00,"Cotton suits , indo western , drape saree and more party wear designs are available . Visit our store or shop online 📍ktm jadibuti manohara pool 🦢. Contact us : 9851219308 #fyp #festiveoutfit #kurthanepal #indowestern #cottonkurtha",True,English
TikTok,"Shop these short kurtas now 
#miifits #kurta #kurti #tops #short #kurtha #nepal #desi ",12100,134,4115,644800,2025-04-05 06:22:00+00:00,Shop these short kurtas now #miifits #kurta #kurti #tops #short #kurtha #nepal #desi,True,English
TikTok,"RED hand work Georgette set ❤️ size 38,40,42,44 #kurthiexpressnp #trendingnow #foryou #foryoupage❤️❤️ #kurthicollection🌸 #kathmandunepal🇳🇵 #kathmandumuser #tiktokviral #redsuit #fyp #red #kurthaset #kurtha #kurthasurwal #tiktokviral #viral #georgette #partywear #partyweardress #redkurtha #handwork ",3881,0,1990,532200,2025-06-16 13:09:30+00:00,"RED hand work Georgette set ❤️ size 38,40,42,44 #kurthiexpressnp #trendingnow #foryou #foryoupage❤️❤️ #kurthicollection🌸 #kathmandunepal🇳🇵 #kathmandumuser #tiktokviral #redsuit #fyp #red #kurthaset #kurtha #kurthasurwal #tiktokviral #viral #georgette #partywear #partyweardress #redkurtha #handwork",True,English
TikTok,"Get this beautiful Kurtha set now 🥰💖
#kurthaset #ajimaethnics #kurthanepalcollection #kurthanepal #nepalitiktok #kurthanepal #nepalitiktok #fypppppppppppppp #xyzabc #explorepage #silkkurthaset #creatorsearchinsights #onlineclothingnepal #purecotton #trendingnepal #funnynepali #nepalclothingstore #nepalitiktok🇳🇵🇳🇵 #fyppp ",13800,435,2573,653500,2025-05-28 17:52:41+00:00,Get this beautiful Kurtha set now 🥰💖 #kurthaset #ajimaethnics #kurthanepalcollection #kurthanepal #nepalitiktok #kurthanepal #nepalitiktok #fypppppppppppppp #xyzabc #explorepage #silkkurthaset #creatorsearchinsights #onlineclothingnepal #purecotton #trendingnepal #funnynepali #nepalclothingstore #nepalitiktok🇳🇵🇳🇵 #fyppp,True,English
TikTok,"Price-14000, for this pretty heavy kurtha set (unstitched)

#ladiesuitsnepal #unstichedsuit #kurthaset #partywear #explore ",1691,45,318,60700,2026-04-10 11:11:55+00:00,"Price-14000, for this pretty heavy kurtha set (unstitched) #ladiesuitsnepal #unstichedsuit #kurthaset #partywear #explore",True,English
TikTok,"Get Your Silk in Order 
3 different patterns 
📦 Worldwide shipping 🌍
📍Pokhara, Chipledhunga, Open House Complex 
DM or call us for more inquiries 
#nepal #kurthi #pokhara#fyp #kurtha   ",2740,13,806,192800,2025-09-16 09:21:38+00:00,"Get Your Silk in Order 3 different patterns 📦 Worldwide shipping 🌍 📍Pokhara, Chipledhunga, Open House Complex DM or call us for more inquiries #nepal #kurthi #pokhara#fyp #kurtha",True,English
TikTok,#ootd #kurtha #ootd #unstitched #deliveryallovernepal🇳🇵  ,1323,23,261,61000,2026-04-05 08:25:05+00:00,#ootd #kurtha #ootd #unstitched #deliveryallovernepal🇳🇵,True,English
TikTok,"Beautiful kurtha arrived 👌👌
Wholesale and retails
Delivery all over Nepal 
contact number 976-748-9143 
Store at sankhamul new baneshwor 

#rdrfashionwear #onlineshopping #fashion #rdrfashionwear_lehanga_saari ",4312,69,1389,211000,2025-07-01 01:30:55+00:00,Beautiful kurtha arrived 👌👌 Wholesale and retails Delivery all over Nepal contact number 976-748-9143 Store at sankhamul new baneshwor #rdrfashionwear #onlineshopping #fashion #rdrfashionwear_lehanga_saari,True,English
TikTok,"Shop this look  💕 
📍Nepal , jadibuti manohara pool 
#fyp #trend #partywear #kurthanepal #mehendioutfit ",54000,68,4781,2100000,2026-01-29 11:11:06+00:00,"Shop this look 💕 📍Nepal , jadibuti manohara pool #fyp #trend #partywear #kurthanepal #mehendioutfit",True,English
TikTok,"Grab the winter sale offer @Hathighoda Clothing from magh 16-22.
#menskurta  #waistcoat #occassionwear #kurthanepal ",1047,9,259,59700,2026-01-30 12:27:22+00:00,Grab the winter sale offer Clothing from magh 16-22. #menskurta #waistcoat #occassionwear #kurthanepal,True,English
TikTok,"हाम्रो कुर्ताहरू खरिद गर्नका लागि हाम्रो 𝗜𝗻𝘀𝘁𝗮𝗴𝗿𝗮𝗺 मा 𝗠𝗲𝘀𝘀𝗮𝗴𝗲 गर्नुहोस् वा 9803653593 मा 𝐂𝐚𝐥𝐥 / 𝐖𝐡𝐚𝐭𝐬𝐚𝐩𝐩 / 𝐕𝐢𝐛𝐞𝐫 मा हामीसँग सम्पर्क गर्नुहोस्. .  #

DeliveryAllOverNepal📦🚛 #FixedPrice #tiktoknepal🇳🇵 #kurthaset #kurthilover❤️ kurthicollection🌸 kurthifashion kurthinepal goviral grandsale deliveryallovernepal🇳🇵 tiktoknepal🇳🇵 deliveryallovernepal🇳🇵worldwideshipping deliveryalloverworld🌎🌎✈️✈️",80,4,2,2204,2026-04-27 12:56:47+00:00,हाम्रो कुर्ताहरू खरिद गर्नका लागि हाम्रो 𝗜𝗻𝘀𝘁𝗮𝗴𝗿𝗮𝗺 मा 𝗠𝗲𝘀𝘀𝗮𝗴𝗲 गर्नुहोस् वा 9803653593 मा 𝐂𝐚𝐥𝐥 / 𝐖𝐡𝐚𝐭𝐬𝐚𝐩𝐩 / 𝐕𝐢𝐛𝐞𝐫 मा हामीसँग सम्पर्क गर्नुहोस्. . # DeliveryAllOverNepal📦🚛 #FixedPrice #tiktoknepal🇳🇵 #kurthaset #kurthilover❤️ kurthicollection🌸 kurthifashion kurthinepal goviral grandsale deliveryallovernepal🇳🇵 tiktoknepal🇳🇵 deliveryallovernepal🇳🇵worldwideshipping deliveryalloverworld🌎🌎✈️✈️,True,Nepali
TikTok,"Premium collection ❤️ Rajasthani kurta set Sizes available. Please visit our store or contact us  +𝟗𝟕𝟕 𝟗𝟖𝟒𝟖𝟓𝟓𝟔𝟎𝟔𝟐, +𝟗𝟕𝟕 𝟗𝟖𝟔𝟗𝟒𝟖𝟕𝟎𝟓𝟏. Located at Makhan tole, near suraj arcade, 𝐊𝐀𝐓𝐇𝐌𝐀𝐍𝐃𝐔 𝐍𝐄𝐏𝐀𝐋. #nepal #newarrivals #pranucollection #KathmanduNepal #highquality #visitstore #traditionalwears #kurthi #newroad #retailandwholesale",856,10,180,136200,2025-06-19 11:26:36+00:00,"Premium collection ❤️ Rajasthani kurta set Sizes available. Please visit our store or contact us +𝟗𝟕𝟕 𝟗𝟖𝟒𝟖𝟓𝟓𝟔𝟎𝟔𝟐, +𝟗𝟕𝟕 𝟗𝟖𝟔𝟗𝟒𝟖𝟕𝟎𝟓𝟏. Located at Makhan tole, near suraj arcade, 𝐊𝐀𝐓𝐇𝐌𝐀𝐍𝐃𝐔 𝐍𝐄𝐏𝐀𝐋. #nepal #newarrivals #pranucollection #KathmanduNepal #highquality #visitstore #traditionalwears #kurthi #newroad #retailandwholesale",True,English
TikTok,"Message on instagram to order🌸

#kurtha #deliveryallovernepal🇳🇵 #tiktoknepal🇳🇵 #pakistanisuits #ordernow ",3153,20,501,94700,2026-03-21 17:46:18+00:00,Message on instagram to order🌸 #kurtha #deliveryallovernepal🇳🇵 #tiktoknepal🇳🇵 #pakistanisuits #ordernow,True,English
TikTok,"90s vintage kurthi set available in different colors. Sizes,designs,colors and embroidery can be customized. 
Dm on WhatsApp 9813011648 for more details and to order. 
Delivery worldwide🌍🗺️✈️
@Anjali_Design 
#90skurthadesign #90s #tiktoknepal #goviral #fyppppppppppppppppppppppp ",55900,350,11200,865500,2025-10-12 08:03:00+00:00,"90s vintage kurthi set available in different colors. Sizes,designs,colors and embroidery can be customized. Dm on WhatsApp 9813011648 for more details and to order. Delivery worldwide🌍🗺️✈️ #90skurthadesign #90s #tiktoknepal #goviral #fyppppppppppppppppppppppp",True,English
TikTok,"Pakistani Kurtha set🌸available 

#ordernow #kurtha #deliveryallovernepal🇳🇵 #nepalitiktok🇳🇵 #kurthaset ",1450,24,471,103400,2026-01-22 09:57:42+00:00,Pakistani Kurtha set🌸available #ordernow #kurtha #deliveryallovernepal🇳🇵 #nepalitiktok🇳🇵 #kurthaset,True,English
TikTok,"We loved the food here!! Trust me its worth the visit, specially if you are craving for laphing, a must place to go! Sherpa Street Eats in Baltimore! @sara #streetfood #nepalitiktok #nepalifood #nepali #creatorsearchinsights ",284,29,81,12000,2026-03-22 14:17:40+00:00,"We loved the food here!! Trust me its worth the visit, specially if you are craving for laphing, a must place to go! Sherpa Street Eats in Baltimore! #streetfood #nepalitiktok #nepalifood #nepali #creatorsearchinsights",True,English
TikTok,Hare Krishna ! Let’s make Nepali Street Style Chowmein (No onion No garlic)#chowmein #creatorsearchinsight #fyp #cooking #yummy ,9392,118,550,174700,2025-11-05 00:19:58+00:00,Hare Krishna ! Let’s make Nepali Street Style Chowmein (No onion No garlic)#chowmein #creatorsearchinsight #fyp #cooking #yummy,True,English
TikTok,"How girls style long skirts in Kathmandu 🇳🇵

 #kathmandufashion #streetstyle #nepalifashion #whatpeoplearewearing #kathmandustyle #nepalvibes #travelnepal #tiktoknepal #explorenepal #fashioninspo #cultureandfashion #nepal",1216,2,45,41500,2024-09-14 06:42:01+00:00,How girls style long skirts in Kathmandu 🇳🇵 #kathmandufashion #streetstyle #nepalifashion #whatpeoplearewearing #kathmandustyle #nepalvibes #travelnepal #tiktoknepal #explorenepal #fashioninspo #cultureandfashion #nepal,True,English
TikTok,#nepali #sydney #ootd #accessories #streetstyle ,103,6,0,1142,2025-07-30 08:02:55+00:00,#nepali #sydney #ootd #accessories #streetstyle,True,English
TikTok,"Fit check on the streets of Kathmandu🇳🇵
#didee #fashion #viral #foryoupage #trending ",38900,290,1962,750700,2026-02-10 11:29:32+00:00,Fit check on the streets of Kathmandu🇳🇵 #didee #fashion #viral #foryoupage #trending,True,English
TikTok,"Streetstyle Darjeeling #streetphotography 
.
.
#darjeelingmuser #indiannepalese 
#indiannepali #photoshoot ",38900,139,139,810800,2023-10-30 16:18:06+00:00,Streetstyle Darjeeling #streetphotography . . #darjeelingmuser #indiannepalese #indiannepali #photoshoot,True,English
TikTok,What people are wearing in Kathmandu?🇳🇵#fyp #miniclo #affordablefashion #summer #summerfit #madeinnepal #affordableclothing #dress #fypppppppppppppp #whatpeoplearewearing ,30400,187,538,781600,2025-04-10 15:37:12+00:00,What people are wearing in Kathmandu?🇳🇵#fyp #miniclo #affordablefashion #summer #summerfit #madeinnepal #affordableclothing #dress #fypppppppppppppp #whatpeoplearewearing,True,English
TikTok,"Yeah i know ! 
#fyp #fypage #oot #ootdfashion #streetstyle #adelaide #ootdstreetwear #streetfashion #nightclub #nepaligilrs #timtoknepal ",194,11,8,8145,2024-11-15 10:21:32+00:00,Yeah i know ! #fyp #fypage #oot #ootdfashion #streetstyle #adelaide #ootdstreetwear #streetfashion #nightclub #nepaligilrs #timtoknepal,True,English
TikTok,"Thamel’s got the vibe, Jaipuri’s got the twirl, and I’ve got the main character energy. 🌆🔥
Jaipuri cotton skirts now available in 13 different color options.
.
 
.
.
.
.
.
.
.
 #HippieInKathmandu #nepal #xyzb #creator #nepalitiktok #nepalimuser #creatorsearchinsights #ethicalfashion #hippiestyle #bohemian #bohemianfashion #hippie #thehippies #hippietok🧝🏽‍♀️🌑🌿🌄 #goviral #goviraltiktok ",2201,14,168,88500,2025-03-31 09:16:49+00:00,"Thamel’s got the vibe, Jaipuri’s got the twirl, and I’ve got the main character energy. 🌆🔥 Jaipuri cotton skirts now available in 13 different color options. . . . . . . . . #HippieInKathmandu #nepal #xyzb #creator #nepalitiktok #nepalimuser #creatorsearchinsights #ethicalfashion #hippiestyle #bohemian #bohemianfashion #hippie #thehippies #hippietok🧝🏽‍♀️🌑🌿🌄 #goviral #goviraltiktok",True,English
TikTok,"OOTD
 #outfit #streetstyle #ootd #nepali #yvr #fit #nepalioutfitcheck ",58,5,3,452,2025-07-02 05:11:37+00:00,OOTD #outfit #streetstyle #ootd #nepali #yvr #fit #nepalioutfitcheck,True,English
TikTok,"Style with bastra. 
.
#bastra #streetwear #firstdrop #clothingbrand #nepalidesign ",3217,62,283,96300,2026-04-19 03:47:15+00:00,Style with bastra. . #bastra #streetwear #firstdrop #clothingbrand #nepalidesign,True,English
TikTok,#nepaligirl#streetfashion #tiktoknepal🇳🇵 #viraltiktok #ootd #abglori #trending ,205,7,0,2548,2023-02-15 06:59:56+00:00,#nepaligirl#streetfashion #tiktoknepal🇳🇵 #viraltiktok #ootd #abglori #trending,True,English
TikTok,"Style with bastra
.
#bastra #streetwear #nepalidesign #shiva #canada",2566,51,207,63000,2026-04-21 03:32:02+00:00,Style with bastra . #bastra #streetwear #nepalidesign #shiva #canada,True,English
TikTok,Attitude at fleek ✨#fyp #foryoupage #nepali #outfitoftheday #melbourne #trending #streetwear #outfitideas #SummerVibes #nepalitiktok ,187,4,0,6099,2025-04-19 10:36:55+00:00,Attitude at fleek ✨#fyp #foryoupage #nepali #outfitoftheday #melbourne #trending #streetwear #outfitideas #SummerVibes #nepalitiktok,True,English
TikTok,My favorite kind of outfit! #fyp#nepali#outfit#casualoutfits#streetwear  ,144,5,1,2198,2025-12-19 23:25:42+00:00,My favorite kind of outfit! #fyp#nepali#outfit#casualoutfits#streetwear,True,English
TikTok,#fypシ #ootd #nepalitiktok🇳🇵 #streetstyle #nyc ,31,0,0,436,2026-04-16 00:26:16+00:00,#fypシ #ootd #nepalitiktok🇳🇵 #streetstyle #nyc,True,English
TikTok,"Wearing our favorite outfit in the street of NYC 
#sisters #nepalimuser #nepalitiktok ",370,1,26,10900,2025-12-30 14:14:17+00:00,Wearing our favorite outfit in the street of NYC #sisters #nepalimuser #nepalitiktok,True,English
TikTok,2004 babies we’re turing 22❤️ help give me ideas on what to wear to really recreate this era! I  am so excited to try and incorporate this into my regular style! @Taylor Swift #2004 #taylorswift #red #redtaylorsversion #birthdaytheme ,197,5,12,7582,2026-01-14 17:17:24+00:00,2004 babies we’re turing 22❤️ help give me ideas on what to wear to really recreate this era! I am so excited to try and incorporate this into my regular style! Swift #2004 #taylorswift #red #redtaylorsversion #birthdaytheme,True,English
TikTok,get dressed with me!!!! #22 #22ndbday #grwm #getdressedwithme ,1148,10,5,51300,2025-06-01 01:17:54+00:00,get dressed with me!!!! #22 #22ndbday #grwm #getdressedwithme,True,English
TikTok,how are we turning 22 this year?? time is moving so fast #2004 #trending #foryoupage #growingup #22birthday ,45900,156,1601,376000,2026-01-22 23:32:41+00:00,how are we turning 22 this year?? time is moving so fast #2004 #trending #foryoupage #growingup #22birthday,True,English
TikTok,"cool boy dai ko songs ma bhai ko swag vibes 😌 
.
.
.
.
.
#coolboy #saleerose🌷 #nepalivibes #newstyle #nepaliswag ",78,19,3,746,2026-04-02 03:11:52+00:00,cool boy dai ko songs ma bhai ko swag vibes 😌 . . . . . #coolboy #saleerose🌷 #nepalivibes #newstyle #nepaliswag,True,English
TikTok,"🕶️ Nepali Thug Life Ranking – Who did it best? 🔥
#NepaliThugLife 
#ThugLifeNepal 
#NepaliSwag 
#NepaliMeme 
#ThugLifeRanking ",159600,881,34300,2300000,2025-09-06 18:44:48+00:00,🕶️ Nepali Thug Life Ranking – Who did it best? 🔥 #NepaliThugLife #ThugLifeNepal #NepaliSwag #NepaliMeme #ThugLifeRanking,True,English
TikTok,back wit this audio 😭🙏 #nepali #swag ,212,11,13,2338,2026-03-06 07:23:09+00:00,back wit this audio 😭🙏 #nepali #swag,True,English
TikTok,#Nepalisong Nepali swag 🔥,164,15,7,4051,2025-12-19 07:30:11+00:00,#Nepalisong Nepali swag 🔥,True,English
TikTok,"Fashion killer 🤪 
 
 
 

 
 
 
 
 
 
 
 
  
 
 

  
 

 
#OOTD 
#outfitinspo 
#fyp 
#swag 
#nepalitiktok",114,41,3,2934,2026-02-02 17:50:39+00:00,Fashion killer 🤪 #OOTD #outfitinspo #fyp #swag #nepalitiktok,True,English
TikTok,nepali swag,204,61,1,1003,2026-04-13 01:26:34+00:00,nepali swag,True,English
TikTok,Nepalese swag😂😊 #fypシ #foryoupage #nepalidancetiktok #triedit #trending #kkbyeloveyou ✌️,186,6,3,10700,2020-07-03 08:17:03+00:00,Nepalese swag😂😊 #fypシ #foryoupage #nepalidancetiktok #triedit #trending #kkbyeloveyou ✌️,True,English
TikTok,"I need to clear my drafts fr 🤦🏻‍♀️🤦🏻‍♀️ 
#fyp #maithulivaixure #nepalitiktok #nepaliinusa #viral @Prada ",152,29,1,3350,2025-11-11 08:08:34+00:00,I need to clear my drafts fr 🤦🏻‍♀️🤦🏻‍♀️ #fyp #maithulivaixure #nepalitiktok #nepaliinusa #viral,True,English
TikTok,Some of my picks!! #nepaliswag #fyp,13,0,0,352,2020-06-26 18:45:23+00:00,Some of my picks!! #nepaliswag #fyp,True,English
TikTok,"Hopping into the trend w @Architaaa from Ktm west.

@VTEN Official Do you like it?

#nepal #sydney #swag ",9969,81,709,136400,2026-01-27 08:42:05+00:00,Hopping into the trend w from Ktm west. Official Do you like it? #nepal #sydney #swag,True,English
TikTok,"Mero looks mero swag mero style 
….
…..
#foryou 
#foryoupage 
#goviralvideo 
#creatorsearchinsights 
#nepalitiktok🇳🇵 ",82,19,2,734,2026-04-23 10:32:57+00:00,Mero looks mero swag mero style …. ….. #foryou #foryoupage #goviralvideo #creatorsearchinsights #nepalitiktok🇳🇵,True,English
TikTok,Swag Life😀 #creatorsearchinsights #nepalilifestyle #nepalidance #kathmandulife #tiktoknepal ,11000,55,54,43100,2026-01-29 11:14:16+00:00,Swag Life😀 #creatorsearchinsights #nepalilifestyle #nepalidance #kathmandulife #tiktoknepal,True,English
TikTok,draft lolz  #fyp #xyzbca #swag #nepali #08 ,37,38,0,299,2026-04-09 22:58:31+00:00,draft lolz #fyp #xyzbca #swag #nepali #08,True,English
TikTok,Nepali swag 😎,27,2,0,196,2021-09-23 00:43:07+00:00,Nepali swag 😎,True,English
TikTok,"my swag is whimsy
.
#stuckonyou #sombr #foryoupage  #blowthisup #nepali ",86,2,1,571,2026-04-25 13:00:12+00:00,my swag is whimsy . #stuckonyou #sombr #foryoupage #blowthisup #nepali,True,English
TikTok,Tihar 2020👏🏻👏🏻  #fashionweek #nepalitiktok #swag,15,0,0,427,2020-12-03 16:12:52+00:00,Tihar 2020👏🏻👏🏻 #fashionweek #nepalitiktok #swag,True,English
TikTok,I like this music ❤️🤘🤙🤘🤙#nepalimuser #rap #nepalirap #swag,906,11,7,19500,2019-08-18 08:53:49+00:00,I like this music ❤️🤘🤙🤘🤙#nepalimuser #rap #nepalirap #swag,True,English
TikTok,#tiktok #nepali #swag,21,0,0,334,2019-07-26 09:42:49+00:00,#tiktok #nepali #swag,True,English
TikTok,Outfit Drip Nepal 🇳🇵#drip #outfit #drill #nepal ,19600,285,736,297100,2026-03-05 21:06:42+00:00,Outfit Drip Nepal 🇳🇵#drip #outfit #drill #nepal,True,English
TikTok,#nepal#swag #jeans #fyp #viral ,162,17,7,503,2026-04-11 22:22:32+00:00,#nepal#swag #jeans #fyp #viral,True,English
TikTok,purrr she’s 23 🤏🏼🎀💕👛💰 #bday #trending #fyp #girlytok #juliemfrule ,5631,59,15,29000,2026-01-17 01:02:26+00:00,purrr she’s 23 🤏🏼🎀💕👛💰 #bday #trending #fyp #girlytok #juliemfrule,True,English
TikTok,"23 looks good on me, i can’t lie💛  link for my girls 

https://amzn.to/4dC5D45

#birthdayvibes #foryoupage #yellowdresses ",109,4,9,11700,2026-04-06 15:02:55+00:00,"23 looks good on me, i can’t lie💛 link for my girls #birthdayvibes #foryoupage #yellowdresses",True,English
TikTok,"🔥Warning: These designs cause double
takes.
🚀Nepthic turns Nepali heritage into streetwear fire.
🌎From Kathmandu to Melbourne, all eyes on you.
✨Wear it. Own it. Make them look twice. #nepthic #headturner #nepalistreetwear #melbournefashion #nepaltotheworld #streetwearculture #preordernow #limiteddrop #streetstylenepal #nepalaustralia",39,1,8,4001,2025-08-15 11:11:11+00:00,"🔥Warning: These designs cause double takes. 🚀Nepthic turns Nepali heritage into streetwear fire. 🌎From Kathmandu to Melbourne, all eyes on you. ✨Wear it. Own it. Make them look twice. #nepthic #headturner #nepalistreetwear #melbournefashion #nepaltotheworld #streetwearculture #preordernow #limiteddrop #streetstylenepal #nepalaustralia",True,English
TikTok,"day 4 of me finding fits in Nepali clothing store. Today's stop heaven for old money @retroverse clo 
#mensfashion #outfitinspo #fashion #clothingbrand #nepal ",5135,38,467,177300,2026-01-11 13:16:22+00:00,day 4 of me finding fits in Nepali clothing store. Today's stop heaven for old money clo #mensfashion #outfitinspo #fashion #clothingbrand #nepal,True,English
TikTok,Nepalese street wear❤️💯… Mix your traditional attire to this fashionable world😍😍#nepaliproduct #fashion #traditional #streetwear #cultural,17,0,1,1563,2021-08-13 08:15:13+00:00,Nepalese street wear❤️💯… Mix your traditional attire to this fashionable world😍😍#nepaliproduct #fashion #traditional #streetwear #cultural,True,English
TikTok,"Fit check 🫶🏼

#nepaligirl 
#fitcheck 
#outfitideas 
#streetwear 
#fashioninspo 
#foryou ",76,3,0,1724,2023-02-17 13:31:41+00:00,Fit check 🫶🏼 #nepaligirl #fitcheck #outfitideas #streetwear #fashioninspo #foryou,True,English
TikTok,"Fashion Vibe on the street of Basantapur🇳🇵 
#didee #fashion #viral #trending #fyp ",1723,15,53,18100,2026-03-23 13:29:49+00:00,Fashion Vibe on the street of Basantapur🇳🇵 #didee #fashion #viral #trending #fyp,True,English
TikTok,"GRWM from fit ""Graduation "" to ""Afterparty"" at the streets of Kathmandu. @nom @Amisha ✨ 
Nepali dhaka corset edition 🇳🇵#traditionalley #graduation #graduation ",56700,190,2211,1400000,2025-03-19 03:55:33+00:00,"GRWM from fit ""Graduation "" to ""Afterparty"" at the streets of Kathmandu. ✨ Nepali dhaka corset edition 🇳🇵#traditionalley #graduation #graduation",True,English
TikTok,Fit check #fashion #streetwear #fyp #outfitinspo #nepal ,48,12,6,1491,2025-02-03 08:43:31+00:00,Fit check #fashion #streetwear #fyp #outfitinspo #nepal,True,English
TikTok,#fyp #nepali #trending #ootdinspo #streetwear ,216,46,45,1799,2026-04-21 00:07:10+00:00,#fyp #nepali #trending #ootdinspo #streetwear,True,English
TikTok,"रविको योजना फेल, बालेन सरकारको बद*नाम गराउने यी हुन ७ माननीय
#nepal #news #newsfeed #fyp #trending #balen #balensaha #rabilamichhane #rasopa #kabindraburlakoti",2312,13,29,40600,2026-04-27 10:28:02+00:00,"रविको योजना फेल, बालेन सरकारको बद*नाम गराउने यी हुन ७ माननीय #nepal #news #newsfeed #fyp #trending #balen #balensaha #rabilamichhane #rasopa #kabindraburlakoti",True,Nepali
TikTok,के लुकाउन खोजिदै छ  । पारदर्शी सरकार? #trending #nepal #foryoupage #Balen #viralvideo ,8384,93,400,262200,2026-04-22 06:59:59+00:00,के लुकाउन खोजिदै छ । पारदर्शी सरकार? #trending #nepal #foryoupage #Balen #viralvideo,True,Nepali
TikTok,"सरकारी कर्मचारी
#balenshah #newnepal #trending #foryou ",28600,289,1005,894200,2026-04-25 09:00:31+00:00,सरकारी कर्मचारी #balenshah #newnepal #trending #foryou,True,Nepali
TikTok,"आन्टी लभर
#trandingvideo🔥🔥 #tranding #tiktoklive #viralvideo #tiktok #chhori #nepalitrandingsong🇳🇵🥰🥰 #bidhuwa #trendingvideos #viral #nepal #sindur #nepalitiktok #bidesh #shreemaan #paisa #husbandandwife #chhorachhori #sasubuhari #buhari",103100,2969,47200,3600000,2025-12-11 05:20:00+00:00,आन्टी लभर #trandingvideo🔥🔥 #tranding #tiktoklive #viralvideo #tiktok #chhori #nepalitrandingsong🇳🇵🥰🥰 #bidhuwa #trendingvideos #viral #nepal #sindur #nepalitiktok #bidesh #shreemaan #paisa #husbandandwife #chhorachhori #sasubuhari #buhari,True,Nepali
TikTok,Rabi Lamichhane’s full#fyp #speechtherapy #trending #nepalitiktok #nepal ,42800,1351,2733,558900,2026-03-19 09:38:13+00:00,Rabi Lamichhane’s full#fyp #speechtherapy #trending #nepalitiktok #nepal,True,English
TikTok,Pookie for real. #TrendingNow #NepalNews #NepalViral #NepalPolitics #ViralVideo #NepalTrend #mahabirpun,30200,110,8363,589400,2026-04-12 13:52:14+00:00,Pookie for real. #TrendingNow #NepalNews #NepalViral #NepalPolitics #ViralVideo #NepalTrend #mahabirpun,True,English
TikTok,Farak chha hasnu ra runuma #trendingsongtiktok #tiktoknepal #nepalitiktok #fyp #foryou @sureshstha96773 ,792,122,58,7201,2026-04-27 10:30:08+00:00,Farak chha hasnu ra runuma #trendingsongtiktok #tiktoknepal #nepalitiktok #fyp #foryou,True,English
TikTok,"coolboy and khem 👑❤️ 
#foryou #viral #trending #tiktoknepal #coolboy ",606,165,29,6916,2026-04-27 13:40:08+00:00,coolboy and khem 👑❤️ #foryou #viral #trending #tiktoknepal #coolboy,True,English
TikTok,Trending viral Nepali 🇳🇵 🎵song #Nepal #viralsong #fyp #trending #fyp ,14100,751,201,168900,2026-04-20 13:21:04+00:00,Trending viral Nepali 🇳🇵 🎵song #Nepal #viralsong #fyp #trending #fyp,True,English
TikTok,"Always a fan of @Prakash Dutraj his songs feel simple and beautiful🌸@MIRA Khadka ❤️
To beautiful @prashamsha🌸.                  #manamaya #trending #nepalisong #foryoupage ",5266,72,71,61100,2026-04-26 13:26:05+00:00,Always a fan of Dutraj his songs feel simple and beautiful🌸 Khadka ❤️ To beautiful 🌸. #manamaya #trending #nepalisong #foryoupage,True,English
TikTok,🥰😍#fyp #goviral #nepalitiktok #nepalitiktok #trending ,8691,10,232,56000,2026-04-24 15:49:42+00:00,🥰😍#fyp #goviral #nepalitiktok #nepalitiktok #trending,True,English
TikTok,Maya ❤️ #trendingnepalisong #nepalisong #nepalitrendingsong ,1162,39,40,11300,2026-04-22 13:49:05+00:00,Maya ❤️ #trendingnepalisong #nepalisong #nepalitrendingsong,True,English
TikTok,Himali bhegma🌸🌸🌸#trishnagurung #mayalu #nepalitrendingsong #trending #goviral @GP thank you 🥰@Ree🎵☕️🧘☘️ ,22,3,2,161,2026-04-27 13:23:56+00:00,Himali bhegma🌸🌸🌸#trishnagurung #mayalu #nepalitrendingsong #trending #goviral thank you 🥰🎵☕️🧘☘️,True,English
TikTok,Sarai #fyp #trending #nepalitiktok #blowthisup #viral @0921 ,12800,16,1896,395500,2026-02-22 03:02:28+00:00,Sarai #fyp #trending #nepalitiktok #blowthisup #viral,True,English
TikTok,In Sarii #nepalisong #viralvideo #fyp #nepal #trending ,961,11,40,44800,2026-03-31 19:51:08+00:00,In Sarii #nepalisong #viralvideo #fyp #nepal #trending,True,English
TikTok,Bujhideu🤍.                                                                      #naboleraibujhideu #trending #nepalisong #kurthis ,1882,20,112,159800,2026-03-27 13:10:34+00:00,Bujhideu🤍. #naboleraibujhideu #trending #nepalisong #kurthis,True,English
TikTok,Takan Tukun #nepalisong #dancesong #nepal #nepalitrendingsong #nepalidance ,10400,86,735,261800,2026-04-23 07:44:59+00:00,Takan Tukun #nepalisong #dancesong #nepal #nepalitrendingsong #nepalidance,True,English
TikTok,"Nepalislayers
#golive #creatorsearchinsight #fyp #nepalislayers #nepaligirls #nepalibaddie #nepal #nepali #dancing #sensational #viral #NepaliGirls #ViralVideo #TikTokQueens #dancesensation #TrendingNow #prettygirl #prettynepali #nepalimuser #nepalihotgirl #swimsuit",1203,14,264,117700,2026-01-10 14:39:41+00:00,Nepalislayers #golive #creatorsearchinsight #fyp #nepalislayers #nepaligirls #nepalibaddie #nepal #nepali #dancing #sensational #viral #NepaliGirls #ViralVideo #TikTokQueens #dancesensation #TrendingNow #prettygirl #prettynepali #nepalimuser #nepalihotgirl #swimsuit,True,English
TikTok,"✨✨

#MakeUpTok #GRWM #TikTokVlog #nepali #oldnepali #aesthetic #foryou #fyp #unfreezemyacount #xyzbca #trending #nepal #vintage #aestgetic #oldnepalisongs ",26700,266,4725,489600,2025-07-12 13:39:18+00:00,✨✨ #MakeUpTok #GRWM #TikTokVlog #nepali #oldnepali #aesthetic #foryou #fyp #unfreezemyacount #xyzbca #trending #nepal #vintage #aestgetic #oldnepalisongs,True,English
TikTok,#trend #nepalitiktok #mounteverestaintgotshitonme #nepaliboys #viral,30900,255,4792,575000,2026-04-24 00:07:31+00:00,#trend #nepalitiktok #mounteverestaintgotshitonme #nepaliboys #viral,True,English
TikTok,one more 21st birthday video #21birthday #birthdaydress #vegas ,18000,45,1099,621500,2025-07-13 19:57:34+00:00,one more 21st birthday video #21birthday #birthdaydress #vegas,True,English
TikTok,"Wearing a soft blue top with a modern take on the Nepali cholo style, highlighted with Chinese knot details and adjustable back strings for a perfect, flattering fit ✨ Meet @rtw.np new launch Cholo Maya shirt 👚 @rtw.mens #foryoupage #grwm #brandevent #rtwnp #ootd ",1452,20,235,42100,2026-03-21 06:43:30+00:00,"Wearing a soft blue top with a modern take on the Nepali cholo style, highlighted with Chinese knot details and adjustable back strings for a perfect, flattering fit ✨ Meet .np new launch Cholo Maya shirt 👚 .mens #foryoupage #grwm #brandevent #rtwnp #ootd",True,English
TikTok,"Part 2 of Bringing Timeless Elegance to Everyday Style with Handwoven Dhaka -Where Tradition Meets Modernity 
#fyp #foryou #fypシ #outfitinspo #nepalidhaka #dhakawears #everydaystyle #traditional #supportlocal #madeinnepal #missnepal #missnepal2019 ",6127,18,124,146300,2023-05-11 12:19:27+00:00,Part 2 of Bringing Timeless Elegance to Everyday Style with Handwoven Dhaka -Where Tradition Meets Modernity #fyp #foryou #fypシ #outfitinspo #nepalidhaka #dhakawears #everydaystyle #traditional #supportlocal #madeinnepal #missnepal #missnepal2019,True,English
TikTok,"Lungi & blouse Nepali real attire, modernizing them too. #nepaliculture #nepalimuser #foryoupage #saree #nepaltiktok ",164,7,5,3570,2026-04-16 22:21:08+00:00,"Lungi & blouse Nepali real attire, modernizing them too. #nepaliculture #nepalimuser #foryoupage #saree #nepaltiktok",True,English
TikTok,"Little Smile Chaubandi Style Gown 🤍✨

Traditional Nepali touch with modern comfort 💕

✔ Elegant Chaubandi design
✔ Soft, breathable fabric
✔ Perfect for everyday wear & special moments

Handmade in Nepal with love 🇳🇵❤️

📞 Order now: 716-339-3593

#LittleSmile #ChaubandiStyle #NepaliWear #WomenFashion #HandmadeInNepa",12,0,2,482,2026-04-13 12:06:56+00:00,"Little Smile Chaubandi Style Gown 🤍✨ Traditional Nepali touch with modern comfort 💕 ✔ Elegant Chaubandi design ✔ Soft, breathable fabric ✔ Perfect for everyday wear & special moments Handmade in Nepal with love 🇳🇵❤️ 📞 Order now: 716-339-3593 #LittleSmile #ChaubandiStyle #NepaliWear #WomenFashion #HandmadeInNepa",True,English
TikTok,"Tradition with a twist ✨
Magar/Gurung attire reimagined — cropped top, boutique-style bottom, and a matching ghalek.
Rooted in culture, made for today. 💫
#NepaliFashion #MagarStyle #GurungCulture #ModernTradition #CulturalWear #nepaliclothing #FYP ",141,1,3,3712,2025-08-04 21:28:49+00:00,"Tradition with a twist ✨ Magar/Gurung attire reimagined — cropped top, boutique-style bottom, and a matching ghalek. Rooted in culture, made for today. 💫 #NepaliFashion #MagarStyle #GurungCulture #ModernTradition #CulturalWear #nepaliclothing #FYP",True,English
TikTok,"Grace in every drape. Power in every step. ✨
Channeling tradition with a modern twist in this gorgeous now available at @Mariya fashion boutique #fyp #foryouoageoffiacal #nepali #saree #modernsaree #foryou #lehengacholi @Malaika gurung ",335,5,67,16300,2025-07-09 23:23:46+00:00,Grace in every drape. Power in every step. ✨ Channeling tradition with a modern twist in this gorgeous now available at fashion boutique #fyp #foryouoageoffiacal #nepali #saree #modernsaree #foryou #lehengacholi gurung,True,English
TikTok,"Part (3/3) Maya Collection 

The Maya Collection features three Newari kurthi tops inspired by my Nepali heritage. It is designed to stay rooted in culture while feeling modern and wearable. Each piece is made to move with you! The subtle features make it perfect for dancing and effortless enough for wherever the day takes you.

Pre-orders now open! link in bio ♡

#dancefriendlyfashion #kurthis #blackkurthi #whitekurthi #nyc ",3,1,0,153,2026-04-22 17:08:18+00:00,Part (3/3) Maya Collection The Maya Collection features three Newari kurthi tops inspired by my Nepali heritage. It is designed to stay rooted in culture while feeling modern and wearable. Each piece is made to move with you! The subtle features make it perfect for dancing and effortless enough for wherever the day takes you. Pre-orders now open! link in bio ♡ #dancefriendlyfashion #kurthis #blackkurthi #whitekurthi #nyc,True,English
TikTok,"-hi mayalus lets style my handmade lacha with modern outfit ♡

#littledoristudio #fyp #handmade #lacha #traditional #foryoupage #nepaliuk #fypシ゚viral #asiangirl #style ",2777,36,284,106600,2023-06-18 23:10:35+00:00,-hi mayalus lets style my handmade lacha with modern outfit ♡ #littledoristudio #fyp #handmade #lacha #traditional #foryoupage #nepaliuk #fypシ゚viral #asiangirl #style,True,English
TikTok,"Styling traditional cholo with modern pants 🎀🫶🌺 #OOTD #nepaliinaustralia #ootdfashion #foryou #fyp #viral #fypシ゚viral #traditionaldress #nepaliinaustralia #nepalimuse #nepalisong #nepalitiktok🇳🇵 #nepali #melbourne 
Pants - @SHEINpl_official ",1342,23,93,77900,2025-02-11 02:38:26+00:00,Styling traditional cholo with modern pants 🎀🫶🌺 #OOTD #nepaliinaustralia #ootdfashion #foryou #fyp #viral #fypシ゚viral #traditionaldress #nepaliinaustralia #nepalimuse #nepalisong #nepalitiktok🇳🇵 #nepali #melbourne Pants -,True,English
TikTok,"Ethnic outfits, modern elegance 
Available now with different size and colour 🫶🏻#Ambricollection #kurti #nepaliattireuk #OOTD #nepalidress ",326,29,13,3822,2025-12-26 13:46:53+00:00,"Ethnic outfits, modern elegance Available now with different size and colour 🫶🏻#Ambricollection #kurti #nepaliattireuk #OOTD #nepalidress",True,English
TikTok,"Ombré elegance for the modern bride ✨
Where tradition meets contemporary glam — this bridal lehenga is designed to make your big day unforgettable 💫

We ship worldwide 🌍
#OmbreLehenga #BridalGlam #NepalFashion #BridalStyle #ModernBride",39800,657,8478,292900,2026-04-23 08:50:38+00:00,Ombré elegance for the modern bride ✨ Where tradition meets contemporary glam — this bridal lehenga is designed to make your big day unforgettable 💫 We ship worldwide 🌍 #OmbreLehenga #BridalGlam #NepalFashion #BridalStyle #ModernBride,True,English
TikTok,"✨🫶🏻 order this Modern Banarsi Luxe Set from Instagram : Jo by Jyotsna  
#jobyjyotsna #worldwideshipping #traditional #desioutfit #nepali ",1048,8,283,43500,2025-08-05 07:23:59+00:00,✨🫶🏻 order this Modern Banarsi Luxe Set from Instagram : Jo by Jyotsna #jobyjyotsna #worldwideshipping #traditional #desioutfit #nepali,True,English
TikTok,"✨ Traditional Touch, Modern Style ✨
Step into any celebration with confidence in our Party Wear Kurtha Set – designed to make you shine while keeping you comfortable all day 🌹#BlessedStyle #prajuweaves #NepaliElegance ",54,8,6,1678,2025-08-19 01:40:49+00:00,"✨ Traditional Touch, Modern Style ✨ Step into any celebration with confidence in our Party Wear Kurtha Set – designed to make you shine while keeping you comfortable all day 🌹#BlessedStyle #prajuweaves #NepaliElegance",True,English
TikTok,Wearing @LAHAR25 #moderntraditional #nepali ,1600,33,123,18300,2025-12-18 03:09:02+00:00,Wearing #moderntraditional #nepali,True,English
TikTok,"Her in a modern Nepali look 🫶🏻🫶🏻

#nepalitiktok #nepalimuser #nepalisong #nepaligirl ",74,0,0,5673,2025-06-23 13:21:04+00:00,Her in a modern Nepali look 🫶🏻🫶🏻 #nepalitiktok #nepalimuser #nepalisong #nepaligirl,True,English
TikTok,"Welcome to Praju Weaves — where Nepali tradition meets modern elegance. Our mission is to bring the beauty of handmade Nepali clothing to your wardrobe, keeping culture alive no matter where you are. From sarees to kurtas, from daily wear to festive looks, every piece is made with love, care, and a story woven within. 💕
#PrajuWeaves #NepaliFashion #CulturalElegance #MadeWithLove
#deliveryalloveraustralia ",37,2,2,901,2025-10-07 11:59:23+00:00,"Welcome to Praju Weaves — where Nepali tradition meets modern elegance. Our mission is to bring the beauty of handmade Nepali clothing to your wardrobe, keeping culture alive no matter where you are. From sarees to kurtas, from daily wear to festive looks, every piece is made with love, care, and a story woven within. 💕 #PrajuWeaves #NepaliFashion #CulturalElegance #MadeWithLove #deliveryalloveraustralia",True,English
TikTok,"Modern fashion may trend,but a saree is timeless.❤️@bijaya.dhungana @Smreeti #goviral #sari #fyp #trend #nepalitiktok ",112,14,2,863,2026-02-25 23:08:24+00:00,"Modern fashion may trend,but a saree is timeless.❤️.dhungana #goviral #sari #fyp #trend #nepalitiktok",True,English
TikTok,"⏰ Offer ending soon ⏰
Beautiful Paranda ✨
Traditional look, made easy 💖
DM now 💌

#ParandaNepal #TraditionalStyleNepal #NepaliFashion #FestiveLook #EthnicWear   ",9719,184,1450,252600,2026-01-14 08:17:04+00:00,"⏰ Offer ending soon ⏰ Beautiful Paranda ✨ Traditional look, made easy 💖 DM now 💌 #ParandaNepal #TraditionalStyleNepal #NepaliFashion #FestiveLook #EthnicWear",True,English
TikTok,New arrival original premium quality sharara kurtha set with handwork embroidery available #orange #sharara #kurthaset #festive-fashion #dashai #tihar #kurthasurwal #latestdesign #festivalwear #cottonkurti #fyp #trending #sydney #nepal #anarkalisuit #onlineshop #kurtisconner #smallbusiness ,682,48,209,195900,2024-11-01 12:41:19+00:00,New arrival original premium quality sharara kurtha set with handwork embroidery available #orange #sharara #kurthaset #festive-fashion #dashai #tihar #kurthasurwal #latestdesign #festivalwear #cottonkurti #fyp #trending #sydney #nepal #anarkalisuit #onlineshop #kurtisconner #smallbusiness,True,English
TikTok,🇳🇵 Nepali Flag Inspired Sari — National Pride with Elegant Style ✨#NepaliFlagStyle #NationalPrideFashion #NepaliFlagInspired #NepaliEthnicWear #SariLove #NepaliFestivalLooks #NepaliFlagOutfit #MadeForNepal #NepaliCultureFashion @Anu Khadka @Momo Hinamori ,67300,655,3542,1000000,2025-08-18 07:53:49+00:00,🇳🇵 Nepali Flag Inspired Sari — National Pride with Elegant Style ✨#NepaliFlagStyle #NationalPrideFashion #NepaliFlagInspired #NepaliEthnicWear #SariLove #NepaliFestivalLooks #NepaliFlagOutfit #MadeForNepal #NepaliCultureFashion Khadka Hinamori,True,English
TikTok,"✨😇Lhosar is more than a festival it’s a celebration of roots, family, and tradition.

This festive season, we invite you to honor your heritage by wearing traditional Tamang, Sherpa or Tibetan attire in our studio😊

To make your Lhosar even more meaningful, Aana Pictures has prepared a special event just for you🫶🏻
For our Family Photography Premium Package, you can receive a discount of up to NPR 3,500.

Whether it’s a couple, solo, baby, or family photoshoot, any session is welcome as long as you wear your traditional outfit.

📅 Event Period: January 13 – February 18

At Aana Pictures, we believe cultural moments deserve to be captured with care, warmth, and respect🙏❤️

Let’s preserve your culture, your pride, and your memories — beautifully and forever. ✨

#aanapictures #photostudionepal #lhosar #nepaliphotographer #trendingvideo ",2469,38,135,87400,2026-01-15 10:41:58+00:00,"✨😇Lhosar is more than a festival it’s a celebration of roots, family, and tradition. This festive season, we invite you to honor your heritage by wearing traditional Tamang, Sherpa or Tibetan attire in our studio😊 To make your Lhosar even more meaningful, Aana Pictures has prepared a special event just for you🫶🏻 For our Family Photography Premium Package, you can receive a discount of up to NPR 3,500. Whether it’s a couple, solo, baby, or family photoshoot, any session is welcome as long as you wear your traditional outfit. 📅 Event Period: January 13 – February 18 At Aana Pictures, we believe cultural moments deserve to be captured with care, warmth, and respect🙏❤️ Let’s preserve your culture, your pride, and your memories — beautifully and forever. ✨ #aanapictures #photostudionepal #lhosar #nepaliphotographer #trendingvideo",True,English
TikTok,On route to our final day of @bluesfestbyronbay 🤎🎶 with a fit check of course! 👏🏻 #festivalfashion #hippietok #nepalitiktok #madeinnepal #treeoflife #boho,292400,1897,5610,2100000,2023-04-09 03:34:54+00:00,On route to our final day of 🤎🎶 with a fit check of course! 👏🏻 #festivalfashion #hippietok #nepalitiktok #madeinnepal #treeoflife #boho,True,English
TikTok,"🌟 SUPER HIT ITEM for TEEJ! 🌟
💃 Celebrate in style with our best-selling saree – just at Rs. 1500/-
✨ Trendy, comfortable & perfect for the festive vibes!
📦 Free Delivery Inside Valley
📩 DM to book your piece before it’s gone!

📱 WhatsApp/Viber: 9862920282 | 9860795206
📍 Shantinagar, Baneshwor (Below Nabil Bank)

#TeejSpecial #SuperHitSaree #ShahFashionParadise #FestiveFashion #SareeLovers #NepalFashion",2719,39,174,94800,2025-08-05 14:38:22+00:00,"🌟 SUPER HIT ITEM for TEEJ! 🌟 💃 Celebrate in style with our best-selling saree – just at Rs. 1500/- ✨ Trendy, comfortable & perfect for the festive vibes! 📦 Free Delivery Inside Valley 📩 DM to book your piece before it’s gone! 📱 WhatsApp/Viber: 9862920282 | 9860795206 📍 Shantinagar, Baneshwor (Below Nabil Bank) #TeejSpecial #SuperHitSaree #ShahFashionParadise #FestiveFashion #SareeLovers #NepalFashion",True,English
TikTok,"New Handmade Newari Chaubandi Cholo  Available with Newari Sari@Cherrrrrrryyy🍒✨ Set ❤️
✨ Handmade Cholo in Customize Size Available
💎 High Quality Finishing

🌸 Perfect for Cultural Wear, Festivals & Daily Elegance

📩 DM us to place your order
📦 Delivery All Over Nepal
✈️🌎 Worldwide Shipping Available

✨ Wear our beautiful Newa attire, share your photos with us & enjoy FREE collaboration + grow your profile with us!

📞 WhatsApp/Viber: 980-8832228
📷 Instagram: @newar_family_attire / @newar_family
🎵 TikTok: @newar_family
📘 Facebook: Newar Family / Newar Family Attire

❤️🙏 Thank you for supporting Newar culture!

#newarfamilyattire #newarculture #hakupatasi #newarfashion #traditionalwear    ",1328,12,171,26500,2026-04-15 07:20:24+00:00,"New Handmade Newari Chaubandi Cholo Available with Newari Sari🍒✨ Set ❤️ ✨ Handmade Cholo in Customize Size Available 💎 High Quality Finishing 🌸 Perfect for Cultural Wear, Festivals & Daily Elegance 📩 DM us to place your order 📦 Delivery All Over Nepal ✈️🌎 Worldwide Shipping Available ✨ Wear our beautiful Newa attire, share your photos with us & enjoy FREE collaboration + grow your profile with us! 📞 WhatsApp/Viber: 980-8832228 📷 Instagram: / 🎵 TikTok: 📘 Facebook: Newar Family / Newar Family Attire ❤️🙏 Thank you for supporting Newar culture! #newarfamilyattire #newarculture #hakupatasi #newarfashion #traditionalwear",True,English
TikTok,"NEW INN!! 💙🪞💛
•Corset Kurti 
•Premium cotton fabric 
•Size - S , M , L & XL 
#fyp #baesicfashion #shortkurtis #madeinnepal #festivekurtiswithbaesicfashion #trending #festiveseason #nepalitiktok ",17800,100,2623,583100,2025-09-21 03:03:05+00:00,"NEW INN!! 💙🪞💛 •Corset Kurti •Premium cotton fabric •Size - S , M , L & XL #fyp #baesicfashion #shortkurtis #madeinnepal #festivekurtiswithbaesicfashion #trending #festiveseason #nepalitiktok",True,English
TikTok,"Elegance stitched by hand.
Step into the spotlight with our party wear long kurta, beautifully hand-embroidered to add timeless charm and grace. Perfect for celebrations, special evenings, and festive vibes.

Now available at Glam Fashion Nepal — shipping worldwide.

#GlamFashionNepal #HandEmbroidery #PartyWearKurta #EthnicElegance #NepaliFashion #KurtaStyle #FestiveLook",527,14,2,11500,2026-04-17 11:05:14+00:00,"Elegance stitched by hand. Step into the spotlight with our party wear long kurta, beautifully hand-embroidered to add timeless charm and grace. Perfect for celebrations, special evenings, and festive vibes. Now available at Glam Fashion Nepal — shipping worldwide. #GlamFashionNepal #HandEmbroidery #PartyWearKurta #EthnicElegance #NepaliFashion #KurtaStyle #FestiveLook",True,English
TikTok,"✨ Turn heads this season with our stunning lehenga collection! ✨
Now available in Basundhara, Kathmandu 🇳🇵

From elegant embroidery to vibrant colors, find the perfect outfit for weddings, parties & festive vibes 💃
Visit us today and shine like never before!

#LehengaLove #KathmanduFashion #BridalStyle #EthnicWear #NepalFashion ",3,0,0,176,2026-03-22 19:33:56+00:00,"✨ Turn heads this season with our stunning lehenga collection! ✨ Now available in Basundhara, Kathmandu 🇳🇵 From elegant embroidery to vibrant colors, find the perfect outfit for weddings, parties & festive vibes 💃 Visit us today and shine like never before! #LehengaLove #KathmanduFashion #BridalStyle #EthnicWear #NepalFashion",True,English
TikTok,"Celebrate this New Year in style with our premium Nepali print t-shirts! Bold, cultural, and made for the festive spirit. Limited stock – grab yours now!

#NepaliNewYear #HappyNewYear #NepaliStyle #MadeInNepal #NepaliTshirt #HighQualityWear #FestivalVibes #NepalFashion #CulturalWear #SupportLocal #NewYearLook #NepaliPrint #EthnicVibes #tccperth #boutique #perth",50,4,34,5404,2025-04-12 03:10:50+00:00,"Celebrate this New Year in style with our premium Nepali print t-shirts! Bold, cultural, and made for the festive spirit. Limited stock – grab yours now! #NepaliNewYear #HappyNewYear #NepaliStyle #MadeInNepal #NepaliTshirt #HighQualityWear #FestivalVibes #NepalFashion #CulturalWear #SupportLocal #NewYearLook #NepaliPrint #EthnicVibes #tccperth #boutique #perth",True,English
TikTok,Restocked our most demanded set New arrival original Ramas kurthi premium quality anarkali kurtha set  available #white #pink  #sharara #kurthaset #festivefashion #dashai #tihar #kurthasurwal #latestdesign #festivalwear #cottonkurti #fyp #trending #sydney #nepal #anarkalisuit #onlineshop #kurtisconner #smallbusiness ,721,59,848,180100,2024-10-23 06:42:26+00:00,Restocked our most demanded set New arrival original Ramas kurthi premium quality anarkali kurtha set available #white #pink #sharara #kurthaset #festivefashion #dashai #tihar #kurthasurwal #latestdesign #festivalwear #cottonkurti #fyp #trending #sydney #nepal #anarkalisuit #onlineshop #kurtisconner #smallbusiness,True,English
TikTok,It was my outfit for Nepal festival 🇳🇵#nepalfestival2025 #tamangdress ,370,17,5,4700,2025-03-18 05:54:51+00:00,It was my outfit for Nepal festival 🇳🇵#nepalfestival2025 #tamangdress,True,English
TikTok,"Nepali Lok Fusion at Nepal Tattoo Convention 2026
@Amit jung Gorkhey
#nepaltattooconvention #fyp #music #trending #fusion ",330,15,16,8776,2026-04-12 03:08:56+00:00,Nepali Lok Fusion at Nepal Tattoo Convention 2026 jung Gorkhey #nepaltattooconvention #fyp #music #trending #fusion,True,English
TikTok,"Waacking in nepal fusion 🇳🇵
If you know you know 😮‍💨
#zesstyflow #waacking #nepal ",14500,62,287,257300,2026-01-07 05:32:22+00:00,Waacking in nepal fusion 🇳🇵 If you know you know 😮‍💨 #zesstyflow #waacking #nepal,True,English
TikTok,"Nepali Fusion Series: Episode 1. Is this the ultimate Nepalese momo fusion? 👀 

I’m kicking off my new series with a recipe inspired by one of our most beloved Nepali food: momo. Think of this as a “Momo-Taco” fusion.

If you’ve ever struggled with the art of wrapping momo, don’t worry, I’ve got you. This dish gives you all those traditional flavors of momo without the stress. We’re using a juicy pork filling packed with fresh ginger notes, just like my family makes.

We’re taking traditional Nepalese pork filling. And instead of steaming, we’re pan-searing these for that crispy, golden finish. Then, we coat them in a vibrant achaar made from tomato and toasted sesame also known as “Till” in Nepali. It’s quick, it’s punchy, and it tastes like a classic fried pork momo with achaar 🤤.

You’ve seriously got to try this one. You can find the full recipe over on my Substack! Link is in my bio ❤️‍🔥",6866,117,1408,150700,2026-03-01 19:04:39+00:00,"Nepali Fusion Series: Episode 1. Is this the ultimate Nepalese momo fusion? 👀 I’m kicking off my new series with a recipe inspired by one of our most beloved Nepali food: momo. Think of this as a “Momo-Taco” fusion. If you’ve ever struggled with the art of wrapping momo, don’t worry, I’ve got you. This dish gives you all those traditional flavors of momo without the stress. We’re using a juicy pork filling packed with fresh ginger notes, just like my family makes. We’re taking traditional Nepalese pork filling. And instead of steaming, we’re pan-searing these for that crispy, golden finish. Then, we coat them in a vibrant achaar made from tomato and toasted sesame also known as “Till” in Nepali. It’s quick, it’s punchy, and it tastes like a classic fried pork momo with achaar 🤤. You’ve seriously got to try this one. You can find the full recipe over on my Substack! Link is in my bio ❤️‍🔥",True,English
TikTok,Arabic & Nepali fusion #nepal #viral #nepalimusic #nepalitiktok ,16,4,1,338,2026-04-22 23:29:36+00:00,Arabic & Nepali fusion #nepal #viral #nepalimusic #nepalitiktok,True,English
TikTok,Lagcc❤️ Fusion night 2025 ✨#foryoupage✨ #fyp ,66,2,4,1034,2025-11-27 03:25:37+00:00,Lagcc❤️ Fusion night 2025 ✨#foryoupage✨ #fyp,True,English
TikTok,"NEW ARRIVALS ✨

You can purchase from Fusion Bag Collection 😊

📍Chabhill Ganeshsthan,Capital Plaza Opposite 
For further details, WhatsApp/Viber-986644697
#fusionbagcollection♥ #chabhil_ganeshthan😇 #premiumqualitybag #fyp #tiktoknepal ",49,7,5,1289,2026-04-23 10:56:54+00:00,"NEW ARRIVALS ✨ You can purchase from Fusion Bag Collection 😊 📍Chabhill Ganeshsthan,Capital Plaza Opposite For further details, WhatsApp/Viber-986644697 #fusionbagcollection♥ #chabhil_ganeshthan😇 #premiumqualitybag #fyp #tiktoknepal",True,English
TikTok,When Africa meets Nepal in one bite — delicious fusion! 🌍❤️first time fufu experience…yummy😋😋,111,24,3,3780,2025-10-31 22:53:31+00:00,When Africa meets Nepal in one bite — delicious fusion! 🌍❤️first time fufu experience…yummy😋😋,True,English
TikTok,Himalayan fusion #nepalitiktok #nepalifood #restaurant #ontario #london ,40,2,4,2015,2026-02-14 02:32:56+00:00,Himalayan fusion #nepalitiktok #nepalifood #restaurant #ontario #london,True,English
TikTok,"Tried making fufu for the first time with Nepali yam and I’m obsessed.A little fusion moment from Nepal to West Africa 🌍
#fusion #fufu #whattocook #whattoeat #fyp ",114,2,5,7217,2026-04-22 11:43:44+00:00,Tried making fufu for the first time with Nepali yam and I’m obsessed.A little fusion moment from Nepal to West Africa 🌍 #fusion #fufu #whattocook #whattoeat #fyp,True,English
TikTok,"RESTOCK ✨

Kindly DM  us for further details or do visit us at Chabhill Ganeshthan !! 

#fusionbagcollection♥ #deliveryallovernepal🇳🇵 #chabahilganesthan🙏🏻💐🥰 #fusionbagcollection2 #dewashreebagstore #worldwideshipping #foryoupage #foryou #fypviralシ #premiumquality #newarrivals #tiktoknepal #coach #goviral #restock ",659,26,55,27300,2025-08-01 07:21:02+00:00,RESTOCK ✨ Kindly DM us for further details or do visit us at Chabhill Ganeshthan !! #fusionbagcollection♥ #deliveryallovernepal🇳🇵 #chabahilganesthan🙏🏻💐🥰 #fusionbagcollection2 #dewashreebagstore #worldwideshipping #foryoupage #foryou #fypviralシ #premiumquality #newarrivals #tiktoknepal #coach #goviral #restock,True,English
TikTok,"Dance😅 Fusion 😃😁
#try #maitighar #fusion #nepalitiktok #trending #goviral #nepalisong #rock #fypシ ",78,3,0,625,2025-06-04 00:09:58+00:00,Dance😅 Fusion 😃😁 #try #maitighar #fusion #nepalitiktok #trending #goviral #nepalisong #rock #fypシ,True,English
TikTok,❤️❤️ #fyp #newarisong #fusion #newari #nepali ❤️❤️,91,6,0,854,2025-10-10 06:05:29+00:00,❤️❤️ #fyp #newarisong #fusion #newari #nepali ❤️❤️,True,English
TikTok,"You can purchase from Fusion Bag Collection 😊
📍Chabhill Ganeshsthan,Capital Plaza Opposite 
For further details, WhatsApp/Viber-9866446970
#fusionbagcollection♥ #chabhil_ganeshthan😇 #premiumqualitybag #fyp #tiktoknepal ",40,4,1,1254,2026-04-20 16:14:32+00:00,"You can purchase from Fusion Bag Collection 😊 📍Chabhill Ganeshsthan,Capital Plaza Opposite For further details, WhatsApp/Viber-9866446970 #fusionbagcollection♥ #chabhil_ganeshthan😇 #premiumqualitybag #fyp #tiktoknepal",True,English
TikTok,Fusion tees that speak in style – new drop now!.Delivery all over nepal #foryoupage #fyp #fusion_clo #printedtees #fusion ,11200,28,589,225500,2025-08-28 05:46:13+00:00,Fusion tees that speak in style – new drop now!.Delivery all over nepal #foryoupage #fyp #fusion_clo #printedtees #fusion,True,English
TikTok,Nepali Swayamvar Ceremony❤️🇳🇵#nepaliwedding #nepal #nepalitiktok  #indianwedding #fusionwedding,4116,10,379,114400,2026-02-18 19:02:13+00:00,Nepali Swayamvar Ceremony❤️🇳🇵#nepaliwedding #nepal #nepalitiktok #indianwedding #fusionwedding,True,English
TikTok,"Dinner at Himalayan Fusion n Bar 🥘
#fyp #nepalitiktok #trending #creatorsearchinsights #dinnerideas #nepalifood @Vivek Bhandari @🌛 ",110,17,5,809,2025-08-03 07:15:00+00:00,Dinner at Himalayan Fusion n Bar 🥘 #fyp #nepalitiktok #trending #creatorsearchinsights #dinnerideas #nepalifood Bhandari @🌛,True,English
TikTok,2025 Fusion night✨ #foryoupage #foryou 🍀,41,1,0,400,2025-11-28 04:18:10+00:00,2025 Fusion night✨ #foryoupage #foryou 🍀,True,English
TikTok,Eastern Fusion | Nepali x Arabic Club Beat #nepal #viral #nepalimusic #nepalitiktok ,7,0,0,202,2026-04-26 12:49:04+00:00,Eastern Fusion | Nepali x Arabic Club Beat #nepal #viral #nepalimusic #nepalitiktok,True,English
TikTok,#fyp #nepal #music #stream!!,3082,31,107,46300,2025-08-15 17:19:58+00:00,#fyp #nepal #music #stream!!,True,English
TikTok,"ok last birthday vid for now had to use this sound 

#20 #harrystyles #birthday ",6971,78,120,66300,2026-02-28 19:42:54+00:00,ok last birthday vid for now had to use this sound #20 #harrystyles #birthday,True,English
TikTok,Celebrated 20! #birthdaytransition #ideas #albinadyla #pinkdress @Style Rotate NZ ,566,27,19,9413,2026-04-25 06:05:26+00:00,Celebrated 20! #birthdaytransition #ideas #albinadyla #pinkdress Rotate NZ,True,English
TikTok,I was always so jelly when I saw people make videos with this audio #20thbirthday #birthdayoutfit #stpete #birthdaygift ,59100,35,1924,333300,2026-03-11 23:15:57+00:00,I was always so jelly when I saw people make videos with this audio #20thbirthday #birthdayoutfit #stpete #birthdaygift,True,English
TikTok,"whoops! this is 2 weeks late but here’s a birthday vlog!!!
#diml #birthdayvlog #20 #vlog #outfitinspo ",1144,19,5,7466,2026-04-26 21:33:35+00:00,whoops! this is 2 weeks late but here’s a birthday vlog!!! #diml #birthdayvlog #20 #vlog #outfitinspo,True,English
TikTok,twas my birthday 😚 #20 #birthday #outfit #redhair #fu ,959,20,8,21500,2025-11-28 16:39:08+00:00,twas my birthday 😚 #20 #birthday #outfit #redhair #fu,True,English
TikTok,def feeling like unc🥀also a lil fashionably late but yolo #birthday #birthdaygirl #20thbirthday #birthdayinspo #fypシ ,361,41,2,2534,2026-04-20 01:27:53+00:00,def feeling like unc🥀also a lil fashionably late but yolo #birthday #birthdaygirl #20thbirthday #birthdayinspo #fypシ,True,English
TikTok,"Please call text us on 0469042753 or dm on instagram for
order#aashnasboutique_accees
ories #creatorsearchinsights #aashnaboutique
#livewiththetrend #nepaliattire",39,2,12,3054,2026-03-08 03:46:34+00:00,Please call text us on 0469042753 or dm on instagram for order#aashnasboutique_accees ories #creatorsearchinsights #aashnaboutique #livewiththetrend #nepaliattire,True,English
TikTok,#katiramri #nepalifolksong #nepaliattire❤️🇳🇵 #slayinginred ,121,29,0,863,2026-04-21 00:17:01+00:00,#katiramri #nepalifolksong #nepaliattire❤️🇳🇵 #slayinginred,True,English
TikTok,"All Nepali cultural dress available ✨🌸 
#fyp #smallbusiness #nepali #chahana1_ #goviral #culturaldress #nepaliattire #choli ",67,7,3,2101,2025-07-26 13:06:22+00:00,All Nepali cultural dress available ✨🌸 #fyp #smallbusiness #nepali #chahana1_ #goviral #culturaldress #nepaliattire #choli,True,English
TikTok,Girlies grab yours before it’s gone🎀 kindly DM to Kuwasangcollection on instagram! #supportsmallbusiness #kuwasangcollection #nepalikurthi #bidyaraichamling #nepaliattire ,99,1,3,3848,2026-03-22 23:23:38+00:00,Girlies grab yours before it’s gone🎀 kindly DM to Kuwasangcollection on instagram! #supportsmallbusiness #kuwasangcollection #nepalikurthi #bidyaraichamling #nepaliattire,True,English
TikTok,"Can be purchased separately 🤍 
#fypシ゚ #pbjewelry #nepaliattire ",105,5,8,2371,2025-12-14 21:31:49+00:00,Can be purchased separately 🤍 #fypシ゚ #pbjewelry #nepaliattire,True,English
TikTok,Please call/text us on 0469042753 or dm on instagram for order#aashnasboutique_acceesories #creatorsearchinsights #aashnaboutique #livewiththetrend #nepaliattire ,42,2,7,3057,2026-01-18 01:10:42+00:00,Please call/text us on 0469042753 or dm on instagram for order#aashnasboutique_acceesories #creatorsearchinsights #aashnaboutique #livewiththetrend #nepaliattire,True,English
TikTok,"The traditional Nepali Attire 
314-498-2583(USA) 
Dm us or visit our website 

#nepaliwears #EthnicWear #nepaliusa #nepaliusaclothing #nepaliattire ",68,7,4,3163,2026-01-09 15:47:19+00:00,The traditional Nepali Attire 314-498-2583(USA) Dm us or visit our website #nepaliwears #EthnicWear #nepaliusa #nepaliusaclothing #nepaliattire,True,English
TikTok,"follow us on ig ✨

#nepaliattire #kurthauk",28,2,2,1343,2026-03-04 19:43:51+00:00,follow us on ig ✨ #nepaliattire #kurthauk,True,English
TikTok,"The traditional Attire 
314-498-2583(USA) 
Dm us vist our website
🔗 link below bio section 
Wearing size 32

#SouthAsianStyle #SistersCollection #EthnicChic #lungi#nepaliattire ",90,2,9,4170,2026-01-24 04:38:11+00:00,The traditional Attire 314-498-2583(USA) Dm us vist our website 🔗 link below bio section Wearing size 32 #SouthAsianStyle #SistersCollection #EthnicChic #lungi#nepaliattire,True,English
TikTok,"Nepali girls be looking extra elegant in their cultural attires 🇳🇵❤️
#Majhidress #Dhimaldress #Yakkhadress #Bhujeldress #Thamidress ",7137,90,226,146200,2026-02-19 11:22:03+00:00,Nepali girls be looking extra elegant in their cultural attires 🇳🇵❤️ #Majhidress #Dhimaldress #Yakkhadress #Bhujeldress #Thamidress,True,English
TikTok,Dhaka print saree. To order please contact 0411751292 or on instagram to order #nepaliattirehobart #aashnaboutique_accessories #hobarttasmania #sale #neaplistoreinhobart #nepaliboutique #sari ,69,16,33,11400,2024-09-08 06:35:51+00:00,Dhaka print saree. To order please contact 0411751292 or on instagram to order #nepaliattirehobart #aashnaboutique_accessories #hobarttasmania #sale #neaplistoreinhobart #nepaliboutique #sari,True,English
TikTok,"Tas-kuchin choli✨🌸
#fyp #smallbusiness #chahana1_ #nepali #choli #nepaliuk #clothinguk #nepaliattire #trending ",275,7,71,25300,2025-05-31 10:01:39+00:00,Tas-kuchin choli✨🌸 #fyp #smallbusiness #chahana1_ #nepali #choli #nepaliuk #clothinguk #nepaliattire #trending,True,English
TikTok,Beautiful Aussie Bride in Nepali attire ♥️ ✨ #aussiebride #nepalibride #nepaliattire #fypシ゚ #makeupbypoppy ,416,3,40,15800,2026-04-24 01:42:56+00:00,Beautiful Aussie Bride in Nepali attire ♥️ ✨ #aussiebride #nepalibride #nepaliattire #fypシ゚ #makeupbypoppy,True,English
TikTok,#creatorsearchinsights #fyp #culturaldress #pooh in Nepali attire🧿,85,19,4,1707,2026-02-25 03:37:32+00:00,#creatorsearchinsights #fyp #culturaldress #pooh in Nepali attire🧿,True,English
TikTok,Please call/tect us on 0411751292 for order#aashnaboutique#nepaliattire#nepaliattirehobart#aashnasboutique_acceesories #tasmania @Aashna’s Boutique ,163,10,94,21100,2024-08-17 03:49:42+00:00,Please call/tect us on 0411751292 for order#aashnaboutique#nepaliattire#nepaliattirehobart#aashnasboutique_acceesories #tasmania ’s Boutique,True,English
TikTok,"kanxi kali kali kali
#nepaliattire #nepaliinusa ",170,41,3,1076,2026-04-21 05:06:11+00:00,kanxi kali kali kali #nepaliattire #nepaliinusa,True,English
TikTok,"The Nepali Lungi Cholo
314-498-2583(USA) 
Dm us or visit our website for order 

#nepaliwears #cholo #lungicholo #nepaliusaclothing #nepaliattire ",134,7,8,4564,2026-01-10 03:32:00+00:00,The Nepali Lungi Cholo 314-498-2583(USA) Dm us or visit our website for order #nepaliwears #cholo #lungicholo #nepaliusaclothing #nepaliattire,True,English
TikTok,"The sun was too bright it messed up the video ☺️ anyways sari inspo for the girlies attending weeding this season, I can’t handle it so it always ends up becoming messy like this in the video 
#nepaliattire #sareeinspo #weddingoutfitinspo #traditionalattire #nepali  ",60,8,9,960,2025-12-07 01:55:38+00:00,"The sun was too bright it messed up the video ☺️ anyways sari inspo for the girlies attending weeding this season, I can’t handle it so it always ends up becoming messy like this in the video #nepaliattire #sareeinspo #weddingoutfitinspo #traditionalattire #nepali",True,English
TikTok,Pov;you officially hit third trimester 🥰🥰#homephotoshoot #tmg_studio#nepaliattire ,209,55,23,5033,2025-01-15 10:13:05+00:00,Pov;you officially hit third trimester 🥰🥰#homephotoshoot #tmg_studio#nepaliattire,True,English
TikTok,"the day has come, i’m officially 18!! 🤍💕🎂
#18thbirthday #adult #birthdaygirl #pinkdress #foryoupage ",2316,132,4,13800,2026-04-25 00:29:34+00:00,"the day has come, i’m officially 18!! 🤍💕🎂 #18thbirthday #adult #birthdaygirl #pinkdress #foryoupage",True,English
TikTok,This dress has so many styling options- it is so comfortable and runs oversized. #lacetshirtdress #fashionaddict #womenover60 #tiktokfashion ,19,18,9,110,2026-04-05 14:58:56+00:00,This dress has so many styling options- it is so comfortable and runs oversized. #lacetshirtdress #fashionaddict #womenover60 #tiktokfashion,True,English
TikTok,"Actin up on a Friday fit 🔥🎶

MERCH @fashionaddict760 🤝🏽👕

#tommyrichman #fashion #fashionstyle #style #explore #fyp #explore #explorepage #viral #fypシ #foryou #fashionaddict #victorville #highdesert #760 #inlandempire #thekiddcutz #reels #reelsinstagram #reelsvideo #trending ",1934,42,55,37400,2025-02-07 16:21:05+00:00,Actin up on a Friday fit 🔥🎶 MERCH 🤝🏽👕 #tommyrichman #fashion #fashionstyle #style #explore #fyp #explore #explorepage #viral #fypシ #foryou #fashionaddict #victorville #highdesert #760 #inlandempire #thekiddcutz #reels #reelsinstagram #reelsvideo #trending,True,English
TikTok,My outfit of the day- #fashionaddict #womenover60 #thehypeherclub #ootd ,19,10,4,154,2026-04-21 23:11:44+00:00,My outfit of the day- #fashionaddict #womenover60 #thehypeherclub #ootd,True,English
TikTok,Fashion Addict 🤍 You can shop most of my outfits via link in my bio ❤️ #outfit #outfits #fashion #ootd ,926,21,44,23100,2026-02-02 16:13:23+00:00,Fashion Addict 🤍 You can shop most of my outfits via link in my bio ❤️ #outfit #outfits #fashion #ootd,True,English
TikTok,"Day twenty-ninth
::
::
::
#fyp #viral #viraltiktok #viralvideo #fashionaddict #fashionista #shoes #outfitoftheday #fashionblogger #fashion #OOTD #fashionable #fashionabl #momsoftiktok #MomsofTikTok ",18000,476,539,381900,2024-10-16 11:49:05+00:00,Day twenty-ninth :: :: :: #fyp #viral #viraltiktok #viralvideo #fashionaddict #fashionista #shoes #outfitoftheday #fashionblogger #fashion #OOTD #fashionable #fashionabl #momsoftiktok #MomsofTikTok,True,English
TikTok,"Which should I have returned/kept? 
Outfits from @AliExpress 
 Link in Bio🥳

#OOTDInspo #StyleDiaries #FashionAddict #ClosetGoals #TryOnHaul",506,31,16,20100,2025-09-03 22:54:12+00:00,Which should I have returned/kept? Outfits from Link in Bio🥳 #OOTDInspo #StyleDiaries #FashionAddict #ClosetGoals #TryOnHaul,True,English
TikTok,Dress for yourself- #womenover60 #fashionaddict #funinthesun ,853,225,104,26900,2025-07-05 21:00:46+00:00,Dress for yourself- #womenover60 #fashionaddict #funinthesun,True,English
TikTok,"Camisa con poder 💼✨
Llévala con corbata o perlas, y agrega un corset para elevar tu look al siguiente nivel 💋
Disponible en K.O. Fashion, donde la moda se convierte en actitud 👑

#CamisaConEstilo #CorsetTrend #FashionAddict #OutfitDelDía #LookDeImpacto ",23300,184,4956,885100,2025-11-12 16:46:41+00:00,"Camisa con poder 💼✨ Llévala con corbata o perlas, y agrega un corset para elevar tu look al siguiente nivel 💋 Disponible en K.O. Fashion, donde la moda se convierte en actitud 👑 #CamisaConEstilo #CorsetTrend #FashionAddict #OutfitDelDía #LookDeImpacto",True,English
TikTok,"This body suit fyeee
#OOTD #OutfitOfTheDay #Fashion #DailyOutfit #StyleOfTheDay #LookOfTheDay #TodayImWearing #WhatIWore #FashionInspo #OutfitInspiration #TryOnHaul #Haul #FashionHaul #OutfitIdeas #TrendyOutfits #StyleInspo #OutfitGoals #FashionBlogger #Fashionista #FashionAddict #FashionStyle #Outfit",47600,131,619,496600,2024-06-20 00:44:58+00:00,This body suit fyeee #OOTD #OutfitOfTheDay #Fashion #DailyOutfit #StyleOfTheDay #LookOfTheDay #TodayImWearing #WhatIWore #FashionInspo #OutfitInspiration #TryOnHaul #Haul #FashionHaul #OutfitIdeas #TrendyOutfits #StyleInspo #OutfitGoals #FashionBlogger #Fashionista #FashionAddict #FashionStyle #Outfit,True,English
TikTok,"It’s in our genes… 

Our Looks: @OFUURE 

#denim #day3 #fashion #addict",12200,520,584,50800,2026-02-22 09:31:24+00:00,It’s in our genes… Our Looks: #denim #day3 #fashion #addict,True,English
TikTok,"Darling, I always love black.
::
::
::
#fyp #viral #viraltiktok #viralvideo #fashionaddict #fashionista #shoes #outfitoftheday #fashionblogger #fashion #OOTD #fashionable #fashionabl #momsoftiktok #MomsofTikTok #",6353,292,210,91700,2024-10-18 12:24:32+00:00,"Darling, I always love black. :: :: :: #fyp #viral #viraltiktok #viralvideo #fashionaddict #fashionista #shoes #outfitoftheday #fashionblogger #fashion #OOTD #fashionable #fashionabl #momsoftiktok #MomsofTikTok #",True,English
TikTok,Forever an addict 🤭 #fashionaddict #clothingaddiction #fashiongirly #fashiongirl #fashionaddicted ,30,1,0,658,2024-08-20 08:24:07+00:00,Forever an addict 🤭 #fashionaddict #clothingaddiction #fashiongirly #fashiongirl #fashionaddicted,True,English
TikTok,"#fashionista #fashionaddiction 

My addiction is totally harmless.",494,98,6,3284,2025-10-03 02:47:59+00:00,#fashionista #fashionaddiction My addiction is totally harmless.,True,English
TikTok,"Who needs a piece?? The VYBES Rhinestone Collection is here to take over the clothing space. Limited quantities available 💯

#streetwear #vybes #rhinestones #streetwearfits #fashion #rap #streetstyle #styleaddict #styleaddict #wearvybes #hoodies",20500,400,1575,419500,2025-06-10 14:41:58+00:00,Who needs a piece?? The VYBES Rhinestone Collection is here to take over the clothing space. Limited quantities available 💯 #streetwear #vybes #rhinestones #streetwearfits #fashion #rap #streetstyle #styleaddict #styleaddict #wearvybes #hoodies,True,English
TikTok,"Have a great weekend guys 
::
::
::
#fyp #viraltiktok #viral #viralvideo #fashionaddict #fashionista #shoes #outfitoftheday #fashionblogger #fashion #OOTD #fashionable #fashionabl #momsoftiktok #MomsofTikTok ",6335,429,531,115200,2024-10-20 13:38:06+00:00,Have a great weekend guys :: :: :: #fyp #viraltiktok #viral #viralvideo #fashionaddict #fashionista #shoes #outfitoftheday #fashionblogger #fashion #OOTD #fashionable #fashionabl #momsoftiktok #MomsofTikTok,True,English
TikTok,Fashion is my drug 🙈🍸💜👸 #dsquared2 #robertocavalli #versace #chanel #satc #cherirvintage #manoloblahnik #shoppingaddict #divinefeminine #itgirl #nycshopping #johngalliano #dior #miniskirt #katemoss #parishilton #marissacooper #vintagedesigner ,656,6,22,4920,2025-05-24 20:32:14+00:00,Fashion is my drug 🙈🍸💜👸 #dsquared2 #robertocavalli #versace #chanel #satc #cherirvintage #manoloblahnik #shoppingaddict #divinefeminine #itgirl #nycshopping #johngalliano #dior #miniskirt #katemoss #parishilton #marissacooper #vintagedesigner,True,English
TikTok,it’s an addiction atp #vinted #haul #swag #fyp #fashion ,5702,85,32,23100,2026-03-16 16:33:12+00:00,it’s an addiction atp #vinted #haul #swag #fyp #fashion,True,English
TikTok,A lover of all things fashion 🫶🏽 #ootd #fashiontiktok #dailyootd #sydneyfashion #mylifeinoutfits #outfitinspo #fashion ,84,4,0,1396,2024-03-04 04:54:15+00:00,A lover of all things fashion 🫶🏽 #ootd #fashiontiktok #dailyootd #sydneyfashion #mylifeinoutfits #outfitinspo #fashion,True,English
TikTok,Fashion addiction is real #fyp#foryoupage#fashion#thefabulousdejavu #fashionaddict #fashionaddiction#fashionicon #fashionicons ,93,5,5,1143,2025-06-01 13:24:28+00:00,Fashion addiction is real #fyp#foryoupage#fashion#thefabulousdejavu #fashionaddict #fashionaddiction#fashionicon #fashionicons,True,English
TikTok,im so guilty of this audio #shoppingaddict #fashionlover ,2862,29,413,118300,2024-05-21 22:50:45+00:00,im so guilty of this audio #shoppingaddict #fashionlover,True,English
TikTok,"Best-seller Minimal Hand-embroidery Saree set💝
Can be made in any color!!🪡😍
#fyp #handwork #handworksareeset #pastelcolors #reels #nepalitiktok #trendy #bestseller #wedding #partywear #auracouturedharan #boutique #worldwideshipping ",9346,88,1969,340800,2025-03-26 09:54:03+00:00,Best-seller Minimal Hand-embroidery Saree set💝 Can be made in any color!!🪡😍 #fyp #handwork #handworksareeset #pastelcolors #reels #nepalitiktok #trendy #bestseller #wedding #partywear #auracouturedharan #boutique #worldwideshipping,True,English
TikTok,"A new fashion destination is here ✨

Welcome to Trendy Wear Collection
Premium styles. Affordable prices.

• subidhanagarTinkune, Kathmandu
#TrendyWear #KathmanduFashion #NepalBoutique #NewStore #FashionNepal",262,1,20,7316,2026-04-26 06:37:36+00:00,"A new fashion destination is here ✨ Welcome to Trendy Wear Collection Premium styles. Affordable prices. • subidhanagarTinkune, Kathmandu #TrendyWear #KathmanduFashion #NepalBoutique #NewStore #FashionNepal",True,English
TikTok,🖤BLACK🖤 #foryoupage #fyp #fypシ #foryou #tiktoknepal #goviral #trending #porafashion #OOTD #nepalimuser #nepal #🇳🇵 #girlsontiktok #shorttops #shorttopsinnepal #embroiderytops ,37800,372,2031,1100000,2023-04-04 06:11:15+00:00,🖤BLACK🖤 #foryoupage #fyp #fypシ #foryou #tiktoknepal #goviral #trending #porafashion #OOTD #nepalimuser #nepal #🇳🇵 #girlsontiktok #shorttops #shorttopsinnepal #embroiderytops,True,English
TikTok,OUTFIT OF THE DAY ✅ Delivery all over nepal 🇳🇵 #onlineshopping #outfitcheck #sweater #trending #winterclothes ,13800,174,2007,662100,2025-12-05 03:50:06+00:00,OUTFIT OF THE DAY ✅ Delivery all over nepal 🇳🇵 #onlineshopping #outfitcheck #sweater #trending #winterclothes,True,English
TikTok,"✨ Beautiful Saree for Party Wear ✨
Elegant & trendy design 💃
🎨 More than 8 color options available

📩 DM us for price & details
📞 WhatsApp/Viber: 9862920282 | 9860795206

#ShahFashionParadise #PartyWearSaree #ColorOptions #NepaliFashion #dmforprice ",6083,68,917,201600,2026-01-04 04:24:59+00:00,✨ Beautiful Saree for Party Wear ✨ Elegant & trendy design 💃 🎨 More than 8 color options available 📩 DM us for price & details 📞 WhatsApp/Viber: 9862920282 | 9860795206 #ShahFashionParadise #PartyWearSaree #ColorOptions #NepaliFashion #dmforprice,True,English
TikTok,#newavailable #summer #summerset #small #jumpsuit #summerdress #girls_villaa #story #peoplesplaza #kathmandu #nepal #nepalitiktok #viral #trendingsong #trendingcontent #content #newroad #foryou #fyp #onlineshopping #shopping #smallbusiness ,13300,1,2571,724400,2025-06-12 15:29:01+00:00,#newavailable #summer #summerset #small #jumpsuit #summerdress #girls_villaa #story #peoplesplaza #kathmandu #nepal #nepalitiktok #viral #trendingsong #trendingcontent #content #newroad #foryou #fyp #onlineshopping #shopping #smallbusiness,True,English
TikTok,DESIGNER BOUTIQUE 3 PIECE VELVET ANARKALI SET WITH HEAVY ZARI WORK - RED ❤️#trendycollections #newin #teejspecial #shippingworldwide🌍✈️ #readytowear #nepaleseinaustralia #nepalitiktok🇳🇵 #fypシ゚viral #velvet #longgown #anarkali #kurthaset ,31200,444,4352,1300000,2023-08-25 12:06:53+00:00,DESIGNER BOUTIQUE 3 PIECE VELVET ANARKALI SET WITH HEAVY ZARI WORK - RED ❤️#trendycollections #newin #teejspecial #shippingworldwide🌍✈️ #readytowear #nepaleseinaustralia #nepalitiktok🇳🇵 #fypシ゚viral #velvet #longgown #anarkali #kurthaset,True,English
TikTok,hi im kenna im 19 #birthdayy #mybday #transition #fyp #browndress #brownboots #leatherboots #fakeid #girls #fit #ootd #birthdaydress #birthdayootd #birthdayinspo #19yearsold #2005baby #scorpio #tan #hair #fashiontok #birthdaytransition #birthdayaudios #19 #19thbirthday #19birthdayaudios ,1562,30,24,105200,2024-11-15 20:25:29+00:00,hi im kenna im 19 #birthdayy #mybday #transition #fyp #browndress #brownboots #leatherboots #fakeid #girls #fit #ootd #birthdaydress #birthdayootd #birthdayinspo #19yearsold #2005baby #scorpio #tan #hair #fashiontok #birthdaytransition #birthdayaudios #19 #19thbirthday #19birthdayaudios,True,English
TikTok,#19thbirthday #april27th #imthebirthday #fyp #trending ,90,10,1,581,2026-04-27 04:07:09+00:00,#19thbirthday #april27th #imthebirthday #fyp #trending,True,English
TikTok,it’s my birthday🎀🎀🎀 #relatablecontent #relatablecontent #trending #viral #targetaudience ,58900,221,1348,390800,2026-03-31 14:49:41+00:00,it’s my birthday🎀🎀🎀 #relatablecontent #relatablecontent #trending #viral #targetaudience,True,English
TikTok,"Handwork Saree available in different colors Rs. 1200/- 

#handworksaree #fyppppppppppppppppppppppppppppppppppp #foryoupage #deliveryallovernepal🇳🇵 #prathawear ",8097,140,1480,287900,2026-02-18 13:26:34+00:00,Handwork Saree available in different colors Rs. 1200/- #handworksaree #fyppppppppppppppppppppppppppppppppppp #foryoupage #deliveryallovernepal🇳🇵 #prathawear,True,English
TikTok,"Radiate elegance in this golden organza sari adorned with intricate zari embroidery. The delicate floral motifs and scalloped borders add a touch of shimmer, making it perfect for festive occasions ✨

#knoornp #fyp #ethnicwear #sareenepal #goviral ",1615,9,429,61500,2026-02-18 05:53:28+00:00,"Radiate elegance in this golden organza sari adorned with intricate zari embroidery. The delicate floral motifs and scalloped borders add a touch of shimmer, making it perfect for festive occasions ✨ #knoornp #fyp #ethnicwear #sareenepal #goviral",True,English
TikTok,"✨ Premium Satin Silk Saree – Timeless Red Elegance ✨

Drape yourself in pure elegance with this premium quality satin silk saree, beautifully crafted with rich zari detailing and a luxurious finish. ❤️
Perfect choice for weddings, receptions, festive occasions & special celebrations.

🔸 Fabric: Premium Satin Silk
🔸 Design: Heavy Zari Work with Elegant Border
🔸 Color: Royal Red
🔸 Quality: Export / Premium Finish
🔸 Price: Rs. 5,299 only

📍 Available at: Shanvika Elegance
📞 For order & inquiry: Inbox / Call / WhatsApp
🚚 All Nepal & Out of Valley Shipping Available

✨ Limited stock available – Book yours now before it’s gone!
#satinsilksaree #premiumsareenepal #luxurysaree #weddingsaree #bridalsaree ",2733,37,1060,196100,2026-01-17 05:24:29+00:00,"✨ Premium Satin Silk Saree – Timeless Red Elegance ✨ Drape yourself in pure elegance with this premium quality satin silk saree, beautifully crafted with rich zari detailing and a luxurious finish. ❤️ Perfect choice for weddings, receptions, festive occasions & special celebrations. 🔸 Fabric: Premium Satin Silk 🔸 Design: Heavy Zari Work with Elegant Border 🔸 Color: Royal Red 🔸 Quality: Export / Premium Finish 🔸 Price: Rs. 5,299 only 📍 Available at: Shanvika Elegance 📞 For order & inquiry: Inbox / Call / WhatsApp 🚚 All Nepal & Out of Valley Shipping Available ✨ Limited stock available – Book yours now before it’s gone! #satinsilksaree #premiumsareenepal #luxurysaree #weddingsaree #bridalsaree",True,English
TikTok,+977 9825963992/ +977 9827964636 cash on delivery hudaina  🙏  #sareenepal #nepalitiktok #nepalireels #tiktoknepal#jhapalimuser                          ,8267,92,1498,178900,2025-08-14 14:19:47+00:00,+977 9825963992/ +977 9827964636 cash on delivery hudaina 🙏 #sareenepal #nepalitiktok #nepalireels #tiktoknepal#jhapalimuser,True,English
TikTok,"Christmas Sale December. Pre draped sarees. 

#muce #ethnicoutfit #ethnicwear #weddingwear #designersuit #weddinglehenga #blousedesigns #traditionaldresses #kurtisset #traditionalwear #partywearsuits #blousedesign #bridesmaids #outfitinspiration #nepalibride #nepalfashion #nepaliwedding #lehengasareesonlineshopping #mucedesigns #muceofficial #lehengaonlineshopuk #indianoutfit #folkstone#kent #drapesaree #trending #tiktok #fyp ",29900,533,8170,1800000,2024-12-06 11:53:56+00:00,Christmas Sale December. Pre draped sarees. #muce #ethnicoutfit #ethnicwear #weddingwear #designersuit #weddinglehenga #blousedesigns #traditionaldresses #kurtisset #traditionalwear #partywearsuits #blousedesign #bridesmaids #outfitinspiration #nepalibride #nepalfashion #nepaliwedding #lehengasareesonlineshopping #mucedesigns #muceofficial #lehengaonlineshopuk #indianoutfit #folkstone#kent #drapesaree #trending #tiktok #fyp,True,English
TikTok,Softener floral design #engagement saree#wedding season#worldwide#asians#naarisringaar #nepal ,17700,177,2237,590800,2025-01-31 04:33:26+00:00,Softener floral design #engagement saree#wedding season#worldwide#asians#naarisringaar #nepal,True,English
TikTok,"“BANARASI SATIN KATAN SILK SAREE WITH GOLD ZARI”
#sareenepal #banarasisaree #bridalsaree #nepalibride #sari ",51,0,2,1481,2026-04-23 13:29:49+00:00,“BANARASI SATIN KATAN SILK SAREE WITH GOLD ZARI” #sareenepal #banarasisaree #bridalsaree #nepalibride #sari,True,English
TikTok,"online shopping nepal
saree collection Nepal 🙏✅
hight quality saree video post ✅🙏 all over Nepal home 🏡 delivery available 🚚 offer price only 800/-
#trending #video #post 
#fyp #foryoupage ",12200,131,3392,408800,2025-09-17 01:37:53+00:00,online shopping nepal saree collection Nepal 🙏✅ hight quality saree video post ✅🙏 all over Nepal home 🏡 delivery available 🚚 offer price only 800/- #trending #video #post #fyp #foryoupage,True,English
TikTok,Dm to order! #toshistyleuk #teejsaree #redsaree #nepaliteej #ethnicwear #teejvibes #nepalifestival ,2634,76,635,141900,2025-07-14 17:47:37+00:00,Dm to order! #toshistyleuk #teejsaree #redsaree #nepaliteej #ethnicwear #teejvibes #nepalifestival,True,English
TikTok,#हाम्रो साडी र कुर्ताहरू खरिद गर्नका लागि हाम्रो 𝗜𝗻𝘀𝘁𝗮𝗴𝗿𝗮𝗺 मा 𝗠𝗲𝘀𝘀𝗮𝗴𝗲 गर्नुहोस् वा 9840027034 मा 𝐂𝐚𝐥𝐥 / 𝐖𝐡𝐚𝐭𝐬𝐚𝐩𝐩 / 𝐕𝐢𝐛𝐞𝐫 मा हामीसँग सम्पर्क गर्नुहोस्.                                                                                                               .                      .                                                                                                                      #grandsale #goviral  #sareefashion #sareeonlineshopping #sareecollection #newsareecollection #sareeinnepal#sareelove❤️ #sareestyle #goviral #instagramrelss😍relss❤️❤️🌍 #garndsaale#deliveryalloverworld🌎🌎✈️✈️,2915,23,487,89400,2025-05-08 12:48:23+00:00,#हाम्रो साडी र कुर्ताहरू खरिद गर्नका लागि हाम्रो 𝗜𝗻𝘀𝘁𝗮𝗴𝗿𝗮𝗺 मा 𝗠𝗲𝘀𝘀𝗮𝗴𝗲 गर्नुहोस् वा 9840027034 मा 𝐂𝐚𝐥𝐥 / 𝐖𝐡𝐚𝐭𝐬𝐚𝐩𝐩 / 𝐕𝐢𝐛𝐞𝐫 मा हामीसँग सम्पर्क गर्नुहोस्. . . #grandsale #goviral #sareefashion #sareeonlineshopping #sareecollection #newsareecollection #sareeinnepal#sareelove❤️ #sareestyle #goviral #instagramrelss😍relss❤️❤️🌍 #garndsaale#deliveryalloverworld🌎🌎✈️✈️,True,Nepali
TikTok,"🚨 OFFER !! OFFER !! OFFER !! 🚨 
Varanasi Pure Silk Saree ✨  
Only Rs. 1400 matra 😍
.
Wholesale price ma yesto ramro saree feri paudaina 😭💖  
Chitto chitto linu, stock sakkina sakcha ⏳🔥
.
📍 Location: Masangalli, Indrachowk, Kathmandu  
Ason saree lovers ko lagi must visit 💃🌎
.
.
.

#VaranasiSilkSaree
#KathmanduWholesale
#AsonSaree
#IndrachowkShopping
#SareeNepal",3724,65,1558,279000,2026-04-02 11:23:10+00:00,"🚨 OFFER !! OFFER !! OFFER !! 🚨 Varanasi Pure Silk Saree ✨ Only Rs. 1400 matra 😍 . Wholesale price ma yesto ramro saree feri paudaina 😭💖 Chitto chitto linu, stock sakkina sakcha ⏳🔥 . 📍 Location: Masangalli, Indrachowk, Kathmandu Ason saree lovers ko lagi must visit 💃🌎 . . . #VaranasiSilkSaree #KathmanduWholesale #AsonSaree #IndrachowkShopping #SareeNepal",True,English
TikTok,"Step into elegance with this stunning  net saree, drenched in fine hand embroidered sequins and shimmering sitaras. Perfect for receptions, and any moment where you want to shine with effortless sophistication ✨

#Knoornp #goviral #fyp #sareenepal ",452,4,104,12300,2026-03-15 04:29:11+00:00,"Step into elegance with this stunning net saree, drenched in fine hand embroidered sequins and shimmering sitaras. Perfect for receptions, and any moment where you want to shine with effortless sophistication ✨ #Knoornp #goviral #fyp #sareenepal",True,English
TikTok,"Draped in elegance, adorned in heritage ✨🤍
Honored to collaborate with @Kaira.Nepal for this stunning handcrafted piece. 
Stunning jewellery: @SBD_NEPAL 
Every detail speaks of timeless beauty. #KairaNepal #saree #grwm #nepalitiktok #nepal #fyp ",6590,49,940,202700,2025-06-05 13:14:47+00:00,"Draped in elegance, adorned in heritage ✨🤍 Honored to collaborate with .Nepal for this stunning handcrafted piece. Stunning jewellery: Every detail speaks of timeless beauty. #KairaNepal #saree #grwm #nepalitiktok #nepal #fyp",True,English
TikTok,"✨ When elegance whispers louder than any colour… ✨

A beige georgette saree that flows like a dream—light, graceful, effortlessly chic.
Perfect for celebrations where you want to shine with subtle sophistication and modern charm. 💫

DM to shop this timeless beauty.
#NaariSringaar #NepalSarees #EthnicWearNepal #BridalSareeNepal #FestiveLook2025",3338,15,347,125300,2025-11-19 10:24:20+00:00,"✨ When elegance whispers louder than any colour… ✨ A beige georgette saree that flows like a dream—light, graceful, effortlessly chic. Perfect for celebrations where you want to shine with subtle sophistication and modern charm. 💫 DM to shop this timeless beauty. #NaariSringaar #NepalSarees #EthnicWearNepal #BridalSareeNepal #FestiveLook2025",True,English
TikTok,"White elegance ✨

#knoornp #fyp #goviral #sareenepal #sareefashion ",439,2,96,11600,2026-02-21 07:20:21+00:00,White elegance ✨ #knoornp #fyp #goviral #sareenepal #sareefashion,True,English
TikTok,"A masterpiece woven in Khaddi  silk 💎
Intricate heavy stone detailing that reflects pure luxury and festive grandeur.

Perfect for weddings, receptions & royal occasions 👑
#premiumquality #premiumsareecollection #sareenepal #botiqcollection #shippingalloverworld✈️✈️✈️✈️  ",6854,49,1583,267400,2026-02-10 04:19:25+00:00,"A masterpiece woven in Khaddi silk 💎 Intricate heavy stone detailing that reflects pure luxury and festive grandeur. Perfect for weddings, receptions & royal occasions 👑 #premiumquality #premiumsareecollection #sareenepal #botiqcollection #shippingalloverworld✈️✈️✈️✈️",True,English
TikTok,"Elevate your style with this light-weight and gorgeous hand-embroidered paper silk sari ✨

#knoornp #sarinepal #trending #fyp #goviral #sareelove #nepal #trendingvideo #ethnicwear ",5128,14,935,106900,2024-12-17 05:23:44+00:00,Elevate your style with this light-weight and gorgeous hand-embroidered paper silk sari ✨ #knoornp #sarinepal #trending #fyp #goviral #sareelove #nepal #trendingvideo #ethnicwear,True,English
TikTok,"NEW COLORS 
#zyre #saree #engagementsaree #organza #sareenepal ",192,3,108,12700,2025-11-24 13:52:19+00:00,NEW COLORS #zyre #saree #engagementsaree #organza #sareenepal,True,English
TikTok,"Nepal flag inspo saree for Nepal festival Brisbane🇳🇵🥹 
@4fthappiness_  I really appreciate your hard work. Couldn’t thank you enough for this beautiful creation❤️ 
 #fyp #trending #nepal ",11600,80,489,290900,2025-04-06 07:17:26+00:00,Nepal flag inspo saree for Nepal festival Brisbane🇳🇵🥹 I really appreciate your hard work. Couldn’t thank you enough for this beautiful creation❤️ #fyp #trending #nepal,True,English
TikTok,"“PREMIUM FENDI SILK SAREE WITH HANDWORK DETAILS “
#sareenepal #saree #silk #bestsareeshopinkathmandu #sari ",23,1,2,1205,2026-04-21 15:28:00+00:00,“PREMIUM FENDI SILK SAREE WITH HANDWORK DETAILS “ #sareenepal #saree #silk #bestsareeshopinkathmandu #sari,True,English
TikTok,"For orders please contact Us,
☎️(929) 346-1107

#bgexclusive #bishowgautamexclusive #bgsarees #bgmenswear #bgkurtha #bgbridalwear #bglehenga #bgluxury #bgaccessories #bgaffordable #goviral #nepalibhadakuda #bgfamilyset #foryou #bgkidswear #fyp #foryoupage #popular #trending #nepalifashion #craftsmanship #nepalitraditionalwear #nepalibhadakuda #nepalifashiondesigner #nepalitradition
#tradition #worldwideshipping",9056,307,850,353400,2024-01-17 00:22:55+00:00,"For orders please contact Us, ☎️(929) 346-1107 #bgexclusive #bishowgautamexclusive #bgsarees #bgmenswear #bgkurtha #bgbridalwear #bglehenga #bgluxury #bgaccessories #bgaffordable #goviral #nepalibhadakuda #bgfamilyset #foryou #bgkidswear #fyp #foryoupage #popular #trending #nepalifashion #craftsmanship #nepalitraditionalwear #nepalibhadakuda #nepalifashiondesigner #nepalitradition #tradition #worldwideshipping",True,English
TikTok,"📩 DM to order
📞 WhatsApp/Viber: 9862920282 | 9860795206

#NepaliFashion #CustomOrder #ShahFashionParadise",286,7,9,4392,2026-04-26 14:26:43+00:00,📩 DM to order 📞 WhatsApp/Viber: 9862920282 | 9860795206 #NepaliFashion #CustomOrder #ShahFashionParadise,True,English
TikTok,"Shoutout to @Seed Nepal for curating an amazing collection of quality basic clothing in affordable range! Also, they are made in Nepal 🇳🇵 

Head over to their store at Swayambhu to discover more!!

#seednepal #basicclothing #basicclothes #winterclothing #affordableclothing #affordableclothinginnepal #clothinginnepal #fashion #style #qualityclothing #explorepage #nepal #fyp #foryoupage #goviral #fypシ゚ ",10400,33,2857,375000,2025-01-09 12:38:01+00:00,"Shoutout to Nepal for curating an amazing collection of quality basic clothing in affordable range! Also, they are made in Nepal 🇳🇵 Head over to their store at Swayambhu to discover more!! #seednepal #basicclothing #basicclothes #winterclothing #affordableclothing #affordableclothinginnepal #clothinginnepal #fashion #style #qualityclothing #explorepage #nepal #fyp #foryoupage #goviral #fypシ゚",True,English
TikTok,Sari set available for dashain#nepaliclothing #dashinclothing #reasonableprice #sariset @Su Nee Ta @Sam c b (Shyam budhathoki) @Riaan & Rayana ,297,16,89,23300,2025-09-12 20:13:39+00:00,Sari set available for dashain#nepaliclothing #dashinclothing #reasonableprice #sariset Nee Ta c b (Shyam budhathoki) & Rayana,True,English
TikTok,Kurthasale#kurthahugesale #kurthasale #usanepaliclothing #reasonableprice #austintx @Su Nee Ta @Sam c b (Shyam budhathoki) ,239,22,72,15000,2026-01-03 20:16:17+00:00,Kurthasale#kurthahugesale #kurthasale #usanepaliclothing #reasonableprice #austintx Nee Ta c b (Shyam budhathoki),True,English
TikTok,"🌸 Nepali Traditional Outfit 🌸
Classic style, perfect fit & premium quality
Wearing size 32 | Fits 4’11”–5’4”
Order now: sisterscollectionbyrebi.com
📞 314-498-2583 

#NepaliTraditionalWear
#EthnicFashion
#CulturalOutfit
#TraditionalStyle
#BoutiqueClothing",13000,84,1683,262600,2026-01-13 08:21:54+00:00,"🌸 Nepali Traditional Outfit 🌸 Classic style, perfect fit & premium quality Wearing size 32 | Fits 4’11”–5’4” Order now: sisterscollectionbyrebi.com 📞 314-498-2583 #NepaliTraditionalWear #EthnicFashion #CulturalOutfit #TraditionalStyle #BoutiqueClothing",True,English
TikTok,"🚨 GRAND SALE ALERT 🚨

These are just $10 at Sumika Collection! 🤯

✨ Trendy styles
✨ Limited-time deals
✨ First come, first served

Don’t miss out on the $10 grand sale — come grab your favorites before they’re gone! 🛍️

#GrandSale #desitiktok #SumikaCollection #kurtasale  #AffordableFashion @bhoomi ",1572,142,1195,123200,2026-03-11 18:09:08+00:00,"🚨 GRAND SALE ALERT 🚨 These are just $10 at Sumika Collection! 🤯 ✨ Trendy styles ✨ Limited-time deals ✨ First come, first served Don’t miss out on the $10 grand sale — come grab your favorites before they’re gone! 🛍️ #GrandSale #desitiktok #SumikaCollection #kurtasale #AffordableFashion",True,English
TikTok,"This gorgeous Silk Saree with blouse✨ size 34-42 
@Maichyang #partywearsaree #silksaree #teejsaree #nepali #nepalitiktok #fyp #foryoupage  ",16600,261,3828,784800,2025-07-31 19:51:56+00:00,This gorgeous Silk Saree with blouse✨ size 34-42 #partywearsaree #silksaree #teejsaree #nepali #nepalitiktok #fyp #foryoupage,True,English
TikTok,So inlove with this dress 💗#fyp #fy #filipina #gurungdress #nepali ,9971,19,87,61100,2026-03-28 21:42:52+00:00,So inlove with this dress 💗#fyp #fy #filipina #gurungdress #nepali,True,English
TikTok,@designs_by_manju ♥️ #dresswithreshma #browngirl #traditional #nepaliwedding #plussizefashion ,689,23,18,16500,2026-04-22 10:52:17+00:00,♥️ #dresswithreshma #browngirl #traditional #nepaliwedding #plussizefashion,True,English
TikTok,"My prom dress transition🥹 #nepali #lehenga #prom #promdress #classof2024 
#nepalitiktok ",4634,17,242,97800,2024-06-05 15:46:24+00:00,My prom dress transition🥹 #nepali #lehenga #prom #promdress #classof2024 #nepalitiktok,True,English
TikTok,"When wearing becomes owning and reflecting ✨️ 
Nepali dhaka corset lehenga 🇳🇵 
#graduation #traditionalley #fyp ",48300,334,2104,733400,2025-07-20 14:33:13+00:00,When wearing becomes owning and reflecting ✨️ Nepali dhaka corset lehenga 🇳🇵 #graduation #traditionalley #fyp,True,English
TikTok,"Surrounded by rich cultures, United by hearts. We are Nepali ✨️
Nhu Daya Bhintuna 1145.
@Renushrestha Showing you Newari fusion outfits. #traditionalalley #style #nepali #newaridress #tihar2024 ",66400,688,1719,1900000,2024-10-29 05:32:41+00:00,"Surrounded by rich cultures, United by hearts. We are Nepali ✨️ Nhu Daya Bhintuna 1145. Showing you Newari fusion outfits. #traditionalalley #style #nepali #newaridress #tihar2024",True,English
TikTok,"Our most loved Anarkali set ❤️  Visit mainaa_aa in instagram to get more designs ❤️

#CapCut 
#Anarkali #nepalidress #nepali ",9774,57,1620,356400,2025-11-25 00:34:23+00:00,Our most loved Anarkali set ❤️ Visit mainaa_aa in instagram to get more designs ❤️ #CapCut #Anarkali #nepalidress #nepali,True,English
TikTok,"GRWM limbu dress edition 
with @Libju collection Imadol ✨🌿 #limbuculture #culture #culturaldress #kirati #fyp #nepaliculture ",2389,25,347,121700,2025-08-23 06:06:07+00:00,GRWM limbu dress edition with collection Imadol ✨🌿 #limbuculture #culture #culturaldress #kirati #fyp #nepaliculture,True,English
TikTok,Magar dress😛#magar#nepali#fyp#transition#tradition ,6124,52,486,208600,2026-01-04 21:02:59+00:00,Magar dress😛#magar#nepali#fyp#transition#tradition,True,English
TikTok,"Wearing size 32 🌸

Available in full set 

Dm to order 🍃 
.
.
.
.
#raidress #traditional #nepali #nepalitiktok #fyp ",6243,15,475,131300,2025-12-01 00:04:25+00:00,Wearing size 32 🌸 Available in full set Dm to order 🍃 . . . . #raidress #traditional #nepali #nepalitiktok #fyp,True,English
TikTok,Skyblue handwork lehenga Available size 30/32 #mariyafashionboutique #foryoupage #shippingavailable #lehenga #nepaliwear @Malaika gurung ,1454,18,193,44800,2025-10-12 22:42:39+00:00,Skyblue handwork lehenga Available size 30/32 #mariyafashionboutique #foryoupage #shippingavailable #lehenga #nepaliwear gurung,True,English
TikTok,Maxi is comfort #maxidress #nepali @अजिता तुलाचन @Deep Anshu Ishani 🧿 @Ellie’s mom @rekhabhattachan @Priya G'nu #fyp ,786,19,27,21100,2026-02-15 00:51:28+00:00,Maxi is comfort #maxidress #nepali िता तुलाचन Anshu Ishani 🧿 ’s mom G'nu #fyp,True,Nepali
TikTok,"As someone who has struggled with obesity and health issues for years, I strongly condemn any celebrity who promotes unhealthy products. And hearing that come from a mum truly disheartens me.

As a mother, I genuinely wish for every child to grow up understanding the importance of a balanced diet and healthy living. I refuse to support or follow any celebrity—national or international—who chooses profit over people’s well-being.

We are educated and aware now. It’s time they realise the power we hold—and start putting ethics before money. #priyankakarki #nepal #ethics #nepalitiktok #celebrity ",2725,230,217,295900,2025-10-16 23:09:41+00:00,"As someone who has struggled with obesity and health issues for years, I strongly condemn any celebrity who promotes unhealthy products. And hearing that come from a mum truly disheartens me. As a mother, I genuinely wish for every child to grow up understanding the importance of a balanced diet and healthy living. I refuse to support or follow any celebrity—national or international—who chooses profit over people’s well-being. We are educated and aware now. It’s time they realise the power we hold—and start putting ethics before money. #priyankakarki #nepal #ethics #nepalitiktok #celebrity",True,English
TikTok,#corruptgovernment #ethics #accountability #nepal #nepalitiktok ,22,3,0,386,2025-09-19 00:13:22+00:00,#corruptgovernment #ethics #accountability #nepal #nepalitiktok,True,English
TikTok,"Quality:10/10
size:Available in different sizesstylinginspo#ethnicfinds#ethniccollection#summercollection#ethicalfashion#fashion#style#wworkwearstyleguide #fashion#style#nepal#explorepage✨ #instafinds #kathmandu#fyppppppppppppppppppppppp ",1168,65,209,60700,2024-03-14 07:54:13+00:00,Quality:10/10 size:Available in different sizesstylinginspo#ethnicfinds#ethniccollection#summercollection#ethicalfashion#fashion#style#wworkwearstyleguide #fashion#style#nepal#explorepage✨ #instafinds #kathmandu#fyppppppppppppppppppppppp,True,English
TikTok,What do you guys think 💭 #fyp #nepal #ethnicty #racism #eastasian ,58,4,1,988,2026-04-21 17:00:00+00:00,What do you guys think 💭 #fyp #nepal #ethnicty #racism #eastasian,True,English
TikTok,"Women owned and crafted, ethically sourced, slow fashion from artisans in Nepal ❤️ @KarmaNepalCrafts  I love every piece I’ve ever gotten from them
#boho #karmanepalcrafts #whimsical ",116,3,8,4788,2026-04-23 23:05:55+00:00,"Women owned and crafted, ethically sourced, slow fashion from artisans in Nepal ❤️ I love every piece I’ve ever gotten from them #boho #karmanepalcrafts #whimsical",True,English
TikTok,"📍Sasa Twa, Kirtipur

This is not just a restaurant but a full blown cultural experience ❤️ An incredible peak into Newari traditions, one of the biggest ethic group in Nepal 🇳🇵
@Sasa Twa - सस: त्वा: 
#kathmandu #newarirestaurant #nepalifood #nepaliculture ",792,6,624,45100,2025-11-28 13:44:28+00:00,"📍Sasa Twa, Kirtipur This is not just a restaurant but a full blown cultural experience ❤️ An incredible peak into Newari traditions, one of the biggest ethic group in Nepal 🇳🇵 Twa - सस: त्वा: #kathmandu #newarirestaurant #nepalifood #nepaliculture",True,Nepali
TikTok,"Love an ethical and sustainable brand. It’s clothing you can feel good in and feel good about 🥰🤍✨

@KarmaNepalCrafts #karmanepalcrafts #cottonclothing #sustainablefashion #ethicalfashion ",51,4,2,2001,2026-03-31 01:55:07+00:00,Love an ethical and sustainable brand. It’s clothing you can feel good in and feel good about 🥰🤍✨ #karmanepalcrafts #cottonclothing #sustainablefashion #ethicalfashion,True,English
TikTok,तामाङ्ग हरुको घयेटो मा घाम कहिले लगने होला नी 🙏🙏#nepal #nepalimuser #nativenepal #mulbasi #thainepaligirl #barmanepali #satyatitohuncha #sindhpalcokmuser #tamangtiktokofficial ,25500,1199,1380,278200,2023-08-08 16:12:21+00:00,तामाङ्ग हरुको घयेटो मा घाम कहिले लगने होला नी 🙏🙏#nepal #nepalimuser #nativenepal #mulbasi #thainepaligirl #barmanepali #satyatitohuncha #sindhpalcokmuser #tamangtiktokofficial,True,Nepali
TikTok,"She is very good at makeup but that doesn’t qualify for her to be a good person.
Talking shit about a customer infront of students only showed her character and make me despise her business ethics. 
#nepalitiktok #tiktoknepal #nepali #nepalimakeupartist #makeup ",12200,269,797,619100,2025-09-25 06:38:43+00:00,She is very good at makeup but that doesn’t qualify for her to be a good person. Talking shit about a customer infront of students only showed her character and make me despise her business ethics. #nepalitiktok #tiktoknepal #nepali #nepalimakeupartist #makeup,True,English
TikTok,"Living a little dresm.
.
.
.
.
.
.
.
.
#ethicalfashion #slowfashiontiktok #followmyjourney❤️ #fypfashion #viraltiktok ",13,1,1,284,2024-06-06 02:52:02+00:00,Living a little dresm. . . . . . . . . #ethicalfashion #slowfashiontiktok #followmyjourney❤️ #fypfashion #viraltiktok,True,English
TikTok,"Simplicity is the ultimate sophistication.✨Loving the subtle pink details on this classic white.🤍”#cordset#ethicwear✨ #foryoupage #laabhanepal #civilmallsecondfloor ,shop no 214,sundhara ",31,2,0,416,2026-04-26 09:36:33+00:00,"Simplicity is the ultimate sophistication.✨Loving the subtle pink details on this classic white.🤍”#cordset#ethicwear✨ #foryoupage #laabhanepal #civilmallsecondfloor ,shop no 214,sundhara",True,English
TikTok,"Malina boutique kramu❤️
🔖DM TO ORDER💌
Instagram:: @aasha.ethnics

#aashaethnics #ethicalfashion
#pokharanepal #boutique #wholesale",392,1,49,8872,2026-02-12 11:43:24+00:00,Malina boutique kramu❤️ 🔖DM TO ORDER💌 Instagram:: .ethnics #aashaethnics #ethicalfashion #pokharanepal #boutique #wholesale,True,English
TikTok,"Simple boutique Dhaka choli❤️
DM TO ORDER💌
🔖Instagram:: @aasha.ethnics 

#aashaethnics #ethicalfashion
#pokharanepal #boutique #wholesale",61,4,8,2999,2026-01-20 11:42:31+00:00,Simple boutique Dhaka choli❤️ DM TO ORDER💌 🔖Instagram:: .ethnics #aashaethnics #ethicalfashion #pokharanepal #boutique #wholesale,True,English
TikTok,Inside Story #nepalimuser #nepalitiktok #HiddenFactsInNepal #tamang #tamangtiktokofficial #tamangsong #tamangselo #sindhupalchok_muser #Sindhupalchok ,311,23,69,3068,2024-05-20 01:49:44+00:00,Inside Story #nepalimuser #nepalitiktok #HiddenFactsInNepal #tamang #tamangtiktokofficial #tamangsong #tamangselo #sindhupalchok_muser #Sindhupalchok,True,English
TikTok,@KarmaNepalCrafts I’m about to order everything you sell #haul #hauls #clothinghaul #ethicalfashion #slowfashion #rhiandiaries #earthyblackgirl ,1821,10,16,17400,2024-09-05 21:32:05+00:00,I’m about to order everything you sell #haul #hauls #clothinghaul #ethicalfashion #slowfashion #rhiandiaries #earthyblackgirl,True,English
TikTok,"""🌿✨ Embrace the free spirit in you with our 100% cotton hippie patchwork trousers! Perfect for festival vibes, beach days, or just lounging in boho style. Ethically made and sustainably sourced from Nepal. 🌏🧡 #HippieStyle #BohoFashion #PatchworkTrousers #SustainableFashion #EthicalClothing #CottonTrousers #FestivalOutfit #NepalCrafts #BohoChic #EcoFriendlyFashion #HandmadeWithLove #BohoChi #hippielifestyle #KathmanduVibes #hippielifestyle #hippietok🧝🏽‍♀️🌑🌿🌄 #hippiestyle #hippie #90s #80s #70s ",669,28,205,69300,2024-07-30 11:21:49+00:00,"""🌿✨ Embrace the free spirit in you with our 100% cotton hippie patchwork trousers! Perfect for festival vibes, beach days, or just lounging in boho style. Ethically made and sustainably sourced from Nepal. 🌏🧡 #HippieStyle #BohoFashion #PatchworkTrousers #SustainableFashion #EthicalClothing #CottonTrousers #FestivalOutfit #NepalCrafts #BohoChic #EcoFriendlyFashion #HandmadeWithLove #BohoChi #hippielifestyle #KathmanduVibes #hippielifestyle #hippietok🧝🏽‍♀️🌑🌿🌄 #hippiestyle #hippie #90s #80s #70s",True,English
TikTok,"IT Industry in Nepal & Swarnim Wagle’s Vision for Digital Growth
#NepalIT #ITNepal #TechNepal #NepalStartup #NepalDevelopment #NepalTech",21200,133,1428,394200,2026-04-05 13:19:03+00:00,IT Industry in Nepal & Swarnim Wagle’s Vision for Digital Growth #NepalIT #ITNepal #TechNepal #NepalStartup #NepalDevelopment #NepalTech,True,English
