platform,phase,text,likes,comments,shares,views,date,text_clean,text_lower,is_fashion,language,fashion_category,engagement_score
Instagram,Phase2,"#Nepalioutfitcheck #Nepal ko chori ……….#sabay bhai boini lay namaskar gorda chuu …. #aasa cha tapae Haru ramro hunu huncho ………. 
#likecomentshereandfollow_____________________________❤️✨🧿👀 
#nepali_instagrammers #nepalisong❤️ #myfavoritesong",252,47,0,0,2025-09-16 08:12:46+00:00,#Nepalioutfitcheck #Nepal ko chori ……….#sabay bhai boini lay namaskar gorda chuu …. #aasa cha tapae Haru ramro hunu huncho ………. #likecomentshereandfollow_____________________________❤️✨🧿👀 #nepali_instagrammers #nepalisong❤️ #myfavoritesong,#nepalioutfitcheck #nepal ko chori ……….#sabay bhai boini lay namaskar gorda chuu …. #aasa cha tapae haru ramro hunu huncho ………. #likecomentshereandfollow_____________________________❤️✨🧿👀 #nepali_instagrammers #nepalisong❤️ #myfavoritesong,True,English,General Fashion,0.02418
Instagram,Phase2,"✨ 𝐄𝐥𝐞𝐠𝐚𝐧𝐜𝐞 𝐫𝐨𝐨𝐭𝐞𝐝 𝐢𝐧 𝐜𝐮𝐥𝐭𝐮𝐫𝐞.
Confidence woven in cotton.
Step into the timeless beauty of the 𝐆𝐮𝐫𝐮𝐧𝐠 𝐏𝐡𝐚𝐫𝐢𝐚/𝐋𝐮𝐧𝐠𝐢 𝐖𝐫𝐚𝐩 𝐒𝐤𝐢𝐫𝐭 — a classic worn proudly by Nepali Gurung women.
Soft, breathable, and beautifully patterned, this wrap skirt brings heritage into everyday style. 💚

𝐄𝐱𝐩𝐥𝐨𝐫𝐞 𝐭𝐡𝐞 𝐟𝐮𝐥𝐥 𝐥𝐨𝐨𝐤 & 𝐬𝐡𝐨𝐩 𝐧𝐨𝐰 𝐚𝐭 𝐛𝐡𝐮𝐭𝐢𝐛.𝐜𝐨𝐦— because your wardrobe deserves a touch of tradition. 🌿✨
👇
Tap the link in bio to order today!

#GurungPharia #LungiWrapSkirt #NepaliDress #Bhutib #EthnicWearNepal #NepaliFashion #TraditionalWear #CottonWrapSkirt #NepaliWomenStyle #EthnicSkirt #CulturalFashion #NepaliCulture #HandmadeFashion #NepalClothing #WomenWrapSkirt #HeritageFashion #EthnicOutfit #CulturalStyle #BohoSkirt #BohoFashion #SustainableFashionNepal #HandwovenLove #ShopNow #NewArrival #FashionForWomen",0,0,0,0,2025-11-21 18:28:17+00:00,"✨ 𝐄𝐥𝐞𝐠𝐚𝐧𝐜𝐞 𝐫𝐨𝐨𝐭𝐞𝐝 𝐢𝐧 𝐜𝐮𝐥𝐭𝐮𝐫𝐞. Confidence woven in cotton. Step into the timeless beauty of the 𝐆𝐮𝐫𝐮𝐧𝐠 𝐏𝐡𝐚𝐫𝐢𝐚/𝐋𝐮𝐧𝐠𝐢 𝐖𝐫𝐚𝐩 𝐒𝐤𝐢𝐫𝐭 — a classic worn proudly by Nepali Gurung women. Soft, breathable, and beautifully patterned, this wrap skirt brings heritage into everyday style. 💚 𝐄𝐱𝐩𝐥𝐨𝐫𝐞 𝐭𝐡𝐞 𝐟𝐮𝐥𝐥 𝐥𝐨𝐨𝐤 & 𝐬𝐡𝐨𝐩 𝐧𝐨𝐰 𝐚𝐭 𝐛𝐡𝐮𝐭𝐢𝐛.𝐜𝐨𝐦— because your wardrobe deserves a touch of tradition. 🌿✨ 👇 Tap the link in bio to order today! #GurungPharia #LungiWrapSkirt #NepaliDress #Bhutib #EthnicWearNepal #NepaliFashion #TraditionalWear #CottonWrapSkirt #NepaliWomenStyle #EthnicSkirt #CulturalFashion #NepaliCulture #HandmadeFashion #NepalClothing #WomenWrapSkirt #HeritageFashion #EthnicOutfit #CulturalStyle #BohoSkirt #BohoFashion #SustainableFashionNepal #HandwovenLove #ShopNow #NewArrival #FashionForWomen","✨ 𝐄𝐥𝐞𝐠𝐚𝐧𝐜𝐞 𝐫𝐨𝐨𝐭𝐞𝐝 𝐢𝐧 𝐜𝐮𝐥𝐭𝐮𝐫𝐞. confidence woven in cotton. step into the timeless beauty of the 𝐆𝐮𝐫𝐮𝐧𝐠 𝐏𝐡𝐚𝐫𝐢𝐚/𝐋𝐮𝐧𝐠𝐢 𝐖𝐫𝐚𝐩 𝐒𝐤𝐢𝐫𝐭 — a classic worn proudly by nepali gurung women. soft, breathable, and beautifully patterned, this wrap skirt brings heritage into everyday style. 💚 𝐄𝐱𝐩𝐥𝐨𝐫𝐞 𝐭𝐡𝐞 𝐟𝐮𝐥𝐥 𝐥𝐨𝐨𝐤 & 𝐬𝐡𝐨𝐩 𝐧𝐨𝐰 𝐚𝐭 𝐛𝐡𝐮𝐭𝐢𝐛.𝐜𝐨𝐦— because your wardrobe deserves a touch of tradition. 🌿✨ 👇 tap the link in bio to order today! #gurungpharia #lungiwrapskirt #nepalidress #bhutib #ethnicwearnepal #nepalifashion #traditionalwear #cottonwrapskirt #nepaliwomenstyle #ethnicskirt #culturalfashion #nepaliculture #handmadefashion #nepalclothing #womenwrapskirt #heritagefashion #ethnicoutfit #culturalstyle #bohoskirt #bohofashion #sustainablefashionnepal #handwovenlove #shopnow #newarrival #fashionforwomen",True,English,Traditional/Ethnic,0.0
Instagram,Phase2,"Minimal looks, maximum ease.
📍 Location - Durbarmarg, kathmandu
🚚 Delivery all over Nepal available!

#WeekendVibes #NepaliFashion #NepalOOTD #ComfyAndChic #BalenoStyle #EffortlessStyle #NepaliWomenStyle #NepaliOOTD #WeekendVibes #ComfyAndChic #NepalStyle #BalenoStyle #EffortlessLook #NepaliWomenStyle #WeekendStyle #NepaliFashion #NepalOOTD #CasualChic",0,0,0,0,2025-11-13 08:01:28+00:00,"Minimal looks, maximum ease. 📍 Location - Durbarmarg, kathmandu 🚚 Delivery all over Nepal available! #WeekendVibes #NepaliFashion #NepalOOTD #ComfyAndChic #BalenoStyle #EffortlessStyle #NepaliWomenStyle #NepaliOOTD #WeekendVibes #ComfyAndChic #NepalStyle #BalenoStyle #EffortlessLook #NepaliWomenStyle #WeekendStyle #NepaliFashion #NepalOOTD #CasualChic","minimal looks, maximum ease. 📍 location - durbarmarg, kathmandu 🚚 delivery all over nepal available! #weekendvibes #nepalifashion #nepalootd #comfyandchic #balenostyle #effortlessstyle #nepaliwomenstyle #nepaliootd #weekendvibes #comfyandchic #nepalstyle #balenostyle #effortlesslook #nepaliwomenstyle #weekendstyle #nepalifashion #nepalootd #casualchic",True,English,Western/Casual,0.0
Instagram,Phase2,"Because beauty always starts from within. ✨
#TheEthnicStop #EverydayElegance #NepaliWomenStyle",3,0,0,0,2025-11-06 19:12:50+00:00,Because beauty always starts from within. ✨ #TheEthnicStop #EverydayElegance #NepaliWomenStyle,because beauty always starts from within. ✨ #theethnicstop #everydayelegance #nepaliwomenstyle,True,English,Traditional/Ethnic,0.00011999999999999999
Instagram,Phase2,"Minimal looks, maximum ease.

#WeekendVibes #NepaliFashion #NepalOOTD #ComfyAndChic #BalenoStyle #EffortlessStyle #NepaliWomenStyle #NepaliOOTD #WeekendVibes #ComfyAndChic #NepalStyle #BalenoStyle #EffortlessLook #NepaliWomenStyle #WeekendStyle #NepaliFashion #NepalOOTD #CasualChic #BalenoStyle #NepaliWomenStyle #EffortlessStyle",2,1,0,0,2025-09-12 15:04:24+00:00,"Minimal looks, maximum ease. #WeekendVibes #NepaliFashion #NepalOOTD #ComfyAndChic #BalenoStyle #EffortlessStyle #NepaliWomenStyle #NepaliOOTD #WeekendVibes #ComfyAndChic #NepalStyle #BalenoStyle #EffortlessLook #NepaliWomenStyle #WeekendStyle #NepaliFashion #NepalOOTD #CasualChic #BalenoStyle #NepaliWomenStyle #EffortlessStyle","minimal looks, maximum ease. #weekendvibes #nepalifashion #nepalootd #comfyandchic #balenostyle #effortlessstyle #nepaliwomenstyle #nepaliootd #weekendvibes #comfyandchic #nepalstyle #balenostyle #effortlesslook #nepaliwomenstyle #weekendstyle #nepalifashion #nepalootd #casualchic #balenostyle #nepaliwomenstyle #effortlessstyle",True,English,Western/Casual,0.00037999999999999997
Instagram,Phase2,"Weekends are for cozy fits and zero plans 
Your favorites, now at 20%–70% off. Grab them before they’re gone!

#NepaliOOTD #WeekendVibes #ComfyAndChic #NepalStyle #BalenoStyle #EffortlessLook #NepaliWomenStyle #WeekendStyle #NepaliFashion #NepalOOTD #EverydayEssentials #NepaliWomenStyle #CasualChic #StyleNepal #NepalStyle #EffortlessLook #BalenoStyle",7,2,0,0,2025-09-02 12:15:07+00:00,"Weekends are for cozy fits and zero plans Your favorites, now at 20%–70% off. Grab them before they’re gone! #NepaliOOTD #WeekendVibes #ComfyAndChic #NepalStyle #BalenoStyle #EffortlessLook #NepaliWomenStyle #WeekendStyle #NepaliFashion #NepalOOTD #EverydayEssentials #NepaliWomenStyle #CasualChic #StyleNepal #NepalStyle #EffortlessLook #BalenoStyle","weekends are for cozy fits and zero plans your favorites, now at 20%–70% off. grab them before they’re gone! #nepaliootd #weekendvibes #comfyandchic #nepalstyle #balenostyle #effortlesslook #nepaliwomenstyle #weekendstyle #nepalifashion #nepalootd #everydayessentials #nepaliwomenstyle #casualchic #stylenepal #nepalstyle #effortlesslook #balenostyle",True,English,Western/Casual,0.0008799999999999999
Instagram,Phase2,"🌸 Teej Special Offer at Emara! 🌸
This Teej, shine brighter with Emara’s exclusive women’s wear collection.
✔️ Premium Quality
✔️ Trendy & Elegant Designs
✔️ 10–15% OFF on all items
📅 Hurry! Offer valid till 28th August
📍 Emara Clothing – Kathmandu
📩 DM us to order online

.

.

.

.

.

.

#instagram #instagood #insta #instareel #réel #explore #explorepage *+ #explorer #reelinstagram
#happy #sadmoments #ReelStar #ExploreMore #ReelsTrend #ViralVideo #TrendingToday #SocialBuzz #InstaMagic #BoomReels
#EmaraClothing #TeejOffer #KathmanduFashion #NepaliWomenStyle #Teej2025 #TeejCollection #NepalFashion #EmaraStyle #KathmanduClothing #NepaliWomen #teejoutfit",22,0,0,0,2025-08-24 13:00:57+00:00,"🌸 Teej Special Offer at Emara! 🌸 This Teej, shine brighter with Emara’s exclusive women’s wear collection. ✔️ Premium Quality ✔️ Trendy & Elegant Designs ✔️ 10–15% OFF on all items 📅 Hurry! Offer valid till 28th August 📍 Emara Clothing – Kathmandu 📩 DM us to order online . . . . . . #instagram #instagood #insta #instareel #réel #explore #explorepage *+ #explorer #reelinstagram #happy #sadmoments #ReelStar #ExploreMore #ReelsTrend #ViralVideo #TrendingToday #SocialBuzz #InstaMagic #BoomReels #EmaraClothing #TeejOffer #KathmanduFashion #NepaliWomenStyle #Teej2025 #TeejCollection #NepalFashion #EmaraStyle #KathmanduClothing #NepaliWomen #teejoutfit","🌸 teej special offer at emara! 🌸 this teej, shine brighter with emara’s exclusive women’s wear collection. ✔️ premium quality ✔️ trendy & elegant designs ✔️ 10–15% off on all items 📅 hurry! offer valid till 28th august 📍 emara clothing – kathmandu 📩 dm us to order online . . . . . . #instagram #instagood #insta #instareel #réel #explore #explorepage *+ #explorer #reelinstagram #happy #sadmoments #reelstar #exploremore #reelstrend #viralvideo #trendingtoday #socialbuzz #instamagic #boomreels #emaraclothing #teejoffer #kathmandufashion #nepaliwomenstyle #teej2025 #teejcollection #nepalfashion #emarastyle #kathmanduclothing #nepaliwomen #teejoutfit",True,English,Traditional/Ethnic,0.0008800000000000001
Instagram,Phase2,"💃 यस तीजलाई अझै रंगीन बनाउनका लागि ल्याएका छौं Special Kurtha Suruwal Collection — आधुनिक डिजाइन र प्रिमियम क्वालिटीसहित।
📍 स्थान: मणिग्राम ४ नं.
📦 सम्पूर्ण नेपालभर डेलिभरी उपलब्ध 🚚

📱 अर्डर गर्न:
WhatsApp: 9708023999 / 9766711025
TikTok: didi.baini.thread
Instagram: @didibainithreads

✨ तीजमा सौन्दर्य, स्टाइल र आत्मविश्वासको पहिचान — यही हो Didi Baini Threads ✨ #DidiBainiThreads #TeejSpecial #KurthaSuruwal #NepaliFashion #SisterhoodInStyle #Teej2025 #TeejOutfit #NepaliKurtha #NepaliSuruwal #NepaliEthnicWear #PremiumQualityDress #StyleWithLove #DidiBainiStyle #NepalDelivery #AllOverNepal #FestiveVibes #TeejReady #TeejDressCollection #ManigramFashion #NepaliCulture #FashionOfNepal #NepaliWomenStyle #EthnicVibes #TeejLook #KurthaLove #NepalKurthaSuruwal #TeejCelebration #MadeInNepal #TeejMood #FestiveStyleNepal",9,0,0,0,2025-08-15 02:36:54+00:00,"💃 यस तीजलाई अझै रंगीन बनाउनका लागि ल्याएका छौं Special Kurtha Suruwal Collection — आधुनिक डिजाइन र प्रिमियम क्वालिटीसहित। 📍 स्थान: मणिग्राम ४ नं. 📦 सम्पूर्ण नेपालभर डेलिभरी उपलब्ध 🚚 📱 अर्डर गर्न: WhatsApp: 9708023999 / 9766711025 TikTok: didi.baini.thread Instagram: ✨ तीजमा सौन्दर्य, स्टाइल र आत्मविश्वासको पहिचान — यही हो Didi Baini Threads ✨ #DidiBainiThreads #TeejSpecial #KurthaSuruwal #NepaliFashion #SisterhoodInStyle #Teej2025 #TeejOutfit #NepaliKurtha #NepaliSuruwal #NepaliEthnicWear #PremiumQualityDress #StyleWithLove #DidiBainiStyle #NepalDelivery #AllOverNepal #FestiveVibes #TeejReady #TeejDressCollection #ManigramFashion #NepaliCulture #FashionOfNepal #NepaliWomenStyle #EthnicVibes #TeejLook #KurthaLove #NepalKurthaSuruwal #TeejCelebration #MadeInNepal #TeejMood #FestiveStyleNepal","💃 यस तीजलाई अझै रंगीन बनाउनका लागि ल्याएका छौं special kurtha suruwal collection — आधुनिक डिजाइन र प्रिमियम क्वालिटीसहित। 📍 स्थान: मणिग्राम ४ नं. 📦 सम्पूर्ण नेपालभर डेलिभरी उपलब्ध 🚚 📱 अर्डर गर्न: whatsapp: 9708023999 / 9766711025 tiktok: didi.baini.thread instagram: ✨ तीजमा सौन्दर्य, स्टाइल र आत्मविश्वासको पहिचान — यही हो didi baini threads ✨ #didibainithreads #teejspecial #kurthasuruwal #nepalifashion #sisterhoodinstyle #teej2025 #teejoutfit #nepalikurtha #nepalisuruwal #nepaliethnicwear #premiumqualitydress #stylewithlove #didibainistyle #nepaldelivery #allovernepal #festivevibes #teejready #teejdresscollection #manigramfashion #nepaliculture #fashionofnepal #nepaliwomenstyle #ethnicvibes #teejlook #kurthalove #nepalkurthasuruwal #teejcelebration #madeinnepal #teejmood #festivestylenepal",True,Nepali,Traditional/Ethnic,0.00036
Instagram,Phase2,"Tradition, elegance & a little bit of magic. ✨
#shotbykrishna #wedding #nepalibride #kathmanduphotography #photographers",1,0,0,0,2026-06-02 08:52:56+00:00,"Tradition, elegance & a little bit of magic. ✨ #shotbykrishna #wedding #nepalibride #kathmanduphotography #photographers","tradition, elegance & a little bit of magic. ✨ #shotbykrishna #wedding #nepalibride #kathmanduphotography #photographers",True,English,Traditional/Ethnic,4e-05
Instagram,Phase2,"Bananas, coconuts, and love—here’s to the quirkiest, sweetest duo: Prajwal & Samichya. ❤️💕

Couple: @samichya_ @_prajwal_patil Wedding planning & decor: @bowtiehospitality 
Photographer: @sdsstudio 
MUA: @reemaroymakeupstudiomysore 

We take care of all your wedding dreams. To know more, call us at +91 8851452748 / 9606133331

[mysore weddings, Mysore destination wedding, Mysore wedding venue, Nepali bride, Nepali weddings, Nepali brides]

#nepalibride #mysorewedding #mysoredestinationwedding #nepalibrides #destinationweddingideas",-1,1,0,0,2026-06-02 07:56:31+00:00,"Bananas, coconuts, and love—here’s to the quirkiest, sweetest duo: Prajwal & Samichya. ❤️💕 Couple: Wedding planning & decor: Photographer: MUA: We take care of all your wedding dreams. To know more, call us at +91 8851452748 / 9606133331 [mysore weddings, Mysore destination wedding, Mysore wedding venue, Nepali bride, Nepali weddings, Nepali brides] #nepalibride #mysorewedding #mysoredestinationwedding #nepalibrides #destinationweddingideas","bananas, coconuts, and love—here’s to the quirkiest, sweetest duo: prajwal & samichya. ❤️💕 couple: wedding planning & decor: photographer: mua: we take care of all your wedding dreams. to know more, call us at +91 8851452748 / 9606133331 [mysore weddings, mysore destination wedding, mysore wedding venue, nepali bride, nepali weddings, nepali brides] #nepalibride #mysorewedding #mysoredestinationwedding #nepalibrides #destinationweddingideas",True,English,Traditional/Ethnic,0.00026
Instagram,Phase2,"The closest I’ve ever felt to being a queen 👸 
#nepalibride #nepaliroyalbride #royalbridallook♥️ #nepaliwedding #weddingsaree",14,2,0,0,2026-06-02 07:14:52+00:00,The closest I’ve ever felt to being a queen 👸 #nepalibride #nepaliroyalbride #royalbridallook♥️ #nepaliwedding #weddingsaree,the closest i’ve ever felt to being a queen 👸 #nepalibride #nepaliroyalbride #royalbridallook♥️ #nepaliwedding #weddingsaree,True,English,Traditional/Ethnic,0.00116
Instagram,Phase2,"The day I dolled up in red, wrapped in tradition, and became his wife ❤️❤️.
#nepaliwedding #nepalibride #bridalsaree #nepalibridalsaree #royalbridallook♥️",15,0,0,0,2026-06-02 07:08:54+00:00,"The day I dolled up in red, wrapped in tradition, and became his wife ❤️❤️. #nepaliwedding #nepalibride #bridalsaree #nepalibridalsaree #royalbridallook♥️","the day i dolled up in red, wrapped in tradition, and became his wife ❤️❤️. #nepaliwedding #nepalibride #bridalsaree #nepalibridalsaree #royalbridallook♥️",True,English,Traditional/Ethnic,0.0006000000000000001
Instagram,Phase2,"Timeless lehenga & elegant saree for every bride and festive soul ✨
Worldwide shipping available 🌍
📞 WhatsApp: +9779867481767

#AinaTheBoutique
#LehengaLove
#SareeLove
#BridalWear
#NepaliBride
EthnicWear",4,0,0,0,2026-06-02 06:18:06+00:00,Timeless lehenga & elegant saree for every bride and festive soul ✨ Worldwide shipping available 🌍 📞 WhatsApp: +9779867481767 #AinaTheBoutique #LehengaLove #SareeLove #BridalWear #NepaliBride EthnicWear,timeless lehenga & elegant saree for every bride and festive soul ✨ worldwide shipping available 🌍 📞 whatsapp: +9779867481767 #ainatheboutique #lehengalove #sareelove #bridalwear #nepalibride ethnicwear,True,English,Traditional/Ethnic,0.00016
Instagram,Phase2,"Me As a Nepali Bride🇳🇵
One day i will be your behuli 🙈
Chagtp trend in tiktok 
Create a “candid cinematic portrait of a beautiful Nepali bride sitting gracefully in a traditional indoor wedding setting. She is seated in an elegant side pose, one hand resting softly on her lap while the other hand gently touches her hair near her face, giving a natural feminine expression. She is wearing a luxurious deep red bridal lehenga/saree with heavy golden embroidery, a sparkling red dupatta over her head, layered green tilhari, traditional gold jewelry, bangles, jhumkas, diamond necklace, bold red sindur across the forehead, and detailed mehendi on her hands. Her long soft wavy hair flows naturally over her shoulders. Expression is joyful, confident, and radiant with subtle bridal makeup, glowing skin, bold red lips, and defined eyes. Warm golden sunlight from nearby windows creates an ethereal cinematic glow. Background decorated with soft flowers and warm lights, shallow depth of field, professional photography, ultra realistic, high detail, rich skin texture, 35mm lens, dreamy cinematic lighting, elegant Nepali bridal aesthetic.”
#ɢᴏᴠɪʀᴀʟ #chagpt #tiktoknepal #nepalibride #behuli",14,4,0,0,2026-06-02 06:05:51+00:00,"Me As a Nepali Bride🇳🇵 One day i will be your behuli 🙈 Chagtp trend in tiktok Create a “candid cinematic portrait of a beautiful Nepali bride sitting gracefully in a traditional indoor wedding setting. She is seated in an elegant side pose, one hand resting softly on her lap while the other hand gently touches her hair near her face, giving a natural feminine expression. She is wearing a luxurious deep red bridal lehenga/saree with heavy golden embroidery, a sparkling red dupatta over her head, layered green tilhari, traditional gold jewelry, bangles, jhumkas, diamond necklace, bold red sindur across the forehead, and detailed mehendi on her hands. Her long soft wavy hair flows naturally over her shoulders. Expression is joyful, confident, and radiant with subtle bridal makeup, glowing skin, bold red lips, and defined eyes. Warm golden sunlight from nearby windows creates an ethereal cinematic glow. Background decorated with soft flowers and warm lights, shallow depth of field, professional photography, ultra realistic, high detail, rich skin texture, 35mm lens, dreamy cinematic lighting, elegant Nepali bridal aesthetic.” #ɢᴏᴠɪʀᴀʟ #chagpt #tiktoknepal #nepalibride #behuli","me as a nepali bride🇳🇵 one day i will be your behuli 🙈 chagtp trend in tiktok create a “candid cinematic portrait of a beautiful nepali bride sitting gracefully in a traditional indoor wedding setting. she is seated in an elegant side pose, one hand resting softly on her lap while the other hand gently touches her hair near her face, giving a natural feminine expression. she is wearing a luxurious deep red bridal lehenga/saree with heavy golden embroidery, a sparkling red dupatta over her head, layered green tilhari, traditional gold jewelry, bangles, jhumkas, diamond necklace, bold red sindur across the forehead, and detailed mehendi on her hands. her long soft wavy hair flows naturally over her shoulders. expression is joyful, confident, and radiant with subtle bridal makeup, glowing skin, bold red lips, and defined eyes. warm golden sunlight from nearby windows creates an ethereal cinematic glow. background decorated with soft flowers and warm lights, shallow depth of field, professional photography, ultra realistic, high detail, rich skin texture, 35mm lens, dreamy cinematic lighting, elegant nepali bridal aesthetic.” #ɢᴏᴠɪʀᴀʟ #chagpt #tiktoknepal #nepalibride #behuli",True,English,Traditional/Ethnic,0.0017599999999999998
Instagram,Phase2,"Timeless elegance, traditional beauty, and a radiant bridal glow ✨
Creating bridal looks that make your special day even more memorable.
💄 Makeup by: Pretty Makeup Studio
📍 Chipledhunga, Pokhara
📞 9824121809 
#bridalmakeup #nepalibride #insta #nepalimakeupartist #pokhara",7,0,0,0,2026-06-02 05:11:52+00:00,"Timeless elegance, traditional beauty, and a radiant bridal glow ✨ Creating bridal looks that make your special day even more memorable. 💄 Makeup by: Pretty Makeup Studio 📍 Chipledhunga, Pokhara 📞 9824121809 #bridalmakeup #nepalibride #insta #nepalimakeupartist #pokhara","timeless elegance, traditional beauty, and a radiant bridal glow ✨ creating bridal looks that make your special day even more memorable. 💄 makeup by: pretty makeup studio 📍 chipledhunga, pokhara 📞 9824121809 #bridalmakeup #nepalibride #insta #nepalimakeupartist #pokhara",True,English,Traditional/Ethnic,0.00028000000000000003
Instagram,Phase2,"Reception ready!
Thank you for sharing pictures🙏💕

Bride @bibikabanjara 
📸 & Decor @viva_events_decor 

Sushimusi #ncmakeupartist #raleighmakeupartist #raleighbridalmakeupartist #nepalibride #southasianmakeupartist",-1,3,0,0,2026-06-01 22:44:11+00:00,Reception ready! Thank you for sharing pictures🙏💕 Bride 📸 & Decor Sushimusi #ncmakeupartist #raleighmakeupartist #raleighbridalmakeupartist #nepalibride #southasianmakeupartist,reception ready! thank you for sharing pictures🙏💕 bride 📸 & decor sushimusi #ncmakeupartist #raleighmakeupartist #raleighbridalmakeupartist #nepalibride #southasianmakeupartist,True,English,Traditional/Ethnic,0.00086
Instagram,Phase2,"On her big day ❣️💫

#nepalibride #nepalijewelry #sareelove #weddingphoto #potee",99,4,0,0,2026-06-01 18:02:54+00:00,On her big day ❣️💫 #nepalibride #nepalijewelry #sareelove #weddingphoto #potee,on her big day ❣️💫 #nepalibride #nepalijewelry #sareelove #weddingphoto #potee,True,English,Traditional/Ethnic,0.0051600000000000005
Instagram,Phase2,New prompt unlocked 🔓  #nepalibride,-1,4,0,0,2026-06-01 17:14:02+00:00,New prompt unlocked 🔓 #nepalibride,new prompt unlocked 🔓 #nepalibride,True,English,Traditional/Ethnic,0.0011599999999999998
Instagram,Phase2,"✨ Elegance woven in every detail, tradition reflected in every glance. ❤️👑
A timeless Nepali bridal look celebrating grace, beauty, and culture. 🌹💫#NepaliBride #NepaliBridalLook #BridalMakeup #NepaliWedding #BridalBeauty TraditionalBride MakeupArtist BridalTransformation WeddingLook",56,3,0,0,2026-06-01 15:56:23+00:00,"✨ Elegance woven in every detail, tradition reflected in every glance. ❤️👑 A timeless Nepali bridal look celebrating grace, beauty, and culture. 🌹💫#NepaliBride #NepaliBridalLook #BridalMakeup #NepaliWedding #BridalBeauty TraditionalBride MakeupArtist BridalTransformation WeddingLook","✨ elegance woven in every detail, tradition reflected in every glance. ❤️👑 a timeless nepali bridal look celebrating grace, beauty, and culture. 🌹💫#nepalibride #nepalibridallook #bridalmakeup #nepaliwedding #bridalbeauty traditionalbride makeupartist bridaltransformation weddinglook",True,English,Traditional/Ethnic,0.0031400000000000004
Instagram,Phase2,"WEDDING DAY LOOK 😍😍
📍Satdobato,Sumeru Mart 

#makeup #nepalibride #nepalibridallook #satdobato_lalitpura #makeuplover",20,0,0,0,2026-06-01 15:11:21+00:00,"WEDDING DAY LOOK 😍😍 📍Satdobato,Sumeru Mart #makeup #nepalibride #nepalibridallook #satdobato_lalitpura #makeuplover","wedding day look 😍😍 📍satdobato,sumeru mart #makeup #nepalibride #nepalibridallook #satdobato_lalitpura #makeuplover",True,English,Traditional/Ethnic,0.0008
Instagram,Phase2,"Love laughing with you until my stomach hurts. 🌹❤️🧿🪬

#nepalibride #love #married #couple #happyheart",148,10,0,0,2026-06-01 14:37:24+00:00,Love laughing with you until my stomach hurts. 🌹❤️🧿🪬 #nepalibride #love #married #couple #happyheart,love laughing with you until my stomach hurts. 🌹❤️🧿🪬 #nepalibride #love #married #couple #happyheart,True,English,Traditional/Ethnic,0.00892
Instagram,Phase2,".
Draped in @sonam_subba_limbu @limbusonamsubba 
HMUA: @saabeautystudio 
Assisted by: @makeuplounge_saru 
Accessories: @rukus.collection 
Press ons: @pressiton._ @nailaesthetics._ 
.
.
#fyp #bridal #nepalibride #sonamsubbalimbu #fashionmodel",-1,7,0,0,2026-06-01 13:57:08+00:00,. Draped in HMUA: Assisted by: Accessories: .collection Press ons: ._ ._ . . #fyp #bridal #nepalibride #sonamsubbalimbu #fashionmodel,. draped in hmua: assisted by: accessories: .collection press ons: ._ ._ . . #fyp #bridal #nepalibride #sonamsubbalimbu #fashionmodel,True,English,Traditional/Ethnic,0.0020599999999999998
Instagram,Phase2,"HIGH QUALITY AUSTRALIAN STAR CUT CUBIC ZIRCONIA DIAMOND DESIGN JEWELLERY

All Images are subject to copyright ©️

For more Details Contact us :
WHAT’S UP +977-9849186070
Facebook Page :- palkinepal
TIKTOK :- palkinepal

#australiandiamonds #jewllery #nepalibride #diamond #kathmandu",1,0,0,0,2026-06-01 13:15:09+00:00,HIGH QUALITY AUSTRALIAN STAR CUT CUBIC ZIRCONIA DIAMOND DESIGN JEWELLERY All Images are subject to copyright ©️ For more Details Contact us : WHAT’S UP +977-9849186070 Facebook Page :- palkinepal TIKTOK :- palkinepal #australiandiamonds #jewllery #nepalibride #diamond #kathmandu,high quality australian star cut cubic zirconia diamond design jewellery all images are subject to copyright ©️ for more details contact us : what’s up +977-9849186070 facebook page :- palkinepal tiktok :- palkinepal #australiandiamonds #jewllery #nepalibride #diamond #kathmandu,True,English,Traditional/Ethnic,4e-05
Instagram,Phase2,#reel #bride #nepalibride #sari #explore,81,13,0,0,2026-06-01 13:14:56+00:00,#reel #bride #nepalibride #sari #explore,#reel #bride #nepalibride #sari #explore,True,English,Traditional/Ethnic,0.00714
Instagram,Phase2,"Only shipping within usa!
Please text to order @857 800 1282🙏.
#IndianBoutique #DesiStyle #BoutiqueCollection #IndianOutfits
#BostonBoutique #DesiBoston #IndianClothesUS#IndianBoutique #BostonFashion #IndianOutfits #BostonBoutique #IndianClothesUSA #lehanga #indianoutfit #anarkali #nepalibride #nepalioutfit #bridallehanga #saree",22,0,0,0,2026-06-01 09:11:23+00:00,Only shipping within usa! Please text to order 800 1282🙏. #IndianBoutique #DesiStyle #BoutiqueCollection #IndianOutfits #BostonBoutique #DesiBoston #IndianClothesUS#IndianBoutique #BostonFashion #IndianOutfits #BostonBoutique #IndianClothesUSA #lehanga #indianoutfit #anarkali #nepalibride #nepalioutfit #bridallehanga #saree,only shipping within usa! please text to order 800 1282🙏. #indianboutique #desistyle #boutiquecollection #indianoutfits #bostonboutique #desiboston #indianclothesus#indianboutique #bostonfashion #indianoutfits #bostonboutique #indianclothesusa #lehanga #indianoutfit #anarkali #nepalibride #nepalioutfit #bridallehanga #saree,True,English,Traditional/Ethnic,0.0008800000000000001
Instagram,Phase2,"Two Souls, One Beautiful Journey.. ❤️ #fyp #nepalibride #nepaliweddingphotography #lifeisbeatiful #behuli",99,1,0,0,2026-06-01 07:44:34+00:00,"Two Souls, One Beautiful Journey.. ❤️ #fyp #nepalibride #nepaliweddingphotography #lifeisbeatiful #behuli","two souls, one beautiful journey.. ❤️ #fyp #nepalibride #nepaliweddingphotography #lifeisbeatiful #behuli",True,English,Traditional/Ethnic,0.004260000000000001
Instagram,Phase2,"New flavor😊✨ 
 Post wedding photoshoot ❤️
#makeupwithkarishma #hairstylistkarisma #postweddingshoot #makeupartist #nepalibride",58,5,0,0,2026-06-01 05:41:39+00:00,New flavor😊✨ Post wedding photoshoot ❤️ #makeupwithkarishma #hairstylistkarisma #postweddingshoot #makeupartist #nepalibride,new flavor😊✨ post wedding photoshoot ❤️ #makeupwithkarishma #hairstylistkarisma #postweddingshoot #makeupartist #nepalibride,True,English,Traditional/Ethnic,0.00382
Instagram,Phase2,"❤️❤️ 
#nepalibride #bridepicture #bride2026",35,6,0,0,2026-06-01 05:17:30+00:00,❤️❤️ #nepalibride #bridepicture #bride2026,❤️❤️ #nepalibride #bridepicture #bride2026,True,English,Traditional/Ethnic,0.0032
Instagram,Phase2,"🌿 “Simple. Stylish. Timeless.
Our kurthas are perfect for every moment that matters ✨
DM to get yours today!”

Hashtags:
#LunaveMagic #KurthaVibes #NepaliHandmade #ChicEthnicWear #SoftLuxury #WardrobeGoals #NepaliStyleInspo #EthnicElegance #FashionWithSoul #CuratedBeauty",12,0,0,0,2025-10-15 15:13:22+00:00,🌿 “Simple. Stylish. Timeless. Our kurthas are perfect for every moment that matters ✨ DM to get yours today!” Hashtags: #LunaveMagic #KurthaVibes #NepaliHandmade #ChicEthnicWear #SoftLuxury #WardrobeGoals #NepaliStyleInspo #EthnicElegance #FashionWithSoul #CuratedBeauty,🌿 “simple. stylish. timeless. our kurthas are perfect for every moment that matters ✨ dm to get yours today!” hashtags: #lunavemagic #kurthavibes #nepalihandmade #chicethnicwear #softluxury #wardrobegoals #nepalistyleinspo #ethnicelegance #fashionwithsoul #curatedbeauty,True,English,Traditional/Ethnic,0.00047999999999999996
Instagram,Phase2,"⏳ Timeless Wardrobe Tips you’ll never regret:
1️⃣ Choose timeless patterns like stripes, checks, and solids—they never go out of style.
2️⃣ Invest in quality over quantity—because great pieces don’t just last, they elevate everything you wear. 💼✨

Style that stands the test of time is always in fashion. ✔️
#timelessstyle #wardrobetips #qualityoverquantity💯🙌 #minimalchic #nepalistyleinspo #stylethatlasts #fashionessentials",3,0,0,0,2025-06-25 02:21:44+00:00,"⏳ Timeless Wardrobe Tips you’ll never regret: 1️⃣ Choose timeless patterns like stripes, checks, and solids—they never go out of style. 2️⃣ Invest in quality over quantity—because great pieces don’t just last, they elevate everything you wear. 💼✨ Style that stands the test of time is always in fashion. ✔️ #timelessstyle #wardrobetips #qualityoverquantity💯🙌 #minimalchic #nepalistyleinspo #stylethatlasts #fashionessentials","⏳ timeless wardrobe tips you’ll never regret: 1️⃣ choose timeless patterns like stripes, checks, and solids—they never go out of style. 2️⃣ invest in quality over quantity—because great pieces don’t just last, they elevate everything you wear. 💼✨ style that stands the test of time is always in fashion. ✔️ #timelessstyle #wardrobetips #qualityoverquantity💯🙌 #minimalchic #nepalistyleinspo #stylethatlasts #fashionessentials",True,English,General Fashion,0.00011999999999999999
Instagram,Phase2,#nepalfashiondiaries,80,30,0,0,2026-02-04 13:47:21+00:00,#nepalfashiondiaries,#nepalfashiondiaries,True,English,General Fashion,0.012199999999999999
Instagram,Phase2,"Twirl check? Passed 💙👗
#CutestFit #SoftGirlVibes #OnePieceMagic #NepalFashionDiaries #TwirlReady #WhiteAndBlueMood",7,0,0,0,2025-06-26 08:04:44+00:00,Twirl check? Passed 💙👗 #CutestFit #SoftGirlVibes #OnePieceMagic #NepalFashionDiaries #TwirlReady #WhiteAndBlueMood,twirl check? passed 💙👗 #cutestfit #softgirlvibes #onepiecemagic #nepalfashiondiaries #twirlready #whiteandbluemood,True,English,General Fashion,0.00028000000000000003
Instagram,Phase2,"𝐁𝐨𝐥𝐝 & 𝐂𝐥𝐚𝐬𝐬𝐲 𝐓𝐨𝐧𝐞
💃 When your outfit speaks louder than words
𝐇𝐞𝐚𝐯𝐲 𝐟𝐚𝐮𝐱 𝐠𝐞𝐨𝐫𝐠𝐞𝐭𝐭𝐞 + 𝐫𝐞𝐚𝐥 𝐦𝐢𝐫𝐫𝐨𝐫 𝐡𝐚𝐧𝐝𝐰𝐨𝐫𝐤 = 𝐬𝐡𝐨𝐰𝐬𝐭𝐨𝐩𝐩𝐞𝐫 𝐥𝐨𝐨𝐤 ✨

📞 Call/WhatsApp: 9827325304
📍 Punita’s Gift House – DM to order

#DesiDivas #PunitaGiftHouse #EthnicElegance #MirrorWorkLove #PartyReadyLook #OOTDNepal #ShopLocalNepal #StyleWithGrace #NepalFashionDiaries #biratnagargifts #ShopNow #MothersDayGift",3,0,0,0,2025-06-02 01:15:06+00:00,𝐁𝐨𝐥𝐝 & 𝐂𝐥𝐚𝐬𝐬𝐲 𝐓𝐨𝐧𝐞 💃 When your outfit speaks louder than words 𝐇𝐞𝐚𝐯𝐲 𝐟𝐚𝐮𝐱 𝐠𝐞𝐨𝐫𝐠𝐞𝐭𝐭𝐞 + 𝐫𝐞𝐚𝐥 𝐦𝐢𝐫𝐫𝐨𝐫 𝐡𝐚𝐧𝐝𝐰𝐨𝐫𝐤 = 𝐬𝐡𝐨𝐰𝐬𝐭𝐨𝐩𝐩𝐞𝐫 𝐥𝐨𝐨𝐤 ✨ 📞 Call/WhatsApp: 9827325304 📍 Punita’s Gift House – DM to order #DesiDivas #PunitaGiftHouse #EthnicElegance #MirrorWorkLove #PartyReadyLook #OOTDNepal #ShopLocalNepal #StyleWithGrace #NepalFashionDiaries #biratnagargifts #ShopNow #MothersDayGift,𝐁𝐨𝐥𝐝 & 𝐂𝐥𝐚𝐬𝐬𝐲 𝐓𝐨𝐧𝐞 💃 when your outfit speaks louder than words 𝐇𝐞𝐚𝐯𝐲 𝐟𝐚𝐮𝐱 𝐠𝐞𝐨𝐫𝐠𝐞𝐭𝐭𝐞 + 𝐫𝐞𝐚𝐥 𝐦𝐢𝐫𝐫𝐨𝐫 𝐡𝐚𝐧𝐝𝐰𝐨𝐫𝐤 = 𝐬𝐡𝐨𝐰𝐬𝐭𝐨𝐩𝐩𝐞𝐫 𝐥𝐨𝐨𝐤 ✨ 📞 call/whatsapp: 9827325304 📍 punita’s gift house – dm to order #desidivas #punitagifthouse #ethnicelegance #mirrorworklove #partyreadylook #ootdnepal #shoplocalnepal #stylewithgrace #nepalfashiondiaries #biratnagargifts #shopnow #mothersdaygift,True,English,Traditional/Ethnic,0.00011999999999999999
Instagram,Phase2,"The variety of cuts, washes, and styles makes jeans one of the most customizable and enduring pieces of fashion in history. Whether it's a vintage pair, high-end designer jeans, or eco-conscious brands focusing on sustainability, jeans remain a cultural symbol of both practicality and fashion-forward thinking.

DENIM JEANS (50313) Rs 2850/-
FITS FROM S TO XL

#DesignedInNepal #BornInNepal #NepalFashion #NepalFashionDiaries #NepalStreetStyle #OOTD #BaseMark2075 #BASEMARK #BASEMARKBUTWAL #TRAFFICCHOWK #YourFashionFix #FashionFraternity #SpringCollection #NewRelease #NewArrival #instapost #instastyle #AffordableFashion #SustainableFashion #HighEndRelease",-1,0,0,0,2025-02-28 09:15:36+00:00,"The variety of cuts, washes, and styles makes jeans one of the most customizable and enduring pieces of fashion in history. Whether it's a vintage pair, high-end designer jeans, or eco-conscious brands focusing on sustainability, jeans remain a cultural symbol of both practicality and fashion-forward thinking. DENIM JEANS (50313) Rs 2850/- FITS FROM S TO XL #DesignedInNepal #BornInNepal #NepalFashion #NepalFashionDiaries #NepalStreetStyle #OOTD #BaseMark2075 #BASEMARK #BASEMARKBUTWAL #TRAFFICCHOWK #YourFashionFix #FashionFraternity #SpringCollection #NewRelease #NewArrival #instapost #instastyle #AffordableFashion #SustainableFashion #HighEndRelease","the variety of cuts, washes, and styles makes jeans one of the most customizable and enduring pieces of fashion in history. whether it's a vintage pair, high-end designer jeans, or eco-conscious brands focusing on sustainability, jeans remain a cultural symbol of both practicality and fashion-forward thinking. denim jeans (50313) rs 2850/- fits from s to xl #designedinnepal #borninnepal #nepalfashion #nepalfashiondiaries #nepalstreetstyle #ootd #basemark2075 #basemark #basemarkbutwal #trafficchowk #yourfashionfix #fashionfraternity #springcollection #newrelease #newarrival #instapost #instastyle #affordablefashion #sustainablefashion #highendrelease",True,English,Traditional/Ethnic,-4e-05
Instagram,Phase2,"🌟Elevate Your Style with Our Stainless Steel Necklaces!🌟 

🎉 Up to 50% OFF + FREE Delivery on Your First Purchase!🎉 

💎 Our Stainless Steel Jewelry Offers:
- 18k Gold Electroplated for a touch of luxury 
-Waterproof & Durable– Perfect for everyday wear 
-Hypoallergenic– Safe for sensitive skin 
-Tarnish-Free– Keeps its shine forever 

✨Be Unique. Be Stylish. Be You.✨ 

🛒SHOP NOW and enjoy FREE Delivery! 
@beautydust.np

#KathmanduFashion #NepalJewelry #KathmanduStyle #NepaliAccessories #ShopInKathmandu #KathmanduTrends #NepalFashionista #KathmanduLuxury #NepalJewelryLovers #KathmanduShopping #NepalStyleHub #KathmanduDeals #NepalFashionTrends #KathmanduLifestyle #NepalJewelryCollection #KathmanduGlam #NepalFashionDiaries #KathmanduJewelry #NepalStyleGoals #KathmanduDiscounts",176,1,0,0,2025-02-20 18:24:21+00:00,🌟Elevate Your Style with Our Stainless Steel Necklaces!🌟 🎉 Up to 50% OFF + FREE Delivery on Your First Purchase!🎉 💎 Our Stainless Steel Jewelry Offers: - 18k Gold Electroplated for a touch of luxury -Waterproof & Durable– Perfect for everyday wear -Hypoallergenic– Safe for sensitive skin -Tarnish-Free– Keeps its shine forever ✨Be Unique. Be Stylish. Be You.✨ 🛒SHOP NOW and enjoy FREE Delivery! .np #KathmanduFashion #NepalJewelry #KathmanduStyle #NepaliAccessories #ShopInKathmandu #KathmanduTrends #NepalFashionista #KathmanduLuxury #NepalJewelryLovers #KathmanduShopping #NepalStyleHub #KathmanduDeals #NepalFashionTrends #KathmanduLifestyle #NepalJewelryCollection #KathmanduGlam #NepalFashionDiaries #KathmanduJewelry #NepalStyleGoals #KathmanduDiscounts,🌟elevate your style with our stainless steel necklaces!🌟 🎉 up to 50% off + free delivery on your first purchase!🎉 💎 our stainless steel jewelry offers: - 18k gold electroplated for a touch of luxury -waterproof & durable– perfect for everyday wear -hypoallergenic– safe for sensitive skin -tarnish-free– keeps its shine forever ✨be unique. be stylish. be you.✨ 🛒shop now and enjoy free delivery! .np #kathmandufashion #nepaljewelry #kathmandustyle #nepaliaccessories #shopinkathmandu #kathmandutrends #nepalfashionista #kathmanduluxury #nepaljewelrylovers #kathmandushopping #nepalstylehub #kathmandudeals #nepalfashiontrends #kathmandulifestyle #nepaljewelrycollection #kathmanduglam #nepalfashiondiaries #kathmandujewelry #nepalstylegoals #kathmandudiscounts,True,English,Accessories,0.007340000000000001
Instagram,Phase2,"""Step into the world of style with @brigade8.nepal! 💎
Models: @cyrus_biswakarma & @__sushantshrestha
Flawlessly styled by the talented @cor.psekitty 🎨
Captured at the iconic #ArihantStudio, where creativity meets class.

✨ Something exclusive is just around the corner—stay tuned! ✨

#Brigade8Nepal #StyleStatement #FashionForward #StyledByCrop #ArihantStudioChronicles #NepalFashionDiaries #LuxuryRedefined""",68,0,0,0,2024-12-30 10:40:11+00:00,"""Step into the world of style with .nepal! 💎 Models: & Flawlessly styled by the talented .psekitty 🎨 Captured at the iconic #ArihantStudio, where creativity meets class. ✨ Something exclusive is just around the corner—stay tuned! ✨ #Brigade8Nepal #StyleStatement #FashionForward #StyledByCrop #ArihantStudioChronicles #NepalFashionDiaries #LuxuryRedefined""","""step into the world of style with .nepal! 💎 models: & flawlessly styled by the talented .psekitty 🎨 captured at the iconic #arihantstudio, where creativity meets class. ✨ something exclusive is just around the corner—stay tuned! ✨ #brigade8nepal #stylestatement #fashionforward #styledbycrop #arihantstudiochronicles #nepalfashiondiaries #luxuryredefined""",True,English,Western/Casual,0.00272
Instagram,Phase2,"🌞 Get ready for summer with our stylish and comfy tees! 🌻
👉 Made from Ice Silk for breathability and quick-dry.
👉 Say goodbye to lint (bhuwa) and fading colors.
👉 Pack of 4 for Rs.1890
👉 Pack of 3 for Rs.1490
👉 Pack of 2 for Rs.1150
Sizes: L/XL/XXL
Colors: Black, White, Gray, Blue & Green
📦 Delivery all over Nepal
✅ Order now: 9707260164

#NepalFashion #NepalStyle #FashionNepal #NepaliFashion #NepalTrend #FashionKathmandu #NepalDesigner #NepalStreetStyle #NepalOutfit #NepalClothing #NepalRunway #NepalChic #NepalBeauty #NepalFashionista #NepalModel #NepalAccessories #NepalFashionWeek #NepalDress #NepalFashionBlog #NepalFashionDiaries",6,0,0,0,2024-05-14 06:46:19+00:00,"🌞 Get ready for summer with our stylish and comfy tees! 🌻 👉 Made from Ice Silk for breathability and quick-dry. 👉 Say goodbye to lint (bhuwa) and fading colors. 👉 Pack of 4 for Rs.1890 👉 Pack of 3 for Rs.1490 👉 Pack of 2 for Rs.1150 Sizes: L/XL/XXL Colors: Black, White, Gray, Blue & Green 📦 Delivery all over Nepal ✅ Order now: 9707260164 #NepalFashion #NepalStyle #FashionNepal #NepaliFashion #NepalTrend #FashionKathmandu #NepalDesigner #NepalStreetStyle #NepalOutfit #NepalClothing #NepalRunway #NepalChic #NepalBeauty #NepalFashionista #NepalModel #NepalAccessories #NepalFashionWeek #NepalDress #NepalFashionBlog #NepalFashionDiaries","🌞 get ready for summer with our stylish and comfy tees! 🌻 👉 made from ice silk for breathability and quick-dry. 👉 say goodbye to lint (bhuwa) and fading colors. 👉 pack of 4 for rs.1890 👉 pack of 3 for rs.1490 👉 pack of 2 for rs.1150 sizes: l/xl/xxl colors: black, white, gray, blue & green 📦 delivery all over nepal ✅ order now: 9707260164 #nepalfashion #nepalstyle #fashionnepal #nepalifashion #nepaltrend #fashionkathmandu #nepaldesigner #nepalstreetstyle #nepaloutfit #nepalclothing #nepalrunway #nepalchic #nepalbeauty #nepalfashionista #nepalmodel #nepalaccessories #nepalfashionweek #nepaldress #nepalfashionblog #nepalfashiondiaries",True,English,Western/Casual,0.00023999999999999998
Instagram,Phase2,"the tailgate tank! made to go with you to tailgates, gameday & the classroom 

#collegegamedaywear #collegeootd 
#girlgamedayoutfit #collegefootball #trendyoutfit",-1,0,0,0,2026-06-01 00:01:23+00:00,"the tailgate tank! made to go with you to tailgates, gameday & the classroom #collegegamedaywear #collegeootd #girlgamedayoutfit #collegefootball #trendyoutfit","the tailgate tank! made to go with you to tailgates, gameday & the classroom #collegegamedaywear #collegeootd #girlgamedayoutfit #collegefootball #trendyoutfit",True,English,General Fashion,-4e-05
Instagram,Phase2,"🎓✨ College Girl Aesthetic on a Budget! 💖

Who says you need to spend thousands to look stylish on campus? 🌸
This trendy college outfit is comfy, classy, and totally Instagram-worthy! 📚☕💕

👜 Chic Tote Bag
👚 Trendy Pink Oversized Shirt
🖤 Stylish Wide-Leg Trousers
👟 Cute Sneakers
💍 Minimal Accessories

💸 Complete Look Under ₹1,200!

✨ Perfect for:
✔️ College Days
✔️ Library Visits
✔️ Coffee Dates
✔️ Casual Hangouts
✔️ Campus Photoshoots

💕 Save this outfit inspiration for your next college look!

#CollegeGirl #CollegeFashion #AestheticOutfit #BudgetFashion #CollegeOOTD [PinkAesthetic FashionInspo StudentStyle AffordableFashion OOTDIndia TrendyLooks CampusStyle FashionReels StyleOnBudget GirlsFashion PinterestInspired FashionFinds OutfitInspiration EverydayStyle TheTrendBasket]",1,0,0,0,2026-05-31 03:30:53+00:00,"🎓✨ College Girl Aesthetic on a Budget! 💖 Who says you need to spend thousands to look stylish on campus? 🌸 This trendy college outfit is comfy, classy, and totally Instagram-worthy! 📚☕💕 👜 Chic Tote Bag 👚 Trendy Pink Oversized Shirt 🖤 Stylish Wide-Leg Trousers 👟 Cute Sneakers 💍 Minimal Accessories 💸 Complete Look Under ₹1,200! ✨ Perfect for: ✔️ College Days ✔️ Library Visits ✔️ Coffee Dates ✔️ Casual Hangouts ✔️ Campus Photoshoots 💕 Save this outfit inspiration for your next college look! #CollegeGirl #CollegeFashion #AestheticOutfit #BudgetFashion #CollegeOOTD [PinkAesthetic FashionInspo StudentStyle AffordableFashion OOTDIndia TrendyLooks CampusStyle FashionReels StyleOnBudget GirlsFashion PinterestInspired FashionFinds OutfitInspiration EverydayStyle TheTrendBasket]","🎓✨ college girl aesthetic on a budget! 💖 who says you need to spend thousands to look stylish on campus? 🌸 this trendy college outfit is comfy, classy, and totally instagram-worthy! 📚☕💕 👜 chic tote bag 👚 trendy pink oversized shirt 🖤 stylish wide-leg trousers 👟 cute sneakers 💍 minimal accessories 💸 complete look under ₹1,200! ✨ perfect for: ✔️ college days ✔️ library visits ✔️ coffee dates ✔️ casual hangouts ✔️ campus photoshoots 💕 save this outfit inspiration for your next college look! #collegegirl #collegefashion #aestheticoutfit #budgetfashion #collegeootd [pinkaesthetic fashioninspo studentstyle affordablefashion ootdindia trendylooks campusstyle fashionreels styleonbudget girlsfashion pinterestinspired fashionfinds outfitinspiration everydaystyle thetrendbasket]",True,English,Western/Casual,4e-05
Instagram,Phase2,"Cal Poly, you absolutely have our hearts. 💚

Cal Poly sunshine looks good on you! ☀️ Repping Alpha Chi Omega loud and proud in this vintage-inspired ringer tank. Paired with classic denim cutoffs and statement sunnies, this is officially the ultimate casual campus uniform. 🌴✨

Tag your Cal Poly bestie in the comments below! 👇

#AlphaChiOmega #AXO #AlphaChi #CalPoly #SanLuisObispo #SLO #CalPolySLO #SororityStyle #CollegeOOTD #RingerTank #RetroAesthetic #CampusStyle #GreekLife #SororityMerch #TheCollegiateLineup",5,0,0,0,2026-05-30 16:43:14+00:00,"Cal Poly, you absolutely have our hearts. 💚 Cal Poly sunshine looks good on you! ☀️ Repping Alpha Chi Omega loud and proud in this vintage-inspired ringer tank. Paired with classic denim cutoffs and statement sunnies, this is officially the ultimate casual campus uniform. 🌴✨ Tag your Cal Poly bestie in the comments below! 👇 #AlphaChiOmega #AXO #AlphaChi #CalPoly #SanLuisObispo #SLO #CalPolySLO #SororityStyle #CollegeOOTD #RingerTank #RetroAesthetic #CampusStyle #GreekLife #SororityMerch #TheCollegiateLineup","cal poly, you absolutely have our hearts. 💚 cal poly sunshine looks good on you! ☀️ repping alpha chi omega loud and proud in this vintage-inspired ringer tank. paired with classic denim cutoffs and statement sunnies, this is officially the ultimate casual campus uniform. 🌴✨ tag your cal poly bestie in the comments below! 👇 #alphachiomega #axo #alphachi #calpoly #sanluisobispo #slo #calpolyslo #sororitystyle #collegeootd #ringertank #retroaesthetic #campusstyle #greeklife #sororitymerch #thecollegiatelineup",True,English,Western/Casual,0.0002
Instagram,Phase2,"🤎🖤 Same top. Two vibes. You pick!
Premium crop zip top styled 2 ways — Beige or Black?
₹799 only ⚡
🚚 Fast Delivery | 💯 Premium Quality
👇 Comment your size + colour to order NOW!
DM us 📩 

#CollegeOOTD #ViralFashion #StyleInspo
#InstagramFashion #BudgetFashionIndia",-1,0,0,0,2026-05-30 14:51:56+00:00,🤎🖤 Same top. Two vibes. You pick! Premium crop zip top styled 2 ways — Beige or Black? ₹799 only ⚡ 🚚 Fast Delivery | 💯 Premium Quality 👇 Comment your size + colour to order NOW! DM us 📩 #CollegeOOTD #ViralFashion #StyleInspo #InstagramFashion #BudgetFashionIndia,🤎🖤 same top. two vibes. you pick! premium crop zip top styled 2 ways — beige or black? ₹799 only ⚡ 🚚 fast delivery | 💯 premium quality 👇 comment your size + colour to order now! dm us 📩 #collegeootd #viralfashion #styleinspo #instagramfashion #budgetfashionindia,True,English,Western/Casual,-4e-05
Instagram,Phase2,"Golden girls, but make it Alpha Chi. ✨🫶

Solid gold sisterhood. ✨🫶 Living for these matching AXO fits and all the Y2K aesthetic vibes today.

✨ Denim skirt or white floral mini? Let us know how you’d style this top below!

#AlphaChiOmega #AXO #AlphaChi #SororityStyle #CollegeOOTD #RecruitmentReady #BidDayVibes #Y2KAesthetic #MatchingFits #SororityMerch #SisterhoodGoals #CampusStyle #TheCollegiateLineup",2,0,0,0,2026-05-29 08:57:59+00:00,"Golden girls, but make it Alpha Chi. ✨🫶 Solid gold sisterhood. ✨🫶 Living for these matching AXO fits and all the Y2K aesthetic vibes today. ✨ Denim skirt or white floral mini? Let us know how you’d style this top below! #AlphaChiOmega #AXO #AlphaChi #SororityStyle #CollegeOOTD #RecruitmentReady #BidDayVibes #Y2KAesthetic #MatchingFits #SororityMerch #SisterhoodGoals #CampusStyle #TheCollegiateLineup","golden girls, but make it alpha chi. ✨🫶 solid gold sisterhood. ✨🫶 living for these matching axo fits and all the y2k aesthetic vibes today. ✨ denim skirt or white floral mini? let us know how you’d style this top below! #alphachiomega #axo #alphachi #sororitystyle #collegeootd #recruitmentready #biddayvibes #y2kaesthetic #matchingfits #sororitymerch #sisterhoodgoals #campusstyle #thecollegiatelineup",True,English,Western/Casual,8e-05
Instagram,Phase2,"Cozy, classic, and repping Alpha Chi. 💙

Besties who match together, stay together. 🫶💙 Catch us living in these Alpha Chi lounge sets all semester long. Which striped bottom are you grabbing?

👯‍♀️ Tag your big or little below to drop a hint for your next matching fit! 👇

#AlphaChiOmega #AlphaChi #AXO #SororityStyle #LoungeSets #MatchingSets #Sisterhood #CollegeOOTD #SororityMerch #GreekLife #CozyAesthetic #CampusStyle #TheCollegiateLineup",26,7,0,0,2026-05-29 08:48:13+00:00,"Cozy, classic, and repping Alpha Chi. 💙 Besties who match together, stay together. 🫶💙 Catch us living in these Alpha Chi lounge sets all semester long. Which striped bottom are you grabbing? 👯‍♀️ Tag your big or little below to drop a hint for your next matching fit! 👇 #AlphaChiOmega #AlphaChi #AXO #SororityStyle #LoungeSets #MatchingSets #Sisterhood #CollegeOOTD #SororityMerch #GreekLife #CozyAesthetic #CampusStyle #TheCollegiateLineup","cozy, classic, and repping alpha chi. 💙 besties who match together, stay together. 🫶💙 catch us living in these alpha chi lounge sets all semester long. which striped bottom are you grabbing? 👯‍♀️ tag your big or little below to drop a hint for your next matching fit! 👇 #alphachiomega #alphachi #axo #sororitystyle #loungesets #matchingsets #sisterhood #collegeootd #sororitymerch #greeklife #cozyaesthetic #campusstyle #thecollegiatelineup",True,English,General Fashion,0.0031399999999999996
Instagram,Phase2,"POV: You and the besties in matching Alpha Chi gear. 💖

Ready to design your chapter's perfect group look? 👯‍♀️✨ Look no further! Check out these custom Alpha Chi tops—we’re loving the subtle off-the-shoulder customized cuts paired with varied denim! The real star of the show? These unique colorful patterned letters! Mix and match patterned fills and choose your favorite accessory stack to create a look that’s uniquely you!

What colors would you choose for your custom letters? Drop them below! 👇🌈

#AlphaChiOmega #AXΩ #Greeklife #SororityMerch #SororityFashion #CustomDesign #CollegiateStyle #CampusTrend #Sisterhood #CollegeOOTD #CampusLook #Twinning #CollegiateRep #CustomClothing #GreekStore #TheCollegiateLineup",3,0,0,0,2026-05-29 08:46:17+00:00,POV: You and the besties in matching Alpha Chi gear. 💖 Ready to design your chapter's perfect group look? 👯‍♀️✨ Look no further! Check out these custom Alpha Chi tops—we’re loving the subtle off-the-shoulder customized cuts paired with varied denim! The real star of the show? These unique colorful patterned letters! Mix and match patterned fills and choose your favorite accessory stack to create a look that’s uniquely you! What colors would you choose for your custom letters? Drop them below! 👇🌈 #AlphaChiOmega #AXΩ #Greeklife #SororityMerch #SororityFashion #CustomDesign #CollegiateStyle #CampusTrend #Sisterhood #CollegeOOTD #CampusLook #Twinning #CollegiateRep #CustomClothing #GreekStore #TheCollegiateLineup,pov: you and the besties in matching alpha chi gear. 💖 ready to design your chapter's perfect group look? 👯‍♀️✨ look no further! check out these custom alpha chi tops—we’re loving the subtle off-the-shoulder customized cuts paired with varied denim! the real star of the show? these unique colorful patterned letters! mix and match patterned fills and choose your favorite accessory stack to create a look that’s uniquely you! what colors would you choose for your custom letters? drop them below! 👇🌈 #alphachiomega #axω #greeklife #sororitymerch #sororityfashion #customdesign #collegiatestyle #campustrend #sisterhood #collegeootd #campuslook #twinning #collegiaterep #customclothing #greekstore #thecollegiatelineup,True,English,Western/Casual,0.00011999999999999999
Instagram,Phase2,"The cherry on top of the perfect Bid Day. 🍒✨

Sweet like Alpha Chi. 🍰🍒 High-key obsessed with how our Spring Bid Day theme turned out! The gingham, the pink and red bows, the giant ΑΧΩ letters... the aesthetic was truly unmatched. 🎀✨ So much love for these girls and this chapter! Tag your favorite cherry in the comments below! 👇

#AlphaChiOmega #AXO #AlphaChi #BidDay2024 #SpringBidDay #SororityBidDay #CherryTheme #SweetLikeAlphaChi #Sisterhood #GreekLife #SororityStyle #BidDayTheme #SororityAesthetic #CollegeOOTD",6,0,0,0,2026-05-29 08:36:18+00:00,"The cherry on top of the perfect Bid Day. 🍒✨ Sweet like Alpha Chi. 🍰🍒 High-key obsessed with how our Spring Bid Day theme turned out! The gingham, the pink and red bows, the giant ΑΧΩ letters... the aesthetic was truly unmatched. 🎀✨ So much love for these girls and this chapter! Tag your favorite cherry in the comments below! 👇 #AlphaChiOmega #AXO #AlphaChi #BidDay2024 #SpringBidDay #SororityBidDay #CherryTheme #SweetLikeAlphaChi #Sisterhood #GreekLife #SororityStyle #BidDayTheme #SororityAesthetic #CollegeOOTD","the cherry on top of the perfect bid day. 🍒✨ sweet like alpha chi. 🍰🍒 high-key obsessed with how our spring bid day theme turned out! the gingham, the pink and red bows, the giant αχω letters... the aesthetic was truly unmatched. 🎀✨ so much love for these girls and this chapter! tag your favorite cherry in the comments below! 👇 #alphachiomega #axo #alphachi #bidday2024 #springbidday #sororitybidday #cherrytheme #sweetlikealphachi #sisterhood #greeklife #sororitystyle #biddaytheme #sororityaesthetic #collegeootd",True,English,Western/Casual,0.00023999999999999998
Instagram,Phase2,"Game day, but make it hands-free! ⭐️

Our NEW collegiate phone wristlets are the cutest way to carry your essentials—featuring glossy beads, fun charms, and all the team spirit. 

Just clip it on and be ready for whatever your day has in store! 💖

#collegegameday #collegegifts #giftideas #grad2026 #collegeootd",11,0,0,0,2026-05-28 13:36:04+00:00,"Game day, but make it hands-free! ⭐️ Our NEW collegiate phone wristlets are the cutest way to carry your essentials—featuring glossy beads, fun charms, and all the team spirit. Just clip it on and be ready for whatever your day has in store! 💖 #collegegameday #collegegifts #giftideas #grad2026 #collegeootd","game day, but make it hands-free! ⭐️ our new collegiate phone wristlets are the cutest way to carry your essentials—featuring glossy beads, fun charms, and all the team spirit. just clip it on and be ready for whatever your day has in store! 💖 #collegegameday #collegegifts #giftideas #grad2026 #collegeootd",True,English,General Fashion,0.00044000000000000007
Instagram,Phase2,"Brb, obsessing over our client’s new college fit 🦋✨

Reminder: Custom designs are available on anything & everything.

#Handpainted #CollegeOOTD #CustomisedAnything #SummerFits #wearableart",30,0,0,0,2026-05-27 18:29:43+00:00,"Brb, obsessing over our client’s new college fit 🦋✨ Reminder: Custom designs are available on anything & everything. #Handpainted #CollegeOOTD #CustomisedAnything #SummerFits #wearableart","brb, obsessing over our client’s new college fit 🦋✨ reminder: custom designs are available on anything & everything. #handpainted #collegeootd #customisedanything #summerfits #wearableart",True,English,Western/Casual,0.0012000000000000001
Instagram,Phase2,"Kurti aur favorite jeans ka combination is unmatched! 🥹❤️
Look at that gorgeous floral wreath embroidery—perfect for college, office, or casual outings 💫🫶

✨ Sizes available: S to XXL
Grab yours before it’s gone! 🛍️

#casualoutfits #ethnicwear #indowesternoutfit #collegeootd #maroonoutfits",11,0,0,0,2026-05-27 15:52:40+00:00,"Kurti aur favorite jeans ka combination is unmatched! 🥹❤️ Look at that gorgeous floral wreath embroidery—perfect for college, office, or casual outings 💫🫶 ✨ Sizes available: S to XXL Grab yours before it’s gone! 🛍️ #casualoutfits #ethnicwear #indowesternoutfit #collegeootd #maroonoutfits","kurti aur favorite jeans ka combination is unmatched! 🥹❤️ look at that gorgeous floral wreath embroidery—perfect for college, office, or casual outings 💫🫶 ✨ sizes available: s to xxl grab yours before it’s gone! 🛍️ #casualoutfits #ethnicwear #indowesternoutfit #collegeootd #maroonoutfits",True,English,Traditional/Ethnic,0.00044000000000000007
Instagram,Phase2,"✨ Pastel perfection ✨

Can we talk about how dreamy these sky blue and light pink short kurtis are? 🥹🌸 The delicate lace detailing around the neck and sleeves gives them such a premium, elegant look—but the best part? They are ALL from Amazon and entirely under 500! 💸

Perfect for your daily college lectures, casual office days, or just running errands while looking effortlessly put-together. 🧊🎀

Comment ""LINK"" and I’ll DM you the direct shopping links! 📲 👇

#amazonfinds #amazonkurti #shortkurtistyle❤️ #pastelaesthetic #budgetfashionindia #collegeootd #officewear #under500 #ethnicwear😍 #kurtidesign #rainyfashion #indianoutfitswag💯",1,0,0,0,2026-05-27 13:18:04+00:00,"✨ Pastel perfection ✨ Can we talk about how dreamy these sky blue and light pink short kurtis are? 🥹🌸 The delicate lace detailing around the neck and sleeves gives them such a premium, elegant look—but the best part? They are ALL from Amazon and entirely under 500! 💸 Perfect for your daily college lectures, casual office days, or just running errands while looking effortlessly put-together. 🧊🎀 Comment ""LINK"" and I’ll DM you the direct shopping links! 📲 👇 #amazonfinds #amazonkurti #shortkurtistyle❤️ #pastelaesthetic #budgetfashionindia #collegeootd #officewear #under500 #ethnicwear😍 #kurtidesign #rainyfashion #indianoutfitswag💯","✨ pastel perfection ✨ can we talk about how dreamy these sky blue and light pink short kurtis are? 🥹🌸 the delicate lace detailing around the neck and sleeves gives them such a premium, elegant look—but the best part? they are all from amazon and entirely under 500! 💸 perfect for your daily college lectures, casual office days, or just running errands while looking effortlessly put-together. 🧊🎀 comment ""link"" and i’ll dm you the direct shopping links! 📲 👇 #amazonfinds #amazonkurti #shortkurtistyle❤️ #pastelaesthetic #budgetfashionindia #collegeootd #officewear #under500 #ethnicwear😍 #kurtidesign #rainyfashion #indianoutfitswag💯",True,English,Traditional/Ethnic,4e-05
Instagram,Phase2,"jerseys on repeat!!!♾️♾️

#collegegameday #secgameday #collegeootd #trendygamedayapparel",-1,0,0,0,2026-05-27 00:39:05+00:00,jerseys on repeat!!!♾️♾️ #collegegameday #secgameday #collegeootd #trendygamedayapparel,jerseys on repeat!!!♾️♾️ #collegegameday #secgameday #collegeootd #trendygamedayapparel,True,English,General Fashion,-4e-05
Instagram,Phase2,"Main character energy in our AΞΔ baby tees. 💅

Making an entrance at UNLV Welcome Weeks! 🍎💙 Absolutely obsessed with our new Alpha Xi Delta disco ball tanks. There’s no better way to kick off the semester than with your bestie and some custom merch. ✨

🪩 Comment ""DISCO"" if you want this design for your sorority!

#AlphaXiDelta #AXiD #UNLV #WelcomeWeeks #SororityStyle #DiscoAesthetic #BabyTee #TheCollegiateLineup #CollegeOOTD #RecruitmentReady #Greeklife",2,0,0,0,2026-05-26 15:16:06+00:00,"Main character energy in our AΞΔ baby tees. 💅 Making an entrance at UNLV Welcome Weeks! 🍎💙 Absolutely obsessed with our new Alpha Xi Delta disco ball tanks. There’s no better way to kick off the semester than with your bestie and some custom merch. ✨ 🪩 Comment ""DISCO"" if you want this design for your sorority! #AlphaXiDelta #AXiD #UNLV #WelcomeWeeks #SororityStyle #DiscoAesthetic #BabyTee #TheCollegiateLineup #CollegeOOTD #RecruitmentReady #Greeklife","main character energy in our aξδ baby tees. 💅 making an entrance at unlv welcome weeks! 🍎💙 absolutely obsessed with our new alpha xi delta disco ball tanks. there’s no better way to kick off the semester than with your bestie and some custom merch. ✨ 🪩 comment ""disco"" if you want this design for your sorority! #alphaxidelta #axid #unlv #welcomeweeks #sororitystyle #discoaesthetic #babytee #thecollegiatelineup #collegeootd #recruitmentready #greeklife",True,English,General Fashion,8e-05
Instagram,Phase2,"Warning: You are going to want to live in this hoodie. 💙☁️

Whole heartedly obsessed. 🫶💙 Keeping it cozy and repping KKG in the cutest new lounge set.

✨ What chapter should we do a heart patch design for next? Let us know! 👇

#KappaKappaGamma #KKG #SororityStyle #GreekLife #CozyAesthetic #TheCollegiateLineup #CollegeOOTD #CampusStyle #LoungeSet",3,0,0,0,2026-05-26 13:51:53+00:00,Warning: You are going to want to live in this hoodie. 💙☁️ Whole heartedly obsessed. 🫶💙 Keeping it cozy and repping KKG in the cutest new lounge set. ✨ What chapter should we do a heart patch design for next? Let us know! 👇 #KappaKappaGamma #KKG #SororityStyle #GreekLife #CozyAesthetic #TheCollegiateLineup #CollegeOOTD #CampusStyle #LoungeSet,warning: you are going to want to live in this hoodie. 💙☁️ whole heartedly obsessed. 🫶💙 keeping it cozy and repping kkg in the cutest new lounge set. ✨ what chapter should we do a heart patch design for next? let us know! 👇 #kappakappagamma #kkg #sororitystyle #greeklife #cozyaesthetic #thecollegiatelineup #collegeootd #campusstyle #loungeset,True,English,Western/Casual,0.00011999999999999999
Instagram,Phase2,"The Alpha Phi Sundae Club has officially arrived. 🍒✨

Sun’s out, letters out. ☀️ Keeping things bright and retro in the new Alpha Phi Sundae Club drop. The perfect fit for campus cruising or iced coffee runs!

🍒 Tag the sister you'd share a sundae with below! 👇

#TheCollegiateLineup #SororityStyle #GreekLife #CampusStyle #CollegeOOTD #SororityMerch #AlphaPhi",5,0,0,0,2026-05-26 13:46:27+00:00,"The Alpha Phi Sundae Club has officially arrived. 🍒✨ Sun’s out, letters out. ☀️ Keeping things bright and retro in the new Alpha Phi Sundae Club drop. The perfect fit for campus cruising or iced coffee runs! 🍒 Tag the sister you'd share a sundae with below! 👇 #TheCollegiateLineup #SororityStyle #GreekLife #CampusStyle #CollegeOOTD #SororityMerch #AlphaPhi","the alpha phi sundae club has officially arrived. 🍒✨ sun’s out, letters out. ☀️ keeping things bright and retro in the new alpha phi sundae club drop. the perfect fit for campus cruising or iced coffee runs! 🍒 tag the sister you'd share a sundae with below! 👇 #thecollegiatelineup #sororitystyle #greeklife #campusstyle #collegeootd #sororitymerch #alphaphi",True,English,General Fashion,0.0002
Instagram,Phase2,"Chapter hype is officially activated. 📣💙 Gameday, Bid Day, or just hanging with the girlies—these custom sets are the ultimate vibe. 🚙✨

✨ Where is your chapter wearing these? Drop it in the comments! 👇

#TheCollegiateLineup #KansasJayhawks #RockChalk #KU #AXΩ #AlphaChiOmega #SororityMerch #GreekLife #GamedayStyle #CollegeOOTD #CampusStyle #SisterhoodGoals #MatchingSet #CustomApparel #BidDay",5,0,0,0,2026-05-26 13:39:02+00:00,"Chapter hype is officially activated. 📣💙 Gameday, Bid Day, or just hanging with the girlies—these custom sets are the ultimate vibe. 🚙✨ ✨ Where is your chapter wearing these? Drop it in the comments! 👇 #TheCollegiateLineup #KansasJayhawks #RockChalk #KU #AXΩ #AlphaChiOmega #SororityMerch #GreekLife #GamedayStyle #CollegeOOTD #CampusStyle #SisterhoodGoals #MatchingSet #CustomApparel #BidDay","chapter hype is officially activated. 📣💙 gameday, bid day, or just hanging with the girlies—these custom sets are the ultimate vibe. 🚙✨ ✨ where is your chapter wearing these? drop it in the comments! 👇 #thecollegiatelineup #kansasjayhawks #rockchalk #ku #axω #alphachiomega #sororitymerch #greeklife #gamedaystyle #collegeootd #campusstyle #sisterhoodgoals #matchingset #customapparel #bidday",True,English,General Fashion,0.0002
Instagram,Phase2,"Traditional craft meets modern aesthetic. 🖤✨

Obsessed with the intricate white embroidery on these super comfy rayon short kurtas. Perfect for college days, casual hangouts, or workwear that doesn't feel boring. 🌿💫

✨ Lightweight fabric
✨ Exquisite hand embroidery
✨ Pure comfort

Tap the link in bio or slide into our DMs to claim yours! 💌📲

#indieaesthetic #chikankarikurtis #fusion #BohoVibes #ethnicwearindia  #CollegeOOTD #kurti #IndianFashionTrends #ChicEveryday 
 #womenfashion #womenfashionstyle #womenfashions #HandEmbroidered #MyntraFashion #LucknowiChikan #SummerFashion #trending #trendingreels #instareels #instareelindia #instafashion",1,0,0,0,2026-05-26 12:35:06+00:00,"Traditional craft meets modern aesthetic. 🖤✨ Obsessed with the intricate white embroidery on these super comfy rayon short kurtas. Perfect for college days, casual hangouts, or workwear that doesn't feel boring. 🌿💫 ✨ Lightweight fabric ✨ Exquisite hand embroidery ✨ Pure comfort Tap the link in bio or slide into our DMs to claim yours! 💌📲 #indieaesthetic #chikankarikurtis #fusion #BohoVibes #ethnicwearindia #CollegeOOTD #kurti #IndianFashionTrends #ChicEveryday #womenfashion #womenfashionstyle #womenfashions #HandEmbroidered #MyntraFashion #LucknowiChikan #SummerFashion #trending #trendingreels #instareels #instareelindia #instafashion","traditional craft meets modern aesthetic. 🖤✨ obsessed with the intricate white embroidery on these super comfy rayon short kurtas. perfect for college days, casual hangouts, or workwear that doesn't feel boring. 🌿💫 ✨ lightweight fabric ✨ exquisite hand embroidery ✨ pure comfort tap the link in bio or slide into our dms to claim yours! 💌📲 #indieaesthetic #chikankarikurtis #fusion #bohovibes #ethnicwearindia #collegeootd #kurti #indianfashiontrends #chiceveryday #womenfashion #womenfashionstyle #womenfashions #handembroidered #myntrafashion #lucknowichikan #summerfashion #trending #trendingreels #instareels #instareelindia #instafashion",True,English,Traditional/Ethnic,4e-05
Instagram,Phase2,"Tamang-tama sa init ngayon. Cotton yung shirt tapos hindi mainit yung denim

#CollegeOOTD #OfficeToDate #WeekendOutfit #MallGala #CoffeeRun #BrunchLook #TitaFinds #StudentBudgetOldMoneyStyle #KoreanInspired #CasualChic #StreetStyle #PinayFashion #WhatIWore #DailyOutfit #StyleInspo #BasicButClassy #SkortOutfit",0,0,0,0,2026-05-24 05:43:17+00:00,Tamang-tama sa init ngayon. Cotton yung shirt tapos hindi mainit yung denim #CollegeOOTD #OfficeToDate #WeekendOutfit #MallGala #CoffeeRun #BrunchLook #TitaFinds #StudentBudgetOldMoneyStyle #KoreanInspired #CasualChic #StreetStyle #PinayFashion #WhatIWore #DailyOutfit #StyleInspo #BasicButClassy #SkortOutfit,tamang-tama sa init ngayon. cotton yung shirt tapos hindi mainit yung denim #collegeootd #officetodate #weekendoutfit #mallgala #coffeerun #brunchlook #titafinds #studentbudgetoldmoneystyle #koreaninspired #casualchic #streetstyle #pinayfashion #whatiwore #dailyoutfit #styleinspo #basicbutclassy #skortoutfit,True,English,Western/Casual,0.0
Instagram,Phase2,"Took a walk hallelujah☕️✨

#laceoutfit #collegeootd #collegelife #coffeeshopswaco #texasootd",687,82,0,0,2026-05-23 19:25:58+00:00,Took a walk hallelujah☕️✨ #laceoutfit #collegeootd #collegelife #coffeeshopswaco #texasootd,took a walk hallelujah☕️✨ #laceoutfit #collegeootd #collegelife #coffeeshopswaco #texasootd,True,English,General Fashion,0.05208
Instagram,Phase2,"12 JAHRE @sassyclassy 
12 Jahre voller Trends, Lieblingslooks & ganz besonderer Momente. 
HAPPY BIRTHDAY 💞🍸👸🏽✨👛
20% auf euren Einkauf mit dem CODE/ BDAY 

ᵂᴱᴿᴮᵁᴺᴳ ᴷᴼᴼᴾᴱᴿᴬᵀᴵᴼᴺ 
#sassyclassy #lookoftheday #münchen #sassyclassylove #style",478,22,0,0,2026-06-01 10:34:57+00:00,"12 JAHRE 12 Jahre voller Trends, Lieblingslooks & ganz besonderer Momente. HAPPY BIRTHDAY 💞🍸👸🏽✨👛 20% auf euren Einkauf mit dem CODE/ BDAY ᵂᴱᴿᴮᵁᴺᴳ ᴷᴼᴼᴾᴱᴿᴬᵀᴵᴼᴺ #sassyclassy #lookoftheday #münchen #sassyclassylove #style","12 jahre 12 jahre voller trends, lieblingslooks & ganz besonderer momente. happy birthday 💞🍸👸🏽✨👛 20% auf euren einkauf mit dem code/ bday ᵂᴱᴿᴮᵁᴺᴳ ᴷᴼᴼᴾᴱᴿᴬᵀᴵᴼᴺ #sassyclassy #lookoftheday #münchen #sassyclassylove #style",True,English,General Fashion,0.02572
Instagram,Phase2,"Eid Day 1 💖

👗 @aroshlay thanks for beautiful dress
.
.
.
.
.
.
.
#transition #eid #transitionreels #lookoftheday #reel",582,6,0,0,2026-05-28 09:16:21+00:00,Eid Day 1 💖 👗 thanks for beautiful dress . . . . . . . #transition #eid #transitionreels #lookoftheday #reel,eid day 1 💖 👗 thanks for beautiful dress . . . . . . . #transition #eid #transitionreels #lookoftheday #reel,True,English,General Fashion,0.02508
Instagram,Phase2,"In negozio troverai il look perfetto per la tua occasione speciale 🌸

#abitoazzurro #abbigliamentodonna #lookoftheday #abitidacerimonia 

Acquazzurra boutique Rimini
338/9412929",824,15,0,0,2026-05-28 16:02:51+00:00,In negozio troverai il look perfetto per la tua occasione speciale 🌸 #abitoazzurro #abbigliamentodonna #lookoftheday #abitidacerimonia Acquazzurra boutique Rimini 338/9412929,in negozio troverai il look perfetto per la tua occasione speciale 🌸 #abitoazzurro #abbigliamentodonna #lookoftheday #abitidacerimonia acquazzurra boutique rimini 338/9412929,True,English,General Fashion,0.03746
Instagram,Phase2,"POV: Cuando ves tu primeros videos 😂
Y cambiarías la mitad de las cosas jaja
Te gusto?
.
Reelsito para @paula.pas 👗
.
#viralreels #fashionreels #lookoftheday #chicstyle #trendingreels",1822,68,0,0,2026-05-22 18:26:53+00:00,POV: Cuando ves tu primeros videos 😂 Y cambiarías la mitad de las cosas jaja Te gusto? . Reelsito para .pas 👗 . #viralreels #fashionreels #lookoftheday #chicstyle #trendingreels,pov: cuando ves tu primeros videos 😂 y cambiarías la mitad de las cosas jaja te gusto? . reelsito para .pas 👗 . #viralreels #fashionreels #lookoftheday #chicstyle #trendingreels,True,English,General Fashion,0.09328
Instagram,Phase2,#lookoftheday #outfit #outfitoftoday,531,8,0,0,2026-06-01 17:41:43+00:00,#lookoftheday #outfit #outfitoftoday,#lookoftheday #outfit #outfitoftoday,True,English,General Fashion,0.02364
Instagram,Phase2,"А яке у вас бачення? 🇺🇦
#ukraine #lookoftheday #ukraniangirl #fitgirl #getreadywhitme",848,45,0,0,2026-05-19 09:03:35+00:00,А яке у вас бачення? 🇺🇦 #ukraine #lookoftheday #ukraniangirl #fitgirl #getreadywhitme,а яке у вас бачення? 🇺🇦 #ukraine #lookoftheday #ukraniangirl #fitgirl #getreadywhitme,True,English,General Fashion,0.04742
Instagram,Phase2,"Ты готов к лету? ☀️
Следуй за последними трендами вместе с DeFacto.
Напишите в комментариях какой образ вам понравился больше всего?😍

#DefactoCommunity
#DefactoSummer
#Lookoftheday",440,24,0,0,2026-06-01 08:13:22+00:00,Ты готов к лету? ☀️ Следуй за последними трендами вместе с DeFacto. Напишите в комментариях какой образ вам понравился больше всего?😍 #DefactoCommunity #DefactoSummer #Lookoftheday,ты готов к лету? ☀️ следуй за последними трендами вместе с defacto. напишите в комментариях какой образ вам понравился больше всего?😍 #defactocommunity #defactosummer #lookoftheday,True,English,General Fashion,0.024800000000000003
Instagram,Phase2,"Самые необычные подкрадули от @nike и @knwlslondon 🩷
.
Еще на мне:
Майка @befree_fashion 
Олимпийка @adidas 
Сумка @asecretknowledge_ask 
.
.
#vasilina_ium #lookoftheday #лукдня #лук #grwm",-1,187,0,0,2026-05-20 15:47:18+00:00,Самые необычные подкрадули от и 🩷 . Еще на мне: Майка Олимпийка Сумка . . #vasilina_ium #lookoftheday #лукдня #лук #grwm,самые необычные подкрадули от и 🩷 . еще на мне: майка олимпийка сумка . . #vasilina_ium #lookoftheday #лукдня #лук #grwm,True,English,Western/Casual,0.05606
Instagram,Phase2,"Comenta 'Amigas' y te mandamos link a los looks 🤍💙

#rivera #elisarivera #ootd #spring #lookoftheday",8881,510,0,0,2026-05-13 16:15:00+00:00,Comenta 'Amigas' y te mandamos link a los looks 🤍💙 #rivera #elisarivera #ootd #spring #lookoftheday,comenta 'amigas' y te mandamos link a los looks 🤍💙 #rivera #elisarivera #ootd #spring #lookoftheday,True,English,Traditional/Ethnic,0.50824
Instagram,Phase2,"There’s no one else whose smile brings me such happiness. I’m so glad you’re my honey.❤️

#lookoftheday 

#fashionblogger #saree #creative #trendingvideo fashionstyle",1172,6,0,0,2026-05-04 08:23:39+00:00,There’s no one else whose smile brings me such happiness. I’m so glad you’re my honey.❤️ #lookoftheday #fashionblogger #saree #creative #trendingvideo fashionstyle,there’s no one else whose smile brings me such happiness. i’m so glad you’re my honey.❤️ #lookoftheday #fashionblogger #saree #creative #trendingvideo fashionstyle,True,English,Traditional/Ethnic,0.04868000000000001
Instagram,Phase2,"Amo los vestidos largos y pegados de telas ligeras para estos días de calor, pero las minifaldas o vestidos cortos siempre se verán lindos!! Tu que prefieres? Vestidos cortos o largos? #felizdomingo #lookoftheday #Tujuguete  Escuchala en #spotify",1612,121,0,0,2026-05-24 18:10:55+00:00,"Amo los vestidos largos y pegados de telas ligeras para estos días de calor, pero las minifaldas o vestidos cortos siempre se verán lindos!! Tu que prefieres? Vestidos cortos o largos? #felizdomingo #lookoftheday #Tujuguete Escuchala en #spotify","amo los vestidos largos y pegados de telas ligeras para estos días de calor, pero las minifaldas o vestidos cortos siempre se verán lindos!! tu que prefieres? vestidos cortos o largos? #felizdomingo #lookoftheday #tujuguete escuchala en #spotify",True,English,General Fashion,0.10078000000000001
Instagram,Phase2,"Coffe date outfit @12storeez 🤍☕️
.
Кофейня : @academia__cafe
Бруня - собственность подруги 🐶
.
#ootd #эстетика #pinterest #образдня #инфлюенсер",623,50,0,0,2026-05-18 13:40:00+00:00,Coffe date outfit 🤍☕️ . Кофейня : Бруня - собственность подруги 🐶 . #ootd #эстетика #pinterest #образдня #инфлюенсер,coffe date outfit 🤍☕️ . кофейня : бруня - собственность подруги 🐶 . #ootd #эстетика #pinterest #образдня #инфлюенсер,True,English,General Fashion,0.03992
Instagram,Phase2,"собрала обзор из свой домашней одежды 🤍

как вам результат?

#ootd #lotd #lookoftheday #outfitinspo #outfitspring",979,9,0,0,2026-04-24 04:37:56+00:00,собрала обзор из свой домашней одежды 🤍 как вам результат? #ootd #lotd #lookoftheday #outfitinspo #outfitspring,собрала обзор из свой домашней одежды 🤍 как вам результат? #ootd #lotd #lookoftheday #outfitinspo #outfitspring,True,English,Western/Casual,0.04186
Instagram,Phase2,"Outfits to try this Spring/Summer -love all☀️

Comment ‘’Outfit’’ if you’d like the same or similar deets to these fits✨
:
:
:
:
:
:
:
:
#ootd #outfitinspo #outfitoftheday #lookoftheday #springoutfitideas #denimlooks #blazerstyle #casualstyle #casualoutfit #denimondenim #basicfit #falloutfitinspo #denimstyle #blackandwhiteoutfit #denimoutfit #summerfashion #springoutfits #amazonfashionfinds #springfashıon",-1,793,0,0,2026-05-21 22:54:17+00:00,Outfits to try this Spring/Summer -love all☀️ Comment ‘’Outfit’’ if you’d like the same or similar deets to these fits✨ : : : : : : : : #ootd #outfitinspo #outfitoftheday #lookoftheday #springoutfitideas #denimlooks #blazerstyle #casualstyle #casualoutfit #denimondenim #basicfit #falloutfitinspo #denimstyle #blackandwhiteoutfit #denimoutfit #summerfashion #springoutfits #amazonfashionfinds #springfashıon,outfits to try this spring/summer -love all☀️ comment ‘’outfit’’ if you’d like the same or similar deets to these fits✨ : : : : : : : : #ootd #outfitinspo #outfitoftheday #lookoftheday #springoutfitideas #denimlooks #blazerstyle #casualstyle #casualoutfit #denimondenim #basicfit #falloutfitinspo #denimstyle #blackandwhiteoutfit #denimoutfit #summerfashion #springoutfits #amazonfashionfinds #springfashıon,True,English,Western/Casual,0.23786
Instagram,Phase2,"@FashionNova replacing the daytime look with an evening one ❤️🖤✨
🔍CottonFlex™ Cut Out Back Sports Dress - Heather Grey
🔍Eden Bandage Midi Dress - Black",-1,59,0,0,2026-05-26 07:40:22+00:00,replacing the daytime look with an evening one ❤️🖤✨ 🔍CottonFlex™ Cut Out Back Sports Dress - Heather Grey 🔍Eden Bandage Midi Dress - Black,replacing the daytime look with an evening one ❤️🖤✨ 🔍cottonflex™ cut out back sports dress - heather grey 🔍eden bandage midi dress - black,True,English,General Fashion,0.01766
Instagram,Phase2,"Arrume-se com baby Lion para ir à igreja 🤌🏼🥹❤️

#carolinekamupa #lionkamupa #lookoftheday #lookdodia #lookbaby",597,59,0,0,2026-04-18 21:52:15+00:00,Arrume-se com baby Lion para ir à igreja 🤌🏼🥹❤️ #carolinekamupa #lionkamupa #lookoftheday #lookdodia #lookbaby,arrume-se com baby lion para ir à igreja 🤌🏼🥹❤️ #carolinekamupa #lionkamupa #lookoftheday #lookdodia #lookbaby,True,English,General Fashion,0.04158
Instagram,Phase2,"* Publicidad

Me encanta la versatilidad de las prendas deportivas de @prozisespana @prozis 💖

Total look:

• Camiseta + shorts: Prozis
• Blazer @shein_spain 
• Pendientes @love.resina32024 
• Labial @delfycosmetics 
• Bolso @gucci 
• Gafas de sol @dolcegabbana 

#prozisespaña #whynotshopper #exceedyourself #lookoftheday #ropadeportiva",568,62,0,0,2026-05-05 12:18:44+00:00,* Publicidad Me encanta la versatilidad de las prendas deportivas de 💖 Total look: • Camiseta + shorts: Prozis • Blazer • Pendientes .resina32024 • Labial • Bolso • Gafas de sol #prozisespaña #whynotshopper #exceedyourself #lookoftheday #ropadeportiva,* publicidad me encanta la versatilidad de las prendas deportivas de 💖 total look: • camiseta + shorts: prozis • blazer • pendientes .resina32024 • labial • bolso • gafas de sol #prozisespaña #whynotshopper #exceedyourself #lookoftheday #ropadeportiva,True,English,Western/Casual,0.04132
Instagram,Phase2,"Ainda pode postar vídeo de look aqui nesse perfil que só fala de maternidade? 😅
.
#grwm #2000 #lookoftheday",1364,44,0,0,2026-05-12 23:20:54+00:00,Ainda pode postar vídeo de look aqui nesse perfil que só fala de maternidade? 😅 . #grwm #2000 #lookoftheday,ainda pode postar vídeo de look aqui nesse perfil que só fala de maternidade? 😅 . #grwm #2000 #lookoftheday,True,English,Western/Casual,0.06776
Instagram,Phase2,"#grwm Feat @sunuks_merch ☑️

#nepalifashionreels #nepali #nepaliootd Follow for more tysm ☺️",33,2,0,0,2021-03-12 13:24:18+00:00,#grwm Feat ☑️ #nepalifashionreels #nepali #nepaliootd Follow for more tysm ☺️,#grwm feat ☑️ #nepalifashionreels #nepali #nepaliootd follow for more tysm ☺️,True,English,Western/Casual,0.0019199999999999998
Instagram,Phase2,"Summer looks ❤️You guys loved the last one so here you go ❤️

@sophielouisesdiary

⁣
.⁣
.⁣
.⁣
.⁣
.⁣
#nepalifashionlookbook #nepalifashionweek2018 #nepalifashionindustry #nepalifashions #nepalifashionjwellery #nepalifashionblogger #nepalifashionnow #nepalifashionblogformen #nepalifashioncollection #nepalifashiontrends #nepalifashiondress #nepalifashiondesigner❤️ #nepalifashionwear #nepalifashiondesigner #nepalifashionshow #nepalifashiondestination #nepalifashionblogge #nepalifashionbrand #nepalifashioninfluencer #nepalifashionstyle #nepalifashionlover #nepalifashionweek #nepalifashionphotographer #nepalifashion2 #nepalifashionbook #nepalifashion #nepalifashionreels #nepalifashiondesigners #nepalifashionbloggers #nepalifashionpower",3,0,0,0,2021-07-06 07:03:34+00:00,Summer looks ❤️You guys loved the last one so here you go ❤️ ⁣ .⁣ .⁣ .⁣ .⁣ .⁣ #nepalifashionlookbook #nepalifashionweek2018 #nepalifashionindustry #nepalifashions #nepalifashionjwellery #nepalifashionblogger #nepalifashionnow #nepalifashionblogformen #nepalifashioncollection #nepalifashiontrends #nepalifashiondress #nepalifashiondesigner❤️ #nepalifashionwear #nepalifashiondesigner #nepalifashionshow #nepalifashiondestination #nepalifashionblogge #nepalifashionbrand #nepalifashioninfluencer #nepalifashionstyle #nepalifashionlover #nepalifashionweek #nepalifashionphotographer #nepalifashion2 #nepalifashionbook #nepalifashion #nepalifashionreels #nepalifashiondesigners #nepalifashionbloggers #nepalifashionpower,summer looks ❤️you guys loved the last one so here you go ❤️ ⁣ .⁣ .⁣ .⁣ .⁣ .⁣ #nepalifashionlookbook #nepalifashionweek2018 #nepalifashionindustry #nepalifashions #nepalifashionjwellery #nepalifashionblogger #nepalifashionnow #nepalifashionblogformen #nepalifashioncollection #nepalifashiontrends #nepalifashiondress #nepalifashiondesigner❤️ #nepalifashionwear #nepalifashiondesigner #nepalifashionshow #nepalifashiondestination #nepalifashionblogge #nepalifashionbrand #nepalifashioninfluencer #nepalifashionstyle #nepalifashionlover #nepalifashionweek #nepalifashionphotographer #nepalifashion2 #nepalifashionbook #nepalifashion #nepalifashionreels #nepalifashiondesigners #nepalifashionbloggers #nepalifashionpower,True,English,General Fashion,0.00011999999999999999
Instagram,Phase2,"This red saree with intricate silver sequin and thread floral embroidery is bold, festive, and perfect for occasions like Teej, weddings, or parties.

Radiate bold elegance in red ❤️
This stunning saree features exquisite hand embroidery in silver sequins and thread, making it a showstopper for festive days and glamorous nights.

#RedSaree #EmbroideredElegance #SequinsAndShine #SareeGoals #HandworkSaree #FestiveWear #TeejReady #WeddingSeasonLook #NepaliTeejFashion #DesiGlam #EthnicVibes #SareeDiaries #TraditionalWithATwist #OOTDFestive #SareeWithStyle #ShineInRed #Teej2025 #NepaliFashionReels #BoldInRed",1,0,0,0,2025-08-03 09:00:33+00:00,"This red saree with intricate silver sequin and thread floral embroidery is bold, festive, and perfect for occasions like Teej, weddings, or parties. Radiate bold elegance in red ❤️ This stunning saree features exquisite hand embroidery in silver sequins and thread, making it a showstopper for festive days and glamorous nights. #RedSaree #EmbroideredElegance #SequinsAndShine #SareeGoals #HandworkSaree #FestiveWear #TeejReady #WeddingSeasonLook #NepaliTeejFashion #DesiGlam #EthnicVibes #SareeDiaries #TraditionalWithATwist #OOTDFestive #SareeWithStyle #ShineInRed #Teej2025 #NepaliFashionReels #BoldInRed","this red saree with intricate silver sequin and thread floral embroidery is bold, festive, and perfect for occasions like teej, weddings, or parties. radiate bold elegance in red ❤️ this stunning saree features exquisite hand embroidery in silver sequins and thread, making it a showstopper for festive days and glamorous nights. #redsaree #embroideredelegance #sequinsandshine #sareegoals #handworksaree #festivewear #teejready #weddingseasonlook #nepaliteejfashion #desiglam #ethnicvibes #sareediaries #traditionalwithatwist #ootdfestive #sareewithstyle #shineinred #teej2025 #nepalifashionreels #boldinred",True,English,Traditional/Ethnic,4e-05
Instagram,Phase2,"They told us pink was delicate. We made it powerful.

Introducing Gulabi Authority – the cotton co-ord set that feels like summer, but looks like a statement.

Slide into our DMs to grab yours before it’s gone.
.
.
.
.
.
.
.
.
.
.
#coordset #kurtafashion #nepalifashionbrand #kurtasetnepal #cottonkurtha #ootdnepal #nepalibusiness #nepalistyle #supportlocalnepal #nepalionlineshopping #summerfashionnepal #fashionnepal #minimalstyle #fashionwithpurpose #newdropnepal #womenwithstyle #themnmlabel #nepalifashionreels #softfashion #nepalifashionstore",-1,0,0,0,2025-05-12 06:24:43+00:00,"They told us pink was delicate. We made it powerful. Introducing Gulabi Authority – the cotton co-ord set that feels like summer, but looks like a statement. Slide into our DMs to grab yours before it’s gone. . . . . . . . . . . #coordset #kurtafashion #nepalifashionbrand #kurtasetnepal #cottonkurtha #ootdnepal #nepalibusiness #nepalistyle #supportlocalnepal #nepalionlineshopping #summerfashionnepal #fashionnepal #minimalstyle #fashionwithpurpose #newdropnepal #womenwithstyle #themnmlabel #nepalifashionreels #softfashion #nepalifashionstore","they told us pink was delicate. we made it powerful. introducing gulabi authority – the cotton co-ord set that feels like summer, but looks like a statement. slide into our dms to grab yours before it’s gone. . . . . . . . . . . #coordset #kurtafashion #nepalifashionbrand #kurtasetnepal #cottonkurtha #ootdnepal #nepalibusiness #nepalistyle #supportlocalnepal #nepalionlineshopping #summerfashionnepal #fashionnepal #minimalstyle #fashionwithpurpose #newdropnepal #womenwithstyle #themnmlabel #nepalifashionreels #softfashion #nepalifashionstore",True,English,Traditional/Ethnic,-4e-05
Instagram,Phase2,"Nepal ko trendy top – paper cotton, comfy & classy!
#nepalifashionreels #ootdgoals #toptrend #printedbeauty#classyvibes",47,0,0,0,2025-05-04 13:34:26+00:00,"Nepal ko trendy top – paper cotton, comfy & classy! #nepalifashionreels #ootdgoals #toptrend #printedbeauty#classyvibes","nepal ko trendy top – paper cotton, comfy & classy! #nepalifashionreels #ootdgoals #toptrend #printedbeauty#classyvibes",True,English,Western/Casual,0.0018800000000000002
Instagram,Phase2,"New in✨❤️
Color available
DM us
#ReelItFeelIt #WinterReels #ScarfGoals #MufflerMood #CozyReelVibes #NumaFashionReel #KathmanduStyleReels #NepaliFashionReels #WinterWardrobeInspo #TrendingReelsNepal #LayerUpWithStyle #ReelsNepal #WinterAccessoriesReels #ExploreTheTrend #OOTDReels #ScarfStyling #MufflerLove #ColdWeatherReels #NepalFashionReel #InstaReelStyle #ShopNepalLocal #WinterVibesReel #ReelFashionNepal",4,0,0,0,2024-11-15 08:38:11+00:00,New in✨❤️ Color available DM us #ReelItFeelIt #WinterReels #ScarfGoals #MufflerMood #CozyReelVibes #NumaFashionReel #KathmanduStyleReels #NepaliFashionReels #WinterWardrobeInspo #TrendingReelsNepal #LayerUpWithStyle #ReelsNepal #WinterAccessoriesReels #ExploreTheTrend #OOTDReels #ScarfStyling #MufflerLove #ColdWeatherReels #NepalFashionReel #InstaReelStyle #ShopNepalLocal #WinterVibesReel #ReelFashionNepal,new in✨❤️ color available dm us #reelitfeelit #winterreels #scarfgoals #mufflermood #cozyreelvibes #numafashionreel #kathmandustylereels #nepalifashionreels #winterwardrobeinspo #trendingreelsnepal #layerupwithstyle #reelsnepal #winteraccessoriesreels #explorethetrend #ootdreels #scarfstyling #mufflerlove #coldweatherreels #nepalfashionreel #instareelstyle #shopnepallocal #wintervibesreel #reelfashionnepal,True,English,Accessories,0.00016
Instagram,Phase2,@karuna_rr 🦋❤️#fashionreels #nepalifashiondesigner #nepalifashionreels,17,0,0,0,2022-07-28 10:58:45+00:00,🦋❤️#fashionreels #nepalifashiondesigner #nepalifashionreels,🦋❤️#fashionreels #nepalifashiondesigner #nepalifashionreels,True,English,General Fashion,0.00068
Instagram,Phase2,"New in✨✨
All color available
#ReelItFeelIt #WinterReels #ScarfGoals #MufflerMood #CozyReelVibes
#KathmanduStyleReels #NepaliFashionReels #WinterWardrobeInspo #TrendingReelsNepal #LayerUpWithStyle #ReelsNepal #WinterAccessoriesReels #ExploreTheTrend #OOTDReels #ScarfStyling #MufflerLove #ColdWeatherReels #NepalFashionReel #InstaReelStyle #ShopNepalLocal #WinterVibesReel #ReelFashionNepal",10,0,0,0,2024-11-16 06:38:33+00:00,New in✨✨ All color available #ReelItFeelIt #WinterReels #ScarfGoals #MufflerMood #CozyReelVibes #KathmanduStyleReels #NepaliFashionReels #WinterWardrobeInspo #TrendingReelsNepal #LayerUpWithStyle #ReelsNepal #WinterAccessoriesReels #ExploreTheTrend #OOTDReels #ScarfStyling #MufflerLove #ColdWeatherReels #NepalFashionReel #InstaReelStyle #ShopNepalLocal #WinterVibesReel #ReelFashionNepal,new in✨✨ all color available #reelitfeelit #winterreels #scarfgoals #mufflermood #cozyreelvibes #kathmandustylereels #nepalifashionreels #winterwardrobeinspo #trendingreelsnepal #layerupwithstyle #reelsnepal #winteraccessoriesreels #explorethetrend #ootdreels #scarfstyling #mufflerlove #coldweatherreels #nepalfashionreel #instareelstyle #shopnepallocal #wintervibesreel #reelfashionnepal,True,English,Accessories,0.0004
Instagram,Phase2,My beautiful client wearing our hand embroidered dress set 🦋color can be customized accordingly ❤️ #jckadesigns #handembroidery #ootd #fashiontiktok #fashioninspo #nepalifashionreels #reels,33,0,0,0,2022-08-02 05:28:09+00:00,My beautiful client wearing our hand embroidered dress set 🦋color can be customized accordingly ❤️ #jckadesigns #handembroidery #ootd #fashiontiktok #fashioninspo #nepalifashionreels #reels,my beautiful client wearing our hand embroidered dress set 🦋color can be customized accordingly ❤️ #jckadesigns #handembroidery #ootd #fashiontiktok #fashioninspo #nepalifashionreels #reels,True,English,General Fashion,0.00132
Instagram,Phase2,What you wearing right now? #fashionreels #stylingreels #styling #styleinspo #styleblogger #styleoftheday #wednesdayfashion #wednesdayoutfit #wednesdayvibes #ootd #asianstyle #asianvlogger #nepalifashion #nepalifashionreels #nepaliblogger #nepaliinstagrammer #nepaligirl #nepalitiktokfashion #style,214,11,0,0,2020-11-04 12:26:15+00:00,What you wearing right now? #fashionreels #stylingreels #styling #styleinspo #styleblogger #styleoftheday #wednesdayfashion #wednesdayoutfit #wednesdayvibes #ootd #asianstyle #asianvlogger #nepalifashion #nepalifashionreels #nepaliblogger #nepaliinstagrammer #nepaligirl #nepalitiktokfashion #style,what you wearing right now? #fashionreels #stylingreels #styling #styleinspo #styleblogger #styleoftheday #wednesdayfashion #wednesdayoutfit #wednesdayvibes #ootd #asianstyle #asianvlogger #nepalifashion #nepalifashionreels #nepaliblogger #nepaliinstagrammer #nepaligirl #nepalitiktokfashion #style,True,English,General Fashion,0.011859999999999999
Instagram,Phase2,"Your own Duchess 😂 Before & after watching Bridgerton 😝 Who else loved this series? 

#bridgerton #bridgertonsonnetflix #bridgertonoutfit #bridgertonedit #thankyounext #duchess #fashionreels #stylingreels #styling #styleinspo #styleblogger #styleoftheday #saturdayfashion #saturdayoutfit #saturdayvibes #ootd #asianstyle #asianvlogger #nepalifashion #nepalifashionreels #nepaliblogger #nepaliinstagrammer #nepaligirl #nepalitiktokfashion",570,37,0,0,2021-01-10 16:22:25+00:00,Your own Duchess 😂 Before & after watching Bridgerton 😝 Who else loved this series? #bridgerton #bridgertonsonnetflix #bridgertonoutfit #bridgertonedit #thankyounext #duchess #fashionreels #stylingreels #styling #styleinspo #styleblogger #styleoftheday #saturdayfashion #saturdayoutfit #saturdayvibes #ootd #asianstyle #asianvlogger #nepalifashion #nepalifashionreels #nepaliblogger #nepaliinstagrammer #nepaligirl #nepalitiktokfashion,your own duchess 😂 before & after watching bridgerton 😝 who else loved this series? #bridgerton #bridgertonsonnetflix #bridgertonoutfit #bridgertonedit #thankyounext #duchess #fashionreels #stylingreels #styling #styleinspo #styleblogger #styleoftheday #saturdayfashion #saturdayoutfit #saturdayvibes #ootd #asianstyle #asianvlogger #nepalifashion #nepalifashionreels #nepaliblogger #nepaliinstagrammer #nepaligirl #nepalitiktokfashion,True,English,Accessories,0.0339
Instagram,Phase2,"Premium Quality Exclusive Design JLO Bra 
Size:34C & 38B 
DM to order 
Delivery all over Nepal 
.
.
.
.
.
.
#FashionLingerieNepal

#NepalLingerie

#LingerieNepal

#BrandedBraNepal

#LingerieStoreNepal

#OnlineLingerieNepal

#BraShoppingNepal

#NepalOnlineStore

#DeliveryAllOverNepal

#FashionInNepal
#LingerieLover

#BrandedLingerie

#SexyLingerie

#BraGoals

#LuxuryLingerie

#LingerieAddict

#UnderwearFashion

#WomensWear

#LingerieVibes

#InstaFashionNepal
#ReelsNepal

#TrendingReelsNepal

#ViralLingerieReel

#BraReel

#NepaliFashionReels",2,0,0,0,2025-04-30 06:43:25+00:00,Premium Quality Exclusive Design JLO Bra Size:34C & 38B DM to order Delivery all over Nepal . . . . . . #FashionLingerieNepal #NepalLingerie #LingerieNepal #BrandedBraNepal #LingerieStoreNepal #OnlineLingerieNepal #BraShoppingNepal #NepalOnlineStore #DeliveryAllOverNepal #FashionInNepal #LingerieLover #BrandedLingerie #SexyLingerie #BraGoals #LuxuryLingerie #LingerieAddict #UnderwearFashion #WomensWear #LingerieVibes #InstaFashionNepal #ReelsNepal #TrendingReelsNepal #ViralLingerieReel #BraReel #NepaliFashionReels,premium quality exclusive design jlo bra size:34c & 38b dm to order delivery all over nepal . . . . . . #fashionlingerienepal #nepallingerie #lingerienepal #brandedbranepal #lingeriestorenepal #onlinelingerienepal #brashoppingnepal #nepalonlinestore #deliveryallovernepal #fashioninnepal #lingerielover #brandedlingerie #sexylingerie #bragoals #luxurylingerie #lingerieaddict #underwearfashion #womenswear #lingerievibes #instafashionnepal #reelsnepal #trendingreelsnepal #virallingeriereel #brareel #nepalifashionreels,True,English,General Fashion,8e-05
Instagram,Phase2,I forgot to put lipstick but I was still allowed in Dior show #fashionreels #stylingreels #styling #styleinspo #styleblogger #styleoftheday #tuesdayfashion #tuesdayoutfit #tuesdayvibes #ootd #asianstyle #howtostyle #dior #diorfrontrow #diorchallenge #styleinspo #styleinspiration #blazerstyling #asianvlogger #nepalifashion #nepalifashionreels #nepaliblogger #nepaliinstagrammer #nepaligirl #nepalitiktokfashion #nepaliyoutuber,283,15,0,0,2020-11-10 14:18:20+00:00,I forgot to put lipstick but I was still allowed in Dior show #fashionreels #stylingreels #styling #styleinspo #styleblogger #styleoftheday #tuesdayfashion #tuesdayoutfit #tuesdayvibes #ootd #asianstyle #howtostyle #dior #diorfrontrow #diorchallenge #styleinspo #styleinspiration #blazerstyling #asianvlogger #nepalifashion #nepalifashionreels #nepaliblogger #nepaliinstagrammer #nepaligirl #nepalitiktokfashion #nepaliyoutuber,i forgot to put lipstick but i was still allowed in dior show #fashionreels #stylingreels #styling #styleinspo #styleblogger #styleoftheday #tuesdayfashion #tuesdayoutfit #tuesdayvibes #ootd #asianstyle #howtostyle #dior #diorfrontrow #diorchallenge #styleinspo #styleinspiration #blazerstyling #asianvlogger #nepalifashion #nepalifashionreels #nepaliblogger #nepaliinstagrammer #nepaligirl #nepalitiktokfashion #nepaliyoutuber,True,English,Formal/Professional,0.01582
Instagram,Phase2,"Definitely dressing up for New year 2021. Which one is your favourite outfit? 

#newyearnewme #newyearoutfit #newyear2021 #zara #hm #zarafashion #zarawoman #zaraoutfit #dress #dressstyling #outfitinspo #fashionreels #stylingreels #styling #styleinspo #styleblogger #styleoftheday #tuesdayfashion #tuesdayoutfit #tuesdayvibes #ootd #asianstyle #asianvlogger #nepalifashion #nepalifashionreels #nepaliblogger #nepaliinstagrammer #nepaligirl #nepalitiktokfashion",380,41,0,0,2020-12-29 13:49:04+00:00,Definitely dressing up for New year 2021. Which one is your favourite outfit? #newyearnewme #newyearoutfit #newyear2021 #zara #hm #zarafashion #zarawoman #zaraoutfit #dress #dressstyling #outfitinspo #fashionreels #stylingreels #styling #styleinspo #styleblogger #styleoftheday #tuesdayfashion #tuesdayoutfit #tuesdayvibes #ootd #asianstyle #asianvlogger #nepalifashion #nepalifashionreels #nepaliblogger #nepaliinstagrammer #nepaligirl #nepalitiktokfashion,definitely dressing up for new year 2021. which one is your favourite outfit? #newyearnewme #newyearoutfit #newyear2021 #zara #hm #zarafashion #zarawoman #zaraoutfit #dress #dressstyling #outfitinspo #fashionreels #stylingreels #styling #styleinspo #styleblogger #styleoftheday #tuesdayfashion #tuesdayoutfit #tuesdayvibes #ootd #asianstyle #asianvlogger #nepalifashion #nepalifashionreels #nepaliblogger #nepaliinstagrammer #nepaligirl #nepalitiktokfashion,True,English,General Fashion,0.0275
Instagram,Phase2,"My obsession this season is leather blazer/jackets. What is yours? 

#fashionreels #stylingreels #styling #styleinspo #styleblogger #styleoftheday #mondayfashion #mondayoutfit #mondayvibes #ootd #asianstyle #asianvlogger #nepalifashion #nepalifashionreels #nepaliblogger #nepaliinstagrammer #nepaligirl #nepalitiktokfashion #leather #leatherfashion #leatherstyle #howtostyleleather #zarawomen #zarafashion #zara #zaraoutfits",147,8,0,0,2020-11-23 14:06:45+00:00,My obsession this season is leather blazer/jackets. What is yours? #fashionreels #stylingreels #styling #styleinspo #styleblogger #styleoftheday #mondayfashion #mondayoutfit #mondayvibes #ootd #asianstyle #asianvlogger #nepalifashion #nepalifashionreels #nepaliblogger #nepaliinstagrammer #nepaligirl #nepalitiktokfashion #leather #leatherfashion #leatherstyle #howtostyleleather #zarawomen #zarafashion #zara #zaraoutfits,my obsession this season is leather blazer/jackets. what is yours? #fashionreels #stylingreels #styling #styleinspo #styleblogger #styleoftheday #mondayfashion #mondayoutfit #mondayvibes #ootd #asianstyle #asianvlogger #nepalifashion #nepalifashionreels #nepaliblogger #nepaliinstagrammer #nepaligirl #nepalitiktokfashion #leather #leatherfashion #leatherstyle #howtostyleleather #zarawomen #zarafashion #zara #zaraoutfits,True,English,Western/Casual,0.00828
Instagram,Phase2,"Hate how IG only allows 30 secs reels. Full video on my tiktok - iamsaritarai What do you think of the final look? 

#fashionreels #stylingreels #styling #styleinspo #styleblogger #styleoftheday #sundayfashion #sundayoutfit #sundayvibes #ootd #asianstyle #asianvlogger #nepalifashion #nepalifashionreels #nepaliblogger #nepaliinstagrammer #nepaligirl #nepalitiktokfashion #gucci #guccichallenge #guccioutfit #guccifalloutfit",223,10,0,0,2020-11-15 16:30:34+00:00,Hate how IG only allows 30 secs reels. Full video on my tiktok - iamsaritarai What do you think of the final look? #fashionreels #stylingreels #styling #styleinspo #styleblogger #styleoftheday #sundayfashion #sundayoutfit #sundayvibes #ootd #asianstyle #asianvlogger #nepalifashion #nepalifashionreels #nepaliblogger #nepaliinstagrammer #nepaligirl #nepalitiktokfashion #gucci #guccichallenge #guccioutfit #guccifalloutfit,hate how ig only allows 30 secs reels. full video on my tiktok - iamsaritarai what do you think of the final look? #fashionreels #stylingreels #styling #styleinspo #styleblogger #styleoftheday #sundayfashion #sundayoutfit #sundayvibes #ootd #asianstyle #asianvlogger #nepalifashion #nepalifashionreels #nepaliblogger #nepaliinstagrammer #nepaligirl #nepalitiktokfashion #gucci #guccichallenge #guccioutfit #guccifalloutfit,True,English,Traditional/Ethnic,0.01192
Instagram,Phase2,"Birthday outfit this year 🥰

#fashionreels #stylingreels #styling #styleinspo #styleblogger #styleoftheday #fridayfashion #fridayoutfit #fridayvibes #ootd #asianstyle #asianvlogger #nepalifashion #nepalifashionreels #nepaliblogger #nepaliinstagrammer #nepaligirl #nepalitiktokfashion #blackdress #fashionstyling #slipdress #satindress #zarawomen #zara #zara",343,18,0,0,2020-11-20 12:08:40+00:00,Birthday outfit this year 🥰 #fashionreels #stylingreels #styling #styleinspo #styleblogger #styleoftheday #fridayfashion #fridayoutfit #fridayvibes #ootd #asianstyle #asianvlogger #nepalifashion #nepalifashionreels #nepaliblogger #nepaliinstagrammer #nepaligirl #nepalitiktokfashion #blackdress #fashionstyling #slipdress #satindress #zarawomen #zara #zara,birthday outfit this year 🥰 #fashionreels #stylingreels #styling #styleinspo #styleblogger #styleoftheday #fridayfashion #fridayoutfit #fridayvibes #ootd #asianstyle #asianvlogger #nepalifashion #nepalifashionreels #nepaliblogger #nepaliinstagrammer #nepaligirl #nepalitiktokfashion #blackdress #fashionstyling #slipdress #satindress #zarawomen #zara #zara,True,English,General Fashion,0.019119999999999998
Instagram,Phase2,"My outfits are all about comfort these days. I would rather feel comfortable in what I wear than look stylish 🥰 Anyone feel the same way like I do? 

#modestfashion #modestoutfits #comfortoverstyle #comfyoutfits #trouserswomen #fashionreels #stylingreels #styling #styleinspo #styleblogger #styleoftheday #wednesdayfashion #wednesdayoutfit #ootd #asianstyle #outfitinspiration #outfitoftheday #outfitinspo #nepalifashion #nepalifashionreels #nepaliblogger #nepaliinstagrammer #nepaligirl #nepalitiktokfashion",147,7,0,0,2021-01-13 17:14:55+00:00,My outfits are all about comfort these days. I would rather feel comfortable in what I wear than look stylish 🥰 Anyone feel the same way like I do? #modestfashion #modestoutfits #comfortoverstyle #comfyoutfits #trouserswomen #fashionreels #stylingreels #styling #styleinspo #styleblogger #styleoftheday #wednesdayfashion #wednesdayoutfit #ootd #asianstyle #outfitinspiration #outfitoftheday #outfitinspo #nepalifashion #nepalifashionreels #nepaliblogger #nepaliinstagrammer #nepaligirl #nepalitiktokfashion,my outfits are all about comfort these days. i would rather feel comfortable in what i wear than look stylish 🥰 anyone feel the same way like i do? #modestfashion #modestoutfits #comfortoverstyle #comfyoutfits #trouserswomen #fashionreels #stylingreels #styling #styleinspo #styleblogger #styleoftheday #wednesdayfashion #wednesdayoutfit #ootd #asianstyle #outfitinspiration #outfitoftheday #outfitinspo #nepalifashion #nepalifashionreels #nepaliblogger #nepaliinstagrammer #nepaligirl #nepalitiktokfashion,True,English,Western/Casual,0.00798
Instagram,Phase2,"The way it sparkles. No effects used. Glad I bought this. Can’t wait to wear this with a dress 🥰

#fashionreels #stylingreels #styling #styleinspo #styleblogger #styleoftheday #saturdayfashion #saturdayoutfit #saturdayvibes #ootd #asianstyle #rhinestone #rhinestonebra #bralet #croptop #hm #hmwomen #bra#nepalifashion #nepalifashionreels #nepaliblogger #nepaliinstagrammer #nepaligirl #nepalitiktokfashion",221,11,0,0,2021-01-02 13:10:29+00:00,The way it sparkles. No effects used. Glad I bought this. Can’t wait to wear this with a dress 🥰 #fashionreels #stylingreels #styling #styleinspo #styleblogger #styleoftheday #saturdayfashion #saturdayoutfit #saturdayvibes #ootd #asianstyle #rhinestone #rhinestonebra #bralet #croptop #hm #hmwomen #bra#nepalifashion #nepalifashionreels #nepaliblogger #nepaliinstagrammer #nepaligirl #nepalitiktokfashion,the way it sparkles. no effects used. glad i bought this. can’t wait to wear this with a dress 🥰 #fashionreels #stylingreels #styling #styleinspo #styleblogger #styleoftheday #saturdayfashion #saturdayoutfit #saturdayvibes #ootd #asianstyle #rhinestone #rhinestonebra #bralet #croptop #hm #hmwomen #bra#nepalifashion #nepalifashionreels #nepaliblogger #nepaliinstagrammer #nepaligirl #nepalitiktokfashion,True,English,Western/Casual,0.01214
Instagram,Phase2,"The most important fashion hack for ladies. You can thank me later ❤️

#fashionreels #stylingreels #styling #styleinspo #styleblogger #styleoftheday #lifechanginghacks #fashionhack #fashionhacks #ootd #asianstyle #asianvlogger #nepalifashion #nepalifashionreels #nepaliblogger #nepaliinstagrammer #nepaligirl #nepalitiktokfashion #makeuphacks",291,12,0,0,2020-11-22 15:26:40+00:00,The most important fashion hack for ladies. You can thank me later ❤️ #fashionreels #stylingreels #styling #styleinspo #styleblogger #styleoftheday #lifechanginghacks #fashionhack #fashionhacks #ootd #asianstyle #asianvlogger #nepalifashion #nepalifashionreels #nepaliblogger #nepaliinstagrammer #nepaligirl #nepalitiktokfashion #makeuphacks,the most important fashion hack for ladies. you can thank me later ❤️ #fashionreels #stylingreels #styling #styleinspo #styleblogger #styleoftheday #lifechanginghacks #fashionhack #fashionhacks #ootd #asianstyle #asianvlogger #nepalifashion #nepalifashionreels #nepaliblogger #nepaliinstagrammer #nepaligirl #nepalitiktokfashion #makeuphacks,True,English,General Fashion,0.01524
Instagram,Phase2,"Where craftsmanship meets timeless elegance 
A new era of luxury fashion is on the way.

Tabis Attire - Coming Soon
Designed for those who value detail, grace, and sophistication.

#tabisattire #comingsoon #LuxuryFashion #bridalwearnepal #designerwearnepal #highendfashion #PremiumWear #eveningwears #partywearnepal #HandcraftedLuxury #RebrandingJourney #nepalfashion #luxurystyle #EleganceRedefined #fashionbrand",5,0,0,0,2025-12-17 09:59:09+00:00,"Where craftsmanship meets timeless elegance A new era of luxury fashion is on the way. Tabis Attire - Coming Soon Designed for those who value detail, grace, and sophistication. #tabisattire #comingsoon #LuxuryFashion #bridalwearnepal #designerwearnepal #highendfashion #PremiumWear #eveningwears #partywearnepal #HandcraftedLuxury #RebrandingJourney #nepalfashion #luxurystyle #EleganceRedefined #fashionbrand","where craftsmanship meets timeless elegance a new era of luxury fashion is on the way. tabis attire - coming soon designed for those who value detail, grace, and sophistication. #tabisattire #comingsoon #luxuryfashion #bridalwearnepal #designerwearnepal #highendfashion #premiumwear #eveningwears #partywearnepal #handcraftedluxury #rebrandingjourney #nepalfashion #luxurystyle #eleganceredefined #fashionbrand",True,English,General Fashion,0.0002
Instagram,Phase2,"Effortless winter glam — cozy, chic, and ready for every event this season.
#deitynp #deitynepal WinterStyle #PartyWearNepal #WinterEssentials #ChicStyle #CozyGlam #EventReady",50,0,0,0,2025-12-03 12:08:49+00:00,"Effortless winter glam — cozy, chic, and ready for every event this season. #deitynp #deitynepal WinterStyle #PartyWearNepal #WinterEssentials #ChicStyle #CozyGlam #EventReady","effortless winter glam — cozy, chic, and ready for every event this season. #deitynp #deitynepal winterstyle #partywearnepal #winteressentials #chicstyle #cozyglam #eventready",True,English,General Fashion,0.002
Instagram,Phase2,"Premium Chikankari Anarkali ✨
Elegance in every thread 💕
Sequin-detailed | Sizes 38-44
📦 Delivery across Nepal
📩 DM to order now!

#ChikankariLove #AnarkaliVibes #NepaliFashion #KathmanduStyle #EthnicElegance #ShopNepal #BoutiqueNepal #PartyWearNepal #FashionNepal #NepaliBoutique #TraditionalWear #KurtiNepal #SupportLocalNepal #OnlineShoppingNepal #nepalfashionstore",39,0,0,0,2025-08-08 10:47:37+00:00,Premium Chikankari Anarkali ✨ Elegance in every thread 💕 Sequin-detailed | Sizes 38-44 📦 Delivery across Nepal 📩 DM to order now! #ChikankariLove #AnarkaliVibes #NepaliFashion #KathmanduStyle #EthnicElegance #ShopNepal #BoutiqueNepal #PartyWearNepal #FashionNepal #NepaliBoutique #TraditionalWear #KurtiNepal #SupportLocalNepal #OnlineShoppingNepal #nepalfashionstore,premium chikankari anarkali ✨ elegance in every thread 💕 sequin-detailed | sizes 38-44 📦 delivery across nepal 📩 dm to order now! #chikankarilove #anarkalivibes #nepalifashion #kathmandustyle #ethnicelegance #shopnepal #boutiquenepal #partywearnepal #fashionnepal #nepaliboutique #traditionalwear #kurtinepal #supportlocalnepal #onlineshoppingnepal #nepalfashionstore,True,English,Traditional/Ethnic,0.00156
Instagram,Phase2,"Wedding guest vibes in our latest sharara collections ✨
And yes — our Wedding Special Sale is live!
Lehenga & partywear upto 50% OFF + chance to win a brand-new scooter ❤️

#WeddingSeason #ShararaLook #WeddingSale #UpTo50Off #NaqabsFashion #WeddingCollection #PartyWearNepal #TrendingReelsNepal #FashionNepal #WeddingVibes #ScooterGiveaway #WeddingSpecial",42,0,0,0,2025-11-29 06:44:54+00:00,Wedding guest vibes in our latest sharara collections ✨ And yes — our Wedding Special Sale is live! Lehenga & partywear upto 50% OFF + chance to win a brand-new scooter ❤️ #WeddingSeason #ShararaLook #WeddingSale #UpTo50Off #NaqabsFashion #WeddingCollection #PartyWearNepal #TrendingReelsNepal #FashionNepal #WeddingVibes #ScooterGiveaway #WeddingSpecial,wedding guest vibes in our latest sharara collections ✨ and yes — our wedding special sale is live! lehenga & partywear upto 50% off + chance to win a brand-new scooter ❤️ #weddingseason #shararalook #weddingsale #upto50off #naqabsfashion #weddingcollection #partywearnepal #trendingreelsnepal #fashionnepal #weddingvibes #scootergiveaway #weddingspecial,True,English,Traditional/Ethnic,0.00168
Instagram,Phase2,"Aafreen Collection – Unstitched Georgette Suits (D.No. 5438 & 5440)
Grace that flows, elegance that stays.

Features:

Premium Georgette Fabric: Lightweight, breathable, and perfect for festive & formal occasions.

Exquisite Detailing: Intricate embroidery and stylish patterns for a regal look.

Versatile Unstitched Design: Customize to your perfect fit and style.

Ideal for weddings, parties, religious ceremonies, and cultural events.

Suitable for gifting during festivals or special occasions.

A timeless addition to any elegant wardrobe.

Benefits:

Fabric allows freedom in tailoring and personal design choices.

Elegant drape and flow enhance your silhouette.

Pairs beautifully with both modern and traditional accessories.

Contact:

Order now on WhatsApp/Viber: +977 9808852762

#AafreenCollection #VastraNepal #GeorgetteSuits #UnstitchedElegance #PartyWearNepal #EthnicWear #FestivalFashion #NepaliStyle #LuxuryLook #ShopNepal #FashionWithGrace #newlaunchnepal",3,0,0,0,2025-04-29 06:22:10+00:00,"Aafreen Collection – Unstitched Georgette Suits (D.No. 5438 & 5440) Grace that flows, elegance that stays. Features: Premium Georgette Fabric: Lightweight, breathable, and perfect for festive & formal occasions. Exquisite Detailing: Intricate embroidery and stylish patterns for a regal look. Versatile Unstitched Design: Customize to your perfect fit and style. Ideal for weddings, parties, religious ceremonies, and cultural events. Suitable for gifting during festivals or special occasions. A timeless addition to any elegant wardrobe. Benefits: Fabric allows freedom in tailoring and personal design choices. Elegant drape and flow enhance your silhouette. Pairs beautifully with both modern and traditional accessories. Contact: Order now on WhatsApp/Viber: +977 9808852762 #AafreenCollection #VastraNepal #GeorgetteSuits #UnstitchedElegance #PartyWearNepal #EthnicWear #FestivalFashion #NepaliStyle #LuxuryLook #ShopNepal #FashionWithGrace #newlaunchnepal","aafreen collection – unstitched georgette suits (d.no. 5438 & 5440) grace that flows, elegance that stays. features: premium georgette fabric: lightweight, breathable, and perfect for festive & formal occasions. exquisite detailing: intricate embroidery and stylish patterns for a regal look. versatile unstitched design: customize to your perfect fit and style. ideal for weddings, parties, religious ceremonies, and cultural events. suitable for gifting during festivals or special occasions. a timeless addition to any elegant wardrobe. benefits: fabric allows freedom in tailoring and personal design choices. elegant drape and flow enhance your silhouette. pairs beautifully with both modern and traditional accessories. contact: order now on whatsapp/viber: +977 9808852762 #aafreencollection #vastranepal #georgettesuits #unstitchedelegance #partywearnepal #ethnicwear #festivalfashion #nepalistyle #luxurylook #shopnepal #fashionwithgrace #newlaunchnepal",True,English,Traditional/Ethnic,0.00011999999999999999
Instagram,Phase2,"When the lyrics matches the Kurtha set. Grab yours quickly. 
Contact no: 9813696802
Location: Thasikhel, Lalitpur 
#aratiscollection #kurthainnrpal #kurthaset #mirrorkurthaset #partywearnepal",10,0,0,0,2026-04-02 10:04:37+00:00,"When the lyrics matches the Kurtha set. Grab yours quickly. Contact no: 9813696802 Location: Thasikhel, Lalitpur #aratiscollection #kurthainnrpal #kurthaset #mirrorkurthaset #partywearnepal","when the lyrics matches the kurtha set. grab yours quickly. contact no: 9813696802 location: thasikhel, lalitpur #aratiscollection #kurthainnrpal #kurthaset #mirrorkurthaset #partywearnepal",True,English,General Fashion,0.0004
Instagram,Phase2,"Shop our collection.✨
Sizes available: 38,40,42,44

💌DELIVERY ALL OVER NEPAL💌

#sanskaribyvu #onlinekurthashopnepal #kaftannepal #ethinicwear #partywearnepal",31,0,0,0,2026-04-07 12:21:30+00:00,"Shop our collection.✨ Sizes available: 38,40,42,44 💌DELIVERY ALL OVER NEPAL💌 #sanskaribyvu #onlinekurthashopnepal #kaftannepal #ethinicwear #partywearnepal","shop our collection.✨ sizes available: 38,40,42,44 💌delivery all over nepal💌 #sanskaribyvu #onlinekurthashopnepal #kaftannepal #ethinicwear #partywearnepal",True,English,General Fashion,0.00124
Instagram,Phase2,"Satin Silk Black Floral Cord Set :

Elegant neck design, floral print & comfy plazo surwal 🖤🌸
Perfect party wear | Easy wash.

📩 DM to order :9802036595
🚚 COD available
#shrinuscloset #cordset #partywearnepal
#floralprint #ladiesfashion",6,0,0,0,2026-01-10 16:20:32+00:00,"Satin Silk Black Floral Cord Set : Elegant neck design, floral print & comfy plazo surwal 🖤🌸 Perfect party wear | Easy wash. 📩 DM to order :9802036595 🚚 COD available #shrinuscloset #cordset #partywearnepal #floralprint #ladiesfashion","satin silk black floral cord set : elegant neck design, floral print & comfy plazo surwal 🖤🌸 perfect party wear | easy wash. 📩 dm to order :9802036595 🚚 cod available #shrinuscloset #cordset #partywearnepal #floralprint #ladiesfashion",True,English,General Fashion,0.00023999999999999998
Instagram,Phase2,"✨ SAVANA Elegant Black Lace Maxi Dress ✨

Turn heads wherever you go with this SAVANA Signature Black Maxi Dress — a perfect blend of elegance, confidence, and modern femininity 🖤

This dress is designed for women who love to look bold yet classy. The body-hugging fit beautifully enhances your curves, while the delicate lace detailing at the waist adds a touch of luxury and sophistication.

🌸 Dress Details:

• Brand: SAVANA
• Color: Classic Black 🖤
• Length: Full-length Maxi
• Fit: Body-fitted & flattering
• Neckline: Sweetheart neckline for a feminine look
• Sleeves: Full sleeves (elegant & stylish)
• Fabric: Soft stretchable fabric with premium lace detailing
• Style: Elegant, classy & timeless

💃 Why You’ll Love It:

✔️ Makes your body look slimmer & more defined
✔️ Perfect balance of sexy & classy
✔️ Comfortable for long wear
✔️ Premium finishing & high-quality fabric

🎉 Perfect For:

• Party wear
• Date night ❤️
• Evening outings
• Birthday celebrations 🎂
• Clubbing & special occasions
• Photoshoots & reels 📸

Style it with heels, minimal jewelry, and a bold lip for a complete SAVANA look ✨

#Savana #SavanaDress #BlackMaxiDress
#ElegantLook #PartyWearNepal ClassyOutfit
BodyfitDress LaceDress WomenFashionNepal
TikTokShopNepal InstagramBoutique EveningDress
BoldAndBeautiful FashionReels",24,1,0,0,2026-01-19 09:29:22+00:00,"✨ SAVANA Elegant Black Lace Maxi Dress ✨ Turn heads wherever you go with this SAVANA Signature Black Maxi Dress — a perfect blend of elegance, confidence, and modern femininity 🖤 This dress is designed for women who love to look bold yet classy. The body-hugging fit beautifully enhances your curves, while the delicate lace detailing at the waist adds a touch of luxury and sophistication. 🌸 Dress Details: • Brand: SAVANA • Color: Classic Black 🖤 • Length: Full-length Maxi • Fit: Body-fitted & flattering • Neckline: Sweetheart neckline for a feminine look • Sleeves: Full sleeves (elegant & stylish) • Fabric: Soft stretchable fabric with premium lace detailing • Style: Elegant, classy & timeless 💃 Why You’ll Love It: ✔️ Makes your body look slimmer & more defined ✔️ Perfect balance of sexy & classy ✔️ Comfortable for long wear ✔️ Premium finishing & high-quality fabric 🎉 Perfect For: • Party wear • Date night ❤️ • Evening outings • Birthday celebrations 🎂 • Clubbing & special occasions • Photoshoots & reels 📸 Style it with heels, minimal jewelry, and a bold lip for a complete SAVANA look ✨ #Savana #SavanaDress #BlackMaxiDress #ElegantLook #PartyWearNepal ClassyOutfit BodyfitDress LaceDress WomenFashionNepal TikTokShopNepal InstagramBoutique EveningDress BoldAndBeautiful FashionReels","✨ savana elegant black lace maxi dress ✨ turn heads wherever you go with this savana signature black maxi dress — a perfect blend of elegance, confidence, and modern femininity 🖤 this dress is designed for women who love to look bold yet classy. the body-hugging fit beautifully enhances your curves, while the delicate lace detailing at the waist adds a touch of luxury and sophistication. 🌸 dress details: • brand: savana • color: classic black 🖤 • length: full-length maxi • fit: body-fitted & flattering • neckline: sweetheart neckline for a feminine look • sleeves: full sleeves (elegant & stylish) • fabric: soft stretchable fabric with premium lace detailing • style: elegant, classy & timeless 💃 why you’ll love it: ✔️ makes your body look slimmer & more defined ✔️ perfect balance of sexy & classy ✔️ comfortable for long wear ✔️ premium finishing & high-quality fabric 🎉 perfect for: • party wear • date night ❤️ • evening outings • birthday celebrations 🎂 • clubbing & special occasions • photoshoots & reels 📸 style it with heels, minimal jewelry, and a bold lip for a complete savana look ✨ #savana #savanadress #blackmaxidress #elegantlook #partywearnepal classyoutfit bodyfitdress lacedress womenfashionnepal tiktokshopnepal instagramboutique eveningdress boldandbeautiful fashionreels",True,English,Indo-Western/Fusion,0.0012599999999999998
Instagram,Phase2,"You found the perfect party fit. 🤩
​
Sparkles, style, and a whole lot of grace. 💫
Upgrade your wardrobe with the latest designer wear from Vision By Deepanjali.
​Grab this look now! 🛍️👇
📍 Shop T-24, Third Floor, City Centre
​
#VisionByDeepanjali #CityCentreNepal #LehengaLove #BlackLehenga #PartyWearNepal #KathmanduFashion #WeddingSeason #ShopT24 #ethnicwear",631,3,0,0,2026-01-20 04:09:04+00:00,"You found the perfect party fit. 🤩 ​ Sparkles, style, and a whole lot of grace. 💫 Upgrade your wardrobe with the latest designer wear from Vision By Deepanjali. ​Grab this look now! 🛍️👇 📍 Shop T-24, Third Floor, City Centre ​ #VisionByDeepanjali #CityCentreNepal #LehengaLove #BlackLehenga #PartyWearNepal #KathmanduFashion #WeddingSeason #ShopT24 #ethnicwear","you found the perfect party fit. 🤩 ​ sparkles, style, and a whole lot of grace. 💫 upgrade your wardrobe with the latest designer wear from vision by deepanjali. ​grab this look now! 🛍️👇 📍 shop t-24, third floor, city centre ​ #visionbydeepanjali #citycentrenepal #lehengalove #blacklehenga #partywearnepal #kathmandufashion #weddingseason #shopt24 #ethnicwear",True,English,Traditional/Ethnic,0.026140000000000004
Instagram,Phase2,"Two shades. One iconic sparkle ✨

Available now at LitUp Fashion
📩 DM to order | Limited pieces only

#LitUpFashion #SequinDress #PartyWearNepal #EveningDress
#SparkleLook",-1,2,0,0,2026-01-08 07:10:32+00:00,Two shades. One iconic sparkle ✨ Available now at LitUp Fashion 📩 DM to order | Limited pieces only #LitUpFashion #SequinDress #PartyWearNepal #EveningDress #SparkleLook,two shades. one iconic sparkle ✨ available now at litup fashion 📩 dm to order | limited pieces only #litupfashion #sequindress #partywearnepal #eveningdress #sparklelook,True,English,General Fashion,0.00056
Instagram,Phase2,"💖 Blooming Faux Anarkali – New Arrival 💖

✨ Details:
• Anarkali Fabric: Heavy Blooming Faux
• Work: Rainbow Sequence + Moti Embroidery
• Inner: Heavy Micro Cotton
• Length: 48–49"" | Flair: 6 meters
• Sleeves: Full
• Sizes: M(38), L(40), XL(42), XXL(44)
• Bottom: Micro Cotton (40–41"")
• Dupatta: Blooming Faux with Matching Embroidery (2.10m)
• Fully stitched & ready to wear

🚚 Delivery all over Nepal
🛒 Festive • Elegant • Komal Threads aesthetic

#KomalThreads #KomalThreadsCollection #AnarkaliNepal #SoftAestheticNepal #EthnicWearNepal #PartyWearNepal",-1,28,0,0,2025-11-14 16:11:54+00:00,"💖 Blooming Faux Anarkali – New Arrival 💖 ✨ Details: • Anarkali Fabric: Heavy Blooming Faux • Work: Rainbow Sequence + Moti Embroidery • Inner: Heavy Micro Cotton • Length: 48–49"" | Flair: 6 meters • Sleeves: Full • Sizes: M(38), L(40), XL(42), XXL(44) • Bottom: Micro Cotton (40–41"") • Dupatta: Blooming Faux with Matching Embroidery (2.10m) • Fully stitched & ready to wear 🚚 Delivery all over Nepal 🛒 Festive • Elegant • Komal Threads aesthetic #KomalThreads #KomalThreadsCollection #AnarkaliNepal #SoftAestheticNepal #EthnicWearNepal #PartyWearNepal","💖 blooming faux anarkali – new arrival 💖 ✨ details: • anarkali fabric: heavy blooming faux • work: rainbow sequence + moti embroidery • inner: heavy micro cotton • length: 48–49"" | flair: 6 meters • sleeves: full • sizes: m(38), l(40), xl(42), xxl(44) • bottom: micro cotton (40–41"") • dupatta: blooming faux with matching embroidery (2.10m) • fully stitched & ready to wear 🚚 delivery all over nepal 🛒 festive • elegant • komal threads aesthetic #komalthreads #komalthreadscollection #anarkalinepal #softaestheticnepal #ethnicwearnepal #partywearnepal",True,English,Traditional/Ethnic,0.00836
Instagram,Phase2,"Tapai ko style destination.
New Road–Khichapokhari ma affordable price ma premium fashion.
Everyday wear dekhi party wear samma – sabai ekai thau ma.
Delivery all over the Nepal.

📍People’s Plaza, 5th Floor, Shop 605, Khichapokhari, Kathmandu 
📞 9851200804

#FashionableU #NewRoadFashion #Khichapokhari #PeoplesPlaza #AffordableFashion #QualityWear
#LadiesWearNepal #PartyWearNepal #EverydayWear #NepalFashion #KathmanduShopping
#FashionStoreNepal #StyleNepal #ShopLocalNepal",15,0,0,0,2026-01-11 08:49:14+00:00,"Tapai ko style destination. New Road–Khichapokhari ma affordable price ma premium fashion. Everyday wear dekhi party wear samma – sabai ekai thau ma. Delivery all over the Nepal. 📍People’s Plaza, 5th Floor, Shop 605, Khichapokhari, Kathmandu 📞 9851200804 #FashionableU #NewRoadFashion #Khichapokhari #PeoplesPlaza #AffordableFashion #QualityWear #LadiesWearNepal #PartyWearNepal #EverydayWear #NepalFashion #KathmanduShopping #FashionStoreNepal #StyleNepal #ShopLocalNepal","tapai ko style destination. new road–khichapokhari ma affordable price ma premium fashion. everyday wear dekhi party wear samma – sabai ekai thau ma. delivery all over the nepal. 📍people’s plaza, 5th floor, shop 605, khichapokhari, kathmandu 📞 9851200804 #fashionableu #newroadfashion #khichapokhari #peoplesplaza #affordablefashion #qualitywear #ladieswearnepal #partywearnepal #everydaywear #nepalfashion #kathmandushopping #fashionstorenepal #stylenepal #shoplocalnepal",True,English,General Fashion,0.0006000000000000001
Instagram,Phase2,"Maroon velvet sequin dress 
Dm us for more details
#SatinDressNepal
#SatinDressKathmandu
#KathmanduFashion
#DressNepal
#PartyWearNepal
#EveningDressNepal
#FormalWearNepal
#LuxuryDressNepal
#OnlineDressNepal
#KathmanduShopping
#SatinStyle
#ElegantStyleNepal
#ClassyLookNepal
#Satin
#NepaliFashionista
#NepalFashionBloggers
#OOTDNepal
#glamnepal",-1,0,0,0,2025-06-30 06:55:38+00:00,Maroon velvet sequin dress Dm us for more details #SatinDressNepal #SatinDressKathmandu #KathmanduFashion #DressNepal #PartyWearNepal #EveningDressNepal #FormalWearNepal #LuxuryDressNepal #OnlineDressNepal #KathmanduShopping #SatinStyle #ElegantStyleNepal #ClassyLookNepal #Satin #NepaliFashionista #NepalFashionBloggers #OOTDNepal #glamnepal,maroon velvet sequin dress dm us for more details #satindressnepal #satindresskathmandu #kathmandufashion #dressnepal #partywearnepal #eveningdressnepal #formalwearnepal #luxurydressnepal #onlinedressnepal #kathmandushopping #satinstyle #elegantstylenepal #classylooknepal #satin #nepalifashionista #nepalfashionbloggers #ootdnepal #glamnepal,True,English,Formal/Professional,-4e-05
Instagram,Phase2,Booking open for Magh & Falgun brides — customize your dream outfit with KB Fashion Studio. DM to book!  #KBFashionStudio #MaghBride #FalgunBride #WeddingSeason2025 #CustomMadeOutfit #NepalWeddingFashion #DesignerWearNepal #BridalOutfitNepal #BookYourOrder #PartyWearNepal #LehengaDesign #SareeLoveNepal #SimaraBoutique #TeejToWeddingSeason,-1,0,0,0,2025-12-09 02:15:36+00:00,Booking open for Magh & Falgun brides — customize your dream outfit with KB Fashion Studio. DM to book! #KBFashionStudio #MaghBride #FalgunBride #WeddingSeason2025 #CustomMadeOutfit #NepalWeddingFashion #DesignerWearNepal #BridalOutfitNepal #BookYourOrder #PartyWearNepal #LehengaDesign #SareeLoveNepal #SimaraBoutique #TeejToWeddingSeason,booking open for magh & falgun brides — customize your dream outfit with kb fashion studio. dm to book! #kbfashionstudio #maghbride #falgunbride #weddingseason2025 #custommadeoutfit #nepalweddingfashion #designerwearnepal #bridaloutfitnepal #bookyourorder #partywearnepal #lehengadesign #sareelovenepal #simaraboutique #teejtoweddingseason,True,English,Traditional/Ethnic,-4e-05
Instagram,Phase2,"Mini party dress available !! 

#partywearnepal#secondhandshopnepal#secondhandclothesnepal#thriftstorenepal#thriftktm#byesanna#byesannanepal#thriftstorefinds#",0,0,0,0,2023-09-22 04:57:59+00:00,Mini party dress available !! #partywearnepal#secondhandshopnepal#secondhandclothesnepal#thriftstorenepal#thriftktm#byesanna#byesannanepal#thriftstorefinds#,mini party dress available !! #partywearnepal#secondhandshopnepal#secondhandclothesnepal#thriftstorenepal#thriftktm#byesanna#byesannanepal#thriftstorefinds#,True,English,General Fashion,0.0
Instagram,Phase2,"✨ 🇳🇵 NEW DESIGNER COLLECTION LAUNCHED 🇳🇵 ✨💫 FRENCH CREPE SILK SUIT SET 💫💃 FULLY STITCHED | READY TO WEAR 💃🌟 Fabric Details: 🌟👚 Top:French Crepe Silk with Embroidery & Sequence Work 🌸Inner: Heavy Micro Cotton 🧵Length: 38 inch | Sizes: M(38), L(40), XL(42), XXL(44)👖 Sharara Pant:Soft Crepe Silk with Elastic Waist ✨Length: 40–41 inch | Fully Stitched🧣 Dupatta:Heavy Tissue Silk with Embroidery & Sequence Work 🌺📦 Weight: 950gm – Premium & Lightweight Feel 💯💃 Perfect for Festive Events, Weddings & Celebrations!📍 Available Now at Shri Krishna Fashion Collection – Baglung👇 DM to Book Yours Today! 💬#FrenchCrepeSilk #NewArrival #DesignerSetNepal #ReadyToWearSet #ShriKrishnaFashion #ShararaStyle #TissueSilkDupatta #BaglungFashion #WomenWearNepal #FestiveFashion #FullyStitchedKurti #PartyWearNepal",2,0,0,0,2025-07-05 02:46:04+00:00,"✨ 🇳🇵 NEW DESIGNER COLLECTION LAUNCHED 🇳🇵 ✨💫 FRENCH CREPE SILK SUIT SET 💫💃 FULLY STITCHED | READY TO WEAR 💃🌟 Fabric Details: 🌟👚 Top:French Crepe Silk with Embroidery & Sequence Work 🌸Inner: Heavy Micro Cotton 🧵Length: 38 inch | Sizes: M(38), L(40), XL(42), XXL(44)👖 Sharara Pant:Soft Crepe Silk with Elastic Waist ✨Length: 40–41 inch | Fully Stitched🧣 Dupatta:Heavy Tissue Silk with Embroidery & Sequence Work 🌺📦 Weight: 950gm – Premium & Lightweight Feel 💯💃 Perfect for Festive Events, Weddings & Celebrations!📍 Available Now at Shri Krishna Fashion Collection – Baglung👇 DM to Book Yours Today! 💬#FrenchCrepeSilk #NewArrival #DesignerSetNepal #ReadyToWearSet #ShriKrishnaFashion #ShararaStyle #TissueSilkDupatta #BaglungFashion #WomenWearNepal #FestiveFashion #FullyStitchedKurti #PartyWearNepal","✨ 🇳🇵 new designer collection launched 🇳🇵 ✨💫 french crepe silk suit set 💫💃 fully stitched | ready to wear 💃🌟 fabric details: 🌟👚 top:french crepe silk with embroidery & sequence work 🌸inner: heavy micro cotton 🧵length: 38 inch | sizes: m(38), l(40), xl(42), xxl(44)👖 sharara pant:soft crepe silk with elastic waist ✨length: 40–41 inch | fully stitched🧣 dupatta:heavy tissue silk with embroidery & sequence work 🌺📦 weight: 950gm – premium & lightweight feel 💯💃 perfect for festive events, weddings & celebrations!📍 available now at shri krishna fashion collection – baglung👇 dm to book yours today! 💬#frenchcrepesilk #newarrival #designersetnepal #readytowearset #shrikrishnafashion #shararastyle #tissuesilkdupatta #baglungfashion #womenwearnepal #festivefashion #fullystitchedkurti #partywearnepal",True,English,Traditional/Ethnic,8e-05
Instagram,Phase2,"Party Wear Georgette Saaree 
different shades available!

Dm for more details!!
.
.
.
.

#Saares #saareelove #saareinnepal #weddingdress #bridesmaide #ethincwearshop  #traditionalwear #poonamcollection #ethinicfashion #salenepal #saleinkathmandu #onlineshoppingkathmandu #trending #instashop #partywearnepal 

EthinicLove, Ethinic Wear Shop, Saaree designs Online Traditional Wear, Wedding look Wedding Offer, WeddinginNepal🇳🇵",10,1,0,0,2024-11-22 08:08:34+00:00,"Party Wear Georgette Saaree different shades available! Dm for more details!! . . . . #Saares #saareelove #saareinnepal #weddingdress #bridesmaide #ethincwearshop #traditionalwear #poonamcollection #ethinicfashion #salenepal #saleinkathmandu #onlineshoppingkathmandu #trending #instashop #partywearnepal EthinicLove, Ethinic Wear Shop, Saaree designs Online Traditional Wear, Wedding look Wedding Offer, WeddinginNepal🇳🇵","party wear georgette saaree different shades available! dm for more details!! . . . . #saares #saareelove #saareinnepal #weddingdress #bridesmaide #ethincwearshop #traditionalwear #poonamcollection #ethinicfashion #salenepal #saleinkathmandu #onlineshoppingkathmandu #trending #instashop #partywearnepal ethiniclove, ethinic wear shop, saaree designs online traditional wear, wedding look wedding offer, weddinginnepal🇳🇵",True,English,Traditional/Ethnic,0.0007
Instagram,Phase2,"Komal Threads – Premium Anarkali Collection 💖

A stunning Blooming Faux Anarkali Set designed with heavy rainbow sequins embroidery + moti detailing, paired with a matching bottom and dupatta. A luxury three-piece outfit crafted for weddings, gatherings, and festive occasions.

Product Highlights:
• Fabric: Heavy Blooming Faux
• Work: Rainbow sequins embroidery with moti work
• Inner: Heavy micro cotton
• Sleeves: Full sleeves
• Flair: 6 meters
• Length: 48–49 inches
• Sizes: M(38), L(40), XL(42), XXL(44)

Bottom:
• Fabric: Heavy micro cotton
• Length: 40–41 inches

Dupatta:
• Fabric: Blooming Faux
• Work: Rainbow sequins embroidery + moti work
• Length: 2.10 m

💖 Premium Quality
✨ Showroom Finished
🚚 Delivery all over Nepal & worldwide

#KomalThreads #AnarkaliLove #PremiumEthnicWear #DesignerAnarkali #PartyWearNepal #WeddingEdit #FestiveFashion #BloomingFaux #ElegantStyles #NepalFashionBoutique",-1,6,0,0,2025-12-07 11:49:49+00:00,"Komal Threads – Premium Anarkali Collection 💖 A stunning Blooming Faux Anarkali Set designed with heavy rainbow sequins embroidery + moti detailing, paired with a matching bottom and dupatta. A luxury three-piece outfit crafted for weddings, gatherings, and festive occasions. Product Highlights: • Fabric: Heavy Blooming Faux • Work: Rainbow sequins embroidery with moti work • Inner: Heavy micro cotton • Sleeves: Full sleeves • Flair: 6 meters • Length: 48–49 inches • Sizes: M(38), L(40), XL(42), XXL(44) Bottom: • Fabric: Heavy micro cotton • Length: 40–41 inches Dupatta: • Fabric: Blooming Faux • Work: Rainbow sequins embroidery + moti work • Length: 2.10 m 💖 Premium Quality ✨ Showroom Finished 🚚 Delivery all over Nepal & worldwide #KomalThreads #AnarkaliLove #PremiumEthnicWear #DesignerAnarkali #PartyWearNepal #WeddingEdit #FestiveFashion #BloomingFaux #ElegantStyles #NepalFashionBoutique","komal threads – premium anarkali collection 💖 a stunning blooming faux anarkali set designed with heavy rainbow sequins embroidery + moti detailing, paired with a matching bottom and dupatta. a luxury three-piece outfit crafted for weddings, gatherings, and festive occasions. product highlights: • fabric: heavy blooming faux • work: rainbow sequins embroidery with moti work • inner: heavy micro cotton • sleeves: full sleeves • flair: 6 meters • length: 48–49 inches • sizes: m(38), l(40), xl(42), xxl(44) bottom: • fabric: heavy micro cotton • length: 40–41 inches dupatta: • fabric: blooming faux • work: rainbow sequins embroidery + moti work • length: 2.10 m 💖 premium quality ✨ showroom finished 🚚 delivery all over nepal & worldwide #komalthreads #anarkalilove #premiumethnicwear #designeranarkali #partywearnepal #weddingedit #festivefashion #bloomingfaux #elegantstyles #nepalfashionboutique",True,English,Traditional/Ethnic,0.0017599999999999998
Instagram,Phase2,"𝐒𝐩𝐚𝐫𝐤𝐥𝐞 𝐒𝐞𝐚𝐬𝐨𝐧 𝐢𝐬 𝐇𝐞𝐫𝐞! ✨🥂

Get ready to turn heads with our latest arrivals. From sequin statements to chic leather fits, we have the perfect look for your next night out. 💃

💌 𝐃𝐌 𝐮𝐬 𝐟𝐨𝐫 𝐩𝐫𝐢𝐜𝐞𝐬 𝐚𝐧𝐝 𝐬𝐢𝐳𝐞𝐬!
📍 𝐎𝐩𝐩𝐨𝐬𝐢𝐭𝐞 𝐔𝐒 𝐄𝐦𝐛𝐚𝐬𝐬𝐲, 𝐌𝐚𝐡𝐚𝐫𝐚𝐣𝐠𝐮𝐧𝐣, 𝐊𝐚𝐭𝐡𝐦𝐚𝐧𝐝𝐮 

#TaraKTM #KathmanduFashion #PartyWearNepal #OOTD #ShopTheLook #NepalFashion #Maharajgunj",14,1,0,0,2026-01-28 08:15:45+00:00,"𝐒𝐩𝐚𝐫𝐤𝐥𝐞 𝐒𝐞𝐚𝐬𝐨𝐧 𝐢𝐬 𝐇𝐞𝐫𝐞! ✨🥂 Get ready to turn heads with our latest arrivals. From sequin statements to chic leather fits, we have the perfect look for your next night out. 💃 💌 𝐃𝐌 𝐮𝐬 𝐟𝐨𝐫 𝐩𝐫𝐢𝐜𝐞𝐬 𝐚𝐧𝐝 𝐬𝐢𝐳𝐞𝐬! 📍 𝐎𝐩𝐩𝐨𝐬𝐢𝐭𝐞 𝐔𝐒 𝐄𝐦𝐛𝐚𝐬𝐬𝐲, 𝐌𝐚𝐡𝐚𝐫𝐚𝐣𝐠𝐮𝐧𝐣, 𝐊𝐚𝐭𝐡𝐦𝐚𝐧𝐝𝐮 #TaraKTM #KathmanduFashion #PartyWearNepal #OOTD #ShopTheLook #NepalFashion #Maharajgunj","𝐒𝐩𝐚𝐫𝐤𝐥𝐞 𝐒𝐞𝐚𝐬𝐨𝐧 𝐢𝐬 𝐇𝐞𝐫𝐞! ✨🥂 get ready to turn heads with our latest arrivals. from sequin statements to chic leather fits, we have the perfect look for your next night out. 💃 💌 𝐃𝐌 𝐮𝐬 𝐟𝐨𝐫 𝐩𝐫𝐢𝐜𝐞𝐬 𝐚𝐧𝐝 𝐬𝐢𝐳𝐞𝐬! 📍 𝐎𝐩𝐩𝐨𝐬𝐢𝐭𝐞 𝐔𝐒 𝐄𝐦𝐛𝐚𝐬𝐬𝐲, 𝐌𝐚𝐡𝐚𝐫𝐚𝐣𝐠𝐮𝐧𝐣, 𝐊𝐚𝐭𝐡𝐦𝐚𝐧𝐝𝐮 #taraktm #kathmandufashion #partywearnepal #ootd #shopthelook #nepalfashion #maharajgunj",True,English,Western/Casual,0.0008600000000000001
Instagram,Phase2,"Is it just me or happens with you too? 
White always makes me feel positive 🤍
Flaunting this beautiful creative piece by @swetaacharyaofficial 
Muah @makeup_by_nijan 
#whitecordset #ottd #instafashion #nepalifashioninspo #glamup #fashioninspo",1090,17,0,0,2025-05-05 12:54:30+00:00,Is it just me or happens with you too? White always makes me feel positive 🤍 Flaunting this beautiful creative piece by Muah #whitecordset #ottd #instafashion #nepalifashioninspo #glamup #fashioninspo,is it just me or happens with you too? white always makes me feel positive 🤍 flaunting this beautiful creative piece by muah #whitecordset #ottd #instafashion #nepalifashioninspo #glamup #fashioninspo,True,English,General Fashion,0.0487
Instagram,Phase2,#KathmanduFashion #NepalFashion #NepaliStyle #KathmanduStyle #NepaleseFashion #WomenWearNepal #KathmanduShopping #NepalFashionBloggers #FashionKathmandu #NepaliBrand #KathmanduClothing #WomenFashionKathmandu #NepalStreetStyle #NepaliFashionInspo #ShopLocalNepal #WomensFashion #FashionLaunch,5,0,0,0,2024-09-13 12:43:30+00:00,#KathmanduFashion #NepalFashion #NepaliStyle #KathmanduStyle #NepaleseFashion #WomenWearNepal #KathmanduShopping #NepalFashionBloggers #FashionKathmandu #NepaliBrand #KathmanduClothing #WomenFashionKathmandu #NepalStreetStyle #NepaliFashionInspo #ShopLocalNepal #WomensFashion #FashionLaunch,#kathmandufashion #nepalfashion #nepalistyle #kathmandustyle #nepalesefashion #womenwearnepal #kathmandushopping #nepalfashionbloggers #fashionkathmandu #nepalibrand #kathmanduclothing #womenfashionkathmandu #nepalstreetstyle #nepalifashioninspo #shoplocalnepal #womensfashion #fashionlaunch,True,English,Western/Casual,0.0002
Instagram,Phase2,"Indoor PhotoShoot 
  Detailing 👇🏻

Tank Top : lamourfits 

Formal Pant : clothing_mania_pokhara

SnakePrint Sandal : sora_outfits 

Oversized Blazer : lane88_pkr 

Chanel Bag : royalsbags611 
.
.
#july #julyfashion #indoorphotoshoot #photography #nepalifashioninspo #fashionstyle #stylecreator #poser #nepalibloglifestyle #luxurylifestyle #nepali #nepal",-1,0,0,0,2021-07-18 05:58:10+00:00,Indoor PhotoShoot Detailing 👇🏻 Tank Top : lamourfits Formal Pant : clothing_mania_pokhara SnakePrint Sandal : sora_outfits Oversized Blazer : lane88_pkr Chanel Bag : royalsbags611 . . #july #julyfashion #indoorphotoshoot #photography #nepalifashioninspo #fashionstyle #stylecreator #poser #nepalibloglifestyle #luxurylifestyle #nepali #nepal,indoor photoshoot detailing 👇🏻 tank top : lamourfits formal pant : clothing_mania_pokhara snakeprint sandal : sora_outfits oversized blazer : lane88_pkr chanel bag : royalsbags611 . . #july #julyfashion #indoorphotoshoot #photography #nepalifashioninspo #fashionstyle #stylecreator #poser #nepalibloglifestyle #luxurylifestyle #nepali #nepal,True,English,Western/Casual,-4e-05
Instagram,Phase2,"🚨 Only one left. And it’s not waiting around. 🚨

This black kurtha set is a whole vibe — detailed embroidery, soft breathable fabric, and a dupatta that says main character energy. Whether you’re dressing up for an event or just tired of blending in, this is your sign to stand out.

✨ One piece. That’s it. No restock.
Slide into our DMs before someone else checks out with your dream outfit 🖤

.
.
.
#blackkurthaset #lastpieceleft #limitedstockalert #nepalismallbusiness #embroideredkurta #kurtastyle #nepalifashionblogger #kurthasetnepal #blackkurta #ootdnepal #affordablefashionnepal #trendingkurthis #nepalionlineshopping #kurthadesign #fashionreelsnepal #facelessfashion #nepalioutfitideas #nepaliboutique #oneleftonly #donotmiss",-1,0,0,0,2025-06-20 14:01:41+00:00,"🚨 Only one left. And it’s not waiting around. 🚨 This black kurtha set is a whole vibe — detailed embroidery, soft breathable fabric, and a dupatta that says main character energy. Whether you’re dressing up for an event or just tired of blending in, this is your sign to stand out. ✨ One piece. That’s it. No restock. Slide into our DMs before someone else checks out with your dream outfit 🖤 . . . #blackkurthaset #lastpieceleft #limitedstockalert #nepalismallbusiness #embroideredkurta #kurtastyle #nepalifashionblogger #kurthasetnepal #blackkurta #ootdnepal #affordablefashionnepal #trendingkurthis #nepalionlineshopping #kurthadesign #fashionreelsnepal #facelessfashion #nepalioutfitideas #nepaliboutique #oneleftonly #donotmiss","🚨 only one left. and it’s not waiting around. 🚨 this black kurtha set is a whole vibe — detailed embroidery, soft breathable fabric, and a dupatta that says main character energy. whether you’re dressing up for an event or just tired of blending in, this is your sign to stand out. ✨ one piece. that’s it. no restock. slide into our dms before someone else checks out with your dream outfit 🖤 . . . #blackkurthaset #lastpieceleft #limitedstockalert #nepalismallbusiness #embroideredkurta #kurtastyle #nepalifashionblogger #kurthasetnepal #blackkurta #ootdnepal #affordablefashionnepal #trendingkurthis #nepalionlineshopping #kurthadesign #fashionreelsnepal #facelessfashion #nepalioutfitideas #nepaliboutique #oneleftonly #donotmiss",True,English,Traditional/Ethnic,-4e-05
Instagram,Phase2,#newpost #nepali #instagood #instamood #interiorstyling #instavibes #nepaligirl #nepalioutfitoftheday #hairstyles #poses #etc,179,13,0,0,2025-02-09 13:29:25+00:00,#newpost #nepali #instagood #instamood #interiorstyling #instavibes #nepaligirl #nepalioutfitoftheday #hairstyles #poses #etc,#newpost #nepali #instagood #instamood #interiorstyling #instavibes #nepaligirl #nepalioutfitoftheday #hairstyles #poses #etc,True,English,General Fashion,0.01106
Instagram,Phase2,"☘👽.
.
.
.
.
.
.
.
.
.
.
.
. some chunky vibe 
Feed check 
#feeddecor #glasses #blackandwhite #edit #accessories #nepal #nepaliblogger #nepaliinfluencer #fashioninfluncers #nepalioutfitoftheday",63,1,0,0,2021-08-04 13:40:08+00:00,☘👽. . . . . . . . . . . . . some chunky vibe Feed check #feeddecor #glasses #blackandwhite #edit #accessories #nepal #nepaliblogger #nepaliinfluencer #fashioninfluncers #nepalioutfitoftheday,☘👽. . . . . . . . . . . . . some chunky vibe feed check #feeddecor #glasses #blackandwhite #edit #accessories #nepal #nepaliblogger #nepaliinfluencer #fashioninfluncers #nepalioutfitoftheday,True,English,Accessories,0.00282
Instagram,Phase2,"Stop making eye contact with me, I can't afford a wedding right now.
.
.
.
.
.
😬",131,11,0,0,2021-07-12 02:09:48+00:00,"Stop making eye contact with me, I can't afford a wedding right now. . . . . . 😬","stop making eye contact with me, i can't afford a wedding right now. . . . . . 😬",True,English,Traditional/Ethnic,0.00854
Instagram,Phase2,"""Playing dress up begins at age five and never truly ends."" #nepalioutfitoftheday #poonhilltrek #poonhill #annapurnaregion #nepal",-1,2,0,0,2021-04-26 07:03:46+00:00,"""Playing dress up begins at age five and never truly ends."" #nepalioutfitoftheday #poonhilltrek #poonhill #annapurnaregion #nepal","""playing dress up begins at age five and never truly ends."" #nepalioutfitoftheday #poonhilltrek #poonhill #annapurnaregion #nepal",True,English,General Fashion,0.00056
Instagram,Phase2,"Nepali look in my face, knekowa lagise🌸😍
#newpost #ınstagrampost #trendingpost #nepalilook #foryoupage",10,3,0,0,2026-06-02 04:11:38+00:00,"Nepali look in my face, knekowa lagise🌸😍 #newpost #ınstagrampost #trendingpost #nepalilook #foryoupage","nepali look in my face, knekowa lagise🌸😍 #newpost #ınstagrampost #trendingpost #nepalilook #foryoupage",True,English,General Fashion,0.0013
Instagram,Phase2,"चेहरे पर मुस्कान और दिल में साफ़ नियत,
इस नेपाली लुक में बढ़ गई है मेरी खूबसूरती की अहमियत। ❤️✨#NepaliLook #TraditionalVibes #Graceful #EthnicStyle  #TraditionalWear 🌹💃🏽🕺🏼😊👑💕",1,0,0,0,2026-06-01 10:47:36+00:00,"चेहरे पर मुस्कान और दिल में साफ़ नियत, इस नेपाली लुक में बढ़ गई है मेरी खूबसूरती की अहमियत। ❤️✨#NepaliLook #TraditionalVibes #Graceful #EthnicStyle #TraditionalWear 🌹💃🏽🕺🏼😊👑💕","चेहरे पर मुस्कान और दिल में साफ़ नियत, इस नेपाली लुक में बढ़ गई है मेरी खूबसूरती की अहमियत। ❤️✨#nepalilook #traditionalvibes #graceful #ethnicstyle #traditionalwear 🌹💃🏽🕺🏼😊👑💕",True,Nepali,Traditional/Ethnic,4e-05
Instagram,Phase2,"👀🥱
#salinaathapa #post #treditionallook❤️ #northeastbeauty #nepalilook",0,0,0,0,2026-05-29 03:42:51+00:00,👀🥱 #salinaathapa #post #treditionallook❤️ #northeastbeauty #nepalilook,👀🥱 #salinaathapa #post #treditionallook❤️ #northeastbeauty #nepalilook,True,English,General Fashion,0.0
Instagram,Phase2,"My Nepali Treditional look 👀
No Nazar 🧿 
.
.
.
.
.
#nepalilook #instagrampost #likeforlikes",53,6,0,0,2026-05-27 14:13:24+00:00,My Nepali Treditional look 👀 No Nazar 🧿 . . . . . #nepalilook #instagrampost #likeforlikes,my nepali treditional look 👀 no nazar 🧿 . . . . . #nepalilook #instagrampost #likeforlikes,True,English,General Fashion,0.00392
Instagram,Phase2,"म कस्तो देखीरहेकी छु 🫣❤️?
.
.
.
#instapost #fyp #nepali #nepalilook #goviral",-1,15,0,0,2026-05-27 13:51:21+00:00,म कस्तो देखीरहेकी छु 🫣❤️? . . . #instapost #fyp #nepali #nepalilook #goviral,म कस्तो देखीरहेकी छु 🫣❤️? . . . #instapost #fyp #nepali #nepalilook #goviral,True,Nepali,General Fashion,0.0044599999999999996
Instagram,Phase2,"Darjeeling nepali traditional drs❣️

#dajeeling#explore #pahadi#nepalilook#foryoupage",145,13,0,0,2026-05-27 06:10:41+00:00,Darjeeling nepali traditional drs❣️ #dajeeling#explore #pahadi#nepalilook#foryoupage,darjeeling nepali traditional drs❣️ #dajeeling#explore #pahadi#nepalilook#foryoupage,True,English,Traditional/Ethnic,0.0097
Instagram,Phase2,"Hehehehe

#newpost #nepalilook#explorepage✨ #viralpost #fyp",1792,43,0,0,2026-05-26 09:04:09+00:00,Hehehehe #newpost #nepalilook#explorepage✨ #viralpost #fyp,hehehehe #newpost #nepalilook#explorepage✨ #viralpost #fyp,True,English,General Fashion,0.08458
Instagram,Phase2,"Kanchi reh Kanchi…❤️🍂✨🇳🇵
.
.
.
#newpost #nepalilook #explorepage✨ #fyp #ridhiabannerjee",41,8,0,0,2026-05-26 04:16:01+00:00,Kanchi reh Kanchi…❤️🍂✨🇳🇵 . . . #newpost #nepalilook #explorepage✨ #fyp #ridhiabannerjee,kanchi reh kanchi…❤️🍂✨🇳🇵 . . . #newpost #nepalilook #explorepage✨ #fyp #ridhiabannerjee,True,English,General Fashion,0.00404
Instagram,Phase2,"#NepaliLook
#magargirl☘️🌼🌸🌈💫 
#traditionalnepalidress #nepalisong❤️ #nepalisbeautiful likesharecomment 😎🎀✨",62,14,0,0,2026-05-25 09:58:11+00:00,#NepaliLook #magargirl☘️🌼🌸🌈💫 #traditionalnepalidress #nepalisong❤️ #nepalisbeautiful likesharecomment 😎🎀✨,#nepalilook #magargirl☘️🌼🌸🌈💫 #traditionalnepalidress #nepalisong❤️ #nepalisbeautiful likesharecomment 😎🎀✨,True,English,Traditional/Ethnic,0.00668
Instagram,Phase2,"🩷🫶
Dressing and mekup @kanxiii_tamangni_7 
#nepalisong❤️ #nepalilook 
#like #comment#share",64,8,0,0,2026-05-25 07:53:52+00:00,🩷🫶 Dressing and mekup #nepalisong❤️ #nepalilook #like #comment#share,🩷🫶 dressing and mekup #nepalisong❤️ #nepalilook #like #comment#share,True,English,General Fashion,0.00496
Instagram,Phase2,"In Nepali look🇳🇵.

#loveyourself #nepalilook #liveandletliveothers #photogenic",36,1,0,0,2026-05-21 19:31:35+00:00,In Nepali look🇳🇵. #loveyourself #nepalilook #liveandletliveothers #photogenic,in nepali look🇳🇵. #loveyourself #nepalilook #liveandletliveothers #photogenic,True,English,General Fashion,0.00174
Instagram,Phase2,"Nepali look 💄🪄
#bridalmakeup #nepalilook #photoshoot #paccosmeticsguwahati #makeover 
Model @dipti_biswasarma",41,4,0,0,2026-05-21 15:31:34+00:00,Nepali look 💄🪄 #bridalmakeup #nepalilook #photoshoot #paccosmeticsguwahati #makeover Model,nepali look 💄🪄 #bridalmakeup #nepalilook #photoshoot #paccosmeticsguwahati #makeover model,True,English,General Fashion,0.00284
Instagram,Phase2,"*Caption:*
Red mood, simple vibes ❤️

*Hashtag:*
#RedLove #NepaliLook #justme",3,0,0,0,2026-05-20 07:00:53+00:00,"*Caption:* Red mood, simple vibes ❤️ *Hashtag:* #RedLove #NepaliLook #justme","*caption:* red mood, simple vibes ❤️ *hashtag:* #redlove #nepalilook #justme",True,English,General Fashion,0.00011999999999999999
Instagram,Phase2,"12.05.2026✨
#instrapost #likeforlikes #viralpost #nepalilook",167,26,0,0,2026-05-18 14:56:08+00:00,12.05.2026✨ #instrapost #likeforlikes #viralpost #nepalilook,12.05.2026✨ #instrapost #likeforlikes #viralpost #nepalilook,True,English,General Fashion,0.01448
Instagram,Phase2,"“Wrapped in Nepali tradition and elegance ❤️”
#NepaliLook #TraditionalVibes #EthnicWear #NepaliGirl #CulturalBeauty",35,2,0,0,2026-05-15 13:21:27+00:00,“Wrapped in Nepali tradition and elegance ❤️” #NepaliLook #TraditionalVibes #EthnicWear #NepaliGirl #CulturalBeauty,“wrapped in nepali tradition and elegance ❤️” #nepalilook #traditionalvibes #ethnicwear #nepaligirl #culturalbeauty,True,English,Traditional/Ethnic,0.002
Instagram,Phase2,"Khubsurati surat me hai nah libaaz me Nigahein jise chahe use haseen karde 🌙🍃

#nepali #nepalisong #nepalilook #1",-1,4,0,0,2026-05-14 14:46:27+00:00,Khubsurati surat me hai nah libaaz me Nigahein jise chahe use haseen karde 🌙🍃 #nepali #nepalisong #nepalilook #1,khubsurati surat me hai nah libaaz me nigahein jise chahe use haseen karde 🌙🍃 #nepali #nepalisong #nepalilook #1,True,English,General Fashion,0.0011599999999999998
Instagram,Phase2,"Jhyappai ayi magarni🫣😍
……
#magarniiiii❤️‍🩹☘️💐 
#nepalilook 
#chisapani_karnali 
#culturallook",197,13,0,0,2026-05-12 14:22:41+00:00,Jhyappai ayi magarni🫣😍 …… #magarniiiii❤️‍🩹☘️💐 #nepalilook #chisapani_karnali #culturallook,jhyappai ayi magarni🫣😍 …… #magarniiiii❤️‍🩹☘️💐 #nepalilook #chisapani_karnali #culturallook,True,English,Traditional/Ethnic,0.011779999999999999
Instagram,Phase2,"#nepalilook
#♥️♥️ ✨",1072,124,0,0,2026-05-11 10:17:07+00:00,#nepalilook #♥️♥️ ✨,#nepalilook #♥️♥️ ✨,True,English,General Fashion,0.08008
Instagram,Phase2,"Authentic Nepali vibes 🍄
.
.
.
.
.
.
#nepalilook #traditionalvibes✨ #viral #explorepage #likeforme",130,18,0,0,2026-05-11 04:32:32+00:00,Authentic Nepali vibes 🍄 . . . . . . #nepalilook #traditionalvibes✨ #viral #explorepage #likeforme,authentic nepali vibes 🍄 . . . . . . #nepalilook #traditionalvibes✨ #viral #explorepage #likeforme,True,English,Traditional/Ethnic,0.010599999999999998
Instagram,Phase2,"🤭.....
#batasiyaloop #darjeeling #photoeveryday 
#nepalilook #songs",58,18,0,0,2026-05-10 07:52:11+00:00,🤭..... #batasiyaloop #darjeeling #photoeveryday #nepalilook #songs,🤭..... #batasiyaloop #darjeeling #photoeveryday #nepalilook #songs,True,English,General Fashion,0.007719999999999999
Instagram,Phase2,"✨ Inspiring Conversations, Empowering Futures ✨

Global College International successfully hosted the Miss Nepal 2026 College Activation Program, providing students with an enriching opportunity to engage with inspiring leaders and role models.

We were honored to welcome Dr. Sumana KC, Miss Nepal Earth 2024, and Dr. Sareesha Shrestha, Miss Nepal Earth 2022, who shared their journeys, experiences, and insights on leadership, confidence, personal growth, and social impact.

The interactive session encouraged students to embrace their potential, develop self-confidence, and contribute positively to society.

A heartfelt thank you to The Hidden Treasure, our distinguished guests, and all participating students for making the event a memorable success.

#GlobalCollegeInternational #GCI #CPD #MissNepal2026 #CollegeActivationProgram #Leadership #Confidence #StudentEngagement #LearningBeyondClassroom #MissNepal #FutureLeaders",3,0,0,0,2026-06-02 09:49:26+00:00,"✨ Inspiring Conversations, Empowering Futures ✨ Global College International successfully hosted the Miss Nepal 2026 College Activation Program, providing students with an enriching opportunity to engage with inspiring leaders and role models. We were honored to welcome Dr. Sumana KC, Miss Nepal Earth 2024, and Dr. Sareesha Shrestha, Miss Nepal Earth 2022, who shared their journeys, experiences, and insights on leadership, confidence, personal growth, and social impact. The interactive session encouraged students to embrace their potential, develop self-confidence, and contribute positively to society. A heartfelt thank you to The Hidden Treasure, our distinguished guests, and all participating students for making the event a memorable success. #GlobalCollegeInternational #GCI #CPD #MissNepal2026 #CollegeActivationProgram #Leadership #Confidence #StudentEngagement #LearningBeyondClassroom #MissNepal #FutureLeaders","✨ inspiring conversations, empowering futures ✨ global college international successfully hosted the miss nepal 2026 college activation program, providing students with an enriching opportunity to engage with inspiring leaders and role models. we were honored to welcome dr. sumana kc, miss nepal earth 2024, and dr. sareesha shrestha, miss nepal earth 2022, who shared their journeys, experiences, and insights on leadership, confidence, personal growth, and social impact. the interactive session encouraged students to embrace their potential, develop self-confidence, and contribute positively to society. a heartfelt thank you to the hidden treasure, our distinguished guests, and all participating students for making the event a memorable success. #globalcollegeinternational #gci #cpd #missnepal2026 #collegeactivationprogram #leadership #confidence #studentengagement #learningbeyondclassroom #missnepal #futureleaders",True,English,Traditional/Ethnic,0.00011999999999999999
Instagram,Phase2,"👑 Your Miss Nepal 2026 journey starts now!

From Pokhara, Butwal, Birtamod, Itahari, Nepalgunj, and Janakpur to the grand stage in Kathmandu, the search for Nepal’s next queen is officially on. Applications close on June 8, and this year’s theme is “Top of the World.” ✨

If you have the confidence, purpose, and passion to represent Nepal on the global stage, this is your sign to apply. 💫

#thebuzznepal #expecttheunexpected #missnepal #news #MissNepal2026",40,1,0,0,2026-05-31 06:17:34+00:00,"👑 Your Miss Nepal 2026 journey starts now! From Pokhara, Butwal, Birtamod, Itahari, Nepalgunj, and Janakpur to the grand stage in Kathmandu, the search for Nepal’s next queen is officially on. Applications close on June 8, and this year’s theme is “Top of the World.” ✨ If you have the confidence, purpose, and passion to represent Nepal on the global stage, this is your sign to apply. 💫 #thebuzznepal #expecttheunexpected #missnepal #news #MissNepal2026","👑 your miss nepal 2026 journey starts now! from pokhara, butwal, birtamod, itahari, nepalgunj, and janakpur to the grand stage in kathmandu, the search for nepal’s next queen is officially on. applications close on june 8, and this year’s theme is “top of the world.” ✨ if you have the confidence, purpose, and passion to represent nepal on the global stage, this is your sign to apply. 💫 #thebuzznepal #expecttheunexpected #missnepal #news #missnepal2026",True,English,Western/Casual,0.0019
Instagram,Phase2,"Thank you for inviting me ❤️🫶
Mr and miss Face of See Nepal 🇳🇵🇳🇵
#fashion #nepal #nepalmodel #faceof2026 #missnepal",39,2,0,0,2026-05-30 16:20:28+00:00,Thank you for inviting me ❤️🫶 Mr and miss Face of See Nepal 🇳🇵🇳🇵 #fashion #nepal #nepalmodel #faceof2026 #missnepal,thank you for inviting me ❤️🫶 mr and miss face of see nepal 🇳🇵🇳🇵 #fashion #nepal #nepalmodel #faceof2026 #missnepal,True,English,General Fashion,0.00216
Instagram,Phase2,"Glimpses of the College Activation Program of Miss Nepal 2026 at Namuna College of Fashion Technology, Bansbari, Kathmandu. In this interactive program, students demonstrated acts related to confidence. Brij Cement is associated with Miss Nepal 2026 as a Subtitle Sponsor for the title ""Brij Miss Confident"".
#BrijCement #ExpertsChoice #MissNepal #MissNepalCollegeActivationProgram",1,0,0,0,2026-05-29 06:06:51+00:00,"Glimpses of the College Activation Program of Miss Nepal 2026 at Namuna College of Fashion Technology, Bansbari, Kathmandu. In this interactive program, students demonstrated acts related to confidence. Brij Cement is associated with Miss Nepal 2026 as a Subtitle Sponsor for the title ""Brij Miss Confident"". #BrijCement #ExpertsChoice #MissNepal #MissNepalCollegeActivationProgram","glimpses of the college activation program of miss nepal 2026 at namuna college of fashion technology, bansbari, kathmandu. in this interactive program, students demonstrated acts related to confidence. brij cement is associated with miss nepal 2026 as a subtitle sponsor for the title ""brij miss confident"". #brijcement #expertschoice #missnepal #missnepalcollegeactivationprogram",True,English,General Fashion,4e-05
Instagram,Phase2,MRS @barshakunwar every purchase is more than a transaction it’s a connection . We’re grateful for you 😊❤️ #Anitajewels #Missnepal #diamond #Necklace,33,4,0,0,2026-05-28 13:32:01+00:00,MRS every purchase is more than a transaction it’s a connection . We’re grateful for you 😊❤️ #Anitajewels #Missnepal #diamond #Necklace,mrs every purchase is more than a transaction it’s a connection . we’re grateful for you 😊❤️ #anitajewels #missnepal #diamond #necklace,True,English,Accessories,0.0025199999999999997
Instagram,Phase2,"Glimpses of the College Activation Program of Miss Nepal 2026 at Unique College, Lalitpur, Nepal. In this interactive program, students demonstrated acts related to confidence. Brij Cement is associated with Miss Nepal 2026 as a Subtitle Sponsor for the title ""Brij Miss Confident"".
#BrijCement #ExpertsChoice #MissNepal #MissNepalCollegeActivationProgram",1,0,0,0,2026-05-27 08:02:25+00:00,"Glimpses of the College Activation Program of Miss Nepal 2026 at Unique College, Lalitpur, Nepal. In this interactive program, students demonstrated acts related to confidence. Brij Cement is associated with Miss Nepal 2026 as a Subtitle Sponsor for the title ""Brij Miss Confident"". #BrijCement #ExpertsChoice #MissNepal #MissNepalCollegeActivationProgram","glimpses of the college activation program of miss nepal 2026 at unique college, lalitpur, nepal. in this interactive program, students demonstrated acts related to confidence. brij cement is associated with miss nepal 2026 as a subtitle sponsor for the title ""brij miss confident"". #brijcement #expertschoice #missnepal #missnepalcollegeactivationprogram",True,English,General Fashion,4e-05
Instagram,Phase2,"What an incredible experience at the 𝐌𝐢𝐬𝐬 𝐍𝐞𝐩𝐚𝐥 𝟐𝟎𝟐𝟔  𝐂𝐨𝐥𝐥𝐞𝐠𝐞 𝐀𝐜𝐭𝐢𝐯𝐚𝐭𝐢𝐨𝐧!
 
A huge thank you to the 𝐌𝐢𝐬𝐬 𝐍𝐞𝐩𝐚𝐥 𝐭𝐞𝐚𝐦 for making this event so memorable. Our students truly enjoyed every moment from the energy, interaction, inspiration, and excitement to meeting such amazing personalities. 
 
Thank you to all the students who participated and made the event a grand success! 
 
#MissNepal2026 #CollegeActivation #StudentExperience  #MissNepal",58,0,0,0,2026-05-26 10:25:02+00:00,"What an incredible experience at the 𝐌𝐢𝐬𝐬 𝐍𝐞𝐩𝐚𝐥 𝟐𝟎𝟐𝟔 𝐂𝐨𝐥𝐥𝐞𝐠𝐞 𝐀𝐜𝐭𝐢𝐯𝐚𝐭𝐢𝐨𝐧! A huge thank you to the 𝐌𝐢𝐬𝐬 𝐍𝐞𝐩𝐚𝐥 𝐭𝐞𝐚𝐦 for making this event so memorable. Our students truly enjoyed every moment from the energy, interaction, inspiration, and excitement to meeting such amazing personalities. Thank you to all the students who participated and made the event a grand success! #MissNepal2026 #CollegeActivation #StudentExperience #MissNepal","what an incredible experience at the 𝐌𝐢𝐬𝐬 𝐍𝐞𝐩𝐚𝐥 𝟐𝟎𝟐𝟔 𝐂𝐨𝐥𝐥𝐞𝐠𝐞 𝐀𝐜𝐭𝐢𝐯𝐚𝐭𝐢𝐨𝐧! a huge thank you to the 𝐌𝐢𝐬𝐬 𝐍𝐞𝐩𝐚𝐥 𝐭𝐞𝐚𝐦 for making this event so memorable. our students truly enjoyed every moment from the energy, interaction, inspiration, and excitement to meeting such amazing personalities. thank you to all the students who participated and made the event a grand success! #missnepal2026 #collegeactivation #studentexperience #missnepal",True,English,General Fashion,0.00232
Instagram,Phase2,"Want to enjoy an exclusive dinner experience with Miss Nepal 2026 divas?

Kajaria Ramesh Tiles has launched a special campaign giving customers a chance to win a memorable evening with the Miss Nepal 2026 finalists. 

For more: https://ictframe.com/win-dinner-miss-nepal-2026/

#MissNepal2026 #KajariaRameshTiles #DineWithTheDivas #Kajaria #MissNepal #NepalEvents #LifestyleCampaign #ICTFrame",0,0,0,0,2026-05-26 04:12:03+00:00,Want to enjoy an exclusive dinner experience with Miss Nepal 2026 divas? Kajaria Ramesh Tiles has launched a special campaign giving customers a chance to win a memorable evening with the Miss Nepal 2026 finalists. For more: #MissNepal2026 #KajariaRameshTiles #DineWithTheDivas #Kajaria #MissNepal #NepalEvents #LifestyleCampaign #ICTFrame,want to enjoy an exclusive dinner experience with miss nepal 2026 divas? kajaria ramesh tiles has launched a special campaign giving customers a chance to win a memorable evening with the miss nepal 2026 finalists. for more: #missnepal2026 #kajariarameshtiles #dinewiththedivas #kajaria #missnepal #nepalevents #lifestylecampaign #ictframe,True,English,General Fashion,0.0
Instagram,Phase2,"Honored to have former Miss Nepal, Sadikshya Shrestha, visit our stall and choose products from Suyog Marketing & Food ✨💛

Thank you for supporting local products from Sudurpashchim and for taking the time to visit us. Your love and encouragement truly mean a lot to us. 🙏

We’re grateful for your support and hope you enjoyed our authentic local flavors! 🌾✨

#SuyogMarketingAndFood #SupportLocal #SudurpashchimProducts #MissNepal #LocalFlavors KathmanduEvents",2,0,0,0,2026-05-25 08:55:56+00:00,"Honored to have former Miss Nepal, Sadikshya Shrestha, visit our stall and choose products from Suyog Marketing & Food ✨💛 Thank you for supporting local products from Sudurpashchim and for taking the time to visit us. Your love and encouragement truly mean a lot to us. 🙏 We’re grateful for your support and hope you enjoyed our authentic local flavors! 🌾✨ #SuyogMarketingAndFood #SupportLocal #SudurpashchimProducts #MissNepal #LocalFlavors KathmanduEvents","honored to have former miss nepal, sadikshya shrestha, visit our stall and choose products from suyog marketing & food ✨💛 thank you for supporting local products from sudurpashchim and for taking the time to visit us. your love and encouragement truly mean a lot to us. 🙏 we’re grateful for your support and hope you enjoyed our authentic local flavors! 🌾✨ #suyogmarketingandfood #supportlocal #sudurpashchimproducts #missnepal #localflavors kathmanduevents",True,English,General Fashion,8e-05
Instagram,Phase2,#MissNepal 🇳🇵,0,0,0,0,2026-05-25 07:12:44+00:00,#MissNepal 🇳🇵,#missnepal 🇳🇵,True,English,General Fashion,0.0
Instagram,Phase2,"YOU CAN BE THE NEXT MISS UNIVERSE NEPAL ✨ 
-REGISTRATIONS ARE OFFICIALLY OPENED-

You can now register via KHALTI app or DM us at our official Instagram handle @missuniversenepalglobalglamour 
@missuniverseskincarenp 

🚨 Don't miss this life changing opportunity 🚨
IT'S MISS UNIVERSE BABY 🪽

#MissUniverseNepal #missnepal #nepaltouniverse #foryoupage #instagram",-1,0,0,0,2026-05-22 17:07:30+00:00,YOU CAN BE THE NEXT MISS UNIVERSE NEPAL ✨ -REGISTRATIONS ARE OFFICIALLY OPENED- You can now register via KHALTI app or DM us at our official Instagram handle 🚨 Don't miss this life changing opportunity 🚨 IT'S MISS UNIVERSE BABY 🪽 #MissUniverseNepal #missnepal #nepaltouniverse #foryoupage #instagram,you can be the next miss universe nepal ✨ -registrations are officially opened- you can now register via khalti app or dm us at our official instagram handle 🚨 don't miss this life changing opportunity 🚨 it's miss universe baby 🪽 #missuniversenepal #missnepal #nepaltouniverse #foryoupage #instagram,True,English,General Fashion,-4e-05
Instagram,Phase2,"✨🇳🇵MISS UNIVERSE NEPAL SEASON IS HERE 🚨

APPLICATIONS ARE OFFICIALLY OPENED - YOU CAN APPLY VIA KHALTI APP OR DM US AT @missuniversenepalglobalglamour 

THE MOMENT COULD BE YOURS, NEW ERA OF BEAUTY AND PURPOSE, IT'S MISS UNIVERSE NEPAL 2026 ✨☝🏻

#missuniverse #nepali #nepalibeauty #foryou #missnepal",-1,3,0,0,2026-05-22 12:55:48+00:00,"✨🇳🇵MISS UNIVERSE NEPAL SEASON IS HERE 🚨 APPLICATIONS ARE OFFICIALLY OPENED - YOU CAN APPLY VIA KHALTI APP OR DM US AT THE MOMENT COULD BE YOURS, NEW ERA OF BEAUTY AND PURPOSE, IT'S MISS UNIVERSE NEPAL 2026 ✨☝🏻 #missuniverse #nepali #nepalibeauty #foryou #missnepal","✨🇳🇵miss universe nepal season is here 🚨 applications are officially opened - you can apply via khalti app or dm us at the moment could be yours, new era of beauty and purpose, it's miss universe nepal 2026 ✨☝🏻 #missuniverse #nepali #nepalibeauty #foryou #missnepal",True,English,General Fashion,0.00086
Instagram,Phase2,"✨ Celebrating a new milestone in our continued partnership with our 𝐁𝐫𝐚𝐧𝐝 𝐀𝐦𝐛𝐚𝐬𝐬𝐚𝐝𝐨𝐫 — 𝐒𝐚𝐧𝐝𝐞𝐞𝐩 𝐋𝐚𝐦𝐢𝐜𝐡𝐡𝐚𝐧𝐞 🏏
​
And we're making it even more special with our 𝐌𝐚𝐬𝐭𝐞𝐫 𝐨𝐟 𝐂𝐞𝐫𝐞𝐦𝐨𝐧𝐲— 𝐍𝐚𝐦𝐫𝐚𝐭𝐚 𝐒𝐡𝐫𝐞𝐬𝐭𝐡𝐚, 𝐌𝐢𝐬𝐬 𝐍𝐞𝐩𝐚𝐥 𝟐𝟎𝟐𝟎/𝟐𝟎𝟐𝟏👑
​
A continued bond. A renewed trust. 🇳🇵
​
#BridgeInternational #SandeepLamichhane #NamrataShrestha #ContractRenewal #SigningCeremony #MissNepal #BrandAmbassador",23,2,0,0,2026-05-22 12:15:05+00:00,"✨ Celebrating a new milestone in our continued partnership with our 𝐁𝐫𝐚𝐧𝐝 𝐀𝐦𝐛𝐚𝐬𝐬𝐚𝐝𝐨𝐫 — 𝐒𝐚𝐧𝐝𝐞𝐞𝐩 𝐋𝐚𝐦𝐢𝐜𝐡𝐡𝐚𝐧𝐞 🏏 ​ And we're making it even more special with our 𝐌𝐚𝐬𝐭𝐞𝐫 𝐨𝐟 𝐂𝐞𝐫𝐞𝐦𝐨𝐧𝐲— 𝐍𝐚𝐦𝐫𝐚𝐭𝐚 𝐒𝐡𝐫𝐞𝐬𝐭𝐡𝐚, 𝐌𝐢𝐬𝐬 𝐍𝐞𝐩𝐚𝐥 𝟐𝟎𝟐𝟎/𝟐𝟎𝟐𝟏👑 ​ A continued bond. A renewed trust. 🇳🇵 ​ #BridgeInternational #SandeepLamichhane #NamrataShrestha #ContractRenewal #SigningCeremony #MissNepal #BrandAmbassador","✨ celebrating a new milestone in our continued partnership with our 𝐁𝐫𝐚𝐧𝐝 𝐀𝐦𝐛𝐚𝐬𝐬𝐚𝐝𝐨𝐫 — 𝐒𝐚𝐧𝐝𝐞𝐞𝐩 𝐋𝐚𝐦𝐢𝐜𝐡𝐡𝐚𝐧𝐞 🏏 ​ and we're making it even more special with our 𝐌𝐚𝐬𝐭𝐞𝐫 𝐨𝐟 𝐂𝐞𝐫𝐞𝐦𝐨𝐧𝐲— 𝐍𝐚𝐦𝐫𝐚𝐭𝐚 𝐒𝐡𝐫𝐞𝐬𝐭𝐡𝐚, 𝐌𝐢𝐬𝐬 𝐍𝐞𝐩𝐚𝐥 𝟐𝟎𝟐𝟎/𝟐𝟎𝟐𝟏👑 ​ a continued bond. a renewed trust. 🇳🇵 ​ #bridgeinternational #sandeeplamichhane #namratashrestha #contractrenewal #signingceremony #missnepal #brandambassador",True,English,General Fashion,0.00152
Instagram,Phase2,"MISS NEPAL 2026 | Applications now open
Registration is officially open for Miss Nepal 2026. Hopefuls from across the country can now apply for this year's edition of the national pageant.

🇳🇵 Follow @firstpostnepal for Nepal's stories, first.
#MissNepal #Nepal #Pageant #Entertainment #FirstPostNepal",1,0,0,0,2026-05-21 16:16:20+00:00,"MISS NEPAL 2026 | Applications now open Registration is officially open for Miss Nepal 2026. Hopefuls from across the country can now apply for this year's edition of the national pageant. 🇳🇵 Follow for Nepal's stories, first. #MissNepal #Nepal #Pageant #Entertainment #FirstPostNepal","miss nepal 2026 | applications now open registration is officially open for miss nepal 2026. hopefuls from across the country can now apply for this year's edition of the national pageant. 🇳🇵 follow for nepal's stories, first. #missnepal #nepal #pageant #entertainment #firstpostnepal",True,English,General Fashion,4e-05
Instagram,Phase2,"Tag that friend 😂
#HeshelaNewaKhajaGhar #samosa #tarkari #rockdale #nepalilocalstyle",101,0,0,0,2023-06-14 07:08:33+00:00,Tag that friend 😂 #HeshelaNewaKhajaGhar #samosa #tarkari #rockdale #nepalilocalstyle,tag that friend 😂 #heshelanewakhajaghar #samosa #tarkari #rockdale #nepalilocalstyle,True,English,General Fashion,0.00404
Instagram,Phase2,"New arrival Coord Set ❤️ 
Please Direct message on Facebook, Instagram or WhatsApp for order 🙏🏻 
✳️ Delivery all over Nepal and worldwide shipping ✈️✈️ 
✅ WhatsApp: 9849220566 or 9813717311 

#donishashoppingstore #fyp #allnepaldelivery #viralvideo #foryoupage",41,1,0,0,2026-06-01 13:40:46+00:00,"New arrival Coord Set ❤️ Please Direct message on Facebook, Instagram or WhatsApp for order 🙏🏻 ✳️ Delivery all over Nepal and worldwide shipping ✈️✈️ ✅ WhatsApp: 9849220566 or 9813717311 #donishashoppingstore #fyp #allnepaldelivery #viralvideo #foryoupage","new arrival coord set ❤️ please direct message on facebook, instagram or whatsapp for order 🙏🏻 ✳️ delivery all over nepal and worldwide shipping ✈️✈️ ✅ whatsapp: 9849220566 or 9813717311 #donishashoppingstore #fyp #allnepaldelivery #viralvideo #foryoupage",True,English,General Fashion,0.00194
Instagram,Phase2,#highqulity #kurthisets❤️ #size M to XXL#foryourpage❤️❤️ #allnepaldelivery,1,0,0,0,2026-02-04 00:18:43+00:00,#highqulity #kurthisets❤️ #size M to XXL#foryourpage❤️❤️ #allnepaldelivery,#highqulity #kurthisets❤️ #size m to xxl#foryourpage❤️❤️ #allnepaldelivery,True,English,General Fashion,4e-05
Instagram,Phase2,#NewArrivals #dmus9804824055 #allnepaldelivery #pratibhafancystore #videoviral @highlight Pratibha Fancy Store Viral Video,3,0,0,0,2026-06-01 11:25:34+00:00,#NewArrivals #dmus9804824055 #allnepaldelivery #pratibhafancystore #videoviral Pratibha Fancy Store Viral Video,#newarrivals #dmus9804824055 #allnepaldelivery #pratibhafancystore #videoviral pratibha fancy store viral video,True,English,General Fashion,0.00011999999999999999
Instagram,Phase2,#microderma #allproductavaillabe #allnepaldelivery #naturalproduct,2,0,0,0,2026-03-05 04:11:50+00:00,#microderma #allproductavaillabe #allnepaldelivery #naturalproduct,#microderma #allproductavaillabe #allnepaldelivery #naturalproduct,True,English,General Fashion,8e-05
Instagram,Phase2,"VALLEY TOP TAILORS Shirting And Suiting - Luxury Wears 🧥 
We provide different services like 
I.) Shirting and Suiting 👉 
ii.) Unisex clothes according to your preferences 😦 
iii.) party Wear 👉 
iv.) Office wear 👉 
v.) Groom Dresses 👉 and so on 
✅️We provide best quality materials stitches with great experts Tailoring 🪡🧥 
✅️We can also customize according to your preferences 😦 ❤️ 
✅️We also provide worldwide delivery facilities ✈️🚚 
✅️Free parking space available 🅿️ . 
➡️FOR ADDITIONAL INFORMATION:
➡️WhatsApp:9849157803
▶️Address: MAITIDEVI, SETOPUL, KTM 

#Valley top tailors shirtingandsuiting
#AllNepaldelivery
#fastworldwidedelivery ✈️
#shirtingsuiting
#maitidevi, setopul, KTM",1,0,0,0,2026-01-04 02:29:46+00:00,"VALLEY TOP TAILORS Shirting And Suiting - Luxury Wears 🧥 We provide different services like I.) Shirting and Suiting 👉 ii.) Unisex clothes according to your preferences 😦 iii.) party Wear 👉 iv.) Office wear 👉 v.) Groom Dresses 👉 and so on ✅️We provide best quality materials stitches with great experts Tailoring 🪡🧥 ✅️We can also customize according to your preferences 😦 ❤️ ✅️We also provide worldwide delivery facilities ✈️🚚 ✅️Free parking space available 🅿️ . ➡️FOR ADDITIONAL INFORMATION: ➡️WhatsApp:9849157803 ▶️Address: MAITIDEVI, SETOPUL, KTM #Valley top tailors shirtingandsuiting #AllNepaldelivery #fastworldwidedelivery ✈️ #shirtingsuiting #maitidevi, setopul, KTM","valley top tailors shirting and suiting - luxury wears 🧥 we provide different services like i.) shirting and suiting 👉 ii.) unisex clothes according to your preferences 😦 iii.) party wear 👉 iv.) office wear 👉 v.) groom dresses 👉 and so on ✅️we provide best quality materials stitches with great experts tailoring 🪡🧥 ✅️we can also customize according to your preferences 😦 ❤️ ✅️we also provide worldwide delivery facilities ✈️🚚 ✅️free parking space available 🅿️ . ➡️for additional information: ➡️whatsapp:9849157803 ▶️address: maitidevi, setopul, ktm #valley top tailors shirtingandsuiting #allnepaldelivery #fastworldwidedelivery ✈️ #shirtingsuiting #maitidevi, setopul, ktm",True,English,Western/Casual,4e-05
Instagram,Phase2,“Dressed for endless summer adventures ☀️👕 #SummerVibes” #allnepaldelivery,146,0,0,0,2024-03-15 04:24:18+00:00,“Dressed for endless summer adventures ☀️👕 #SummerVibes” #allnepaldelivery,“dressed for endless summer adventures ☀️👕 #summervibes” #allnepaldelivery,True,English,General Fashion,0.005840000000000001
Instagram,Phase2,"Saree available only 999 
Dm to order #sareecollection #sareefashion #allnepaldelivery #lagaaostore",4,0,0,0,2026-01-24 11:32:14+00:00,Saree available only 999 Dm to order #sareecollection #sareefashion #allnepaldelivery #lagaaostore,saree available only 999 dm to order #sareecollection #sareefashion #allnepaldelivery #lagaaostore,True,English,Traditional/Ethnic,0.00016
Instagram,Phase2,"A white rose, a delicate expression of purity..🤍 #himalayafloriculture #farmfreshflowers #bouquetnearbyme #flowersnearbyme #homedelivery #allnepaldelivery #decoration #floralideas #instantdelivery #flowershop #flowerslovers #kathmandudelivery #lalitpurdelivery #bhaktapurdelivery",100,0,0,0,2024-05-28 13:11:24+00:00,"A white rose, a delicate expression of purity..🤍 #himalayafloriculture #farmfreshflowers #bouquetnearbyme #flowersnearbyme #homedelivery #allnepaldelivery #decoration #floralideas #instantdelivery #flowershop #flowerslovers #kathmandudelivery #lalitpurdelivery #bhaktapurdelivery","a white rose, a delicate expression of purity..🤍 #himalayafloriculture #farmfreshflowers #bouquetnearbyme #flowersnearbyme #homedelivery #allnepaldelivery #decoration #floralideas #instantdelivery #flowershop #flowerslovers #kathmandudelivery #lalitpurdelivery #bhaktapurdelivery",True,English,General Fashion,0.004
Instagram,Phase2,Darpancollection Location narayanghad junhall road chitwan #allnepaldelivery #tiktok #viber #WhatsApp #instagram facebookpageallnepaldelivery number 977 9845153995,0,0,0,0,2026-06-02 09:23:36+00:00,Darpancollection Location narayanghad junhall road chitwan #allnepaldelivery #tiktok #viber #WhatsApp #instagram facebookpageallnepaldelivery number 977 9845153995,darpancollection location narayanghad junhall road chitwan #allnepaldelivery #tiktok #viber #whatsapp #instagram facebookpageallnepaldelivery number 977 9845153995,True,English,General Fashion,0.0
Instagram,Phase2,"#𝐇𝐚𝐩𝐩𝐲𝐜𝐮𝐬𝐭𝐨𝐦𝐞𝐫
#sp_mobile_center
#syangja_galyang
cont.9806615937 #Iphoneallmodel #allnepaldelivery #ExchangeOffer #highlightseveryonefollowershighlights #flowerseveryonehighlights",2,0,0,0,2026-06-02 05:20:05+00:00,#𝐇𝐚𝐩𝐩𝐲𝐜𝐮𝐬𝐭𝐨𝐦𝐞𝐫 #sp_mobile_center #syangja_galyang cont.9806615937 #Iphoneallmodel #allnepaldelivery #ExchangeOffer #highlightseveryonefollowershighlights #flowerseveryonehighlights,#𝐇𝐚𝐩𝐩𝐲𝐜𝐮𝐬𝐭𝐨𝐦𝐞𝐫 #sp_mobile_center #syangja_galyang cont.9806615937 #iphoneallmodel #allnepaldelivery #exchangeoffer #highlightseveryonefollowershighlights #flowerseveryonehighlights,True,English,General Fashion,8e-05
Instagram,Phase2,Saree available at reasonable price DM To Order #sareefashion #sareecollection #lagaaostore #allnepaldelivery,3,0,0,0,2026-01-26 16:13:43+00:00,Saree available at reasonable price DM To Order #sareefashion #sareecollection #lagaaostore #allnepaldelivery,saree available at reasonable price dm to order #sareefashion #sareecollection #lagaaostore #allnepaldelivery,True,English,Traditional/Ethnic,0.00011999999999999999
Instagram,Phase2,"#OFFER_OFFER_OFFER
#sp_mobile_center
#syangja_galyang
cont.9806615937 #Iphoneallmodel #allnepaldelivery #ExchangeOffer #highlightseveryonefollowers #flowerseveryonehighlights",1,0,0,0,2026-06-02 03:47:26+00:00,#OFFER_OFFER_OFFER #sp_mobile_center #syangja_galyang cont.9806615937 #Iphoneallmodel #allnepaldelivery #ExchangeOffer #highlightseveryonefollowers #flowerseveryonehighlights,#offer_offer_offer #sp_mobile_center #syangja_galyang cont.9806615937 #iphoneallmodel #allnepaldelivery #exchangeoffer #highlightseveryonefollowers #flowerseveryonehighlights,True,English,General Fashion,4e-05
Instagram,Phase2,Dm for orderCod all over nepal  #viralvideochallenge #allnepaldelivery @pailakicks #Kathmandu Dm for order 9765622848/⁨981-4100011⁩ #allnepaldelivery#Pailakicks shankhamul,3,0,0,0,2026-01-12 15:37:59+00:00,Dm for orderCod all over nepal #viralvideochallenge #allnepaldelivery #Kathmandu Dm for order 9765622848/⁨981-4100011⁩ #allnepaldelivery#Pailakicks shankhamul,dm for ordercod all over nepal #viralvideochallenge #allnepaldelivery #kathmandu dm for order 9765622848/⁨981-4100011⁩ #allnepaldelivery#pailakicks shankhamul,True,English,General Fashion,0.00011999999999999999
Instagram,Phase2,"This jacket is >>>
This denim jacket by the brand CRSPOWER features a dark grey wash and a contrasting black collar.
2 colors available
Premium quality jacket >>>
Genjicollection (surkhet) money on quality product.
To place your order,

 ~you can DilM us on 

1_ Tiktok > Genjicollection,parass xettri
2- Facebook > parass xettri or
3_ Whatsapp> 9841831793
>> Genjicollection
Location > sanihal line (surkhet #worldwideshippingavailable
#premiumquality #allnepaldelivery",42,5,0,0,2026-03-06 12:34:09+00:00,"This jacket is >>> This denim jacket by the brand CRSPOWER features a dark grey wash and a contrasting black collar. 2 colors available Premium quality jacket >>> Genjicollection (surkhet) money on quality product. To place your order, ~you can DilM us on 1_ Tiktok > Genjicollection,parass xettri 2- Facebook > parass xettri or 3_ Whatsapp> 9841831793 >> Genjicollection Location > sanihal line (surkhet #worldwideshippingavailable #premiumquality #allnepaldelivery","this jacket is >>> this denim jacket by the brand crspower features a dark grey wash and a contrasting black collar. 2 colors available premium quality jacket >>> genjicollection (surkhet) money on quality product. to place your order, ~you can dilm us on 1_ tiktok > genjicollection,parass xettri 2- facebook > parass xettri or 3_ whatsapp> 9841831793 >> genjicollection location > sanihal line (surkhet #worldwideshippingavailable #premiumquality #allnepaldelivery",True,English,Western/Casual,0.00318
Instagram,Phase2,Dm us to order #prakriticollection #instareels #onlineshop #allnepaldelivery,1,0,0,0,2025-11-05 12:21:13+00:00,Dm us to order #prakriticollection #instareels #onlineshop #allnepaldelivery,dm us to order #prakriticollection #instareels #onlineshop #allnepaldelivery,True,English,General Fashion,4e-05
Instagram,Phase2,"DM garnu hola ….
WhatsApp -9860220551
Location-Kalanki,Narayani petroleum najik 
#shresthadipika
#diyan🧑‍💼 #butique #sanopsila17 #foryou #foryoupage #diyancollection21 #babydress #support #fypシ゚viral #support_me #smallbusiness #fypシ#allnepaldelivery 🚚 #babycloth #babyslippers # baby shoe 👟#highquality #allnepaldelivery🇳🇵🚚🙏❤️ #chitwan_muser",202,31,0,0,2024-08-09 10:24:09+00:00,"DM garnu hola …. WhatsApp -9860220551 Location-Kalanki,Narayani petroleum najik #shresthadipika #diyan🧑‍💼 #butique #sanopsila17 #foryou #foryoupage #diyancollection21 #babydress #support #fypシ゚viral #support_me #smallbusiness #fypシ#allnepaldelivery 🚚 #babycloth #babyslippers # baby shoe 👟#highquality #allnepaldelivery🇳🇵🚚🙏❤️ #chitwan_muser","dm garnu hola …. whatsapp -9860220551 location-kalanki,narayani petroleum najik #shresthadipika #diyan🧑‍💼 #butique #sanopsila17 #foryou #foryoupage #diyancollection21 #babydress #support #fypシ゚viral #support_me #smallbusiness #fypシ#allnepaldelivery 🚚 #babycloth #babyslippers # baby shoe 👟#highquality #allnepaldelivery🇳🇵🚚🙏❤️ #chitwan_muser",True,English,Formal/Professional,0.01738
Instagram,Phase2,"🚚☕ भुरीगाउँ, बर्दिया स्थित
🏡 Akanta Cottage मा सफलतापूर्वक
✨ Wega Pegaso Coffee Machine Delivery ✨

अब Akanta Cottage मा पनि इटालियन स्वादको प्रिमियम कफी अनुभव ☕🔥
Powerful Performance • Premium Design • Professional Quality

🙏 हामीमाथि विश्वास गर्नु भएकोमा हार्दिक धन्यवाद।

यदि तपाईँलाई पनि आफ्नो Cafe, Restaurant वा Hotel का लागि Premium Coffee Machine चाहिएको छ भने आजै हामीसँग सम्पर्क गर्नुहोस्। ☕✨

📍Available at: Kanchanjanga Mart, Durbarmarg
📦 All Nepal Delivery Available
🛠️ 1 Year Warranty + Free Service
👨‍🏫 Free Barista Training

📞 9851237173 

#CoffeeMachine #KanchanjangaMart #CafeSetup #EspressoMachine #AllNepalDelivery
:::",9,1,0,0,2026-05-09 12:42:01+00:00,"🚚☕ भुरीगाउँ, बर्दिया स्थित 🏡 Akanta Cottage मा सफलतापूर्वक ✨ Wega Pegaso Coffee Machine Delivery ✨ अब Akanta Cottage मा पनि इटालियन स्वादको प्रिमियम कफी अनुभव ☕🔥 Powerful Performance • Premium Design • Professional Quality 🙏 हामीमाथि विश्वास गर्नु भएकोमा हार्दिक धन्यवाद। यदि तपाईँलाई पनि आफ्नो Cafe, Restaurant वा Hotel का लागि Premium Coffee Machine चाहिएको छ भने आजै हामीसँग सम्पर्क गर्नुहोस्। ☕✨ 📍Available at: Kanchanjanga Mart, Durbarmarg 📦 All Nepal Delivery Available 🛠️ 1 Year Warranty + Free Service 👨‍🏫 Free Barista Training 📞 9851237173 #CoffeeMachine #KanchanjangaMart #CafeSetup #EspressoMachine #AllNepalDelivery :::","🚚☕ भुरीगाउँ, बर्दिया स्थित 🏡 akanta cottage मा सफलतापूर्वक ✨ wega pegaso coffee machine delivery ✨ अब akanta cottage मा पनि इटालियन स्वादको प्रिमियम कफी अनुभव ☕🔥 powerful performance • premium design • professional quality 🙏 हामीमाथि विश्वास गर्नु भएकोमा हार्दिक धन्यवाद। यदि तपाईँलाई पनि आफ्नो cafe, restaurant वा hotel का लागि premium coffee machine चाहिएको छ भने आजै हामीसँग सम्पर्क गर्नुहोस्। ☕✨ 📍available at: kanchanjanga mart, durbarmarg 📦 all nepal delivery available 🛠️ 1 year warranty + free service 👨‍🏫 free barista training 📞 9851237173 #coffeemachine #kanchanjangamart #cafesetup #espressomachine #allnepaldelivery :::",True,Nepali,Formal/Professional,0.00066
Instagram,Phase2,@highlight@followers New_ArrivalsFor_any_enquire_or_price_DM_us_or_InstagramLocation :- PepsiCola_way_to_suncity_road_near_kumari_Bank_Football_Ground_chock_Right_sideमा ☎️9849991735📞9813367243Delivery contact Viber And MSG # use#Stay_Safe_Stay_HappyL #allnepaldelivery #Free_all_Nepal_Delivery #galaxyfashion @highlight TopFans,50,1,0,0,2026-02-05 01:38:26+00:00,New_ArrivalsFor_any_enquire_or_price_DM_us_or_InstagramLocation :- PepsiCola_way_to_suncity_road_near_kumari_Bank_Football_Ground_chock_Right_sideमा ☎️9849991735📞9813367243Delivery contact Viber And MSG # use#Stay_Safe_Stay_HappyL #allnepaldelivery #Free_all_Nepal_Delivery #galaxyfashion TopFans,new_arrivalsfor_any_enquire_or_price_dm_us_or_instagramlocation :- pepsicola_way_to_suncity_road_near_kumari_bank_football_ground_chock_right_sideमा ☎️9849991735📞9813367243delivery contact viber and msg # use#stay_safe_stay_happyl #allnepaldelivery #free_all_nepal_delivery #galaxyfashion topfans,True,Nepali,Western/Casual,0.0023
Instagram,Phase2,Dm us to order #prakriticollection #instareels #onlineshop #allnepaldelivery #reels,0,0,0,0,2025-11-10 12:12:11+00:00,Dm us to order #prakriticollection #instareels #onlineshop #allnepaldelivery #reels,dm us to order #prakriticollection #instareels #onlineshop #allnepaldelivery #reels,True,English,General Fashion,0.0
Instagram,Phase2,Have a feeling im gonna get a lot of hate for this🇳🇵 😂 #missnepal #missnepal2024 #beautypageantnepal #nepali #nepaltok #nepalibeauty #iamnepali #missnepalworld,13794,369,0,0,2024-06-15 14:02:09+00:00,Have a feeling im gonna get a lot of hate for this🇳🇵 😂 #missnepal #missnepal2024 #beautypageantnepal #nepali #nepaltok #nepalibeauty #iamnepali #missnepalworld,have a feeling im gonna get a lot of hate for this🇳🇵 😂 #missnepal #missnepal2024 #beautypageantnepal #nepali #nepaltok #nepalibeauty #iamnepali #missnepalworld,True,English,General Fashion,0.5107
Instagram,Phase2,"A big THANK YOU to everyone who made today’s Audition of Mr. & Miss Sarlahi 2025 (Little / Teen / Adult) a grand success!

From the energy of our participants to the support of our venue partner – Hotel Holiday Inn, Naya Road, Sarlahi, and the presence of our amazing judges and team — today was truly unforgettable!

To all who were part of it — we see you, we appreciate you, and we thank you!

Did you miss it?
Don’t worry – we’re not done yet!
The NEXT AUDITION is coming soon — and YOU could be the next rising star from Sarlahi!

Registrations are OPEN NOW!
Book your spot today:
+977 9845747426 / 9812141489 / 9815433351

Let your dreams take the stage!

#MrAndMissSarlahi2025 #AuditionHighlights #ModelHunt #SarlahiRisingStars #BeautyPageantNepal #PProduction #NextAuditionComingSoon",9,0,0,0,2025-04-19 03:19:43+00:00,"A big THANK YOU to everyone who made today’s Audition of Mr. & Miss Sarlahi 2025 (Little / Teen / Adult) a grand success! From the energy of our participants to the support of our venue partner – Hotel Holiday Inn, Naya Road, Sarlahi, and the presence of our amazing judges and team — today was truly unforgettable! To all who were part of it — we see you, we appreciate you, and we thank you! Did you miss it? Don’t worry – we’re not done yet! The NEXT AUDITION is coming soon — and YOU could be the next rising star from Sarlahi! Registrations are OPEN NOW! Book your spot today: +977 9845747426 / 9812141489 / 9815433351 Let your dreams take the stage! #MrAndMissSarlahi2025 #AuditionHighlights #ModelHunt #SarlahiRisingStars #BeautyPageantNepal #PProduction #NextAuditionComingSoon","a big thank you to everyone who made today’s audition of mr. & miss sarlahi 2025 (little / teen / adult) a grand success! from the energy of our participants to the support of our venue partner – hotel holiday inn, naya road, sarlahi, and the presence of our amazing judges and team — today was truly unforgettable! to all who were part of it — we see you, we appreciate you, and we thank you! did you miss it? don’t worry – we’re not done yet! the next audition is coming soon — and you could be the next rising star from sarlahi! registrations are open now! book your spot today: +977 9845747426 / 9812141489 / 9815433351 let your dreams take the stage! #mrandmisssarlahi2025 #auditionhighlights #modelhunt #sarlahirisingstars #beautypageantnepal #pproduction #nextauditioncomingsoon",True,English,General Fashion,0.00036
Instagram,Phase2,"नेपालमा ब्यूटि प्याजेटको अवसर चुनौती कस्ता छन् ?
@srijanajosse 
@anilas_14_ 
@sanskritii_bhatta 
#thismorninglive 
#himalayantv 
#BeautyPageantChallenges #BeautyIndustryOpportunities #BeautyPageantNepal #BeautyPageantJourney #ChallengesInBeautyPageants #NepalBeautyPageants #OpportunityInBeauty #BeautyPageantSuccess #PageantJourney #BeautyIndustryChallenges",2,0,0,0,2025-03-22 06:46:45+00:00,नेपालमा ब्यूटि प्याजेटको अवसर चुनौती कस्ता छन् ? #thismorninglive #himalayantv #BeautyPageantChallenges #BeautyIndustryOpportunities #BeautyPageantNepal #BeautyPageantJourney #ChallengesInBeautyPageants #NepalBeautyPageants #OpportunityInBeauty #BeautyPageantSuccess #PageantJourney #BeautyIndustryChallenges,नेपालमा ब्यूटि प्याजेटको अवसर चुनौती कस्ता छन् ? #thismorninglive #himalayantv #beautypageantchallenges #beautyindustryopportunities #beautypageantnepal #beautypageantjourney #challengesinbeautypageants #nepalbeautypageants #opportunityinbeauty #beautypageantsuccess #pageantjourney #beautyindustrychallenges,True,Nepali,General Fashion,8e-05
Instagram,Phase2,audition going on hurry up guys registration open for provinces number 2 madhesh provinces if you are interested in modeling contact on WhatsApp #mrandmisssarlahi #mrandmissmadhesh #RisingStars #GrandWinners #viral #trending #sarlahimuser #foryou #fypシ゚ #grandfinale #beautypageantnepal,116,1,0,0,2025-07-14 08:38:29+00:00,audition going on hurry up guys registration open for provinces number 2 madhesh provinces if you are interested in modeling contact on WhatsApp #mrandmisssarlahi #mrandmissmadhesh #RisingStars #GrandWinners #viral #trending #sarlahimuser #foryou #fypシ゚ #grandfinale #beautypageantnepal,audition going on hurry up guys registration open for provinces number 2 madhesh provinces if you are interested in modeling contact on whatsapp #mrandmisssarlahi #mrandmissmadhesh #risingstars #grandwinners #viral #trending #sarlahimuser #foryou #fypシ゚ #grandfinale #beautypageantnepal,True,English,General Fashion,0.00494
Instagram,Phase2,"""The moment we've all been waiting for!
Meet your Mr.& Mrs Sarlahi Season 2, 2025
champions! Their winning looks and
personalities were perfectly captured by
the talented team at @kalpanastudio2324 We
couldn't have done it without you!""
#GrandWinners #MrAndMrs2025
#kalpanastudio #sarlahimuser #fypシ゚ #foryou #mrandmisssarlahi #beautypageantnepal #tending",146,5,0,0,2025-06-02 16:00:27+00:00,"""The moment we've all been waiting for! Meet your Mr.& Mrs Sarlahi Season 2, 2025 champions! Their winning looks and personalities were perfectly captured by the talented team at We couldn't have done it without you!"" #GrandWinners #MrAndMrs2025 #kalpanastudio #sarlahimuser #fypシ゚ #foryou #mrandmisssarlahi #beautypageantnepal #tending","""the moment we've all been waiting for! meet your mr.& mrs sarlahi season 2, 2025 champions! their winning looks and personalities were perfectly captured by the talented team at we couldn't have done it without you!"" #grandwinners #mrandmrs2025 #kalpanastudio #sarlahimuser #fypシ゚ #foryou #mrandmisssarlahi #beautypageantnepal #tending",True,English,General Fashion,0.007340000000000001
Instagram,Phase2,#Negrodenimnepal #nepalibrand #modelsuperstar #beautypageantnepal #showstopper,21,1,0,0,2024-10-03 06:45:29+00:00,#Negrodenimnepal #nepalibrand #modelsuperstar #beautypageantnepal #showstopper,#negrodenimnepal #nepalibrand #modelsuperstar #beautypageantnepal #showstopper,True,English,Western/Casual,0.00114
Instagram,Phase2,"Short Introduction for @umanga_creation ‘s @miss_vibhaa road to Miss Grand 2024.
Please, don’t forget to vote. Link is in bio ❤️
#GrandOneAndOnly #BeautyPageantNepal #MissGrandNepal2024",-1,13,0,0,2024-09-06 13:30:12+00:00,"Short Introduction for ‘s road to Miss Grand 2024. Please, don’t forget to vote. Link is in bio ❤️ #GrandOneAndOnly #BeautyPageantNepal #MissGrandNepal2024","short introduction for ‘s road to miss grand 2024. please, don’t forget to vote. link is in bio ❤️ #grandoneandonly #beautypageantnepal #missgrandnepal2024",True,English,General Fashion,0.0038599999999999997
Instagram,Phase2,"Here’s a powerful look at the Swimsuit Round of Miss Vibhaa 2023 — a moment that proved why Umanga Creation is leading the pageant industry in Nepal.

With Miss Vibhaa as its flagship event, Umanga Creation delivered the biggest pageant production ever seen in the country, featuring world-class staging, glamorous visuals, and an unforgettable presentation of all contestants.

This video captures:
🌟 The elegance and confidence of Miss Vibhaa 2023 contestants
🌟 A production scale never before seen in Nepali pageants
🌟 The true essence of beauty, performance, and discipline
🌟 A show that redefined national pageantry standards

A proud moment in Nepali pageant history.

#MissVibhaa2023 #UmangaCreation #SwimsuitRound #NepalPageants #PageantProduction #VibhaaQueens #BeautyPageantNepal #RunwayShow #missvibhaa #umangacreation #braveboldbeautiful",35,1,0,0,2025-12-03 03:49:57+00:00,"Here’s a powerful look at the Swimsuit Round of Miss Vibhaa 2023 — a moment that proved why Umanga Creation is leading the pageant industry in Nepal. With Miss Vibhaa as its flagship event, Umanga Creation delivered the biggest pageant production ever seen in the country, featuring world-class staging, glamorous visuals, and an unforgettable presentation of all contestants. This video captures: 🌟 The elegance and confidence of Miss Vibhaa 2023 contestants 🌟 A production scale never before seen in Nepali pageants 🌟 The true essence of beauty, performance, and discipline 🌟 A show that redefined national pageantry standards A proud moment in Nepali pageant history. #MissVibhaa2023 #UmangaCreation #SwimsuitRound #NepalPageants #PageantProduction #VibhaaQueens #BeautyPageantNepal #RunwayShow #missvibhaa #umangacreation #braveboldbeautiful","here’s a powerful look at the swimsuit round of miss vibhaa 2023 — a moment that proved why umanga creation is leading the pageant industry in nepal. with miss vibhaa as its flagship event, umanga creation delivered the biggest pageant production ever seen in the country, featuring world-class staging, glamorous visuals, and an unforgettable presentation of all contestants. this video captures: 🌟 the elegance and confidence of miss vibhaa 2023 contestants 🌟 a production scale never before seen in nepali pageants 🌟 the true essence of beauty, performance, and discipline 🌟 a show that redefined national pageantry standards a proud moment in nepali pageant history. #missvibhaa2023 #umangacreation #swimsuitround #nepalpageants #pageantproduction #vibhaaqueens #beautypageantnepal #runwayshow #missvibhaa #umangacreation #braveboldbeautiful",True,English,Formal/Professional,0.0017000000000000001
Instagram,Phase2,"👑 MR & MISS GRACE SEE DHARAN 2026 – SEASON 3 🇳🇵
✨ The Grand Stage for SEE Stars ✨

Grace Events proudly brings one of the most prestigious SEE beauty pageants to Dharan, providing a powerful platform for young talents to express confidence, personality, and excellence.

🌟 Featuring
👑 Supriya Rai - Public Choice & Shriya Karki - Viewer’s Choice, Miss Grace SEE Dharan 2025 (Season 2)

🏆 Prizes & Opportunities
💰 1 Lakh Cash Prize to Winners
🎓 +2 Scholarships in Science, Management & Humanities
🎓 Scholarship Opportunities for All Participants
(Terms & Conditions Apply)

🎯 A Complete Platform to Showcase
✨ Talent & Creativity
✨ Confidence & Personality
✨ Communication Skills
✨ Leadership Ability
✨ Stage Presence

📍 Location: Dharan, Sunsari
📞 Contact: +977 9819330904 | +977 9827310102

🚨 REGISTRATIONS ARE NOW OPEN
Step forward, shine brighter, and begin your journey toward recognition and success.

👑 Your Crown. Your Stage. Your Moment.

#MrAndMissGrace #GraceSeeDharan #SeeDharan2026 #Season3 #BeautyPageantNepal GraceEvents ModelingPlatform RegistrationsOpen",28,0,0,0,2026-04-06 10:57:37+00:00,"👑 MR & MISS GRACE SEE DHARAN 2026 – SEASON 3 🇳🇵 ✨ The Grand Stage for SEE Stars ✨ Grace Events proudly brings one of the most prestigious SEE beauty pageants to Dharan, providing a powerful platform for young talents to express confidence, personality, and excellence. 🌟 Featuring 👑 Supriya Rai - Public Choice & Shriya Karki - Viewer’s Choice, Miss Grace SEE Dharan 2025 (Season 2) 🏆 Prizes & Opportunities 💰 1 Lakh Cash Prize to Winners 🎓 +2 Scholarships in Science, Management & Humanities 🎓 Scholarship Opportunities for All Participants (Terms & Conditions Apply) 🎯 A Complete Platform to Showcase ✨ Talent & Creativity ✨ Confidence & Personality ✨ Communication Skills ✨ Leadership Ability ✨ Stage Presence 📍 Location: Dharan, Sunsari 📞 Contact: +977 9819330904 | +977 9827310102 🚨 REGISTRATIONS ARE NOW OPEN Step forward, shine brighter, and begin your journey toward recognition and success. 👑 Your Crown. Your Stage. Your Moment. #MrAndMissGrace #GraceSeeDharan #SeeDharan2026 #Season3 #BeautyPageantNepal GraceEvents ModelingPlatform RegistrationsOpen","👑 mr & miss grace see dharan 2026 – season 3 🇳🇵 ✨ the grand stage for see stars ✨ grace events proudly brings one of the most prestigious see beauty pageants to dharan, providing a powerful platform for young talents to express confidence, personality, and excellence. 🌟 featuring 👑 supriya rai - public choice & shriya karki - viewer’s choice, miss grace see dharan 2025 (season 2) 🏆 prizes & opportunities 💰 1 lakh cash prize to winners 🎓 +2 scholarships in science, management & humanities 🎓 scholarship opportunities for all participants (terms & conditions apply) 🎯 a complete platform to showcase ✨ talent & creativity ✨ confidence & personality ✨ communication skills ✨ leadership ability ✨ stage presence 📍 location: dharan, sunsari 📞 contact: +977 9819330904 | +977 9827310102 🚨 registrations are now open step forward, shine brighter, and begin your journey toward recognition and success. 👑 your crown. your stage. your moment. #mrandmissgrace #graceseedharan #seedharan2026 #season3 #beautypageantnepal graceevents modelingplatform registrationsopen",True,English,Traditional/Ethnic,0.0011200000000000001
Instagram,Phase2,"🌟 AUDITION OPEN – MISS TOURISM QUEEN WORLD WIDE 2026 🌟

Dreaming of the crown? This is your moment! 👑

SSK  Media proudly announces the Audition for Miss Tourism Queen World Wide 2026. If you have confidence, talent, and the passion to represent beauty with purpose, this is your chance to shine on an international platform.

✨ Special Appearance:
Honorary Face – Sugarika KC (Miss Nepal)

✨ Official Choreographer:
Dikpal Karki – Mister Model of the World

🌍 Join one of the most exciting beauty pageants and take the first step toward global recognition in the fashion and tourism industry.

📌 Registration Open Now!
📞 Contact: 9823120015
📧 Email: sskmedia1@gmail.com

🚨 Limited Seats – Apply Now!
✅ Winner Gets Oppourtunity to take part in international Beauty Peagent . 
👉 Tag friends who should participate and share this opportunity.

#MissTourismQueen #BeautyPageantNepal #ModelingOpportunity #PageantLife #MissTourism2026 #AuditionOpen #FashionNepal #sskmediadikpalkarkiofficialsugarikakc",50,11,0,0,2026-04-02 12:26:44+00:00,"🌟 AUDITION OPEN – MISS TOURISM QUEEN WORLD WIDE 2026 🌟 Dreaming of the crown? This is your moment! 👑 SSK Media proudly announces the Audition for Miss Tourism Queen World Wide 2026. If you have confidence, talent, and the passion to represent beauty with purpose, this is your chance to shine on an international platform. ✨ Special Appearance: Honorary Face – Sugarika KC (Miss Nepal) ✨ Official Choreographer: Dikpal Karki – Mister Model of the World 🌍 Join one of the most exciting beauty pageants and take the first step toward global recognition in the fashion and tourism industry. 📌 Registration Open Now! 📞 Contact: 9823120015 📧 Email: sskmedia1.com 🚨 Limited Seats – Apply Now! ✅ Winner Gets Oppourtunity to take part in international Beauty Peagent . 👉 Tag friends who should participate and share this opportunity. #MissTourismQueen #BeautyPageantNepal #ModelingOpportunity #PageantLife #MissTourism2026 #AuditionOpen #FashionNepal #sskmediadikpalkarkiofficialsugarikakc","🌟 audition open – miss tourism queen world wide 2026 🌟 dreaming of the crown? this is your moment! 👑 ssk media proudly announces the audition for miss tourism queen world wide 2026. if you have confidence, talent, and the passion to represent beauty with purpose, this is your chance to shine on an international platform. ✨ special appearance: honorary face – sugarika kc (miss nepal) ✨ official choreographer: dikpal karki – mister model of the world 🌍 join one of the most exciting beauty pageants and take the first step toward global recognition in the fashion and tourism industry. 📌 registration open now! 📞 contact: 9823120015 📧 email: sskmedia1.com 🚨 limited seats – apply now! ✅ winner gets oppourtunity to take part in international beauty peagent . 👉 tag friends who should participate and share this opportunity. #misstourismqueen #beautypageantnepal #modelingopportunity #pageantlife #misstourism2026 #auditionopen #fashionnepal #sskmediadikpalkarkiofficialsugarikakc",True,English,General Fashion,0.005299999999999999
Instagram,Phase2,"🎬 A Glimpse Into Greatness Begins Here! 👑

Here’s your first look at the electrifying energy, confidence, and glam that lit up our first audition of The Regal Runway Nepal 2025!
From powerful walks to fearless self-expression — the journey to the crown has officially begun. 💥

✨ Did you miss it? Don’t worry!
📍 Next Audition: 24th Jestha | Sankhamul, Kathmandu
✅ Open to all aged 16 & above
💸 Entry Fee: Just Rs. 1000
🎁 Win 10+ Lakhs worth of prizes, tour packages, scholarships & more!

🎯 This is Nepal’s biggest beauty pageant for youth — and YOUR moment could be next.

📩 DM us now or click the link in bio to register.
Don’t just watch the dream — become the headline. 🌟

#MrAndMissRegalNepal #TheRegalRunwayNepal #BeautyPageantNepal #NepalModelHunt #AuditionNepal #NepaliModels #NepalFashionPageant #YouthWithStyle #RoyalEventsNepal #NextSuperstarNepal #PageantNepal #Nepal2025

#model #modelsearch #theregalrunwaynepal #registernow #nepalfashion #royaleventsnepal #",18,0,0,0,2025-06-03 05:22:55+00:00,"🎬 A Glimpse Into Greatness Begins Here! 👑 Here’s your first look at the electrifying energy, confidence, and glam that lit up our first audition of The Regal Runway Nepal 2025! From powerful walks to fearless self-expression — the journey to the crown has officially begun. 💥 ✨ Did you miss it? Don’t worry! 📍 Next Audition: 24th Jestha | Sankhamul, Kathmandu ✅ Open to all aged 16 & above 💸 Entry Fee: Just Rs. 1000 🎁 Win 10+ Lakhs worth of prizes, tour packages, scholarships & more! 🎯 This is Nepal’s biggest beauty pageant for youth — and YOUR moment could be next. 📩 DM us now or click the link in bio to register. Don’t just watch the dream — become the headline. 🌟 #MrAndMissRegalNepal #TheRegalRunwayNepal #BeautyPageantNepal #NepalModelHunt #AuditionNepal #NepaliModels #NepalFashionPageant #YouthWithStyle #RoyalEventsNepal #NextSuperstarNepal #PageantNepal #Nepal2025 #model #modelsearch #theregalrunwaynepal #registernow #nepalfashion #royaleventsnepal #","🎬 a glimpse into greatness begins here! 👑 here’s your first look at the electrifying energy, confidence, and glam that lit up our first audition of the regal runway nepal 2025! from powerful walks to fearless self-expression — the journey to the crown has officially begun. 💥 ✨ did you miss it? don’t worry! 📍 next audition: 24th jestha | sankhamul, kathmandu ✅ open to all aged 16 & above 💸 entry fee: just rs. 1000 🎁 win 10+ lakhs worth of prizes, tour packages, scholarships & more! 🎯 this is nepal’s biggest beauty pageant for youth — and your moment could be next. 📩 dm us now or click the link in bio to register. don’t just watch the dream — become the headline. 🌟 #mrandmissregalnepal #theregalrunwaynepal #beautypageantnepal #nepalmodelhunt #auditionnepal #nepalimodels #nepalfashionpageant #youthwithstyle #royaleventsnepal #nextsuperstarnepal #pageantnepal #nepal2025 #model #modelsearch #theregalrunwaynepal #registernow #nepalfashion #royaleventsnepal #",True,English,Accessories,0.00072
Instagram,Phase2,"A big THANK YOU to everyone who made today’s Audition of Mr. & Miss Sarlahi 2025 (Little / Teen / Adult) a grand success!

From the energy of our participants to the support of our venue partner – Hotel Holiday Inn, Naya Road, Sarlahi, and the presence of our amazing judges and team — today was truly unforgettable!

To all who were part of it — we see you, we appreciate you, and we thank you!

Did you miss it?
Don’t worry – we’re not done yet!
The NEXT AUDITION is coming soon — and YOU could be the next rising star from Sarlahi!

Registrations are OPEN NOW!
Book your spot today:
+977 9845747426 / 9812141489 / 9815433351

Let your dreams take the stage!

#MrAndMissSarlahi2025 #AuditionHighlights #ModelHunt #SarlahiRisingStars #BeautyPageantNepal #PProduction #nextauditioncomingsoon",64,1,0,0,2025-04-19 04:37:45+00:00,"A big THANK YOU to everyone who made today’s Audition of Mr. & Miss Sarlahi 2025 (Little / Teen / Adult) a grand success! From the energy of our participants to the support of our venue partner – Hotel Holiday Inn, Naya Road, Sarlahi, and the presence of our amazing judges and team — today was truly unforgettable! To all who were part of it — we see you, we appreciate you, and we thank you! Did you miss it? Don’t worry – we’re not done yet! The NEXT AUDITION is coming soon — and YOU could be the next rising star from Sarlahi! Registrations are OPEN NOW! Book your spot today: +977 9845747426 / 9812141489 / 9815433351 Let your dreams take the stage! #MrAndMissSarlahi2025 #AuditionHighlights #ModelHunt #SarlahiRisingStars #BeautyPageantNepal #PProduction #nextauditioncomingsoon","a big thank you to everyone who made today’s audition of mr. & miss sarlahi 2025 (little / teen / adult) a grand success! from the energy of our participants to the support of our venue partner – hotel holiday inn, naya road, sarlahi, and the presence of our amazing judges and team — today was truly unforgettable! to all who were part of it — we see you, we appreciate you, and we thank you! did you miss it? don’t worry – we’re not done yet! the next audition is coming soon — and you could be the next rising star from sarlahi! registrations are open now! book your spot today: +977 9845747426 / 9812141489 / 9815433351 let your dreams take the stage! #mrandmisssarlahi2025 #auditionhighlights #modelhunt #sarlahirisingstars #beautypageantnepal #pproduction #nextauditioncomingsoon",True,English,General Fashion,0.00286
Instagram,Phase2,"🎬✨ Lights. Camera. CASH!
Are you ready to turn your creativity into Rs. 5,000 CASH + exclusive gift vouchers? 💸🎁

We're launching an official Video Making Challenge for The Regal Runway Nepal Audition!
All you have to do is:
🎥 Make a creative video about our audition
🔥 Post it on your feed & story
🏆 The video with the highest engagement (likes + shares + comments) WINS!
For detailed information WhatsApp 9741812381

✅ Entry Fee: FREE
🎯 Deadline: 26th jestha
💰 Prize: Rs. 5,000 + Gift Vouchers + Feature on our official page

🗓️ Audition Date: 24th Jestha
📍 Venue: Supari Sekuwa, Sankhamul

Tag us & use the official hashtag 👉 #RegalRunwayChallenge
Let the content war begin! 💥

#RegalRunwayNepal #VideoContestNepal #MrAndMissRegalNepal #FashionChallenge2025 #NepalCreatives #ContentCreatorsNepal #BeautyPageantNepal #NepaliModelSearch #RoyalEventsNepal #NepalTikTokChallenge #SocialMediaNepal #NepalGiveaway",12,2,0,0,2025-06-05 06:29:37+00:00,"🎬✨ Lights. Camera. CASH! Are you ready to turn your creativity into Rs. 5,000 CASH + exclusive gift vouchers? 💸🎁 We're launching an official Video Making Challenge for The Regal Runway Nepal Audition! All you have to do is: 🎥 Make a creative video about our audition 🔥 Post it on your feed & story 🏆 The video with the highest engagement (likes + shares + comments) WINS! For detailed information WhatsApp 9741812381 ✅ Entry Fee: FREE 🎯 Deadline: 26th jestha 💰 Prize: Rs. 5,000 + Gift Vouchers + Feature on our official page 🗓️ Audition Date: 24th Jestha 📍 Venue: Supari Sekuwa, Sankhamul Tag us & use the official hashtag 👉 #RegalRunwayChallenge Let the content war begin! 💥 #RegalRunwayNepal #VideoContestNepal #MrAndMissRegalNepal #FashionChallenge2025 #NepalCreatives #ContentCreatorsNepal #BeautyPageantNepal #NepaliModelSearch #RoyalEventsNepal #NepalTikTokChallenge #SocialMediaNepal #NepalGiveaway","🎬✨ lights. camera. cash! are you ready to turn your creativity into rs. 5,000 cash + exclusive gift vouchers? 💸🎁 we're launching an official video making challenge for the regal runway nepal audition! all you have to do is: 🎥 make a creative video about our audition 🔥 post it on your feed & story 🏆 the video with the highest engagement (likes + shares + comments) wins! for detailed information whatsapp 9741812381 ✅ entry fee: free 🎯 deadline: 26th jestha 💰 prize: rs. 5,000 + gift vouchers + feature on our official page 🗓️ audition date: 24th jestha 📍 venue: supari sekuwa, sankhamul tag us & use the official hashtag 👉 #regalrunwaychallenge let the content war begin! 💥 #regalrunwaynepal #videocontestnepal #mrandmissregalnepal #fashionchallenge2025 #nepalcreatives #contentcreatorsnepal #beautypageantnepal #nepalimodelsearch #royaleventsnepal #nepaltiktokchallenge #socialmedianepal #nepalgiveaway",True,English,General Fashion,0.0010799999999999998
Instagram,Phase2,"🔥 Meet the Power Panel Behind the Crown! 👑
Introducing our official judges for Today's Grand Audition of The Regal Runway Nepal 2025:
✨ Summer Pure – A true icon of elegance & impact 
✨ Anish Thakuri – The face of fierce fashion
✨ Samjhana Rai – The queen of stage presence

These industry leaders will be judging talent, grace & confidence at the Grand Audition – 24th Jestha!
Think you have what it takes to impress them? This is your moment. 💥

📍 Venue: Supari Sekuwa, Sankhamul | 💸 Entry: Rs. 1000
🎯 DM to Register Now!

#TheRegalRunwayNepal #RegalJudges #GrandAudition #SummerPure #AnishThakuri #SamjhanaRai #NepalModelSearch #BeautyPageantNepal #MrAndMissRegalNepal #RoyalEventsNepal #NepaliReels #CrownCall2025",38,5,0,0,2025-06-07 02:34:36+00:00,"🔥 Meet the Power Panel Behind the Crown! 👑 Introducing our official judges for Today's Grand Audition of The Regal Runway Nepal 2025: ✨ Summer Pure – A true icon of elegance & impact ✨ Anish Thakuri – The face of fierce fashion ✨ Samjhana Rai – The queen of stage presence These industry leaders will be judging talent, grace & confidence at the Grand Audition – 24th Jestha! Think you have what it takes to impress them? This is your moment. 💥 📍 Venue: Supari Sekuwa, Sankhamul | 💸 Entry: Rs. 1000 🎯 DM to Register Now! #TheRegalRunwayNepal #RegalJudges #GrandAudition #SummerPure #AnishThakuri #SamjhanaRai #NepalModelSearch #BeautyPageantNepal #MrAndMissRegalNepal #RoyalEventsNepal #NepaliReels #CrownCall2025","🔥 meet the power panel behind the crown! 👑 introducing our official judges for today's grand audition of the regal runway nepal 2025: ✨ summer pure – a true icon of elegance & impact ✨ anish thakuri – the face of fierce fashion ✨ samjhana rai – the queen of stage presence these industry leaders will be judging talent, grace & confidence at the grand audition – 24th jestha! think you have what it takes to impress them? this is your moment. 💥 📍 venue: supari sekuwa, sankhamul | 💸 entry: rs. 1000 🎯 dm to register now! #theregalrunwaynepal #regaljudges #grandaudition #summerpure #anishthakuri #samjhanarai #nepalmodelsearch #beautypageantnepal #mrandmissregalnepal #royaleventsnepal #nepalireels #crowncall2025",True,English,General Fashion,0.00302
Instagram,Phase2,audition going on hurry up guys registration open for provinces number 2 madhesh provinces if you are interested in modeling contact on WhatsApp 9845747426 #mrandmisssarlahi #mrandmissmadhesh #RisingStars #GrandWinners #viral #trending #sarlahimuser #foryou #fypシ゚ #grandfinale #beautypageantnepal,60,0,0,0,2025-07-16 09:26:56+00:00,audition going on hurry up guys registration open for provinces number 2 madhesh provinces if you are interested in modeling contact on WhatsApp 9845747426 #mrandmisssarlahi #mrandmissmadhesh #RisingStars #GrandWinners #viral #trending #sarlahimuser #foryou #fypシ゚ #grandfinale #beautypageantnepal,audition going on hurry up guys registration open for provinces number 2 madhesh provinces if you are interested in modeling contact on whatsapp 9845747426 #mrandmisssarlahi #mrandmissmadhesh #risingstars #grandwinners #viral #trending #sarlahimuser #foryou #fypシ゚ #grandfinale #beautypageantnepal,True,English,General Fashion,0.0024000000000000002
Instagram,Phase2,"오늘은 데이지 꽃 한아름!🌼 

🏷️
Top @kume_official 
Skirt @kume_official 
프로필 상단 링크에서 프로모션가로 만나실 수 있어요!

#everydayootd #ootd #summerstyle",-1,12,0,0,2026-06-02 01:33:34+00:00,오늘은 데이지 꽃 한아름!🌼 🏷️ Top Skirt 프로필 상단 링크에서 프로모션가로 만나실 수 있어요! #everydayootd #ootd #summerstyle,오늘은 데이지 꽃 한아름!🌼 🏷️ top skirt 프로필 상단 링크에서 프로모션가로 만나실 수 있어요! #everydayootd #ootd #summerstyle,True,English,Western/Casual,0.00356
Instagram,Phase2,"How to wear a blazer 3 different ways! 3 ways to wear a blazer •
•
•
•@liketoknow.it #liketkit http://liketk.it/2WjP4 #everydayootd #workwearstyle #blazerstyle #targetstyle #targetfinds #sept3bloggerbabes #affordablestyle #mamaswithst",2587,247,0,0,2020-09-12 13:07:16+00:00,How to wear a blazer 3 different ways! 3 ways to wear a blazer • • • •.it #liketkit #everydayootd #workwearstyle #blazerstyle #targetstyle #targetfinds #sept3bloggerbabes #affordablestyle #mamaswithst,how to wear a blazer 3 different ways! 3 ways to wear a blazer • • • •.it #liketkit #everydayootd #workwearstyle #blazerstyle #targetstyle #targetfinds #sept3bloggerbabes #affordablestyle #mamaswithst,True,English,Formal/Professional,0.17758000000000002
Instagram,Phase2,"Recreating Hailey Bieber Outfits for Autumn part 2 ✌🏻🤎🍂
.
.
Blazer @hm 
Vest @hm 
Jeans @topshop dad jeans 👖 
Shoes @officeshoes 
Bag @mango 🍂🍁",1069,30,0,0,2022-10-10 07:08:33+00:00,Recreating Hailey Bieber Outfits for Autumn part 2 ✌🏻🤎🍂 . . Blazer Vest Jeans dad jeans 👖 Shoes Bag 🍂🍁,recreating hailey bieber outfits for autumn part 2 ✌🏻🤎🍂 . . blazer vest jeans dad jeans 👖 shoes bag 🍂🍁,True,English,Western/Casual,0.05176
Instagram,Phase2,"OOTD 🌿 Cozy meets chic with this terracotta tee + my go-to Halara grey leggings (linked here 🤍). These leggings are buttery soft, supportive, and perfect for busy mom life—school runs, errands, or lounging in style. Terracotta adds that warm Soft Autumn touch, while the leggings keep it neutral and easy to pair.

👉 Tap to shop my Halara leggings and grab your perfect everyday pair! 
https://www.tiktok.com/t/ZPHndrbHTmedf-lIECq/
Would you wear this combo, bestie? Comment your everyday go-to outfit below 👇

#shopwithme🛍 #halaraleggings #ootdinbloom #casualchicstyle #softautumnoutfits #everydayootd #halarafinds",1,0,0,0,2025-09-10 14:38:44+00:00,"OOTD 🌿 Cozy meets chic with this terracotta tee + my go-to Halara grey leggings (linked here 🤍). These leggings are buttery soft, supportive, and perfect for busy mom life—school runs, errands, or lounging in style. Terracotta adds that warm Soft Autumn touch, while the leggings keep it neutral and easy to pair. 👉 Tap to shop my Halara leggings and grab your perfect everyday pair! Would you wear this combo, bestie? Comment your everyday go-to outfit below 👇 #shopwithme🛍 #halaraleggings #ootdinbloom #casualchicstyle #softautumnoutfits #everydayootd #halarafinds","ootd 🌿 cozy meets chic with this terracotta tee + my go-to halara grey leggings (linked here 🤍). these leggings are buttery soft, supportive, and perfect for busy mom life—school runs, errands, or lounging in style. terracotta adds that warm soft autumn touch, while the leggings keep it neutral and easy to pair. 👉 tap to shop my halara leggings and grab your perfect everyday pair! would you wear this combo, bestie? comment your everyday go-to outfit below 👇 #shopwithme🛍 #halaraleggings #ootdinbloom #casualchicstyle #softautumnoutfits #everydayootd #halarafinds",True,English,Western/Casual,4e-05
Instagram,Phase2,"Plain silk cotton saree pompom Design on pallu with blouse.!!

Blouse - @meeshoapp 
Saree - @meeshoapp 

@rai.prity14 Comment below for direct links in DM✨

Leave a ❤️ in the comments if you lived this & Save and Share with your friends!!💕💕

Follow @rai.prity14 for more fashion💚 Content 💕💕

#trendingaudio #meeshosaree #blouseideas #sareelook #everydayootd #reelsındia",137,11,0,0,2023-06-03 15:23:04+00:00,Plain silk cotton saree pompom Design on pallu with blouse.!! Blouse - Saree - .prity14 Comment below for direct links in DM✨ Leave a ❤️ in the comments if you lived this & Save and Share with your friends!!💕💕 Follow .prity14 for more fashion💚 Content 💕💕 #trendingaudio #meeshosaree #blouseideas #sareelook #everydayootd #reelsındia,plain silk cotton saree pompom design on pallu with blouse.!! blouse - saree - .prity14 comment below for direct links in dm✨ leave a ❤️ in the comments if you lived this & save and share with your friends!!💕💕 follow .prity14 for more fashion💚 content 💕💕 #trendingaudio #meeshosaree #blouseideas #sareelook #everydayootd #reelsındia,True,English,Traditional/Ethnic,0.00878
Instagram,Phase2,"Strumming my pain with his fingers
Singing my life with his words
Killing me softly with his song

#mode #slowmo #ootd #ootdbloggers #fashionreels #weekendvibes #blonde #blogger #thatsme #slowvibes #vibes #modeliebe #styleinspiration #everydayootd #happyme #beige #white #whitestyle #summervibes #girls",-1,14,0,0,2023-07-03 16:59:20+00:00,Strumming my pain with his fingers Singing my life with his words Killing me softly with his song #mode #slowmo #ootd #ootdbloggers #fashionreels #weekendvibes #blonde #blogger #thatsme #slowvibes #vibes #modeliebe #styleinspiration #everydayootd #happyme #beige #white #whitestyle #summervibes #girls,strumming my pain with his fingers singing my life with his words killing me softly with his song #mode #slowmo #ootd #ootdbloggers #fashionreels #weekendvibes #blonde #blogger #thatsme #slowvibes #vibes #modeliebe #styleinspiration #everydayootd #happyme #beige #white #whitestyle #summervibes #girls,True,English,General Fashion,0.00416
Instagram,Phase2,"This dress has been so faithful🥺😌.. it stuck with me through postpartum days to date. It doesn’t fit so snug anymore but you gotta do what you gotta do plus I am an elder i will wear leopard print if and when i want to mmmkk😂
.
.
.
#outfıtinspo #streetstyles #fashioninspired #everydayootd #ootd💗 #summerfits  #zomergevoel #kledinginspiratie",19,0,0,0,2025-08-07 15:55:08+00:00,This dress has been so faithful🥺😌.. it stuck with me through postpartum days to date. It doesn’t fit so snug anymore but you gotta do what you gotta do plus I am an elder i will wear leopard print if and when i want to mmmkk😂 . . . #outfıtinspo #streetstyles #fashioninspired #everydayootd #ootd💗 #summerfits #zomergevoel #kledinginspiratie,this dress has been so faithful🥺😌.. it stuck with me through postpartum days to date. it doesn’t fit so snug anymore but you gotta do what you gotta do plus i am an elder i will wear leopard print if and when i want to mmmkk😂 . . . #outfıtinspo #streetstyles #fashioninspired #everydayootd #ootd💗 #summerfits #zomergevoel #kledinginspiratie,True,English,Western/Casual,0.00076
Instagram,Phase2,"Trying different types footwear 😄 , yeah it’s windy here😍. #ootd #ootdfashion #salwar #anklelengthpants #anklelenghtleggings #everydayootd #dailywear #dailywearkurtis #singapore #kochi #trivandrum #malayali",709,8,0,0,2023-03-17 09:34:20+00:00,"Trying different types footwear 😄 , yeah it’s windy here😍. #ootd #ootdfashion #salwar #anklelengthpants #anklelenghtleggings #everydayootd #dailywear #dailywearkurtis #singapore #kochi #trivandrum #malayali","trying different types footwear 😄 , yeah it’s windy here😍. #ootd #ootdfashion #salwar #anklelengthpants #anklelenghtleggings #everydayootd #dailywear #dailywearkurtis #singapore #kochi #trivandrum #malayali",True,English,Traditional/Ethnic,0.030760000000000003
Instagram,Phase2,"If you know me, you’re probably familiar with my obsession with everyday fits, but here’s a recap anyway!
.
#ootdsituation #ootd #ootdstyle #moodboard #moodboardaccount #aesthetic #aesthetically #browngirl #browngirlfashion #brownaesthetic #summerfits #fits #lifelately #everydayfit #everydayootd #everydayoutfit #everydayoutfits #outfitideas #outfitinspirations #outfitpost #outfitgoals #classicoutfits #jeans #classicoutfit #simplefashion #simpleoutfits #elegantstyle",250,4,0,0,2023-05-12 15:03:49+00:00,"If you know me, you’re probably familiar with my obsession with everyday fits, but here’s a recap anyway! . #ootdsituation #ootd #ootdstyle #moodboard #moodboardaccount #aesthetic #aesthetically #browngirl #browngirlfashion #brownaesthetic #summerfits #fits #lifelately #everydayfit #everydayootd #everydayoutfit #everydayoutfits #outfitideas #outfitinspirations #outfitpost #outfitgoals #classicoutfits #jeans #classicoutfit #simplefashion #simpleoutfits #elegantstyle","if you know me, you’re probably familiar with my obsession with everyday fits, but here’s a recap anyway! . #ootdsituation #ootd #ootdstyle #moodboard #moodboardaccount #aesthetic #aesthetically #browngirl #browngirlfashion #brownaesthetic #summerfits #fits #lifelately #everydayfit #everydayootd #everydayoutfit #everydayoutfits #outfitideas #outfitinspirations #outfitpost #outfitgoals #classicoutfits #jeans #classicoutfit #simplefashion #simpleoutfits #elegantstyle",True,English,Western/Casual,0.011200000000000002
Instagram,Phase2,"day 4/30 winter outfits❄️🖤✨ ft. my new flannel which I love so much I want every color😂

•

#everydayoutfit #everydaystyle #stylingideas #stylingvideo #casualootd #winterootd #everydayootd #basicootd 
casual outfit ideas // casual winter outfit // winter ootd // styling a flannel // styling winter outfits // styling realistic outfits // realistic ootd // real life ootd // everyday outfits // basic winter outfits // casual everyday outfit",-1,24,0,0,2023-12-08 18:44:39+00:00,day 4/30 winter outfits❄️🖤✨ ft. my new flannel which I love so much I want every color😂 • #everydayoutfit #everydaystyle #stylingideas #stylingvideo #casualootd #winterootd #everydayootd #basicootd casual outfit ideas // casual winter outfit // winter ootd // styling a flannel // styling winter outfits // styling realistic outfits // realistic ootd // real life ootd // everyday outfits // basic winter outfits // casual everyday outfit,day 4/30 winter outfits❄️🖤✨ ft. my new flannel which i love so much i want every color😂 • #everydayoutfit #everydaystyle #stylingideas #stylingvideo #casualootd #winterootd #everydayootd #basicootd casual outfit ideas // casual winter outfit // winter ootd // styling a flannel // styling winter outfits // styling realistic outfits // realistic ootd // real life ootd // everyday outfits // basic winter outfits // casual everyday outfit,True,English,Western/Casual,0.00716
Instagram,Phase2,"This dress is my fave thrift find 

#ootd #outfit #midsizeootd #midsizegirl #midsizecollective #midsizeoutfits #midsizesummerstyle #summeroutfitinspo #thriftedfashion #birkenstockoutfits #size12 #size12style #easyoutfits #everydayootd",46,3,0,0,2024-07-02 16:00:00+00:00,This dress is my fave thrift find #ootd #outfit #midsizeootd #midsizegirl #midsizecollective #midsizeoutfits #midsizesummerstyle #summeroutfitinspo #thriftedfashion #birkenstockoutfits #size12 #size12style #easyoutfits #everydayootd,this dress is my fave thrift find #ootd #outfit #midsizeootd #midsizegirl #midsizecollective #midsizeoutfits #midsizesummerstyle #summeroutfitinspo #thriftedfashion #birkenstockoutfits #size12 #size12style #easyoutfits #everydayootd,True,English,Western/Casual,0.0027400000000000002
Instagram,Phase2,"happy sunday!! 💗🧸✨

#churchgrwm #grwmforchurch #churchoutfit #churchootd #churchfit #grwm",3784,65,0,0,2024-09-01 16:07:58+00:00,happy sunday!! 💗🧸✨ #churchgrwm #grwmforchurch #churchoutfit #churchootd #churchfit #grwm,happy sunday!! 💗🧸✨ #churchgrwm #grwmforchurch #churchoutfit #churchootd #churchfit #grwm,True,English,Western/Casual,0.17086
Instagram,Phase2,"Everyday makeup ✨

#grwmfortheday #grwm #gdwm #everydaystyle #everydayootd #everydayoutfits #casualstyle #styleme #outfitideas ##softglam #everydaymakeup #makeuptutorial #makeupideas #muotd #maquillaje #makeupaddict #ootdfashion",528,37,0,0,2023-09-29 13:09:28+00:00,Everyday makeup ✨ #grwmfortheday #grwm #gdwm #everydaystyle #everydayootd #everydayoutfits #casualstyle #styleme #outfitideas ##softglam #everydaymakeup #makeuptutorial #makeupideas #muotd #maquillaje #makeupaddict #ootdfashion,everyday makeup ✨ #grwmfortheday #grwm #gdwm #everydaystyle #everydayootd #everydayoutfits #casualstyle #styleme #outfitideas ##softglam #everydaymakeup #makeuptutorial #makeupideas #muotd #maquillaje #makeupaddict #ootdfashion,True,English,Western/Casual,0.03222
Instagram,Phase2,"OOTD as a 34-year-old mum who has no idea how to style 😅 Just trying to feel a little put together while chasing the kids!

I need your help!!!! What’s your go-to mum outfit hack? Drop your tips below 👇 I’ll take all the advice I can get! 💁‍♀️✨

#RealLifeOOTD #MumLifeStyle #CasualStyle #EverydayOOTD #MumLifeRealness",8,2,0,0,2026-02-11 21:00:33+00:00,OOTD as a 34-year-old mum who has no idea how to style 😅 Just trying to feel a little put together while chasing the kids! I need your help!!!! What’s your go-to mum outfit hack? Drop your tips below 👇 I’ll take all the advice I can get! 💁‍♀️✨ #RealLifeOOTD #MumLifeStyle #CasualStyle #EverydayOOTD #MumLifeRealness,ootd as a 34-year-old mum who has no idea how to style 😅 just trying to feel a little put together while chasing the kids! i need your help!!!! what’s your go-to mum outfit hack? drop your tips below 👇 i’ll take all the advice i can get! 💁‍♀️✨ #reallifeootd #mumlifestyle #casualstyle #everydayootd #mumliferealness,True,English,Western/Casual,0.00092
Instagram,Phase2,"Episode 2 🔗 in my amazon storefront 

#CoolMomSummer #MomOOTD #AmazonFashion #AmazonFinds #AmazonStyleEdit #MinimalOOTD #HotMomVibes #EffortlessStyle #ChicMomStyle #EverydayOOTD #StyledByAmazon #AmazonOutfitInspo #AmazonTryOn #CleanGirlStyle #MomStyleGoals #AmazonFavorites",18,2,0,0,2025-06-20 01:56:27+00:00,Episode 2 🔗 in my amazon storefront #CoolMomSummer #MomOOTD #AmazonFashion #AmazonFinds #AmazonStyleEdit #MinimalOOTD #HotMomVibes #EffortlessStyle #ChicMomStyle #EverydayOOTD #StyledByAmazon #AmazonOutfitInspo #AmazonTryOn #CleanGirlStyle #MomStyleGoals #AmazonFavorites,episode 2 🔗 in my amazon storefront #coolmomsummer #momootd #amazonfashion #amazonfinds #amazonstyleedit #minimalootd #hotmomvibes #effortlessstyle #chicmomstyle #everydayootd #styledbyamazon #amazonoutfitinspo #amazontryon #cleangirlstyle #momstylegoals #amazonfavorites,True,English,General Fashion,0.00132
Instagram,Phase2,"✨ Thursday Outfit of the Day ✨
Fall fashion is here and it’s all about effortless style 🍂👗 Whether you’re heading to brunch, work, or a night out—this look inspires confidence and beauty from the inside out 💕 #PrettyAsYouPlease

⸻

#WomensBoutique #OOTDInspo #StyleReels #FashionBoutique #TrendyOutfits #WardrobeGoals #ChicStyle #EverydayOOTD #FallFashionReels #PrettyStyle",10,0,0,0,2025-09-04 14:29:52+00:00,"✨ Thursday Outfit of the Day ✨ Fall fashion is here and it’s all about effortless style 🍂👗 Whether you’re heading to brunch, work, or a night out—this look inspires confidence and beauty from the inside out 💕 #PrettyAsYouPlease ⸻ #WomensBoutique #OOTDInspo #StyleReels #FashionBoutique #TrendyOutfits #WardrobeGoals #ChicStyle #EverydayOOTD #FallFashionReels #PrettyStyle","✨ thursday outfit of the day ✨ fall fashion is here and it’s all about effortless style 🍂👗 whether you’re heading to brunch, work, or a night out—this look inspires confidence and beauty from the inside out 💕 #prettyasyouplease ⸻ #womensboutique #ootdinspo #stylereels #fashionboutique #trendyoutfits #wardrobegoals #chicstyle #everydayootd #fallfashionreels #prettystyle",True,English,Western/Casual,0.0004
Instagram,Phase2,"Sharing my realistic basic outfits I wear everyday for softplay/errands/food shop 🙌🏻🤍 outfit linked in jan highlight ✨
•
•
#mumofthree #mumlife #schoolrunstyle #schoolrun #realisticoutfit #basicoutfit #basicootd #everydayootd #explore",763,49,0,0,2025-01-03 18:18:08+00:00,Sharing my realistic basic outfits I wear everyday for softplay/errands/food shop 🙌🏻🤍 outfit linked in jan highlight ✨ • • #mumofthree #mumlife #schoolrunstyle #schoolrun #realisticoutfit #basicoutfit #basicootd #everydayootd #explore,sharing my realistic basic outfits i wear everyday for softplay/errands/food shop 🙌🏻🤍 outfit linked in jan highlight ✨ • • #mumofthree #mumlife #schoolrunstyle #schoolrun #realisticoutfit #basicoutfit #basicootd #everydayootd #explore,True,English,Western/Casual,0.04522
Instagram,Phase2,"Move over wide-leg & flare - it’s time for barrel jeans to shine now👖✨

💙: @paigemackie

#LoveMarshalls #MarshallsCanada #BarrelJeans #Denim #SpringOutfits #OutfitInspo #SpringInspo #EverydayOOTD",56,9,0,0,2025-04-15 14:55:37+00:00,Move over wide-leg & flare - it’s time for barrel jeans to shine now👖✨ 💙: #LoveMarshalls #MarshallsCanada #BarrelJeans #Denim #SpringOutfits #OutfitInspo #SpringInspo #EverydayOOTD,move over wide-leg & flare - it’s time for barrel jeans to shine now👖✨ 💙: #lovemarshalls #marshallscanada #barreljeans #denim #springoutfits #outfitinspo #springinspo #everydayootd,True,English,Western/Casual,0.00494
Instagram,Phase2,Take A Chance✌️#fitflip #thrifting #diy #reelsnepal #instafeed,2197,13,0,0,2026-05-03 10:31:13+00:00,Take A Chance✌️#fitflip #thrifting #diy #reelsnepal #instafeed,take a chance✌️#fitflip #thrifting #diy #reelsnepal #instafeed,True,English,General Fashion,0.09178000000000001
Instagram,Phase2,"What specific measures are the government implementing or planning to implement to address the recurring issue of waterlogging and inadequate drainage systems in urban areas, as depicted in the image, and what is the timeline for these improvements?
An Ai generated image 🌌 
#reelsnepal #TrendingReels #Incrediblevision #UrbanTransformation #StreetDesign #Smartnepal #BeforeAfter #VisualMakeover #CityVibes #globalInstaReels #ViralReel
#PublicDesign #InstaUrban #DevelopmentGoals #Cleannepal #StreetView #ArchitecturalDesign #DesiVibes #futureofnepal #developmentseekers",8348,37,0,0,2025-07-01 15:05:52+00:00,"What specific measures are the government implementing or planning to implement to address the recurring issue of waterlogging and inadequate drainage systems in urban areas, as depicted in the image, and what is the timeline for these improvements? An Ai generated image 🌌 #reelsnepal #TrendingReels #Incrediblevision #UrbanTransformation #StreetDesign #Smartnepal #BeforeAfter #VisualMakeover #CityVibes #globalInstaReels #ViralReel #PublicDesign #InstaUrban #DevelopmentGoals #Cleannepal #StreetView #ArchitecturalDesign #DesiVibes #futureofnepal #developmentseekers","what specific measures are the government implementing or planning to implement to address the recurring issue of waterlogging and inadequate drainage systems in urban areas, as depicted in the image, and what is the timeline for these improvements? an ai generated image 🌌 #reelsnepal #trendingreels #incrediblevision #urbantransformation #streetdesign #smartnepal #beforeafter #visualmakeover #cityvibes #globalinstareels #viralreel #publicdesign #instaurban #developmentgoals #cleannepal #streetview #architecturaldesign #desivibes #futureofnepal #developmentseekers",True,English,Western/Casual,0.34502
Instagram,Phase2,I think I don’t need caption 🥷🙏🏻#reelsviralシ #reelsnepal #instareels #viral,8314,13,0,0,2026-02-13 02:51:09+00:00,I think I don’t need caption 🥷🙏🏻#reelsviralシ #reelsnepal #instareels #viral,i think i don’t need caption 🥷🙏🏻#reelsviralシ #reelsnepal #instareels #viral,True,English,General Fashion,0.33646000000000004
Instagram,Phase2,"Dc:- 🙋🏻‍♂️
This song and this beautiful view 🫶🕊️
With brothers @ravib2d @suuman_bardewa @sazaanofficial1 @imsunil_9 
#vivekthapa #vrex #reelitfeelit #reelsnepal #trend #iccrew",1390,78,0,0,2025-11-13 13:09:56+00:00,Dc:- 🙋🏻‍♂️ This song and this beautiful view 🫶🕊️ With brothers #vivekthapa #vrex #reelitfeelit #reelsnepal #trend #iccrew,dc:- 🙋🏻‍♂️ this song and this beautiful view 🫶🕊️ with brothers #vivekthapa #vrex #reelitfeelit #reelsnepal #trend #iccrew,True,English,General Fashion,0.07900000000000001
Instagram,Phase2,"कहाँ भेटीएला फेरी कुन संसार 
Baaki Thorai Jiwan this feb 23rd
📸 @bishalmaharajaa 
#sushantghimire #bekcha #sanasana #baakithoraijiwan #reelsnepal",1164,39,0,0,2026-02-20 01:19:53+00:00,कहाँ भेटीएला फेरी कुन संसार Baaki Thorai Jiwan this feb 23rd 📸 #sushantghimire #bekcha #sanasana #baakithoraijiwan #reelsnepal,कहाँ भेटीएला फेरी कुन संसार baaki thorai jiwan this feb 23rd 📸 #sushantghimire #bekcha #sanasana #baakithoraijiwan #reelsnepal,True,Nepali,General Fashion,0.058260000000000006
Instagram,Phase2,"Mention Your Bestie ♥️
.
.
#fyp & #igreels #gotrend #feed #explore
#explorepage
#aesthetic #algorithm #couple #comedy #funny #grow #wholesome #relatable #malefriendship

#brotherhood #friends #understanding

#boysfriendship #broship #explorepage

#instareels #reelsnepal",-1,76,0,0,2025-07-21 11:33:03+00:00,Mention Your Bestie ♥️ . . #fyp & #igreels #gotrend #feed #explore #explorepage #aesthetic #algorithm #couple #comedy #funny #grow #wholesome #relatable #malefriendship #brotherhood #friends #understanding #boysfriendship #broship #explorepage #instareels #reelsnepal,mention your bestie ♥️ . . #fyp & #igreels #gotrend #feed #explore #explorepage #aesthetic #algorithm #couple #comedy #funny #grow #wholesome #relatable #malefriendship #brotherhood #friends #understanding #boysfriendship #broship #explorepage #instareels #reelsnepal,True,English,General Fashion,0.02276
Instagram,Phase2,"Buldak Ramen hack 🍜 
.
.
.
.
.
.
#food #ramen #buldak #reelsindia #nepali #bollywood #reelsnepal #bollywoodsongs #foodofinstagram #yummy #ootd #cinematography #trend",-1,8,0,0,2025-09-06 09:46:01+00:00,Buldak Ramen hack 🍜 . . . . . . #food #ramen #buldak #reelsindia #nepali #bollywood #reelsnepal #bollywoodsongs #foodofinstagram #yummy #ootd #cinematography #trend,buldak ramen hack 🍜 . . . . . . #food #ramen #buldak #reelsindia #nepali #bollywood #reelsnepal #bollywoodsongs #foodofinstagram #yummy #ootd #cinematography #trend,True,English,Indo-Western/Fusion,0.0023599999999999997
Instagram,Phase2,"Yesta kti ko bishwas garnu hudaina !
SUBSCRIBE and Join in Youtube: Zeven Live #zevenlive #nepali #zevenlive7 #reelsnepal #nepalireels #ometvnepal",19549,303,0,0,2025-09-22 15:40:08+00:00,Yesta kti ko bishwas garnu hudaina ! SUBSCRIBE and Join in Youtube: Zeven Live #zevenlive #nepali #zevenlive7 #reelsnepal #nepalireels #ometvnepal,yesta kti ko bishwas garnu hudaina ! subscribe and join in youtube: zeven live #zevenlive #nepali #zevenlive7 #reelsnepal #nepalireels #ometvnepal,True,English,General Fashion,0.4909
Instagram,Phase2,"who cares about फलानो ? 🥱
.
.
#fypnepal #nepalireels #reelsnepal #nepali #nepaliquotes 
[falano le k vanla, relatable, nepali thoughts, random thoughts, comebacks, nepal, nepali, nepali society, facts, self love, love yourself, unsolicited opinions, unsolicited advices]",1644,14,0,0,2026-05-28 14:45:13+00:00,"who cares about फलानो ? 🥱 . . #fypnepal #nepalireels #reelsnepal #nepali #nepaliquotes [falano le k vanla, relatable, nepali thoughts, random thoughts, comebacks, nepal, nepali, nepali society, facts, self love, love yourself, unsolicited opinions, unsolicited advices]","who cares about फलानो ? 🥱 . . #fypnepal #nepalireels #reelsnepal #nepali #nepaliquotes [falano le k vanla, relatable, nepali thoughts, random thoughts, comebacks, nepal, nepali, nepali society, facts, self love, love yourself, unsolicited opinions, unsolicited advices]",True,Nepali,General Fashion,0.06996
Instagram,Phase2,"Very RARE moment caught on camera. Didn’t expect that 🤧
.
.
.
.
.
.
.
#reelsnepal #bikelife #bikersofinstagram #ns200😍",1291,5,0,0,2026-01-02 19:02:06+00:00,Very RARE moment caught on camera. Didn’t expect that 🤧 . . . . . . . #reelsnepal #bikelife #bikersofinstagram #ns200😍,very rare moment caught on camera. didn’t expect that 🤧 . . . . . . . #reelsnepal #bikelife #bikersofinstagram #ns200😍,True,English,General Fashion,0.05314
Instagram,Phase2,"Happy Dashain ❤️ #latepost Nepali Dashain food ; mutton pakku , kakro alu achar , pulao😊 #cooking #nepalifood #food #nepali #reelsnepal",673,7,0,0,2025-10-04 00:44:09+00:00,"Happy Dashain ❤️ #latepost Nepali Dashain food ; mutton pakku , kakro alu achar , pulao😊 #cooking #nepalifood #food #nepali #reelsnepal","happy dashain ❤️ #latepost nepali dashain food ; mutton pakku , kakro alu achar , pulao😊 #cooking #nepalifood #food #nepali #reelsnepal",True,English,Traditional/Ethnic,0.02902
Instagram,Phase2,"How’s Nepal dealing with the fuel⛽️ crisis? Let’s see 
.
.
.
.
.
.
.
.
.
#reelsnepal #nepal #bikelife #ns200😍 #petrol",529,7,0,0,2026-03-27 09:55:02+00:00,How’s Nepal dealing with the fuel⛽️ crisis? Let’s see . . . . . . . . . #reelsnepal #nepal #bikelife #ns200😍 #petrol,how’s nepal dealing with the fuel⛽️ crisis? let’s see . . . . . . . . . #reelsnepal #nepal #bikelife #ns200😍 #petrol,True,English,General Fashion,0.023260000000000003
Instagram,Phase2,#comedyvideos #nepalicomedy #reelsnepal #comedy #fyp,2964,10,0,0,2025-12-28 16:07:27+00:00,#comedyvideos #nepalicomedy #reelsnepal #comedy #fyp,#comedyvideos #nepalicomedy #reelsnepal #comedy #fyp,True,English,General Fashion,0.12156
Instagram,Phase2,"seen....

#aayush_horww #relatablereels #foryoupage #viralreels #reelsnepal #nepalivibes #reelswithfeelings #relatablecontent #trendingreels #emotionalreels #sadreels #reelsofinstagram #reelsdaily #sadreels #trendingreels #explore #goviral #relatablecontent #emotionalvibes #nepalitiktok #heartfeltmoments #deepfeelings #brokeninside",-1,3,0,0,2025-09-26 15:00:38+00:00,seen.... #aayush_horww #relatablereels #foryoupage #viralreels #reelsnepal #nepalivibes #reelswithfeelings #relatablecontent #trendingreels #emotionalreels #sadreels #reelsofinstagram #reelsdaily #sadreels #trendingreels #explore #goviral #relatablecontent #emotionalvibes #nepalitiktok #heartfeltmoments #deepfeelings #brokeninside,seen.... #aayush_horww #relatablereels #foryoupage #viralreels #reelsnepal #nepalivibes #reelswithfeelings #relatablecontent #trendingreels #emotionalreels #sadreels #reelsofinstagram #reelsdaily #sadreels #trendingreels #explore #goviral #relatablecontent #emotionalvibes #nepalitiktok #heartfeltmoments #deepfeelings #brokeninside,True,English,General Fashion,0.00086
Instagram,Phase2,#happydashain #content #reels #reelsnepal,4419,13,0,0,2025-09-25 05:29:27+00:00,#happydashain #content #reels #reelsnepal,#happydashain #content #reels #reelsnepal,True,English,Traditional/Ethnic,0.18066000000000002
Instagram,Phase2,"Nostalgic ❤️
📽 : Saroz Magar

#videosnepal #explorenepal #nepalireels #reelsnepal #reels",8371,79,0,0,2026-01-18 09:28:46+00:00,Nostalgic ❤️ 📽 : Saroz Magar #videosnepal #explorenepal #nepalireels #reelsnepal #reels,nostalgic ❤️ 📽 : saroz magar #videosnepal #explorenepal #nepalireels #reelsnepal #reels,True,English,General Fashion,0.35854
Instagram,Phase2,"I met her near maitighar while i was returning to the spot where I parked my scooter. She asked me for lift while being in distress. I agreed to drop her off at bajeko sekuwa, anamnagar. 

She got on the scooter, while we were on the way i ask her about the blood on her jacket. She told me everything that happened to her and the people her while protesting, adding that she felt she hadn’t done enough. One thing that really stayed with me was when she said the blood of the people shouldn’t go to waste. 

I clam her down and after reaching the destination i ask her to tell her story in my camera. She was nervous saying government can come after her, but what she witnessed was eating he from the inside and she agreed to tell what she witnessed. This is that video. If this has reached you please share it forward. 
.
.
.
.
.
.
.
.
#reelsnepal #september8 #genzprotest #genz #nepal",19860,125,0,0,2025-09-08 15:58:51+00:00,"I met her near maitighar while i was returning to the spot where I parked my scooter. She asked me for lift while being in distress. I agreed to drop her off at bajeko sekuwa, anamnagar. She got on the scooter, while we were on the way i ask her about the blood on her jacket. She told me everything that happened to her and the people her while protesting, adding that she felt she hadn’t done enough. One thing that really stayed with me was when she said the blood of the people shouldn’t go to waste. I clam her down and after reaching the destination i ask her to tell her story in my camera. She was nervous saying government can come after her, but what she witnessed was eating he from the inside and she agreed to tell what she witnessed. This is that video. If this has reached you please share it forward. . . . . . . . . #reelsnepal #september8 #genzprotest #genz #nepal","i met her near maitighar while i was returning to the spot where i parked my scooter. she asked me for lift while being in distress. i agreed to drop her off at bajeko sekuwa, anamnagar. she got on the scooter, while we were on the way i ask her about the blood on her jacket. she told me everything that happened to her and the people her while protesting, adding that she felt she hadn’t done enough. one thing that really stayed with me was when she said the blood of the people shouldn’t go to waste. i clam her down and after reaching the destination i ask her to tell her story in my camera. she was nervous saying government can come after her, but what she witnessed was eating he from the inside and she agreed to tell what she witnessed. this is that video. if this has reached you please share it forward. . . . . . . . . #reelsnepal #september8 #genzprotest #genz #nepal",True,English,Western/Casual,0.4375
Instagram,Phase2,"Coffee☕ piney chalengi ? 
#panchakanya #bmc #friendship #reelsnepal #bhairahawa",4276,24,0,0,2026-01-11 16:03:11+00:00,Coffee☕ piney chalengi ? #panchakanya #bmc #friendship #reelsnepal #bhairahawa,coffee☕ piney chalengi ? #panchakanya #bmc #friendship #reelsnepal #bhairahawa,True,English,General Fashion,0.17824
Instagram,Phase2,"मुर्ति नै होला यार ....😂🤣😆.
#nepalicomedy #bijulikotaar #funnyreel #tiharvibes #nepalireels #fypnepal #trendingreels #nepalivibes #reelitfeelit #nepalihumor #laughnepal #nepalifunnyvideo #reelsnepal #instanepal #reelnepali #desivibes #nepalicommunity #viralreelnepal #nepaligram #foryou #pritilimbu",-1,1,0,0,2025-10-26 14:41:33+00:00,मुर्ति नै होला यार ....😂🤣😆. #nepalicomedy #bijulikotaar #funnyreel #tiharvibes #nepalireels #fypnepal #trendingreels #nepalivibes #reelitfeelit #nepalihumor #laughnepal #nepalifunnyvideo #reelsnepal #instanepal #reelnepali #desivibes #nepalicommunity #viralreelnepal #nepaligram #foryou #pritilimbu,मुर्ति नै होला यार ....😂🤣😆. #nepalicomedy #bijulikotaar #funnyreel #tiharvibes #nepalireels #fypnepal #trendingreels #nepalivibes #reelitfeelit #nepalihumor #laughnepal #nepalifunnyvideo #reelsnepal #instanepal #reelnepali #desivibes #nepalicommunity #viralreelnepal #nepaligram #foryou #pritilimbu,True,Nepali,Traditional/Ethnic,0.00026
Instagram,Phase2,"Muktinath Temple, Mustang District, Nepal

#nepal #discovernepal #muktinath #muktinathdarshan #Reels #reelsnepal #ExplorePage #TrendingReels #himalayas #ViralReels #mustang #TravelReels #TravelVibes #dham #wanderlust #incrediblenepal #explorer #DesiTraveller #MountainVibes #IntoTheMountains #NatureEscape #PeacefulVibes #travelgram",871,12,0,0,2025-11-12 15:12:42+00:00,"Muktinath Temple, Mustang District, Nepal #nepal #discovernepal #muktinath #muktinathdarshan #Reels #reelsnepal #ExplorePage #TrendingReels #himalayas #ViralReels #mustang #TravelReels #TravelVibes #dham #wanderlust #incrediblenepal #explorer #DesiTraveller #MountainVibes #IntoTheMountains #NatureEscape #PeacefulVibes #travelgram","muktinath temple, mustang district, nepal #nepal #discovernepal #muktinath #muktinathdarshan #reels #reelsnepal #explorepage #trendingreels #himalayas #viralreels #mustang #travelreels #travelvibes #dham #wanderlust #incrediblenepal #explorer #desitraveller #mountainvibes #intothemountains #natureescape #peacefulvibes #travelgram",True,English,General Fashion,0.03844
Instagram,Phase2,"कसैलाई हराउन होइन, आफैलाई सुधार्न दौडिरहेको छु।

 #नेपालीस्टाइल #एटिट्युडमोड #स्वागभाइब #गैंगस्टरलुक",15,1,0,0,2025-11-24 12:52:54+00:00,"कसैलाई हराउन होइन, आफैलाई सुधार्न दौडिरहेको छु। #नेपालीस्टाइल #एटिट्युडमोड #स्वागभाइब #गैंगस्टरलुक","कसैलाई हराउन होइन, आफैलाई सुधार्न दौडिरहेको छु। #नेपालीस्टाइल #एटिट्युडमोड #स्वागभाइब #गैंगस्टरलुक",True,Nepali,General Fashion,0.0009
Instagram,Phase2,"“जीवन भनेको सपनाहरू पूरा गर्ने मात्र होइन, तर हरेक गल्तीबाट सिक्ने यात्रा पनि हो।
🚀🔥 #SelfLove #Motivation #नेपालीस्टाइल",2,0,0,0,2026-02-23 14:26:43+00:00,"“जीवन भनेको सपनाहरू पूरा गर्ने मात्र होइन, तर हरेक गल्तीबाट सिक्ने यात्रा पनि हो। 🚀🔥 #SelfLove #Motivation #नेपालीस्टाइल","“जीवन भनेको सपनाहरू पूरा गर्ने मात्र होइन, तर हरेक गल्तीबाट सिक्ने यात्रा पनि हो। 🚀🔥 #selflove #motivation #नेपालीस्टाइल",True,Nepali,General Fashion,8e-05
Instagram,Phase2,#b8d9 #नेपालीस्टाइल  Dipendar Magar @highlight Deepak Thapa,9,0,0,0,2024-11-02 12:22:24+00:00,#b8d9 #नेपालीस्टाइल Dipendar Magar Deepak Thapa,#b8d9 #नेपालीस्टाइल dipendar magar deepak thapa,True,Nepali,General Fashion,0.00036
Instagram,Phase2,"☺️☺️#रमाइलो #नेपाली #नेपालीभाइब्स #नेपालीस्टाइल #नेपालीलाइफ मूडरमाइलो नेपालीरिल नेपालीट्रेंड खुसी आजकोमूडreels trendingreels viralreels instareels reelsvideo 
trendingsong viralvideo explorepage reelitfeelit fyp",30,1,0,0,2026-04-28 15:55:24+00:00,☺️☺️#रमाइलो #नेपाली #नेपालीभाइब्स #नेपालीस्टाइल #नेपालीलाइफ मूडरमाइलो नेपालीरिल नेपालीट्रेंड खुसी आजकोमूडreels trendingreels viralreels instareels reelsvideo trendingsong viralvideo explorepage reelitfeelit fyp,☺️☺️#रमाइलो #नेपाली #नेपालीभाइब्स #नेपालीस्टाइल #नेपालीलाइफ मूडरमाइलो नेपालीरिल नेपालीट्रेंड खुसी आजकोमूडreels trendingreels viralreels instareels reelsvideo trendingsong viralvideo explorepage reelitfeelit fyp,True,Nepali,General Fashion,0.0015
Instagram,Phase2,"विशेष नेपाली कलेक्सन हेर्नुहोस्।
NEPAL OFFICE NUMBAR 
CALL/ WHATSAPP :-+977 97626 30517

NEPAL ADDRESS :- Blackbull Garment Trading Pvt. Ltd.
New Baneshwor, Indreni Complex,
Third Floor,
New Baneshwor, Kathmandu - 44600

Ajmera Fashion Surat Nepal Numbar India 👇 
🎊Call or WhatsApp - +91 74879 15961
Link : https://wa.link/3lx0go

Surat Nepal Office 👇

📍Ajmera Fashion Limited 
G-1, Ground Floor, Surana 101, Sahara Darwaja,
Ring Road, Surat, Gujarat - 395002
Email -  info@ajmerafashion.com

#नेपालीकलेक्सन #विशेषकपडा #नेपालफेशन #नेपालीस्टाइल #सस्तोसस्तो #ट्रेंडिङकपडा #नेपालमै #NewCollection #NepaliFashion #DarazNepal",23,0,0,0,2025-10-09 12:30:00+00:00,"विशेष नेपाली कलेक्सन हेर्नुहोस्। NEPAL OFFICE NUMBAR CALL/ WHATSAPP :-+977 97626 30517 NEPAL ADDRESS :- Blackbull Garment Trading Pvt. Ltd. New Baneshwor, Indreni Complex, Third Floor, New Baneshwor, Kathmandu - 44600 Ajmera Fashion Surat Nepal Numbar India 👇 🎊Call or WhatsApp - +91 74879 15961 Link : Surat Nepal Office 👇 📍Ajmera Fashion Limited G-1, Ground Floor, Surana 101, Sahara Darwaja, Ring Road, Surat, Gujarat - 395002 Email - info.com #नेपालीकलेक्सन #विशेषकपडा #नेपालफेशन #नेपालीस्टाइल #सस्तोसस्तो #ट्रेंडिङकपडा #नेपालमै #NewCollection #NepaliFashion #DarazNepal","विशेष नेपाली कलेक्सन हेर्नुहोस्। nepal office numbar call/ whatsapp :-+977 97626 30517 nepal address :- blackbull garment trading pvt. ltd. new baneshwor, indreni complex, third floor, new baneshwor, kathmandu - 44600 ajmera fashion surat nepal numbar india 👇 🎊call or whatsapp - +91 74879 15961 link : surat nepal office 👇 📍ajmera fashion limited g-1, ground floor, surana 101, sahara darwaja, ring road, surat, gujarat - 395002 email - info.com #नेपालीकलेक्सन #विशेषकपडा #नेपालफेशन #नेपालीस्टाइल #सस्तोसस्तो #ट्रेंडिङकपडा #नेपालमै #newcollection #nepalifashion #daraznepal",True,Nepali,Formal/Professional,0.00092
Instagram,Phase2,मेरो मनपर्ने पहिरन #everyone #nonfollowers #everyonefollowers #fulbuttesari #nepalipahiran @highlight Indu Kc Bil Chhetri,0,0,0,0,2026-05-27 05:45:33+00:00,मेरो मनपर्ने पहिरन #everyone #nonfollowers #everyonefollowers #fulbuttesari #nepalipahiran Indu Kc Bil Chhetri,मेरो मनपर्ने पहिरन #everyone #nonfollowers #everyonefollowers #fulbuttesari #nepalipahiran indu kc bil chhetri,True,Nepali,Traditional/Ethnic,0.0
Instagram,Phase2,"✨ Rangin pahiranma Nepali maulikta jhalakine saundarya ✨
Aajako style, paramparako jhalko 💫
DM us for order 📥🛍️
..
..
#kraixa2024 #teejspecial #kraixa #affordable #kurthaset 
#NepaliPahiran #DesiStyle #ParamparagatStyle #RanginShaan #OOTD",38,0,0,0,2025-08-07 12:27:27+00:00,"✨ Rangin pahiranma Nepali maulikta jhalakine saundarya ✨ Aajako style, paramparako jhalko 💫 DM us for order 📥🛍️ .. .. #kraixa2024 #teejspecial #kraixa #affordable #kurthaset #NepaliPahiran #DesiStyle #ParamparagatStyle #RanginShaan #OOTD","✨ rangin pahiranma nepali maulikta jhalakine saundarya ✨ aajako style, paramparako jhalko 💫 dm us for order 📥🛍️ .. .. #kraixa2024 #teejspecial #kraixa #affordable #kurthaset #nepalipahiran #desistyle #paramparagatstyle #ranginshaan #ootd",True,English,Traditional/Ethnic,0.00152
Instagram,Phase2,"Short Angrakha Kurti designed by me 
This is a Cotton Fabric, we also call it Dhaka ko Kapda, usually made into blouses known as Chaubandi Cholo in our Nepali Community.. 

#kathmandu #nepali #nepalipahiran #nepaligirl #selfdesigned #fashion #ootd #grwm #ethnic #ethnicoutfit #ethnicwear #ethnicdesign",35,1,0,0,2023-08-04 08:19:02+00:00,"Short Angrakha Kurti designed by me This is a Cotton Fabric, we also call it Dhaka ko Kapda, usually made into blouses known as Chaubandi Cholo in our Nepali Community.. #kathmandu #nepali #nepalipahiran #nepaligirl #selfdesigned #fashion #ootd #grwm #ethnic #ethnicoutfit #ethnicwear #ethnicdesign","short angrakha kurti designed by me this is a cotton fabric, we also call it dhaka ko kapda, usually made into blouses known as chaubandi cholo in our nepali community.. #kathmandu #nepali #nepalipahiran #nepaligirl #selfdesigned #fashion #ootd #grwm #ethnic #ethnicoutfit #ethnicwear #ethnicdesign",True,English,Traditional/Ethnic,0.0017000000000000001
Instagram,Phase2,"Hamro Gurung Dhee मा पाइन्छ —
बिच्छी बुट्टा, पान बुट्टा, करेला बुट्टा र लुंगी ❤️
हाम्रो पहिचान, हाम्रो संस्कार — पहिरनमै झल्किन्छ 💫
Wholesale र Retail दुबैका लागि उपलब्ध 🌿

संस्कृतिको स्पर्श, शैलीको पहिचान 💫
अर्डर गर्नहोस् आजै — FB | Insta | WhatsApp 9851172104 📱

#HamroGurungDhee
#NepaliPahiran
#TraditionalStyle
#GurungCulture#hamrogurungdhee #foryoupage #instagram #fypシ #réel #facebook #available #anuradhagurung #fb 
#SanskritikoRang",2,0,0,0,2025-11-02 15:10:17+00:00,"Hamro Gurung Dhee मा पाइन्छ — बिच्छी बुट्टा, पान बुट्टा, करेला बुट्टा र लुंगी ❤️ हाम्रो पहिचान, हाम्रो संस्कार — पहिरनमै झल्किन्छ 💫 Wholesale र Retail दुबैका लागि उपलब्ध 🌿 संस्कृतिको स्पर्श, शैलीको पहिचान 💫 अर्डर गर्नहोस् आजै — FB | Insta | WhatsApp 9851172104 📱 #HamroGurungDhee #NepaliPahiran #TraditionalStyle #GurungCulture#hamrogurungdhee #foryoupage #instagram #fypシ #réel #facebook #available #anuradhagurung #fb #SanskritikoRang","hamro gurung dhee मा पाइन्छ — बिच्छी बुट्टा, पान बुट्टा, करेला बुट्टा र लुंगी ❤️ हाम्रो पहिचान, हाम्रो संस्कार — पहिरनमै झल्किन्छ 💫 wholesale र retail दुबैका लागि उपलब्ध 🌿 संस्कृतिको स्पर्श, शैलीको पहिचान 💫 अर्डर गर्नहोस् आजै — fb | insta | whatsapp 9851172104 📱 #hamrogurungdhee #nepalipahiran #traditionalstyle #gurungculture#hamrogurungdhee #foryoupage #instagram #fypシ #réel #facebook #available #anuradhagurung #fb #sanskritikorang",True,Nepali,Traditional/Ethnic,8e-05
Instagram,Phase2,"For pink lovers 🩷Nepali fashion, handmade with love 🇳🇵💖
Limited pieces – grab yours before it’s gone!
📦 Delivery all over USA | Follow for daily style inspo 👗”
size-38/40/42/44 available #nepalipahiran #smallbusinessusa #outfitinspo #womenfashion #foryou 
….,,,,,,,?,,",28,3,0,0,2026-03-14 20:43:10+00:00,"For pink lovers 🩷Nepali fashion, handmade with love 🇳🇵💖 Limited pieces – grab yours before it’s gone! 📦 Delivery all over USA | Follow for daily style inspo 👗” size-38/40/42/44 available #nepalipahiran #smallbusinessusa #outfitinspo #womenfashion #foryou ….,,,,,,,?,,","for pink lovers 🩷nepali fashion, handmade with love 🇳🇵💖 limited pieces – grab yours before it’s gone! 📦 delivery all over usa | follow for daily style inspo 👗” size-38/40/42/44 available #nepalipahiran #smallbusinessusa #outfitinspo #womenfashion #foryou ….,,,,,,,?,,",True,English,Traditional/Ethnic,0.00202
Instagram,Phase2,"Twinning in tradition ✨
Our lovely client in this vibrant Dhaka coat set – a perfect father-son duo moment!
Handwoven heritage, styled with pride. 💛💙💚

Thank you for choosing AARJU The Creation for your special day!

#DhakaCoat #NepaliFashion #FatherSonTwinning #TraditionalWear #NepaliStyle 
#AarjuTheCreation #HandwovenDhaka #SupportLocal #MadeInNepal #EthnicWear 
#NepaleseCulture #CulturalWear #DhakaLovers #ClientDiaries #TwinningGoals 
#NepaliBrand #NepaliPahiran #LocalBrandNepal #FamilyFashion #NepaliHeritage 
#FestiveLook #ClientLove #CustomMade #TraditionMeetsStyle",11,0,0,0,2025-08-07 05:26:50+00:00,"Twinning in tradition ✨ Our lovely client in this vibrant Dhaka coat set – a perfect father-son duo moment! Handwoven heritage, styled with pride. 💛💙💚 Thank you for choosing AARJU The Creation for your special day! #DhakaCoat #NepaliFashion #FatherSonTwinning #TraditionalWear #NepaliStyle #AarjuTheCreation #HandwovenDhaka #SupportLocal #MadeInNepal #EthnicWear #NepaleseCulture #CulturalWear #DhakaLovers #ClientDiaries #TwinningGoals #NepaliBrand #NepaliPahiran #LocalBrandNepal #FamilyFashion #NepaliHeritage #FestiveLook #ClientLove #CustomMade #TraditionMeetsStyle","twinning in tradition ✨ our lovely client in this vibrant dhaka coat set – a perfect father-son duo moment! handwoven heritage, styled with pride. 💛💙💚 thank you for choosing aarju the creation for your special day! #dhakacoat #nepalifashion #fathersontwinning #traditionalwear #nepalistyle #aarjuthecreation #handwovendhaka #supportlocal #madeinnepal #ethnicwear #nepaleseculture #culturalwear #dhakalovers #clientdiaries #twinninggoals #nepalibrand #nepalipahiran #localbrandnepal #familyfashion #nepaliheritage #festivelook #clientlove #custommade #traditionmeetsstyle",True,English,Traditional/Ethnic,0.00044000000000000007
Instagram,Phase2,"#dhakakurthaset #kurtha from size 3 years to size 38.
Dm for price nad sizes. 0412940527. #junecollection🇦🇺 #fyp #nepalipahiran",5,3,0,0,2025-07-15 03:36:54+00:00,#dhakakurthaset #kurtha from size 3 years to size 38. Dm for price nad sizes. 0412940527. #junecollection🇦🇺 #fyp #nepalipahiran,#dhakakurthaset #kurtha from size 3 years to size 38. dm for price nad sizes. 0412940527. #junecollection🇦🇺 #fyp #nepalipahiran,True,English,Traditional/Ethnic,0.0011
Instagram,Phase2,"Pair our dhaka ko chaubandi with your any saree. 
Btw this chiffon saree is hand painted with cutdana work light and breezy for summer comes with a blouse piece . 

Chaubandi choli size 34 : £28
Saree : £35 

Dm to order 

#fyp #ethnicwear #smallbusiness #southasianfashion #chaubandicholi #nepalipahiran",48,3,0,0,2025-05-06 20:46:20+00:00,Pair our dhaka ko chaubandi with your any saree. Btw this chiffon saree is hand painted with cutdana work light and breezy for summer comes with a blouse piece . Chaubandi choli size 34 : £28 Saree : £35 Dm to order #fyp #ethnicwear #smallbusiness #southasianfashion #chaubandicholi #nepalipahiran,pair our dhaka ko chaubandi with your any saree. btw this chiffon saree is hand painted with cutdana work light and breezy for summer comes with a blouse piece . chaubandi choli size 34 : £28 saree : £35 dm to order #fyp #ethnicwear #smallbusiness #southasianfashion #chaubandicholi #nepalipahiran,True,English,Traditional/Ethnic,0.0028199999999999996
Instagram,Phase2,"Order now 
Sizes available ✅
Shipping out of Sydney too 
#nepalipahiran",24,2,0,0,2024-02-28 13:13:33+00:00,Order now Sizes available ✅ Shipping out of Sydney too #nepalipahiran,order now sizes available ✅ shipping out of sydney too #nepalipahiran,True,English,Traditional/Ethnic,0.0015599999999999998
Instagram,Phase2,Size available for 3-4 age group ORDER NOW #limitedstock #beautifullehengacholi #handmadewithlove #traditionalattire #localbusiness #nepalipahiran #nepaliclothing #fypシ #balbalikasansar #kidstraditionalwear 🌸🌸🌸,5,0,0,0,2021-10-09 02:08:56+00:00,Size available for 3-4 age group ORDER NOW #limitedstock #beautifullehengacholi #handmadewithlove #traditionalattire #localbusiness #nepalipahiran #nepaliclothing #fypシ #balbalikasansar #kidstraditionalwear 🌸🌸🌸,size available for 3-4 age group order now #limitedstock #beautifullehengacholi #handmadewithlove #traditionalattire #localbusiness #nepalipahiran #nepaliclothing #fypシ #balbalikasansar #kidstraditionalwear 🌸🌸🌸,True,English,Traditional/Ethnic,0.0002
Instagram,Phase2,"Traditional Gurung Dress Available at TCC Perth.
#traditionalwear #gurungdress #nepalipahiran #trending #foryou #follower #bardali #menkurthiset #nepalitiktok",4,0,0,0,2024-12-30 04:59:48+00:00,Traditional Gurung Dress Available at TCC Perth. #traditionalwear #gurungdress #nepalipahiran #trending #foryou #follower #bardali #menkurthiset #nepalitiktok,traditional gurung dress available at tcc perth. #traditionalwear #gurungdress #nepalipahiran #trending #foryou #follower #bardali #menkurthiset #nepalitiktok,True,English,Traditional/Ethnic,0.00016
Instagram,Phase2,"Premium Qwality ❤️#PlazuMalamlciffon❤️
#freesizedress #viralvídeos #1000kveiw❤️ 
#ootd #Dm#9849906351#goviral #online 
#onlineshoping💎 #nepalipahiran #viral 
#delivery #deliveryallovernepal✈️🚘🇳🇵",4,0,0,0,2025-04-27 03:29:01+00:00,Premium Qwality ❤️#PlazuMalamlciffon❤️ #freesizedress #viralvídeos #1000kveiw❤️ #ootd #Dm#9849906351#goviral #online #onlineshoping💎 #nepalipahiran #viral #delivery #deliveryallovernepal✈️🚘🇳🇵,premium qwality ❤️#plazumalamlciffon❤️ #freesizedress #viralvídeos #1000kveiw❤️ #ootd #dm#9849906351#goviral #online #onlineshoping💎 #nepalipahiran #viral #delivery #deliveryallovernepal✈️🚘🇳🇵,True,English,Traditional/Ethnic,0.00016
Instagram,Phase2,"Short Angrakha Kurti designed by me 
This is a Cotton Fabric, we also call it Dhaka ko Kapda, usually made into blouses known as Chaubandi Cholo in our Nepali Community.. 

#kathmandu #nepali #nepalipahiran #nepaligirl #selfdesigned #fashion #ootd #grwm",-1,12,0,0,2023-08-04 07:56:43+00:00,"Short Angrakha Kurti designed by me This is a Cotton Fabric, we also call it Dhaka ko Kapda, usually made into blouses known as Chaubandi Cholo in our Nepali Community.. #kathmandu #nepali #nepalipahiran #nepaligirl #selfdesigned #fashion #ootd #grwm","short angrakha kurti designed by me this is a cotton fabric, we also call it dhaka ko kapda, usually made into blouses known as chaubandi cholo in our nepali community.. #kathmandu #nepali #nepalipahiran #nepaligirl #selfdesigned #fashion #ootd #grwm",True,English,Traditional/Ethnic,0.00356
Instagram,Phase2,ल भन्नुस त सेतो साडीमा म कस्ती देखिएकी छु? 😃❤️#SunitaDulal #Sadilover #nepalipahiran,351,26,0,0,2025-05-20 15:15:39+00:00,ल भन्नुस त सेतो साडीमा म कस्ती देखिएकी छु? 😃❤️#SunitaDulal #Sadilover #nepalipahiran,ल भन्नुस त सेतो साडीमा म कस्ती देखिएकी छु? 😃❤️#sunitadulal #sadilover #nepalipahiran,True,Nepali,Traditional/Ethnic,0.02184
Instagram,Phase2,"Beautiful daura suruwal set for your baby boy available now at syanukonana.
Dm for more informations ❤️ 🙏 

#nepalipahiran #supportsmallbusiness #lisbon #nepali",6,0,0,0,2025-11-20 18:14:13+00:00,Beautiful daura suruwal set for your baby boy available now at syanukonana. Dm for more informations ❤️ 🙏 #nepalipahiran #supportsmallbusiness #lisbon #nepali,beautiful daura suruwal set for your baby boy available now at syanukonana. dm for more informations ❤️ 🙏 #nepalipahiran #supportsmallbusiness #lisbon #nepali,True,English,Traditional/Ethnic,0.00023999999999999998
Instagram,Phase2,"Purple dhaka jama available at syanukonana ❤️
#supportsmallbusiness #nepali #lisbon #nepalipahiran",6,0,0,0,2025-09-17 23:04:40+00:00,Purple dhaka jama available at syanukonana ❤️ #supportsmallbusiness #nepali #lisbon #nepalipahiran,purple dhaka jama available at syanukonana ❤️ #supportsmallbusiness #nepali #lisbon #nepalipahiran,True,English,Traditional/Ethnic,0.00023999999999999998
Instagram,Phase2,Your baby girl’s very first Gurung dress ❤️🤭#supportsmallbusiness #nepali #lisbon #nepalipahiran,9,0,0,0,2025-12-02 15:22:43+00:00,Your baby girl’s very first Gurung dress ❤️🤭#supportsmallbusiness #nepali #lisbon #nepalipahiran,your baby girl’s very first gurung dress ❤️🤭#supportsmallbusiness #nepali #lisbon #nepalipahiran,True,English,Traditional/Ethnic,0.00036
Instagram,Phase2,"Exclusive Nepali Style Blazer and Daura Suruwal 🔥
Remember us for all kinds of 
Formal Attire 
#menscoat #nepalidaurasuruwal #nepalipahiran #trendingreels #purbelidhaka",431,25,0,0,2024-04-11 02:16:45+00:00,Exclusive Nepali Style Blazer and Daura Suruwal 🔥 Remember us for all kinds of Formal Attire #menscoat #nepalidaurasuruwal #nepalipahiran #trendingreels #purbelidhaka,exclusive nepali style blazer and daura suruwal 🔥 remember us for all kinds of formal attire #menscoat #nepalidaurasuruwal #nepalipahiran #trendingreels #purbelidhaka,True,English,Traditional/Ethnic,0.02474
Instagram,Phase2,Devi vannu 😂. ##nepalipahiran,53,5,0,0,2023-12-29 02:19:41+00:00,Devi vannu 😂. ##nepalipahiran,devi vannu 😂. ##nepalipahiran,True,English,Traditional/Ethnic,0.00362
Instagram,Phase2,#dhakasari #nepalipahiran #avilable_now🛍️ #followforfollowback #foryoupage #goviral #supportsmallbusiness,2,2,0,0,2023-05-17 23:27:55+00:00,#dhakasari #nepalipahiran #avilable_now🛍️ #followforfollowback #foryoupage #goviral #supportsmallbusiness,#dhakasari #nepalipahiran #avilable_now🛍️ #followforfollowback #foryoupage #goviral #supportsmallbusiness,True,English,Traditional/Ethnic,0.0006799999999999999
Instagram,Phase2,#dashainlooks,2,0,0,0,2023-10-26 21:28:49+00:00,#dashainlooks,#dashainlooks,True,English,Traditional/Ethnic,8e-05
Instagram,Phase2,"Celebrate Dashain in style!!
Enjoy Flat 15% OFF on everything at Vantuff, your festival fits, sorted.

#VantuffDashainSale
#Flat15Off
#CelebrateInStyle
#VantuffEssentials
#MenswearNepal
#DashainLooks
#SmartCasualDoneRight
#EverydayElevated
#NepaliMenswear
#VantuffStyle
#ShopVantuff",142,0,0,0,2025-09-24 16:19:51+00:00,"Celebrate Dashain in style!! Enjoy Flat 15% OFF on everything at Vantuff, your festival fits, sorted. #VantuffDashainSale #Flat15Off #CelebrateInStyle #VantuffEssentials #MenswearNepal #DashainLooks #SmartCasualDoneRight #EverydayElevated #NepaliMenswear #VantuffStyle #ShopVantuff","celebrate dashain in style!! enjoy flat 15% off on everything at vantuff, your festival fits, sorted. #vantuffdashainsale #flat15off #celebrateinstyle #vantuffessentials #menswearnepal #dashainlooks #smartcasualdoneright #everydayelevated #nepalimenswear #vantuffstyle #shopvantuff",True,English,Traditional/Ethnic,0.005680000000000001
Instagram,Phase2,"✨ Premium AD Gold-Base Necklace Set ✨
Crafted with elegance, this lightweight beauty is adjustable, flexible, and comes with colour guarantee. Perfect for those who love simple yet classy jewellery without the heaviness. 🌸

📍 Makhan(Opposite to Suraj Arcade), Newroad 
DM us to book yours now 💌

#NewShringarCollection #ADNecklace #PremiumJewellery #DashainLooks #ColourGuarantee #premiumqualityjewellerysets #fyp",2,0,0,0,2025-09-19 09:36:16+00:00,"✨ Premium AD Gold-Base Necklace Set ✨ Crafted with elegance, this lightweight beauty is adjustable, flexible, and comes with colour guarantee. Perfect for those who love simple yet classy jewellery without the heaviness. 🌸 📍 Makhan(Opposite to Suraj Arcade), Newroad DM us to book yours now 💌 #NewShringarCollection #ADNecklace #PremiumJewellery #DashainLooks #ColourGuarantee #premiumqualityjewellerysets #fyp","✨ premium ad gold-base necklace set ✨ crafted with elegance, this lightweight beauty is adjustable, flexible, and comes with colour guarantee. perfect for those who love simple yet classy jewellery without the heaviness. 🌸 📍 makhan(opposite to suraj arcade), newroad dm us to book yours now 💌 #newshringarcollection #adnecklace #premiumjewellery #dashainlooks #colourguarantee #premiumqualityjewellerysets #fyp",True,English,Traditional/Ethnic,8e-05
Instagram,Phase2,"Celebrate Dashain in Style with Pajama Sets! ✨
जहाँ संस्कृति र ट्रेन्ड हातेमालो गर्छन्।

For Order 📞 9848048372

#FestiveStyle #PajamaSetVibes #DashainLooks #TraditionMeetsTrend",2,0,0,0,2025-09-25 13:00:45+00:00,Celebrate Dashain in Style with Pajama Sets! ✨ जहाँ संस्कृति र ट्रेन्ड हातेमालो गर्छन्। For Order 📞 9848048372 #FestiveStyle #PajamaSetVibes #DashainLooks #TraditionMeetsTrend,celebrate dashain in style with pajama sets! ✨ जहाँ संस्कृति र ट्रेन्ड हातेमालो गर्छन्। for order 📞 9848048372 #festivestyle #pajamasetvibes #dashainlooks #traditionmeetstrend,True,Nepali,Traditional/Ethnic,8e-05
Instagram,Phase2,"My dear son, though distance keeps us apart this Dashain, my heart is with you always. I may not be able to bless you in person this year, but I send you all my love, prayers, and wishes for happiness, health, and success. May Goddess Durga bless you with strength to overcome all challenges and fill your life with joy and prosperity. Remember, you are always in my thoughts, especially during this sacred time. Happy Dashain, my son!
To my beloved parents, I humbly seek your blessings this Dashain, even though I cannot be with you to celebrate together. Please forgive my absence and keep me in your prayers. Your blessings mean the world to me and give me strength wherever I am. May this festival bring peace, good health, and happiness to you both. I promise to reunite soon. Happy Dashain to you, with all my love and respect. 

appydashain 
#Dashain2025 
#BijayaDashami 
#DashainTika 
#DashainVibes 
#DashainCelebration 
#NepalFestival 
#DashainOutfit 
#DashainFestival 
#Fulpati 
#Tika 
#DashainParty 
#DashainLooks 
#DashainShopping",11,0,0,0,2025-10-02 14:28:01+00:00,"My dear son, though distance keeps us apart this Dashain, my heart is with you always. I may not be able to bless you in person this year, but I send you all my love, prayers, and wishes for happiness, health, and success. May Goddess Durga bless you with strength to overcome all challenges and fill your life with joy and prosperity. Remember, you are always in my thoughts, especially during this sacred time. Happy Dashain, my son! To my beloved parents, I humbly seek your blessings this Dashain, even though I cannot be with you to celebrate together. Please forgive my absence and keep me in your prayers. Your blessings mean the world to me and give me strength wherever I am. May this festival bring peace, good health, and happiness to you both. I promise to reunite soon. Happy Dashain to you, with all my love and respect. appydashain #Dashain2025 #BijayaDashami #DashainTika #DashainVibes #DashainCelebration #NepalFestival #DashainOutfit #DashainFestival #Fulpati #Tika #DashainParty #DashainLooks #DashainShopping","my dear son, though distance keeps us apart this dashain, my heart is with you always. i may not be able to bless you in person this year, but i send you all my love, prayers, and wishes for happiness, health, and success. may goddess durga bless you with strength to overcome all challenges and fill your life with joy and prosperity. remember, you are always in my thoughts, especially during this sacred time. happy dashain, my son! to my beloved parents, i humbly seek your blessings this dashain, even though i cannot be with you to celebrate together. please forgive my absence and keep me in your prayers. your blessings mean the world to me and give me strength wherever i am. may this festival bring peace, good health, and happiness to you both. i promise to reunite soon. happy dashain to you, with all my love and respect. appydashain #dashain2025 #bijayadashami #dashaintika #dashainvibes #dashaincelebration #nepalfestival #dashainoutfit #dashainfestival #fulpati #tika #dashainparty #dashainlooks #dashainshopping",True,English,Traditional/Ethnic,0.00044000000000000007
Instagram,Phase2,#dashainlooks #sareelove 💜🦋🤩,21,2,0,0,2025-10-02 11:09:41+00:00,#dashainlooks #sareelove 💜🦋🤩,#dashainlooks #sareelove 💜🦋🤩,True,English,Traditional/Ethnic,0.0014399999999999999
Instagram,Phase2,🌺❤️#ootd #dashainlooks,45,8,0,0,2025-10-03 11:32:21+00:00,🌺❤️#ootd #dashainlooks,🌺❤️#ootd #dashainlooks,True,English,Traditional/Ethnic,0.0042
Instagram,Phase2,"✨ “Festive glow in full swing 🤍✨ Our ivory-gold embroidered kurti paired with matching trousers & a handcrafted potli bag — the perfect blend of tradition and luxe detailing. A timeless look for Dashain & beyond 🌸
#FestiveElegance #PotliBag #DashainLooks #kurtiset ✨",74,3,0,0,2025-09-17 05:25:59+00:00,✨ “Festive glow in full swing 🤍✨ Our ivory-gold embroidered kurti paired with matching trousers & a handcrafted potli bag — the perfect blend of tradition and luxe detailing. A timeless look for Dashain & beyond 🌸 #FestiveElegance #PotliBag #DashainLooks #kurtiset ✨,✨ “festive glow in full swing 🤍✨ our ivory-gold embroidered kurti paired with matching trousers & a handcrafted potli bag — the perfect blend of tradition and luxe detailing. a timeless look for dashain & beyond 🌸 #festiveelegance #potlibag #dashainlooks #kurtiset ✨,True,English,Traditional/Ethnic,0.0038600000000000006
Instagram,Phase2,“Dashain vibes with the glow of Aloe Herbal ✨ Stay radiant this festive season 🌸 #DashainLooks #AloeHerbal #FestiveGlow #SkinCareWithAloe #RadiantWithAloe”,91,3,0,0,2025-09-24 05:23:22+00:00,“Dashain vibes with the glow of Aloe Herbal ✨ Stay radiant this festive season 🌸 #DashainLooks #AloeHerbal #FestiveGlow #SkinCareWithAloe #RadiantWithAloe”,“dashain vibes with the glow of aloe herbal ✨ stay radiant this festive season 🌸 #dashainlooks #aloeherbal #festiveglow #skincarewithaloe #radiantwithaloe”,True,English,Traditional/Ethnic,0.004540000000000001
Instagram,Phase2,"Because Dashain makes me happier😍😍

 #dashainlooks #traditional #reels #potraitreels #reelslovers #viral #dashain #dashaintihar #kurtha",57,1,0,0,2023-11-20 11:41:13+00:00,Because Dashain makes me happier😍😍 #dashainlooks #traditional #reels #potraitreels #reelslovers #viral #dashain #dashaintihar #kurtha,because dashain makes me happier😍😍 #dashainlooks #traditional #reels #potraitreels #reelslovers #viral #dashain #dashaintihar #kurtha,True,English,Traditional/Ethnic,0.0025800000000000003
Instagram,Phase2,"💎 Stylish AD Bangles 💎
Available in various colours and designs, with sizes to fit everyone. Comes with colour guarantee so you can shine for years. ✨ Pair them beautifully with different chura for your festive and wedding looks. 🌸

#NewShringarCollection #ADbangles #DashainLooks #PremiumJewellery #ColourGuarantee #FestiveStyle #WeddingEssentials #NepalJewellery #onlineshopping #fyp #newarrival #jewelleryoftheday",2,0,0,0,2025-09-22 09:50:18+00:00,"💎 Stylish AD Bangles 💎 Available in various colours and designs, with sizes to fit everyone. Comes with colour guarantee so you can shine for years. ✨ Pair them beautifully with different chura for your festive and wedding looks. 🌸 #NewShringarCollection #ADbangles #DashainLooks #PremiumJewellery #ColourGuarantee #FestiveStyle #WeddingEssentials #NepalJewellery #onlineshopping #fyp #newarrival #jewelleryoftheday","💎 stylish ad bangles 💎 available in various colours and designs, with sizes to fit everyone. comes with colour guarantee so you can shine for years. ✨ pair them beautifully with different chura for your festive and wedding looks. 🌸 #newshringarcollection #adbangles #dashainlooks #premiumjewellery #colourguarantee #festivestyle #weddingessentials #nepaljewellery #onlineshopping #fyp #newarrival #jewelleryoftheday",True,English,Traditional/Ethnic,8e-05
Instagram,Phase2,"Get festive with Oodni

#oodni #oodniboutique #oodnibykhushbudongol💖 #dashain #dashainlooks #kurthi #fashion #traditionalfusion #oodniNepal #instareels #instagood #instadaily #instapost #Nepal",20,0,0,0,2023-09-27 08:11:58+00:00,Get festive with Oodni #oodni #oodniboutique #oodnibykhushbudongol💖 #dashain #dashainlooks #kurthi #fashion #traditionalfusion #oodniNepal #instareels #instagood #instadaily #instapost #Nepal,get festive with oodni #oodni #oodniboutique #oodnibykhushbudongol💖 #dashain #dashainlooks #kurthi #fashion #traditionalfusion #oodninepal #instareels #instagood #instadaily #instapost #nepal,True,English,Traditional/Ethnic,0.0008
Instagram,Phase2,"“This Dashain, let your outfit shine as bright as your celebrations! 🎉❤️ #DashainLooks #EthnicGlam” #snehascollection #bridal2024 #instadaily #reelsinstagram #snehasdesign #instagood #instareels",57,1,0,0,2024-09-16 05:06:46+00:00,"“This Dashain, let your outfit shine as bright as your celebrations! 🎉❤️ #DashainLooks #EthnicGlam” #snehascollection #bridal2024 #instadaily #reelsinstagram #snehasdesign #instagood #instareels","“this dashain, let your outfit shine as bright as your celebrations! 🎉❤️ #dashainlooks #ethnicglam” #snehascollection #bridal2024 #instadaily #reelsinstagram #snehasdesign #instagood #instareels",True,English,Traditional/Ethnic,0.0025800000000000003
Instagram,Phase2,"Your festive look deserves better than basic lashes.
Upgrade to Mimisara Glam – your new go-to for stunning eyes in MINUTES! 💁‍♀️
🎉 15% OFF our bestselling Eyelash Extension Kit – for a limited time only!

✅ Fuss-free at-home application
✅ Waterproof, cruelty-free, and festival-proof
✅ Loved by lash lovers all over Nepal 🇳🇵

💥 It’s now or never — stock is flying out!
Tap to glam up ➡️

#LashUpgrade #NepaliBeautyBrand #FestiveGlow
#GlamWithoutTheSalon #DashainLooks #TiharReady
#CrueltyFreeBeauty #BeautyOnABudget #AtHomeGlam
#MakeupNepal #MimiSaraGlow #FestivalGlamNepal
#NepaliMakeupCommunity #NaturalLashes #DashainVibes
#TiharSpecial #GlamSeason #SelfCareSeason
#BudgetBeauty #LashGoals #GlamUpNepal
#LashKitNepal #NepaliGirlsGlam #DashainDiscounts
#LashesOnPoint #ViralBeautyNepal #GlowUpNepal",99,2,0,0,2025-09-19 07:15:00+00:00,"Your festive look deserves better than basic lashes. Upgrade to Mimisara Glam – your new go-to for stunning eyes in MINUTES! 💁‍♀️ 🎉 15% OFF our bestselling Eyelash Extension Kit – for a limited time only! ✅ Fuss-free at-home application ✅ Waterproof, cruelty-free, and festival-proof ✅ Loved by lash lovers all over Nepal 🇳🇵 💥 It’s now or never — stock is flying out! Tap to glam up ➡️ #LashUpgrade #NepaliBeautyBrand #FestiveGlow #GlamWithoutTheSalon #DashainLooks #TiharReady #CrueltyFreeBeauty #BeautyOnABudget #AtHomeGlam #MakeupNepal #MimiSaraGlow #FestivalGlamNepal #NepaliMakeupCommunity #NaturalLashes #DashainVibes #TiharSpecial #GlamSeason #SelfCareSeason #BudgetBeauty #LashGoals #GlamUpNepal #LashKitNepal #NepaliGirlsGlam #DashainDiscounts #LashesOnPoint #ViralBeautyNepal #GlowUpNepal","your festive look deserves better than basic lashes. upgrade to mimisara glam – your new go-to for stunning eyes in minutes! 💁‍♀️ 🎉 15% off our bestselling eyelash extension kit – for a limited time only! ✅ fuss-free at-home application ✅ waterproof, cruelty-free, and festival-proof ✅ loved by lash lovers all over nepal 🇳🇵 💥 it’s now or never — stock is flying out! tap to glam up ➡️ #lashupgrade #nepalibeautybrand #festiveglow #glamwithoutthesalon #dashainlooks #tiharready #crueltyfreebeauty #beautyonabudget #athomeglam #makeupnepal #mimisaraglow #festivalglamnepal #nepalimakeupcommunity #naturallashes #dashainvibes #tiharspecial #glamseason #selfcareseason #budgetbeauty #lashgoals #glamupnepal #lashkitnepal #nepaligirlsglam #dashaindiscounts #lashesonpoint #viralbeautynepal #glowupnepal",True,English,Traditional/Ethnic,0.004560000000000001
Instagram,Phase2,Sold out ❌❌New in 😍 Shop now and make your Dashain more special ✨ @aafreenattire_np #newin #dashainlooks,17,0,0,0,2025-09-17 11:35:43+00:00,Sold out ❌❌New in 😍 Shop now and make your Dashain more special ✨ #newin #dashainlooks,sold out ❌❌new in 😍 shop now and make your dashain more special ✨ #newin #dashainlooks,True,English,Traditional/Ethnic,0.00068
Instagram,Phase2,"👗 New arrivals thats chic — because this kathmandu streets deserves it, you deserve to shine the brightest. 💫 Shop the Dress 💃 #shopping 

#Dashain2025 #NepalFashion #KathmanduTrends #ShopNepal #DashainOutfits #NepaliGirlsStyle #NepaliFashionista #OnlineShoppingNepal #TrendyNepal #KathmanduFashion #ShopaholicNepal #DashainLooks #NepalStyleDiaries #NepaliBrandLove #KathmanduGirls",6,0,0,0,2025-09-17 11:30:29+00:00,"👗 New arrivals thats chic — because this kathmandu streets deserves it, you deserve to shine the brightest. 💫 Shop the Dress 💃 #shopping #Dashain2025 #NepalFashion #KathmanduTrends #ShopNepal #DashainOutfits #NepaliGirlsStyle #NepaliFashionista #OnlineShoppingNepal #TrendyNepal #KathmanduFashion #ShopaholicNepal #DashainLooks #NepalStyleDiaries #NepaliBrandLove #KathmanduGirls","👗 new arrivals thats chic — because this kathmandu streets deserves it, you deserve to shine the brightest. 💫 shop the dress 💃 #shopping #dashain2025 #nepalfashion #kathmandutrends #shopnepal #dashainoutfits #nepaligirlsstyle #nepalifashionista #onlineshoppingnepal #trendynepal #kathmandufashion #shopaholicnepal #dashainlooks #nepalstylediaries #nepalibrandlove #kathmandugirls",True,English,Traditional/Ethnic,0.00023999999999999998
Instagram,Phase2,"American diamond ring in silver925 with platinum/rhodium plated✨For daily use.
Order Now!!!
.
.
.
#dhungrinepal #dhungri #royalwomen #fordailyuse #dailyusering #silver925 #platinum #rhodium #shine #love #antique #adring #shippingworldwide #royalgirls #beroyal #dashain #festivalvibes #dashainlooks",22,1,0,0,2022-09-18 03:03:36+00:00,American diamond ring in silver925 with platinum/rhodium plated✨For daily use. Order Now!!! . . . #dhungrinepal #dhungri #royalwomen #fordailyuse #dailyusering #silver925 #platinum #rhodium #shine #love #antique #adring #shippingworldwide #royalgirls #beroyal #dashain #festivalvibes #dashainlooks,american diamond ring in silver925 with platinum/rhodium plated✨for daily use. order now!!! . . . #dhungrinepal #dhungri #royalwomen #fordailyuse #dailyusering #silver925 #platinum #rhodium #shine #love #antique #adring #shippingworldwide #royalgirls #beroyal #dashain #festivalvibes #dashainlooks,True,English,Traditional/Ethnic,0.00118
Instagram,Phase2,#bestfriends #dashainlooks,19,2,0,0,2024-10-20 21:48:43+00:00,#bestfriends #dashainlooks,#bestfriends #dashainlooks,True,English,Traditional/Ethnic,0.00136
Instagram,Phase2,"High quality American diamond earpiece ✨Order Now!!!
.
.
.
#dhungrinepal #dhungri #royalwomen #beroyal #ad #adring #unique #uniquejewelry #antique #antiquejewelry #love #shine #shippingworldwide #beyoutiful #fordashain #foryou #festivalvibes #dashainlooks",19,0,0,0,2022-09-10 14:28:22+00:00,High quality American diamond earpiece ✨Order Now!!! . . . #dhungrinepal #dhungri #royalwomen #beroyal #ad #adring #unique #uniquejewelry #antique #antiquejewelry #love #shine #shippingworldwide #beyoutiful #fordashain #foryou #festivalvibes #dashainlooks,high quality american diamond earpiece ✨order now!!! . . . #dhungrinepal #dhungri #royalwomen #beroyal #ad #adring #unique #uniquejewelry #antique #antiquejewelry #love #shine #shippingworldwide #beyoutiful #fordashain #foryou #festivalvibes #dashainlooks,True,English,Traditional/Ethnic,0.00076
Instagram,Phase2,"Tihar Sale ✨ | Best Quality You Won’t Regret 🌸
COD & Home Delivery 🚚
Includes saree/belt/blousepiece— Grab Yours Now! 🛍️ 
#sareenepal #sareesale #sarisale #sarinepal",2,0,0,0,2025-10-09 11:04:29+00:00,Tihar Sale ✨ | Best Quality You Won’t Regret 🌸 COD & Home Delivery 🚚 Includes saree/belt/blousepiece— Grab Yours Now! 🛍️ #sareenepal #sareesale #sarisale #sarinepal,tihar sale ✨ | best quality you won’t regret 🌸 cod & home delivery 🚚 includes saree/belt/blousepiece— grab yours now! 🛍️ #sareenepal #sareesale #sarisale #sarinepal,True,English,Traditional/Ethnic,8e-05
Instagram,Phase2,"Sari 🥻, pink colour, 1500 Rs. Nepal #sari #sarinepal #nepal #sariktm #sellsari",5,0,0,0,2025-12-29 02:54:09+00:00,"Sari 🥻, pink colour, 1500 Rs. Nepal #sari #sarinepal #nepal #sariktm #sellsari","sari 🥻, pink colour, 1500 rs. nepal #sari #sarinepal #nepal #sariktm #sellsari",True,English,Traditional/Ethnic,0.0002
Instagram,Phase2,"Dm for order♥️

#reels#sarinepal #nepal",5,1,0,0,2024-01-03 16:09:16+00:00,Dm for order♥️ #reels#sarinepal #nepal,dm for order♥️ #reels#sarinepal #nepal,True,English,Traditional/Ethnic,0.0005
Instagram,Phase2,"Gorgeous Girls in Beautiful Dresses ! Get these kurtas and more with us! New Summer Collection ! ANARKALI Kurtas and Tops Available ! Readymade Blouses Available !
#viral #reels #nepalonlineshopping #readymadeblouse #nepalonlinestore #nepalkurta #kurtanepal #sarinepal #blousenepal",162,3,0,0,2025-01-22 13:16:58+00:00,Gorgeous Girls in Beautiful Dresses ! Get these kurtas and more with us! New Summer Collection ! ANARKALI Kurtas and Tops Available ! Readymade Blouses Available ! #viral #reels #nepalonlineshopping #readymadeblouse #nepalonlinestore #nepalkurta #kurtanepal #sarinepal #blousenepal,gorgeous girls in beautiful dresses ! get these kurtas and more with us! new summer collection ! anarkali kurtas and tops available ! readymade blouses available ! #viral #reels #nepalonlineshopping #readymadeblouse #nepalonlinestore #nepalkurta #kurtanepal #sarinepal #blousenepal,True,English,Traditional/Ethnic,0.007379999999999999
Instagram,Phase2,"Saree not sorry for mixing cultures & serving looks. Indo western set available.✨

🪞DELIVERY ALL OVER NEPAL🪞

#sanskaribyvu #kaftannepal #onlinekurthashopnepal #kurthacollectionnepal #sarinepal #ethinicwear",26,0,0,0,2025-09-22 13:56:34+00:00,Saree not sorry for mixing cultures & serving looks. Indo western set available.✨ 🪞DELIVERY ALL OVER NEPAL🪞 #sanskaribyvu #kaftannepal #onlinekurthashopnepal #kurthacollectionnepal #sarinepal #ethinicwear,saree not sorry for mixing cultures & serving looks. indo western set available.✨ 🪞delivery all over nepal🪞 #sanskaribyvu #kaftannepal #onlinekurthashopnepal #kurthacollectionnepal #sarinepal #ethinicwear,True,English,Traditional/Ethnic,0.00104
Instagram,Phase2,"""🔥 Trending Now 🔥 Beautiful sari to make you shine this season ✨""
📌 Order Now: 9769033277
#SariNepal #FashionNepal #WomenWearNepal #NirusCollection",1,0,0,0,2025-08-30 09:00:42+00:00,"""🔥 Trending Now 🔥 Beautiful sari to make you shine this season ✨"" 📌 Order Now: 9769033277 #SariNepal #FashionNepal #WomenWearNepal #NirusCollection","""🔥 trending now 🔥 beautiful sari to make you shine this season ✨"" 📌 order now: 9769033277 #sarinepal #fashionnepal #womenwearnepal #niruscollection",True,English,Traditional/Ethnic,4e-05
Instagram,Phase2,"Brush paint Saree😍for this teej looks🎀
Colours available.
Delivery available all over nepal

#Sarinarinepal #sarinepal #nepal #fyp #kathmandu",93,1,0,0,2024-08-15 10:48:06+00:00,Brush paint Saree😍for this teej looks🎀 Colours available. Delivery available all over nepal #Sarinarinepal #sarinepal #nepal #fyp #kathmandu,brush paint saree😍for this teej looks🎀 colours available. delivery available all over nepal #sarinarinepal #sarinepal #nepal #fyp #kathmandu,True,English,Traditional/Ethnic,0.00402
Instagram,Phase2,"Beautiful sari only at Rs1450 
Blouse piece is attached within it🏵️
Delivery all over Nepal 🇳🇵
.
.
.#sarinepal #onlineshopping #Luga_फाटो",11,0,0,0,2024-07-29 02:46:13+00:00,Beautiful sari only at Rs1450 Blouse piece is attached within it🏵️ Delivery all over Nepal 🇳🇵 . . .#sarinepal #onlineshopping #Luga_फाटो,beautiful sari only at rs1450 blouse piece is attached within it🏵️ delivery all over nepal 🇳🇵 . . .#sarinepal #onlineshopping #luga_फाटो,True,Nepali,Traditional/Ethnic,0.00044000000000000007
Instagram,Phase2,#kanjiveramsilksaree #onlineshoppingnepal #sarinepal #teejspecial,-1,0,0,0,2024-07-24 14:51:27+00:00,#kanjiveramsilksaree #onlineshoppingnepal #sarinepal #teejspecial,#kanjiveramsilksaree #onlineshoppingnepal #sarinepal #teejspecial,True,English,Traditional/Ethnic,-4e-05
Instagram,Phase2,"🔥🔥HOTTEST ARRIVAL…🔥🔥
BEAUTIFUL ROSE-PETAL PRINTED SAREE WITH JARI BODER DESIGN. 😍
SOFT FABRIC , ELEGANT DESIGN, SOOTHING COLORS,COMES WITH BLOUSE, 😍
#Fashion #Style #Beauty #Saree #RosePetal #JariBorder #SoftFabric #ElegantDesign #SoothingColors #BlouseIncluded
#sarinepal#fancypartywear",1330,7,0,0,2024-06-15 08:30:35+00:00,"🔥🔥HOTTEST ARRIVAL…🔥🔥 BEAUTIFUL ROSE-PETAL PRINTED SAREE WITH JARI BODER DESIGN. 😍 SOFT FABRIC , ELEGANT DESIGN, SOOTHING COLORS,COMES WITH BLOUSE, 😍 #Fashion #Style #Beauty #Saree #RosePetal #JariBorder #SoftFabric #ElegantDesign #SoothingColors #BlouseIncluded #sarinepal#fancypartywear","🔥🔥hottest arrival…🔥🔥 beautiful rose-petal printed saree with jari boder design. 😍 soft fabric , elegant design, soothing colors,comes with blouse, 😍 #fashion #style #beauty #saree #rosepetal #jariborder #softfabric #elegantdesign #soothingcolors #blouseincluded #sarinepal#fancypartywear",True,English,Traditional/Ethnic,0.0553
Instagram,Phase2,"Beautiful nari in sariii💅

.

.

#sari #evasfashion #saree #sarinepal #traditionalfashion #modernethnic #desivibes #saristyles #fyppage",-1,9,0,0,2024-11-16 18:03:35+00:00,Beautiful nari in sariii💅 . . #sari #evasfashion #saree #sarinepal #traditionalfashion #modernethnic #desivibes #saristyles #fyppage,beautiful nari in sariii💅 . . #sari #evasfashion #saree #sarinepal #traditionalfashion #modernethnic #desivibes #saristyles #fyppage,True,English,Traditional/Ethnic,0.0026599999999999996
Instagram,Phase2,Never forget to wear your smile. It’s the most crucial thing of your get-up. #nepal #womensfashion #Fashion #sarisaristore #Blouse #sarinepal #nepalisong #nepalireels❤️,2,0,0,0,2023-09-02 07:34:51+00:00,Never forget to wear your smile. It’s the most crucial thing of your get-up. #nepal #womensfashion #Fashion #sarisaristore #Blouse #sarinepal #nepalisong #nepalireels❤️,never forget to wear your smile. it’s the most crucial thing of your get-up. #nepal #womensfashion #fashion #sarisaristore #blouse #sarinepal #nepalisong #nepalireels❤️,True,English,Traditional/Ethnic,8e-05
Instagram,Phase2,"💫🎄Fue GENIAL el mercadillo navideño ayer en Barcenillas 👏🏼🤩 Gracias a todos los que nos ayudaron a llegar al marcador y por llevarnos a casa después! love love ❤️😘 
.
.
#leytederitch #batikindonesia #sarinepal #khmerfabrics #batikcollection #saticollection #khmercollection #hechoamano #artandculture #jewelry #accessories #joyas #leytederitchvibes",10,0,0,0,2024-12-01 13:04:32+00:00,💫🎄Fue GENIAL el mercadillo navideño ayer en Barcenillas 👏🏼🤩 Gracias a todos los que nos ayudaron a llegar al marcador y por llevarnos a casa después! love love ❤️😘 . . #leytederitch #batikindonesia #sarinepal #khmerfabrics #batikcollection #saticollection #khmercollection #hechoamano #artandculture #jewelry #accessories #joyas #leytederitchvibes,💫🎄fue genial el mercadillo navideño ayer en barcenillas 👏🏼🤩 gracias a todos los que nos ayudaron a llegar al marcador y por llevarnos a casa después! love love ❤️😘 . . #leytederitch #batikindonesia #sarinepal #khmerfabrics #batikcollection #saticollection #khmercollection #hechoamano #artandculture #jewelry #accessories #joyas #leytederitchvibes,True,English,Traditional/Ethnic,0.0004
Instagram,Phase2,"Dm to get these beautiful saris 💗

#sari #saree #thriftbyerona #thriftstorefinds #thrifting #sarinepal #saricollection #vintagesari #thrifting #reuse #recycle #restyle #refashioned",33,0,0,0,2023-05-15 06:47:16+00:00,Dm to get these beautiful saris 💗 #sari #saree #thriftbyerona #thriftstorefinds #thrifting #sarinepal #saricollection #vintagesari #thrifting #reuse #recycle #restyle #refashioned,dm to get these beautiful saris 💗 #sari #saree #thriftbyerona #thriftstorefinds #thrifting #sarinepal #saricollection #vintagesari #thrifting #reuse #recycle #restyle #refashioned,True,English,Traditional/Ethnic,0.00132
Instagram,Phase2,"Embrace the elegance with our stunning new red sari collection. Handpicked and Redefine sophistication in every drape. Stay tuned for more updates!!#timelesselegance #sarinepal #sari #nepal 

📍Mahalas, Bishal Bazar

Dm for more information.",-1,0,0,0,2024-01-30 07:13:34+00:00,"Embrace the elegance with our stunning new red sari collection. Handpicked and Redefine sophistication in every drape. Stay tuned for more updates!!#timelesselegance #sarinepal #sari #nepal 📍Mahalas, Bishal Bazar Dm for more information.","embrace the elegance with our stunning new red sari collection. handpicked and redefine sophistication in every drape. stay tuned for more updates!!#timelesselegance #sarinepal #sari #nepal 📍mahalas, bishal bazar dm for more information.",True,English,Traditional/Ethnic,-4e-05
Instagram,Phase2,"May the festival of Teej fill ur life with ecstasy, ensure the well-being of your spouse & children, & purify your body & soul. “A very Happy Teej….”
#nepal #womensfashion #Fashion #sarisaristore #Blouse #sarinepal #nepalisong #nepalireels 💃🌹🏵🏵🏵💞💞💞💞💞💞",1,0,0,0,2023-09-06 13:40:29+00:00,"May the festival of Teej fill ur life with ecstasy, ensure the well-being of your spouse & children, & purify your body & soul. “A very Happy Teej….” #nepal #womensfashion #Fashion #sarisaristore #Blouse #sarinepal #nepalisong #nepalireels 💃🌹🏵🏵🏵💞💞💞💞💞💞","may the festival of teej fill ur life with ecstasy, ensure the well-being of your spouse & children, & purify your body & soul. “a very happy teej….” #nepal #womensfashion #fashion #sarisaristore #blouse #sarinepal #nepalisong #nepalireels 💃🌹🏵🏵🏵💞💞💞💞💞💞",True,English,Traditional/Ethnic,4e-05
Instagram,Phase2,"May the festival of Teej fill ur life with ecstasy, ensure the well-being of your spouse & children, & purify your body & soul. “A very Happy Teej….”
#nepal #womensfashion #Fashion #sarisaristore #Blouse #sarinepal #nepalisong #nepalireels",1,0,0,0,2023-09-06 14:28:27+00:00,"May the festival of Teej fill ur life with ecstasy, ensure the well-being of your spouse & children, & purify your body & soul. “A very Happy Teej….” #nepal #womensfashion #Fashion #sarisaristore #Blouse #sarinepal #nepalisong #nepalireels","may the festival of teej fill ur life with ecstasy, ensure the well-being of your spouse & children, & purify your body & soul. “a very happy teej….” #nepal #womensfashion #fashion #sarisaristore #blouse #sarinepal #nepalisong #nepalireels",True,English,Traditional/Ethnic,4e-05
Instagram,Phase2,"✨ Arte hecho a mano: joyas tradicionales con historia y alma. 

🛒  https://leytederitch.etsy.com

#leytederitch #batikjewelry #traditionalfabrics #khmerstyle #khmervibes #wearart #wearculture #celebrateculture #sarinepal #nepalesefabric #fabricjewelries",6,1,0,0,2025-02-20 05:00:00+00:00,✨ Arte hecho a mano: joyas tradicionales con historia y alma. 🛒 #leytederitch #batikjewelry #traditionalfabrics #khmerstyle #khmervibes #wearart #wearculture #celebrateculture #sarinepal #nepalesefabric #fabricjewelries,✨ arte hecho a mano: joyas tradicionales con historia y alma. 🛒 #leytederitch #batikjewelry #traditionalfabrics #khmerstyle #khmervibes #wearart #wearculture #celebrateculture #sarinepal #nepalesefabric #fabricjewelries,True,English,Traditional/Ethnic,0.0005399999999999999
Instagram,Phase2,"Delivery all over Nepal 💗

#sari #saree #thriftbyerona #thriftstorefinds #thrifting #sarinepal #saricollection #vintagesari #thrifting #reuse #recycle #restyle #refashionedvintage #rewearing #rewearingiscaring #reelsinstagram #reels #reelsnepal #reelsindia",32,0,0,0,2023-05-16 06:22:36+00:00,Delivery all over Nepal 💗 #sari #saree #thriftbyerona #thriftstorefinds #thrifting #sarinepal #saricollection #vintagesari #thrifting #reuse #recycle #restyle #refashionedvintage #rewearing #rewearingiscaring #reelsinstagram #reels #reelsnepal #reelsindia,delivery all over nepal 💗 #sari #saree #thriftbyerona #thriftstorefinds #thrifting #sarinepal #saricollection #vintagesari #thrifting #reuse #recycle #restyle #refashionedvintage #rewearing #rewearingiscaring #reelsinstagram #reels #reelsnepal #reelsindia,True,English,Traditional/Ethnic,0.00128
Instagram,Phase2,"¡Qué bonito fue compartir cultura, tejidos y sonrisas en #folkomillasfestival 💫 Gracias por apreciar y apoyar la artesanía y elegir @leyte_deritch. ¡Hasta pronto, Comillas! 

#leytederitch #batikjewelry #hechoamano #folkomillas #folkomillasfestival #madeinspain #bisuteria #artesanal #sarinepal #batikindonesia #kramacambodia #smallbusinessowner",32,5,0,0,2025-06-25 21:24:44+00:00,"¡Qué bonito fue compartir cultura, tejidos y sonrisas en #folkomillasfestival 💫 Gracias por apreciar y apoyar la artesanía y elegir . ¡Hasta pronto, Comillas! #leytederitch #batikjewelry #hechoamano #folkomillas #folkomillasfestival #madeinspain #bisuteria #artesanal #sarinepal #batikindonesia #kramacambodia #smallbusinessowner","¡qué bonito fue compartir cultura, tejidos y sonrisas en #folkomillasfestival 💫 gracias por apreciar y apoyar la artesanía y elegir . ¡hasta pronto, comillas! #leytederitch #batikjewelry #hechoamano #folkomillas #folkomillasfestival #madeinspain #bisuteria #artesanal #sarinepal #batikindonesia #kramacambodia #smallbusinessowner",True,English,Traditional/Ethnic,0.0027800000000000004
Instagram,Phase2,"Who need a roses when your guitar composes?

#MantraStudios #mantraguitar #designedinnepal #nepalibrand #mantra #nepalidesigned #contribution #contribute #inspiration #support #artists #musicians #madeinnepal #designedinnepal #guitar #guitars #whatsyourmantra #change #connect #build",911,1,0,0,2024-07-01 10:56:41+00:00,Who need a roses when your guitar composes? #MantraStudios #mantraguitar #designedinnepal #nepalibrand #mantra #nepalidesigned #contribution #contribute #inspiration #support #artists #musicians #madeinnepal #designedinnepal #guitar #guitars #whatsyourmantra #change #connect #build,who need a roses when your guitar composes? #mantrastudios #mantraguitar #designedinnepal #nepalibrand #mantra #nepalidesigned #contribution #contribute #inspiration #support #artists #musicians #madeinnepal #designedinnepal #guitar #guitars #whatsyourmantra #change #connect #build,True,English,General Fashion,0.03674
Instagram,Phase2,"When comfort meets the dance floor 🖤 @ssup_o4 

#dnexzen #madeinnepal #fromhimalayas",1290,6,0,0,2025-08-14 05:15:13+00:00,When comfort meets the dance floor 🖤 #dnexzen #madeinnepal #fromhimalayas,when comfort meets the dance floor 🖤 #dnexzen #madeinnepal #fromhimalayas,True,English,General Fashion,0.05340000000000001
Instagram,Phase2,"Gan Z team

Follow @today_photography10 for beautiful post.

#explorepage #nepal #streetphotography
#nepali # #travelnepal #lovenature
#streetphotography #nepaliword
#exploretheworld
#madeinnepal #flowers 
#nepalimade
#photogram
#photooftheday
#spring
#springday
#springtime #todayphotography10 
#mobilephotography10 
 #mobile10001
 #stharju10
 #camera10001
 #todayphotography🙏
 #flower10
#temple10001
#beauty10001
#sky10001",2408,15,0,0,2025-09-09 15:16:29+00:00,Gan Z team Follow for beautiful post. #explorepage #nepal #streetphotography #nepali # #travelnepal #lovenature #streetphotography #nepaliword #exploretheworld #madeinnepal #flowers #nepalimade #photogram #photooftheday #spring #springday #springtime #todayphotography10 #mobilephotography10 #mobile10001 #stharju10 #camera10001 #todayphotography🙏 #flower10 #temple10001 #beauty10001 #sky10001,gan z team follow for beautiful post. #explorepage #nepal #streetphotography #nepali # #travelnepal #lovenature #streetphotography #nepaliword #exploretheworld #madeinnepal #flowers #nepalimade #photogram #photooftheday #spring #springday #springtime #todayphotography10 #mobilephotography10 #mobile10001 #stharju10 #camera10001 #todayphotography🙏 #flower10 #temple10001 #beauty10001 #sky10001,True,English,General Fashion,0.10082
Instagram,Phase2,"Why am I here? Why not? :)

#DuluwaStories #StayInNepal #DiasporaDilemma #HomeIsHere #NepaliYouth #PurposeOverPassport #WhyIStayed #MadeInNepal",504,40,0,0,2025-08-03 12:36:43+00:00,Why am I here? Why not? :) #DuluwaStories #StayInNepal #DiasporaDilemma #HomeIsHere #NepaliYouth #PurposeOverPassport #WhyIStayed #MadeInNepal,why am i here? why not? :) #duluwastories #stayinnepal #diasporadilemma #homeishere #nepaliyouth #purposeoverpassport #whyistayed #madeinnepal,True,English,General Fashion,0.03216
Instagram,Phase2,"📩 DM to Order
🌍 Shipping Nepal & Worldwide

Handcrafted Seto Machindranath Frame ✨

Bring home a symbol of compassion, harmony, and Nepal’s rich cultural heritage.

Crafted by skilled Nepali artisans and designed for those who wish to keep culture, faith, and tradition close to their hearts. 🇳🇵

#DyaKipa #SetoMachindranath #HandcraftedInNepal #NepalHeritage #madeinnepal",508,17,0,0,2026-05-22 12:41:23+00:00,"📩 DM to Order 🌍 Shipping Nepal & Worldwide Handcrafted Seto Machindranath Frame ✨ Bring home a symbol of compassion, harmony, and Nepal’s rich cultural heritage. Crafted by skilled Nepali artisans and designed for those who wish to keep culture, faith, and tradition close to their hearts. 🇳🇵 #DyaKipa #SetoMachindranath #HandcraftedInNepal #NepalHeritage #madeinnepal","📩 dm to order 🌍 shipping nepal & worldwide handcrafted seto machindranath frame ✨ bring home a symbol of compassion, harmony, and nepal’s rich cultural heritage. crafted by skilled nepali artisans and designed for those who wish to keep culture, faith, and tradition close to their hearts. 🇳🇵 #dyakipa #setomachindranath #handcraftedinnepal #nepalheritage #madeinnepal",True,English,Traditional/Ethnic,0.02542
Instagram,Phase2,"🇳🇵 Made in Nepal, for the world!
Introducing Ree Pro – your all-in-one Nepali app 📱
✅ Upload photos & videos
✅ Audio/Video calls with friends
✅ Search & apply for jobs
📲 Available now on Play Store & App Store!
Support local, go global 🌍
#ReePro #MadeInNepal #NepaliApp #TechByNepal #SupportLocal #JobSearch #VideoCall #PhotoShare",11587,36,0,0,2025-07-16 12:58:41+00:00,"🇳🇵 Made in Nepal, for the world! Introducing Ree Pro – your all-in-one Nepali app 📱 ✅ Upload photos & videos ✅ Audio/Video calls with friends ✅ Search & apply for jobs 📲 Available now on Play Store & App Store! Support local, go global 🌍 #ReePro #MadeInNepal #NepaliApp #TechByNepal #SupportLocal #JobSearch #VideoCall #PhotoShare","🇳🇵 made in nepal, for the world! introducing ree pro – your all-in-one nepali app 📱 ✅ upload photos & videos ✅ audio/video calls with friends ✅ search & apply for jobs 📲 available now on play store & app store! support local, go global 🌍 #reepro #madeinnepal #nepaliapp #techbynepal #supportlocal #jobsearch #videocall #photoshare",True,English,General Fashion,0.4108
Instagram,Phase2,📍 Nepali Student 👨‍🎓 Small Business Starter 🇳🇵🎯 Dreaming Big from Bagbazar ✨👕 Old-School Fashion Brand | #Oeva📦 Day 2 of the Hustle 🚀📬 DM to support local ❤️. #nepalibusiness  #nepalitiktok  #studententrepreneur  #madeinnepal  #day2startup  #tiktoknepal  #nepalisupportnepali  #bagbazarvibes  #oeva  #nepalfashionbrand  #nepalistudent  #kathmanduvibes  #supportlocalbrand  #viralhuneyvideo  #youngentrepreneur,5837,73,0,0,2025-06-12 11:12:08+00:00,📍 Nepali Student 👨‍🎓 Small Business Starter 🇳🇵🎯 Dreaming Big from Bagbazar ✨👕 Old-School Fashion Brand | #Oeva📦 Day 2 of the Hustle 🚀📬 DM to support local ❤️. #nepalibusiness #nepalitiktok #studententrepreneur #madeinnepal #day2startup #tiktoknepal #nepalisupportnepali #bagbazarvibes #oeva #nepalfashionbrand #nepalistudent #kathmanduvibes #supportlocalbrand #viralhuneyvideo #youngentrepreneur,📍 nepali student 👨‍🎓 small business starter 🇳🇵🎯 dreaming big from bagbazar ✨👕 old-school fashion brand | #oeva📦 day 2 of the hustle 🚀📬 dm to support local ❤️. #nepalibusiness #nepalitiktok #studententrepreneur #madeinnepal #day2startup #tiktoknepal #nepalisupportnepali #bagbazarvibes #oeva #nepalfashionbrand #nepalistudent #kathmanduvibes #supportlocalbrand #viralhuneyvideo #youngentrepreneur,True,English,Formal/Professional,0.25538
Instagram,Phase2,"Pottery meets Kaabhõ Light Sculpture.

Handmade and designed in Bhaktapur.

#handmadenepal 
#madeinnepal 
#interiordesignnepal 
#handmadelighting 
#aesthetichome",801,7,0,0,2026-05-14 08:51:29+00:00,Pottery meets Kaabhõ Light Sculpture. Handmade and designed in Bhaktapur. #handmadenepal #madeinnepal #interiordesignnepal #handmadelighting #aesthetichome,pottery meets kaabhõ light sculpture. handmade and designed in bhaktapur. #handmadenepal #madeinnepal #interiordesignnepal #handmadelighting #aesthetichome,True,English,Traditional/Ethnic,0.034140000000000004
Instagram,Phase2,"An evening that truly exceeded every expectation ✨

Extremely grateful for the tremendous response, meaningful conversations, incredible energy, and the amazing content created throughout this exclusive meet & greet with Nepal’s only billionaire, Mr. Binod Chaudhary, for his book Made in Nepal 📖 @binodchaudharylegacy 

From inspiring interactions to powerful networking moments, this gathering brought together ambitious minds, creators, entrepreneurs & changemakers under one roof.

Proud to have curated and managed an experience that celebrated vision, legacy, leadership & future opportunities. @luxurydot.pr 
Thank you to everyone who attended, contributed, connected, and made this evening so memorable 🤍 

Here’s to creating more impactful moments that inspire generations ✨

#MadeInNepal #BinodChaudhary #ExclusiveEvent #EventRecap #Leadership Networking Entrepreneurship EventCuration CreatorsCommunity RichaMehta",4826,86,0,0,2026-05-21 11:56:54+00:00,"An evening that truly exceeded every expectation ✨ Extremely grateful for the tremendous response, meaningful conversations, incredible energy, and the amazing content created throughout this exclusive meet & greet with Nepal’s only billionaire, Mr. Binod Chaudhary, for his book Made in Nepal 📖 From inspiring interactions to powerful networking moments, this gathering brought together ambitious minds, creators, entrepreneurs & changemakers under one roof. Proud to have curated and managed an experience that celebrated vision, legacy, leadership & future opportunities. .pr Thank you to everyone who attended, contributed, connected, and made this evening so memorable 🤍 Here’s to creating more impactful moments that inspire generations ✨ #MadeInNepal #BinodChaudhary #ExclusiveEvent #EventRecap #Leadership Networking Entrepreneurship EventCuration CreatorsCommunity RichaMehta","an evening that truly exceeded every expectation ✨ extremely grateful for the tremendous response, meaningful conversations, incredible energy, and the amazing content created throughout this exclusive meet & greet with nepal’s only billionaire, mr. binod chaudhary, for his book made in nepal 📖 from inspiring interactions to powerful networking moments, this gathering brought together ambitious minds, creators, entrepreneurs & changemakers under one roof. proud to have curated and managed an experience that celebrated vision, legacy, leadership & future opportunities. .pr thank you to everyone who attended, contributed, connected, and made this evening so memorable 🤍 here’s to creating more impactful moments that inspire generations ✨ #madeinnepal #binodchaudhary #exclusiveevent #eventrecap #leadership networking entrepreneurship eventcuration creatorscommunity richamehta",True,English,General Fashion,0.21883999999999998
Instagram,Phase2,"उच्च ग्रेड सामग्री + सही प्रक्रिया = टिकाउ र बलियो पेभर।
हाम्रो उत्पादनको आधार यही हो।

📞: ९७४२४५४२३१, ९७०४४०७१५९, ९७६४२२०३२०

फ्याक्टरी: बल्मी, कैलाली

अफिस: बनखेत, पूर्व रोड, कैलाली

#PaverBlocks #HighQualityMaterials #ConstructionNepal #PaverFactory #InterlockingPavers #QualityFirst #DurablePavers #MadeInNepal #PaverProduction #ReliableConstruction #BlockFactory #PremiumPavers",1587,8,0,0,2025-11-28 06:50:00+00:00,"उच्च ग्रेड सामग्री + सही प्रक्रिया = टिकाउ र बलियो पेभर। हाम्रो उत्पादनको आधार यही हो। 📞: ९७४२४५४२३१, ९७०४४०७१५९, ९७६४२२०३२० फ्याक्टरी: बल्मी, कैलाली अफिस: बनखेत, पूर्व रोड, कैलाली #PaverBlocks #HighQualityMaterials #ConstructionNepal #PaverFactory #InterlockingPavers #QualityFirst #DurablePavers #MadeInNepal #PaverProduction #ReliableConstruction #BlockFactory #PremiumPavers","उच्च ग्रेड सामग्री + सही प्रक्रिया = टिकाउ र बलियो पेभर। हाम्रो उत्पादनको आधार यही हो। 📞: ९७४२४५४२३१, ९७०४४०७१५९, ९७६४२२०३२० फ्याक्टरी: बल्मी, कैलाली अफिस: बनखेत, पूर्व रोड, कैलाली #paverblocks #highqualitymaterials #constructionnepal #paverfactory #interlockingpavers #qualityfirst #durablepavers #madeinnepal #paverproduction #reliableconstruction #blockfactory #premiumpavers",True,Nepali,General Fashion,0.06588000000000001
Instagram,Phase2,"Henley top summer edition 🐈‍⬛☕️
#hoyabella #newdrop #madeinnepal",-1,7,0,0,2026-05-31 01:22:45+00:00,Henley top summer edition 🐈‍⬛☕️ #hoyabella #newdrop #madeinnepal,henley top summer edition 🐈‍⬛☕️ #hoyabella #newdrop #madeinnepal,True,English,Western/Casual,0.0020599999999999998
Instagram,Phase2,"Transform your business with Blanxer, a Made in Nepal platform that enables you to create a professional e-commerce website in minutes.
#blanxer #ecommerceinnepal #onlinebusinessnepal #madeinnepal #ideapreneurnepal #ecommercewebsite",1054,3,0,0,2025-03-07 12:00:11+00:00,"Transform your business with Blanxer, a Made in Nepal platform that enables you to create a professional e-commerce website in minutes. #blanxer #ecommerceinnepal #onlinebusinessnepal #madeinnepal #ideapreneurnepal #ecommercewebsite","transform your business with blanxer, a made in nepal platform that enables you to create a professional e-commerce website in minutes. #blanxer #ecommerceinnepal #onlinebusinessnepal #madeinnepal #ideapreneurnepal #ecommercewebsite",True,English,Formal/Professional,0.04306
Instagram,Phase2,"Khasyauli Bazar, Janai parne thau !! 
.
.
.
#chillinginnepal #butwal #madeinnepal #khasyaulibazar #fyp 
{ khasyauli bazar, butwal , chillinginnepal, khasyauli bazar video, beauty of butwal }",989,3,0,0,2025-12-11 03:49:52+00:00,"Khasyauli Bazar, Janai parne thau !! . . . #chillinginnepal #butwal #madeinnepal #khasyaulibazar #fyp { khasyauli bazar, butwal , chillinginnepal, khasyauli bazar video, beauty of butwal }","khasyauli bazar, janai parne thau !! . . . #chillinginnepal #butwal #madeinnepal #khasyaulibazar #fyp { khasyauli bazar, butwal , chillinginnepal, khasyauli bazar video, beauty of butwal }",True,English,General Fashion,0.04046
Instagram,Phase2,"Do you only know coffee latte?

You are out ! 

Come check out how many lattes we have?

#suiroteas #teatime #tea #tealovers #nepalitea #madeinnepal #nepal #suiro #teaculture #latte #latté #coffelatte☕️ #fashionlife #macha #matchalatte #matchalover",6517,12,0,0,2025-05-09 11:31:14+00:00,Do you only know coffee latte? You are out ! Come check out how many lattes we have? #suiroteas #teatime #tea #tealovers #nepalitea #madeinnepal #nepal #suiro #teaculture #latte #latté #coffelatte☕️ #fashionlife #macha #matchalatte #matchalover,do you only know coffee latte? you are out ! come check out how many lattes we have? #suiroteas #teatime #tea #tealovers #nepalitea #madeinnepal #nepal #suiro #teaculture #latte #latté #coffelatte☕️ #fashionlife #macha #matchalatte #matchalover,True,English,General Fashion,0.26427999999999996
Instagram,Phase2,Coffee lovers haru… sorry new ones. My promo code Nimesh10 and get 10%off on all products .. #nimeshrestha #solosnepal #madeinnepal,3735,81,0,0,2024-07-23 01:31:55+00:00,Coffee lovers haru… sorry new ones. My promo code Nimesh10 and get 10%off on all products .. #nimeshrestha #solosnepal #madeinnepal,coffee lovers haru… sorry new ones. my promo code nimesh10 and get 10%off on all products .. #nimeshrestha #solosnepal #madeinnepal,True,English,General Fashion,0.1737
Instagram,Phase2,"One little custom order turned into one of our most loved collections 💛

The Reyna Series was inspired by @ne_hane ‘s request, but brought to life by the hands and love of talented artisans in Nepal.

Each piece is handmade using sustainable 100% wool, carefully stitched letter by letter just for you ✨

DM us to customize yours 💛
📱 WA: 9860031134

#feltthisway #customname #madeinnepal #handmade",642,8,0,0,2026-05-12 12:56:48+00:00,"One little custom order turned into one of our most loved collections 💛 The Reyna Series was inspired by ‘s request, but brought to life by the hands and love of talented artisans in Nepal. Each piece is handmade using sustainable 100% wool, carefully stitched letter by letter just for you ✨ DM us to customize yours 💛 📱 WA: 9860031134 #feltthisway #customname #madeinnepal #handmade","one little custom order turned into one of our most loved collections 💛 the reyna series was inspired by ‘s request, but brought to life by the hands and love of talented artisans in nepal. each piece is handmade using sustainable 100% wool, carefully stitched letter by letter just for you ✨ dm us to customize yours 💛 📱 wa: 9860031134 #feltthisway #customname #madeinnepal #handmade",True,English,Traditional/Ethnic,0.028079999999999997
Instagram,Phase2,FIRST REVICE JEANS IN NEPAL! GRAB YOURS ASAP LIMITED EDITION 🛍️🛒#revicejeans #new #fashion #denim #madeinnepal,927,5,0,0,2025-08-30 16:18:24+00:00,FIRST REVICE JEANS IN NEPAL! GRAB YOURS ASAP LIMITED EDITION 🛍️🛒#revicejeans #new #fashion #denim #madeinnepal,first revice jeans in nepal! grab yours asap limited edition 🛍️🛒#revicejeans #new #fashion #denim #madeinnepal,True,English,Western/Casual,0.03858
Instagram,Phase2,"Mahabir Pun has delivered a strong message to critics calling the National Innovation Center a scrap yard with his 3-wheeled vehicle. This vehicle demonstrates not only Pun's dedication to his work but also showcases Nepal's progress in innovation and technology.
​#MahabirPun #NationalInnovationCenter #InnovationNepal #MadeInNepal #VehicleInnovation",5139,31,0,0,2026-04-11 13:20:52+00:00,Mahabir Pun has delivered a strong message to critics calling the National Innovation Center a scrap yard with his 3-wheeled vehicle. This vehicle demonstrates not only Pun's dedication to his work but also showcases Nepal's progress in innovation and technology. ​#MahabirPun #NationalInnovationCenter #InnovationNepal #MadeInNepal #VehicleInnovation,mahabir pun has delivered a strong message to critics calling the national innovation center a scrap yard with his 3-wheeled vehicle. this vehicle demonstrates not only pun's dedication to his work but also showcases nepal's progress in innovation and technology. ​#mahabirpun #nationalinnovationcenter #innovationnepal #madeinnepal #vehicleinnovation,True,English,Accessories,0.21486000000000002
Instagram,Phase2,"CHILL.MUSIC FEST: LET’S GET LOUD CHITWAN, 
happening on 19 Magh, Saturday | 1 February at NARAYANI KINAR with KUMA SAGAR & THE KHWOPA, JHILKEY AND THE COMPANY & JAMSEY. 
📅 शनिबार: १९ माघ, १ फेब्रुअरी | 🚪 गेट खोल्ने समय: ४ बजेदेख |🔥 सोह सुरु हुने: ५ बजेदेखि | 🇳🇵 स्थान: नारायणी किनार

#kamerobysmartstylist #kameroclothing #madeinnepal #PVENetwork #LiveInChitwan #LetsGetLoudChitwan #CHILLMUSICFEST #KumaSagarAndTheKhowpa #JhilkeyAndTheCompany #Jamesy",13583,0,0,0,2025-01-31 12:34:19+00:00,"CHILL.MUSIC FEST: LET’S GET LOUD CHITWAN, happening on 19 Magh, Saturday | 1 February at NARAYANI KINAR with KUMA SAGAR & THE KHWOPA, JHILKEY AND THE COMPANY & JAMSEY. 📅 शनिबार: १९ माघ, १ फेब्रुअरी | 🚪 गेट खोल्ने समय: ४ बजेदेख |🔥 सोह सुरु हुने: ५ बजेदेखि | 🇳🇵 स्थान: नारायणी किनार #kamerobysmartstylist #kameroclothing #madeinnepal #PVENetwork #LiveInChitwan #LetsGetLoudChitwan #CHILLMUSICFEST #KumaSagarAndTheKhowpa #JhilkeyAndTheCompany #Jamesy","chill.music fest: let’s get loud chitwan, happening on 19 magh, saturday | 1 february at narayani kinar with kuma sagar & the khwopa, jhilkey and the company & jamsey. 📅 शनिबार: १९ माघ, १ फेब्रुअरी | 🚪 गेट खोल्ने समय: ४ बजेदेख |🔥 सोह सुरु हुने: ५ बजेदेखि | 🇳🇵 स्थान: नारायणी किनार #kamerobysmartstylist #kameroclothing #madeinnepal #pvenetwork #liveinchitwan #letsgetloudchitwan #chillmusicfest #kumasagarandthekhowpa #jhilkeyandthecompany #jamesy",True,Nepali,General Fashion,0.4
Instagram,Phase2,"From witnessing the inspiring journey of Nepal’s only billionaire to interviewing the man himself — the launch of Made in Nepal by Mr. Binod Chaudhary was truly unforgettable ✨📖

Hearing his story, learning about his mindset, and getting my signed copy directly from him made this experience even more special 💼✍️

If you love entrepreneurship, business stories, and real inspiration, this book deserves a spot on your shelf 🚀

To get the direct link of the book, comment “LINK” on this reel 👇🔥

#MadeInNepal #BinodChaudhary #BookLaunch #EntrepreneurMindset #SuccessStories

Made in Nepal book, Binod Chaudhary book launch, Nepal billionaire, entrepreneur motivation, business inspiration, startup mindset, success story, motivational book, business tycoon, entrepreneur life",4917,56,0,0,2026-05-11 20:17:29+00:00,"From witnessing the inspiring journey of Nepal’s only billionaire to interviewing the man himself — the launch of Made in Nepal by Mr. Binod Chaudhary was truly unforgettable ✨📖 Hearing his story, learning about his mindset, and getting my signed copy directly from him made this experience even more special 💼✍️ If you love entrepreneurship, business stories, and real inspiration, this book deserves a spot on your shelf 🚀 To get the direct link of the book, comment “LINK” on this reel 👇🔥 #MadeInNepal #BinodChaudhary #BookLaunch #EntrepreneurMindset #SuccessStories Made in Nepal book, Binod Chaudhary book launch, Nepal billionaire, entrepreneur motivation, business inspiration, startup mindset, success story, motivational book, business tycoon, entrepreneur life","from witnessing the inspiring journey of nepal’s only billionaire to interviewing the man himself — the launch of made in nepal by mr. binod chaudhary was truly unforgettable ✨📖 hearing his story, learning about his mindset, and getting my signed copy directly from him made this experience even more special 💼✍️ if you love entrepreneurship, business stories, and real inspiration, this book deserves a spot on your shelf 🚀 to get the direct link of the book, comment “link” on this reel 👇🔥 #madeinnepal #binodchaudhary #booklaunch #entrepreneurmindset #successstories made in nepal book, binod chaudhary book launch, nepal billionaire, entrepreneur motivation, business inspiration, startup mindset, success story, motivational book, business tycoon, entrepreneur life",True,English,Formal/Professional,0.21348000000000003
Instagram,Phase2,"grwm🤍 @emilyshak 

#grwm",318,0,0,0,2026-06-01 23:08:32+00:00,grwm🤍 #grwm,grwm🤍 #grwm,True,English,Western/Casual,0.012720000000000002
Instagram,Phase2,"The ultimate collab you need this summer just arrived! @brwnsugarbabe x @danessamyricksbeauty x @blackgirlsunscreen 😱😍🌞✨

🌞 @brwnsugarbabe 
The Golden Hour Collection
🥭Mango Spice - Inspired by Gritti Mango Auod
☀️Sunlit - Inspired by The Harmonist Sun Force
❤️Love Island - inspired by Mes Bisous Passion Island
🙃Playful - BSB Original
✨
🍍Shimmer Diced Pineapples
💍Shimmer Marry Me
🌺Shimmer Tropical Inferno
🍉Shimmer Woo Child

🖤 @blackgirlsunscreen 
☀️Black Girl Sunscreen Original formula 2oz

🤎 @danessa_myricks 
😊Yummy Skin Blurring Balm Powder Flushed 
🤩Yummy Skin Glow Serum with Hyaluronic Acid & Naicinamide - Juice Boost

I’m obsessed with this collection! The new fragrances smell absolutely amazing, and the shimmer oils are perfect for those days when I want an extra glow to elevate my look. The sunscreen melts seamlessly into my skin with no white cast, and the Juice Boost and the Blurring  Balm give me the perfect complexion for a radiant summer glow. This entire collection is a staple in my summer routine! ☀️✨🌴Thank you @brwnsugarbabe 🤎

#BrownSugarBabe #DanessaMyricks #BlackGirlSunScreen #GoldenHourCollection #GRWM",5202,112,0,0,2026-06-01 00:17:57+00:00,"The ultimate collab you need this summer just arrived! x x 😱😍🌞✨ 🌞 The Golden Hour Collection 🥭Mango Spice - Inspired by Gritti Mango Auod ☀️Sunlit - Inspired by The Harmonist Sun Force ❤️Love Island - inspired by Mes Bisous Passion Island 🙃Playful - BSB Original ✨ 🍍Shimmer Diced Pineapples 💍Shimmer Marry Me 🌺Shimmer Tropical Inferno 🍉Shimmer Woo Child 🖤 ☀️Black Girl Sunscreen Original formula 2oz 🤎 😊Yummy Skin Blurring Balm Powder Flushed 🤩Yummy Skin Glow Serum with Hyaluronic Acid & Naicinamide - Juice Boost I’m obsessed with this collection! The new fragrances smell absolutely amazing, and the shimmer oils are perfect for those days when I want an extra glow to elevate my look. The sunscreen melts seamlessly into my skin with no white cast, and the Juice Boost and the Blurring Balm give me the perfect complexion for a radiant summer glow. This entire collection is a staple in my summer routine! ☀️✨🌴Thank you 🤎 #BrownSugarBabe #DanessaMyricks #BlackGirlSunScreen #GoldenHourCollection #GRWM","the ultimate collab you need this summer just arrived! x x 😱😍🌞✨ 🌞 the golden hour collection 🥭mango spice - inspired by gritti mango auod ☀️sunlit - inspired by the harmonist sun force ❤️love island - inspired by mes bisous passion island 🙃playful - bsb original ✨ 🍍shimmer diced pineapples 💍shimmer marry me 🌺shimmer tropical inferno 🍉shimmer woo child 🖤 ☀️black girl sunscreen original formula 2oz 🤎 😊yummy skin blurring balm powder flushed 🤩yummy skin glow serum with hyaluronic acid & naicinamide - juice boost i’m obsessed with this collection! the new fragrances smell absolutely amazing, and the shimmer oils are perfect for those days when i want an extra glow to elevate my look. the sunscreen melts seamlessly into my skin with no white cast, and the juice boost and the blurring balm give me the perfect complexion for a radiant summer glow. this entire collection is a staple in my summer routine! ☀️✨🌴thank you 🤎 #brownsugarbabe #danessamyricks #blackgirlsunscreen #goldenhourcollection #grwm",True,English,Western/Casual,0.24168
Instagram,Phase2,"Roots day 2

Which outfit should I wear? 🫠

•
•
•
•
•
•
•
•
•

#grwm #ootd #outfitideas #festivaloutfits #festival #festivalfashion #summeroutfits",2749,100,0,0,2026-05-31 19:45:58+00:00,Roots day 2 Which outfit should I wear? 🫠 • • • • • • • • • #grwm #ootd #outfitideas #festivaloutfits #festival #festivalfashion #summeroutfits,roots day 2 which outfit should i wear? 🫠 • • • • • • • • • #grwm #ootd #outfitideas #festivaloutfits #festival #festivalfashion #summeroutfits,True,English,Traditional/Ethnic,0.13996
Instagram,Phase2,"getting ready for something i’ve been manifesting for months ✨
✶
 ✶
✶
#medieval #grwm #funnyvideo #comedy #makeuptutorial",1046,48,0,0,2026-06-02 00:04:01+00:00,getting ready for something i’ve been manifesting for months ✨ ✶ ✶ ✶ #medieval #grwm #funnyvideo #comedy #makeuptutorial,getting ready for something i’ve been manifesting for months ✨ ✶ ✶ ✶ #medieval #grwm #funnyvideo #comedy #makeuptutorial,True,English,Western/Casual,0.05624
Instagram,Phase2,"Jaqueta e blusa @sheinofficial 
Jorts e bota @cea_brasil
Bolsa @jwpei_official

Comente ""quero"" para receber os links!

#looksdaamandamoretti #arrumesecomigo #grwm",963,200,0,0,2026-06-01 11:31:03+00:00,"Jaqueta e blusa Jorts e bota Bolsa Comente ""quero"" para receber os links! #looksdaamandamoretti #arrumesecomigo #grwm","jaqueta e blusa jorts e bota bolsa comente ""quero"" para receber os links! #looksdaamandamoretti #arrumesecomigo #grwm",True,English,Western/Casual,0.09852
Instagram,Phase2,"Some outfits don’t just drape beautifully,they move with you…

Wrapped in the effortless grace of this pure Chanderi semi-flare Anarkali with delicate zari boota detailing and a dreamy Chanderi dupatta. The silhouette falls just right, creating an elegant, elongated look!

Outfit by @studio_velvette 💕

#fashionstyling #anarkalilove #grwm #indianwearfashion #ethnicstyle

fashion influencer, anarkali styling, anarkali, indian wear inspiration, ethnic fashion, festive outfit ideas, traditional wear, outfit styling reel",785,132,0,0,2026-06-01 06:13:10+00:00,"Some outfits don’t just drape beautifully,they move with you… Wrapped in the effortless grace of this pure Chanderi semi-flare Anarkali with delicate zari boota detailing and a dreamy Chanderi dupatta. The silhouette falls just right, creating an elegant, elongated look! Outfit by 💕 #fashionstyling #anarkalilove #grwm #indianwearfashion #ethnicstyle fashion influencer, anarkali styling, anarkali, indian wear inspiration, ethnic fashion, festive outfit ideas, traditional wear, outfit styling reel","some outfits don’t just drape beautifully,they move with you… wrapped in the effortless grace of this pure chanderi semi-flare anarkali with delicate zari boota detailing and a dreamy chanderi dupatta. the silhouette falls just right, creating an elegant, elongated look! outfit by 💕 #fashionstyling #anarkalilove #grwm #indianwearfashion #ethnicstyle fashion influencer, anarkali styling, anarkali, indian wear inspiration, ethnic fashion, festive outfit ideas, traditional wear, outfit styling reel",True,English,Traditional/Ethnic,0.07100000000000001
Instagram,Phase2,"Look con mis zapatos de @odile.mx mis pantalones de @highstreetmx y mi chaleco de mezclilla de @cyamoda 

#outfit #colorcombo #colorcombination #popofcolor #grwm",9595,356,0,0,2026-05-31 13:06:18+00:00,Look con mis zapatos de .mx mis pantalones de y mi chaleco de mezclilla de #outfit #colorcombo #colorcombination #popofcolor #grwm,look con mis zapatos de .mx mis pantalones de y mi chaleco de mezclilla de #outfit #colorcombo #colorcombination #popofcolor #grwm,True,English,Western/Casual,0.49060000000000004
Instagram,Phase2,"This song is stuck in my head, and now so is this dress 😍
.
.
.
.
.
.
.
.
.
.
.
.
.
#grwm #coordset #black #fashionreel #styling 
[fashion, styling, fashion reel, stylish, fashion blogger, grwm video, co-ord set, black, coord set, get ready, mini skirt, bandeau top, accessories, accessorise, outfit]",359,12,0,0,2026-06-01 11:52:54+00:00,"This song is stuck in my head, and now so is this dress 😍 . . . . . . . . . . . . . #grwm #coordset #black #fashionreel #styling [fashion, styling, fashion reel, stylish, fashion blogger, grwm video, co-ord set, black, coord set, get ready, mini skirt, bandeau top, accessories, accessorise, outfit]","this song is stuck in my head, and now so is this dress 😍 . . . . . . . . . . . . . #grwm #coordset #black #fashionreel #styling [fashion, styling, fashion reel, stylish, fashion blogger, grwm video, co-ord set, black, coord set, get ready, mini skirt, bandeau top, accessories, accessorise, outfit]",True,English,Western/Casual,0.01796
Instagram,Phase2,"simple liebe ich❤️‍🔥 

Hose: @cosstores 
Tasche: @balmain 
Schuhe: @karllagerfeld 
Weste: @lovemetwotimes_zurich / secondhand
Top: unbekannt 

#minimalstreetstyle#grwm#outfitinspiration#styleinspo#ootd",1108,18,0,0,2026-05-31 15:56:27+00:00,simple liebe ich❤️‍🔥 Hose: Tasche: Schuhe: Weste: / secondhand Top: unbekannt #minimalstreetstyle#grwm#outfitinspiration#styleinspo#ootd,simple liebe ich❤️‍🔥 hose: tasche: schuhe: weste: / secondhand top: unbekannt #minimalstreetstyle#grwm#outfitinspiration#styleinspo#ootd,True,English,Western/Casual,0.04972
Instagram,Phase2,"Цей костюм і ця сорочка вже мандрують два роки на Польщу і назад. 

Купувала для дочки, все на Хмельницькому речовому ринку. Доця міряла, забирала, не носила - привозила. 

Потім приїздила, міряла дома, знову забирала до Польщі, і знову не носила. Цієї весни привезла остаточно. 

Я не могла допетрати,  що  в ньому не так. Штани форми галіфе псували все.І Лєрі це теж не сподобалось. 

Тепер боюся що в такому вигляді цей костюм сподобається і їй.

Ваш натхненник Альона Польова🦋

#ведуча #ведучанавесілля #стиль #grwmreels #grwm",1025,71,0,0,2026-06-01 08:33:21+00:00,"Цей костюм і ця сорочка вже мандрують два роки на Польщу і назад. Купувала для дочки, все на Хмельницькому речовому ринку. Доця міряла, забирала, не носила - привозила. Потім приїздила, міряла дома, знову забирала до Польщі, і знову не носила. Цієї весни привезла остаточно. Я не могла допетрати, що в ньому не так. Штани форми галіфе псували все.І Лєрі це теж не сподобалось. Тепер боюся що в такому вигляді цей костюм сподобається і їй. Ваш натхненник Альона Польова🦋 #ведуча #ведучанавесілля #стиль #grwmreels #grwm","цей костюм і ця сорочка вже мандрують два роки на польщу і назад. купувала для дочки, все на хмельницькому речовому ринку. доця міряла, забирала, не носила - привозила. потім приїздила, міряла дома, знову забирала до польщі, і знову не носила. цієї весни привезла остаточно. я не могла допетрати, що в ньому не так. штани форми галіфе псували все.і лєрі це теж не сподобалось. тепер боюся що в такому вигляді цей костюм сподобається і їй. ваш натхненник альона польова🦋 #ведуча #ведучанавесілля #стиль #grwmreels #grwm",True,English,Western/Casual,0.062299999999999994
Instagram,Phase2,#grwmreels #grwm,-1,18,0,0,2026-06-01 20:42:02+00:00,#grwmreels #grwm,#grwmreels #grwm,True,English,Western/Casual,0.005359999999999999
Instagram,Phase2,"Get ready with me for church ❣️
Check pinned comment .
Comment for dress link .

#grwm #churchday  #outfitinspo  #polkadotdress #instagram",855,1115,0,0,2026-05-31 16:38:11+00:00,Get ready with me for church ❣️ Check pinned comment . Comment for dress link . #grwm #churchday #outfitinspo #polkadotdress #instagram,get ready with me for church ❣️ check pinned comment . comment for dress link . #grwm #churchday #outfitinspo #polkadotdress #instagram,True,English,Western/Casual,0.3342
Instagram,Phase2,"Ib: @abigailcanfieldd  get ready with me TO GET READY 😭

#makeup #makeupproducts #grwm #getreadywithme 

@byroe_official @torriden @glowrecipe @amika @benefitcosmetics @bubble",1052,27,0,0,2026-06-01 19:07:20+00:00,Ib: get ready with me TO GET READY 😭 #makeup #makeupproducts #grwm #getreadywithme,ib: get ready with me to get ready 😭 #makeup #makeupproducts #grwm #getreadywithme,True,English,Western/Casual,0.05018
Instagram,Phase2,"#naturalmakeup 
Prodotti usati 🍓
@larocheposay ANTHELIOS UVMUNE spf50+
@maccosmeticsitalia matita sopracciglia - eyeshadow GIVE A GLAM - mascara STACK BROWN
@ibra_makeup_italia *gifted @popmakeupshop BROWN SUGAR
@overskin Sunny Cloud 01 - SUN TUBE 
@miamo concealer OAT
@catrice.cosmetics.italia CC SKIN PERFECTOR & @technic_cosmetics Blush MILK TEA *giftedby @maquibeauty.it 
@espressoh_ blush 06:00 AM
@yslbeauty all Hours powder 
@kikomilano radiant fusion powder
@astramakeupofficial lip combo 👉🏻 lip Pencil 41+ aperitint SPRITZ

#grwm #makeuptutorials #alicelatruccatrice #makeuptips",507,69,0,0,2026-05-31 11:03:27+00:00,#naturalmakeup Prodotti usati 🍓 ANTHELIOS UVMUNE spf50+ matita sopracciglia - eyeshadow GIVE A GLAM - mascara STACK BROWN *gifted BROWN SUGAR Sunny Cloud 01 - SUN TUBE concealer OAT .cosmetics.italia CC SKIN PERFECTOR & Blush MILK TEA *giftedby .it blush 06:00 AM all Hours powder radiant fusion powder lip combo 👉🏻 lip Pencil 41+ aperitint SPRITZ #grwm #makeuptutorials #alicelatruccatrice #makeuptips,#naturalmakeup prodotti usati 🍓 anthelios uvmune spf50+ matita sopracciglia - eyeshadow give a glam - mascara stack brown *gifted brown sugar sunny cloud 01 - sun tube concealer oat .cosmetics.italia cc skin perfector & blush milk tea *giftedby .it blush 06:00 am all hours powder radiant fusion powder lip combo 👉🏻 lip pencil 41+ aperitint spritz #grwm #makeuptutorials #alicelatruccatrice #makeuptips,True,English,Western/Casual,0.04098
Instagram,Phase2,"GRWM For Twins Graduation 👨🏻‍🎓🤞🏻
•
•
•
#grwm #graduation #ouai #curlyhair #littlebrother",494,12,0,0,2026-06-01 21:19:12+00:00,GRWM For Twins Graduation 👨🏻‍🎓🤞🏻 • • • #grwm #graduation #ouai #curlyhair #littlebrother,grwm for twins graduation 👨🏻‍🎓🤞🏻 • • • #grwm #graduation #ouai #curlyhair #littlebrother,True,English,Western/Casual,0.02336
Instagram,Phase2,"indo servir cunt no jogo do brasil pra ver se o hexa vem 🇧🇷

blusas do @bazarklaatu 

#grwm #arrumesecomigo #copadomundo copadomundo2026",590,52,0,0,2026-05-31 22:02:10+00:00,indo servir cunt no jogo do brasil pra ver se o hexa vem 🇧🇷 blusas do #grwm #arrumesecomigo #copadomundo copadomundo2026,indo servir cunt no jogo do brasil pra ver se o hexa vem 🇧🇷 blusas do #grwm #arrumesecomigo #copadomundo copadomundo2026,True,English,Western/Casual,0.0392
Instagram,Phase2,"Sunday🤍

#grwm #sundaymood☀️",814,16,0,0,2026-05-31 12:38:16+00:00,Sunday🤍 #grwm #sundaymood☀️,sunday🤍 #grwm #sundaymood☀️,True,English,Western/Casual,0.03736
Instagram,Phase2,"Beautiful dhaka print choli with minimal embroidery made as per customer order. 
Simple yet beautiful.😍 
Thankyou for choosing LAGOOM🤍
⏩️Customisation available.
⏩️Delivery all over Nepal.
⏩️shipping worldwide 
⏩️Direct dm for more.
.
.
.
.
.
#clientdiaries #custommade #madewithlove #dhakacholi #embroidery #handwork #design #lagoomfits",52,3,0,0,2024-02-11 03:48:26+00:00,Beautiful dhaka print choli with minimal embroidery made as per customer order. Simple yet beautiful.😍 Thankyou for choosing LAGOOM🤍 ⏩️Customisation available. ⏩️Delivery all over Nepal. ⏩️shipping worldwide ⏩️Direct dm for more. . . . . . #clientdiaries #custommade #madewithlove #dhakacholi #embroidery #handwork #design #lagoomfits,beautiful dhaka print choli with minimal embroidery made as per customer order. simple yet beautiful.😍 thankyou for choosing lagoom🤍 ⏩️customisation available. ⏩️delivery all over nepal. ⏩️shipping worldwide ⏩️direct dm for more. . . . . . #clientdiaries #custommade #madewithlove #dhakacholi #embroidery #handwork #design #lagoomfits,True,English,Traditional/Ethnic,0.00298
Instagram,Phase2,"Hand embroidery Dhaka choli is now available 
We customize as per customer size and customer design 
 For order dm us on instagram WhatsApp
WhatsApp us 📩
We deliver all over Nepal 🇳🇵 
Shipping worldwide 🌏✈️
 #fyp #foryou #dhakacholi #gurungdress #culturaldress",6,0,0,0,2026-06-02 06:45:44+00:00,Hand embroidery Dhaka choli is now available We customize as per customer size and customer design For order dm us on instagram WhatsApp WhatsApp us 📩 We deliver all over Nepal 🇳🇵 Shipping worldwide 🌏✈️ #fyp #foryou #dhakacholi #gurungdress #culturaldress,hand embroidery dhaka choli is now available we customize as per customer size and customer design for order dm us on instagram whatsapp whatsapp us 📩 we deliver all over nepal 🇳🇵 shipping worldwide 🌏✈️ #fyp #foryou #dhakacholi #gurungdress #culturaldress,True,English,Traditional/Ethnic,0.00023999999999999998
Instagram,Phase2,"#dhakacholi #chahana_creation 
Order now",120,7,0,0,2023-11-14 14:33:09+00:00,#dhakacholi #chahana_creation Order now,#dhakacholi #chahana_creation order now,True,English,Traditional/Ethnic,0.0069
Instagram,Phase2,#fashion #handworklehengas #mechanicsburg #hamroboutique #kurtaset #sari #camphill #harrisburg #carlisle #dhakacholi,5,0,0,0,2025-05-15 00:06:40+00:00,#fashion #handworklehengas #mechanicsburg #hamroboutique #kurtaset #sari #camphill #harrisburg #carlisle #dhakacholi,#fashion #handworklehengas #mechanicsburg #hamroboutique #kurtaset #sari #camphill #harrisburg #carlisle #dhakacholi,True,English,Traditional/Ethnic,0.0002
Instagram,Phase2,#reels#explore#dhakacholi,283,3,0,0,2022-11-09 06:10:13+00:00,#reels#explore#dhakacholi,#reels#explore#dhakacholi,True,English,Traditional/Ethnic,0.01222
Instagram,Phase2,"Some days call for more than fashion—they call for heritage, worn with pride. Nepal Festival 2025🇳🇵

Dhaka choli & Accessories from @nepal_authentic_wear 🤍🩵✨

.
.
.
.
.
.
.
.
.
.
.
.
.
#dhakacholi #nepalfestival2025 #darwin #beebglam #nepali #fyp",39,5,0,0,2025-06-15 07:20:40+00:00,"Some days call for more than fashion—they call for heritage, worn with pride. Nepal Festival 2025🇳🇵 Dhaka choli & Accessories from 🤍🩵✨ . . . . . . . . . . . . . #dhakacholi #nepalfestival2025 #darwin #beebglam #nepali #fyp","some days call for more than fashion—they call for heritage, worn with pride. nepal festival 2025🇳🇵 dhaka choli & accessories from 🤍🩵✨ . . . . . . . . . . . . . #dhakacholi #nepalfestival2025 #darwin #beebglam #nepali #fyp",True,English,Traditional/Ethnic,0.0030600000000000002
Instagram,Phase2,"#thesingaporefancystore#Gongabuchowk#
9851323252#015901147 #dhakacholi",18,0,0,0,2024-03-29 09:02:55+00:00,#thesingaporefancystore#Gongabuchowk# 9851323252#015901147 #dhakacholi,#thesingaporefancystore#gongabuchowk# 9851323252#015901147 #dhakacholi,True,English,Traditional/Ethnic,0.00072
Instagram,Phase2,#dhakacholi#monalisha_collection -#dmtoorder #available,3,0,0,0,2025-09-06 16:23:32+00:00,#dhakacholi#monalisha_collection -#dmtoorder #available,#dhakacholi#monalisha_collection -#dmtoorder #available,True,English,Traditional/Ethnic,0.00011999999999999999
Instagram,Phase2,Available now!! Delivery available Australia wide. DM or WhatsApp on +61420705524. #neptrend_collection #melbourne #wollert #dhakacholi,7,0,0,0,2025-03-24 03:29:36+00:00,Available now!! Delivery available Australia wide. DM or WhatsApp on +61420705524. #neptrend_collection #melbourne #wollert #dhakacholi,available now!! delivery available australia wide. dm or whatsapp on +61420705524. #neptrend_collection #melbourne #wollert #dhakacholi,True,English,Traditional/Ethnic,0.00028000000000000003
Instagram,Phase2,#cholo #velvetcholo #silkcholi #dhakacholi #butwal #nepalifashion #maghispecial❤️ #fypシ,3,0,0,0,2024-12-22 12:29:25+00:00,#cholo #velvetcholo #silkcholi #dhakacholi #butwal #nepalifashion #maghispecial❤️ #fypシ,#cholo #velvetcholo #silkcholi #dhakacholi #butwal #nepalifashion #maghispecial❤️ #fypシ,True,English,Traditional/Ethnic,0.00011999999999999999
Instagram,Phase2,"Size38 
Original dhaka (handwork) choli 
#available #dhakacholi 📩❤️ DM for Order 🇬🇧",4,0,0,0,2024-09-16 12:05:07+00:00,Size38 Original dhaka (handwork) choli #available #dhakacholi 📩❤️ DM for Order 🇬🇧,size38 original dhaka (handwork) choli #available #dhakacholi 📩❤️ dm for order 🇬🇧,True,English,Traditional/Ethnic,0.00016
Instagram,Phase2,Chaubandi cholo with hand worked embroidery. DM for price . Shop now!! #chaubandicholo #dhakacholi #hk #yuenlongsalon,9,0,0,0,2025-05-21 04:02:53+00:00,Chaubandi cholo with hand worked embroidery. DM for price . Shop now!! #chaubandicholo #dhakacholi #hk #yuenlongsalon,chaubandi cholo with hand worked embroidery. dm for price . shop now!! #chaubandicholo #dhakacholi #hk #yuenlongsalon,True,English,Traditional/Ethnic,0.00036
Instagram,Phase2,Restock #dhakacholi #velvetcholi #pujaculturalandboutiquecenter #worldwideshipping #fyp #foryoupage #cultureshop #goviral,5,0,0,0,2024-11-26 11:50:46+00:00,Restock #dhakacholi #velvetcholi #pujaculturalandboutiquecenter #worldwideshipping #fyp #foryoupage #cultureshop #goviral,restock #dhakacholi #velvetcholi #pujaculturalandboutiquecenter #worldwideshipping #fyp #foryoupage #cultureshop #goviral,True,English,Traditional/Ethnic,0.0002
Instagram,Phase2,#jairo_fukuoka #yoshizuka #dhakacholi #size32to44,1,0,0,0,2024-12-14 04:48:24+00:00,#jairo_fukuoka #yoshizuka #dhakacholi #size32to44,#jairo_fukuoka #yoshizuka #dhakacholi #size32to44,True,English,Traditional/Ethnic,4e-05
Instagram,Phase2,Wardrobe: @new.rtc.collection  #chaubandicholo #saree #dhakacholi #dharan #nepaliattire,138,20,0,0,2023-12-11 16:00:00+00:00,Wardrobe: .rtc.collection #chaubandicholo #saree #dhakacholi #dharan #nepaliattire,wardrobe: .rtc.collection #chaubandicholo #saree #dhakacholi #dharan #nepaliattire,True,English,Traditional/Ethnic,0.01152
Instagram,Phase2,#thekireboutique #dhakacholi #fyp #shippingworldwide,5,0,0,0,2024-09-21 09:20:42+00:00,#thekireboutique #dhakacholi #fyp #shippingworldwide,#thekireboutique #dhakacholi #fyp #shippingworldwide,True,English,Traditional/Ethnic,0.0002
Instagram,Phase2,"Ghau mala ❤️✨️
Cash on Delivery ✅️
Shipping worldwide 🌎 
Dm us to order yours 📩 

#lraccessories9 #fyp #foryoupage #ghaumala #Tamang #tamangornaments  #magarornaments #lhosar  #magarjewellery #sirbandi #sirful #chandrama #Fuli #Bulaki #yarling #chainyarling #marwadi #marwari #kanthamala #hamelmala #coinmala #velvetsirbandi #raiya #chandrahar #magardress #dhakacholi  #magarmendress #chaubandicholo #shippingworldwide",20,0,0,0,2025-01-12 12:13:27+00:00,Ghau mala ❤️✨️ Cash on Delivery ✅️ Shipping worldwide 🌎 Dm us to order yours 📩 #lraccessories9 #fyp #foryoupage #ghaumala #Tamang #tamangornaments #magarornaments #lhosar #magarjewellery #sirbandi #sirful #chandrama #Fuli #Bulaki #yarling #chainyarling #marwadi #marwari #kanthamala #hamelmala #coinmala #velvetsirbandi #raiya #chandrahar #magardress #dhakacholi #magarmendress #chaubandicholo #shippingworldwide,ghau mala ❤️✨️ cash on delivery ✅️ shipping worldwide 🌎 dm us to order yours 📩 #lraccessories9 #fyp #foryoupage #ghaumala #tamang #tamangornaments #magarornaments #lhosar #magarjewellery #sirbandi #sirful #chandrama #fuli #bulaki #yarling #chainyarling #marwadi #marwari #kanthamala #hamelmala #coinmala #velvetsirbandi #raiya #chandrahar #magardress #dhakacholi #magarmendress #chaubandicholo #shippingworldwide,True,English,Traditional/Ethnic,0.0008
Instagram,Phase2,"Saree, Kurta set, Dhaka choli for teej
#teej #teejspecial #australia #dhakacholi  #australia🇦🇺 #ballarat #sareelover #saree #melbourne #traditionalwear #kurta #kurtaset #roseclip #bangleslove #bangles #Glassbangles #Metalbangles #Velvetbangles #deals #sareecollection",2,0,0,0,2024-08-23 09:06:25+00:00,"Saree, Kurta set, Dhaka choli for teej #teej #teejspecial #australia #dhakacholi #australia🇦🇺 #ballarat #sareelover #saree #melbourne #traditionalwear #kurta #kurtaset #roseclip #bangleslove #bangles #Glassbangles #Metalbangles #Velvetbangles #deals #sareecollection","saree, kurta set, dhaka choli for teej #teej #teejspecial #australia #dhakacholi #australia🇦🇺 #ballarat #sareelover #saree #melbourne #traditionalwear #kurta #kurtaset #roseclip #bangleslove #bangles #glassbangles #metalbangles #velvetbangles #deals #sareecollection",True,English,Traditional/Ethnic,8e-05
Instagram,Phase2,"Gurans Printed Choli restocked. Call or Whatsapp us at 9804734206 for order.
#dhakakapada 
#dhakacholi
#terhathumedhakakapada
#foryou 
#foryoupage",7,0,0,0,2025-02-25 01:45:23+00:00,Gurans Printed Choli restocked. Call or Whatsapp us at 9804734206 for order. #dhakakapada #dhakacholi #terhathumedhakakapada #foryou #foryoupage,gurans printed choli restocked. call or whatsapp us at 9804734206 for order. #dhakakapada #dhakacholi #terhathumedhakakapada #foryou #foryoupage,True,English,Traditional/Ethnic,0.00028000000000000003
Instagram,Phase2,"Handcrafted dhaka cholo💓💓
Made with real dhaka fabric and handcrafted ✨curated with love ✨✨
Available in different sizes 🌸🌸
£58 only 🥰🥰
@baabari_ 🌸🌸

#fyp #fypシ #followformore #keepsupporting✌🎀 #dhakacholi #dhakablouse #madeinnepal #embroideryblouse #embroiderycholo #dhakablouse💚💖 #nepaliboutiqueuk #fypviral #ethnicwear #dhakawear #",116,21,0,0,2023-04-06 13:48:14+00:00,Handcrafted dhaka cholo💓💓 Made with real dhaka fabric and handcrafted ✨curated with love ✨✨ Available in different sizes 🌸🌸 £58 only 🥰🥰 🌸🌸 #fyp #fypシ #followformore #keepsupporting✌🎀 #dhakacholi #dhakablouse #madeinnepal #embroideryblouse #embroiderycholo #dhakablouse💚💖 #nepaliboutiqueuk #fypviral #ethnicwear #dhakawear #,handcrafted dhaka cholo💓💓 made with real dhaka fabric and handcrafted ✨curated with love ✨✨ available in different sizes 🌸🌸 £58 only 🥰🥰 🌸🌸 #fyp #fypシ #followformore #keepsupporting✌🎀 #dhakacholi #dhakablouse #madeinnepal #embroideryblouse #embroiderycholo #dhakablouse💚💖 #nepaliboutiqueuk #fypviral #ethnicwear #dhakawear #,True,English,Traditional/Ethnic,0.01094
Instagram,Phase2,Teej special sindoor #teej #sindoor #teejspecial #teejoutfit #teejfestival #bihar #biharculture #usa #indianfamily #love #together #maryland,1378,9,0,0,2022-09-01 16:46:31+00:00,Teej special sindoor #teej #sindoor #teejspecial #teejoutfit #teejfestival #bihar #biharculture #usa #indianfamily #love #together #maryland,teej special sindoor #teej #sindoor #teejspecial #teejoutfit #teejfestival #bihar #biharculture #usa #indianfamily #love #together #maryland,True,English,Traditional/Ethnic,0.05782
Instagram,Phase2,"✨ My First Teej—A Day of Love, Devotion, and New Beginnings! ✨
✨ Teej Special ! 🌸💚

#HappyTeej #TeejVibes #TeejFestival #TeejTraditions #SawanTeej #TeejOutfit #FestivalOfSwing #TeejCelebrations #MonsoonVibes",154,0,0,0,2024-09-06 17:12:01+00:00,"✨ My First Teej—A Day of Love, Devotion, and New Beginnings! ✨ ✨ Teej Special ! 🌸💚 #HappyTeej #TeejVibes #TeejFestival #TeejTraditions #SawanTeej #TeejOutfit #FestivalOfSwing #TeejCelebrations #MonsoonVibes","✨ my first teej—a day of love, devotion, and new beginnings! ✨ ✨ teej special ! 🌸💚 #happyteej #teejvibes #teejfestival #teejtraditions #sawanteej #teejoutfit #festivalofswing #teejcelebrations #monsoonvibes",True,English,Traditional/Ethnic,0.0061600000000000005
Instagram,Phase2,#feelthereel #instareels #teejlook #teejoutfit #teejmakeup #teejblog #sareelove #sareedraping #redsaree #silksaree #favoriteattire #ipshitaarath #subscribe #myyoutubechannel #lasyam #linkinbio,1991,75,0,0,2020-08-22 03:44:52+00:00,#feelthereel #instareels #teejlook #teejoutfit #teejmakeup #teejblog #sareelove #sareedraping #redsaree #silksaree #favoriteattire #ipshitaarath #subscribe #myyoutubechannel #lasyam #linkinbio,#feelthereel #instareels #teejlook #teejoutfit #teejmakeup #teejblog #sareelove #sareedraping #redsaree #silksaree #favoriteattire #ipshitaarath #subscribe #myyoutubechannel #lasyam #linkinbio,True,English,Traditional/Ethnic,0.10214000000000001
Instagram,Phase2,"Her first Teej, her endless love ❤️🌙 
Blessed to see her strength and devotion.

#FirstTeej #TeejFestival #HariyaliTeej #TeejVibes #TeejCelebration #TeejSpecial #TeejLove #Teej2025 #TeejFasting #TeejTradition #TeejOutfit #TeejLook #TeejFeels #TeejFestival2025 #teejblessings 

#viralreel #reelitfeelit❤️❤️ #reelitshareit #instareels #2become1bagri #reelofinstagram #ᴛʀᴇɴᴅɪɴɢɴᴏᴡ #instagram #instatrendingreels❤️ #insta #i nstaTrend #ViralVideo #ExploreMore #explorepage✨",86,3,0,0,2025-08-13 16:17:59+00:00,"Her first Teej, her endless love ❤️🌙 Blessed to see her strength and devotion. #FirstTeej #TeejFestival #HariyaliTeej #TeejVibes #TeejCelebration #TeejSpecial #TeejLove #Teej2025 #TeejFasting #TeejTradition #TeejOutfit #TeejLook #TeejFeels #TeejFestival2025 #teejblessings #viralreel #reelitfeelit❤️❤️ #reelitshareit #instareels #2become1bagri #reelofinstagram #ᴛʀᴇɴᴅɪɴɢɴᴏᴡ #instagram #instatrendingreels❤️ #insta #i nstaTrend #ViralVideo #ExploreMore #explorepage✨","her first teej, her endless love ❤️🌙 blessed to see her strength and devotion. #firstteej #teejfestival #hariyaliteej #teejvibes #teejcelebration #teejspecial #teejlove #teej2025 #teejfasting #teejtradition #teejoutfit #teejlook #teejfeels #teejfestival2025 #teejblessings #viralreel #reelitfeelit❤️❤️ #reelitshareit #instareels #2become1bagri #reelofinstagram #ᴛʀᴇɴᴅɪɴɢɴᴏᴡ #instagram #instatrendingreels❤️ #insta #i nstatrend #viralvideo #exploremore #explorepage✨",True,English,Traditional/Ethnic,0.00434
Instagram,Phase2,"Like it or Love it? ❤️✨ Festive saree outfit inspo for you today 👀

Saree and blouse @houseofsaavi 
The blouse fit is everything 😍

#QuickOutfitsWithFarheen #Saree #SareesOfInstagram #SareeOutfit #SareeLove #SareeFashion #Teej #teejoutfit #GRWM #FestiveSeason #Indian #Ethnic #Desi #sareelovers #sareeindia #festive #festivevibes #shaadiseason #ootd #outfits #outfitinspo",11701,96,0,0,2023-08-07 07:07:16+00:00,Like it or Love it? ❤️✨ Festive saree outfit inspo for you today 👀 Saree and blouse The blouse fit is everything 😍 #QuickOutfitsWithFarheen #Saree #SareesOfInstagram #SareeOutfit #SareeLove #SareeFashion #Teej #teejoutfit #GRWM #FestiveSeason #Indian #Ethnic #Desi #sareelovers #sareeindia #festive #festivevibes #shaadiseason #ootd #outfits #outfitinspo,like it or love it? ❤️✨ festive saree outfit inspo for you today 👀 saree and blouse the blouse fit is everything 😍 #quickoutfitswithfarheen #saree #sareesofinstagram #sareeoutfit #sareelove #sareefashion #teej #teejoutfit #grwm #festiveseason #indian #ethnic #desi #sareelovers #sareeindia #festive #festivevibes #shaadiseason #ootd #outfits #outfitinspo,True,English,Traditional/Ethnic,0.4288
Instagram,Phase2,"10 Sec 10 festive Suits 🫶🏻 

• Comment “links” to get links in your DM. And you will find the link in bio and highlights 🫶🏻

Review🙌🏻
-Size I’m wearing is small 
-Fits perfectl
-Good Quality
-Can be worn for any functions 

.

❤️USE CODE WISHFEST for discount ❤️

.
#redsuit #musthave #whiteoutfit #greensuit #teejoutfit 
#festivewear #ethnicwear #myntrahaul #meesho #meeshohaul #festivecollection #myntrastylecastcrew #partysuit #festiveseason #rakhioutfit #rakshabandhan #officewear 
#Weddingguests #weddigguestlook #amazonhaul #amazonfinds #weddingquestoutfit #myntrafinds #myntrastudio #nayracut #frontopenkurti",10184,5783,0,0,2023-08-28 03:47:17+00:00,10 Sec 10 festive Suits 🫶🏻 • Comment “links” to get links in your DM. And you will find the link in bio and highlights 🫶🏻 Review🙌🏻 -Size I’m wearing is small -Fits perfectl -Good Quality -Can be worn for any functions . ❤️USE CODE WISHFEST for discount ❤️ . #redsuit #musthave #whiteoutfit #greensuit #teejoutfit #festivewear #ethnicwear #myntrahaul #meesho #meeshohaul #festivecollection #myntrastylecastcrew #partysuit #festiveseason #rakhioutfit #rakshabandhan #officewear #Weddingguests #weddigguestlook #amazonhaul #amazonfinds #weddingquestoutfit #myntrafinds #myntrastudio #nayracut #frontopenkurti,10 sec 10 festive suits 🫶🏻 • comment “links” to get links in your dm. and you will find the link in bio and highlights 🫶🏻 review🙌🏻 -size i’m wearing is small -fits perfectl -good quality -can be worn for any functions . ❤️use code wishfest for discount ❤️ . #redsuit #musthave #whiteoutfit #greensuit #teejoutfit #festivewear #ethnicwear #myntrahaul #meesho #meeshohaul #festivecollection #myntrastylecastcrew #partysuit #festiveseason #rakhioutfit #rakshabandhan #officewear #weddingguests #weddigguestlook #amazonhaul #amazonfinds #weddingquestoutfit #myntrafinds #myntrastudio #nayracut #frontopenkurti,True,English,Traditional/Ethnic,0.7
Instagram,Phase2,"Twirl into Teej in style! 💃 #TeejReady

#TeejLook #Teej2025 #TeejSpecial #LehengaLook
#TeejVibes #TeejCelebration #TraditionalLook #IndianFestivals
#SawanSpecial #SawanVibes #EthnicWear #FestiveLook 
#LehengaLove #TwirlInTradition #EthnicVibes #DesiLook #IndianFashion
#OOTDIndia #IndianWear #EthnicStyle #TeejOutfit #thumukthumuk_trending_songs❤️❤️",48,5,0,0,2025-09-01 12:43:28+00:00,Twirl into Teej in style! 💃 #TeejReady #TeejLook #Teej2025 #TeejSpecial #LehengaLook #TeejVibes #TeejCelebration #TraditionalLook #IndianFestivals #SawanSpecial #SawanVibes #EthnicWear #FestiveLook #LehengaLove #TwirlInTradition #EthnicVibes #DesiLook #IndianFashion #OOTDIndia #IndianWear #EthnicStyle #TeejOutfit #thumukthumuk_trending_songs❤️❤️,twirl into teej in style! 💃 #teejready #teejlook #teej2025 #teejspecial #lehengalook #teejvibes #teejcelebration #traditionallook #indianfestivals #sawanspecial #sawanvibes #ethnicwear #festivelook #lehengalove #twirlintradition #ethnicvibes #desilook #indianfashion #ootdindia #indianwear #ethnicstyle #teejoutfit #thumukthumuk_trending_songs❤️❤️,True,English,Traditional/Ethnic,0.00342
Instagram,Phase2,"Rajasthani womens demand in ""SAAWAN ""

#motherdaughter #motherdaughterdance #motherdaughtergoals #motherdaughterlove #maabeti #maabetidance #leheriya #leheriyadance #rajasthani #rajasthanidance #dance #marwaridance #saawan #teejspecial #teejdance #teejcelebration #saawandance #trendingnow #trendingsong #teejoutfit #sareedraping #leheriyalehenga #leheriyaaree #leheriyamothra",-1,9,0,0,2024-08-03 16:46:11+00:00,"Rajasthani womens demand in ""SAAWAN "" #motherdaughter #motherdaughterdance #motherdaughtergoals #motherdaughterlove #maabeti #maabetidance #leheriya #leheriyadance #rajasthani #rajasthanidance #dance #marwaridance #saawan #teejspecial #teejdance #teejcelebration #saawandance #trendingnow #trendingsong #teejoutfit #sareedraping #leheriyalehenga #leheriyaaree #leheriyamothra","rajasthani womens demand in ""saawan "" #motherdaughter #motherdaughterdance #motherdaughtergoals #motherdaughterlove #maabeti #maabetidance #leheriya #leheriyadance #rajasthani #rajasthanidance #dance #marwaridance #saawan #teejspecial #teejdance #teejcelebration #saawandance #trendingnow #trendingsong #teejoutfit #sareedraping #leheriyalehenga #leheriyaaree #leheriyamothra",True,English,Traditional/Ethnic,0.0026599999999999996
Instagram,Phase2,"Teej Outfit by @doriyaa_hj 

#ootd #ootdfashion #teej #teejoutfit #indiansuits #cottonsuits #festivaloutfit #festivecollection #festivestyle #festivalfashion #stylingwithswati #indianwomen #ethnicwear #greensuits #budgetfinds #reelitfeelit #newmom",712,76,0,0,2023-08-14 06:15:37+00:00,Teej Outfit by #ootd #ootdfashion #teej #teejoutfit #indiansuits #cottonsuits #festivaloutfit #festivecollection #festivestyle #festivalfashion #stylingwithswati #indianwomen #ethnicwear #greensuits #budgetfinds #reelitfeelit #newmom,teej outfit by #ootd #ootdfashion #teej #teejoutfit #indiansuits #cottonsuits #festivaloutfit #festivecollection #festivestyle #festivalfashion #stylingwithswati #indianwomen #ethnicwear #greensuits #budgetfinds #reelitfeelit #newmom,True,English,Traditional/Ethnic,0.05128
Instagram,Phase2,Dekha ek khwab👀🌸 #hindisongslyrics #oldsongs❤️ #besties #teejoutfit #lifemoments #glam #reelitfeelit,-1,12,0,0,2025-08-28 15:29:11+00:00,Dekha ek khwab👀🌸 #hindisongslyrics #oldsongs❤️ #besties #teejoutfit #lifemoments #glam #reelitfeelit,dekha ek khwab👀🌸 #hindisongslyrics #oldsongs❤️ #besties #teejoutfit #lifemoments #glam #reelitfeelit,True,English,Traditional/Ethnic,0.00356
Instagram,Phase2,"Leheriya season is here 🌈 
.
.
.
.
.
.
.
.
#transitionreels #transition #transitionvideo #saree #sareelove #indianwear #feelitreelit #explorepage #reel #feelkaroreelkaro #leheriya #leheriyasarees #teej #teejoutfit",163,3,0,0,2022-07-21 07:11:29+00:00,Leheriya season is here 🌈 . . . . . . . . #transitionreels #transition #transitionvideo #saree #sareelove #indianwear #feelitreelit #explorepage #reel #feelkaroreelkaro #leheriya #leheriyasarees #teej #teejoutfit,leheriya season is here 🌈 . . . . . . . . #transitionreels #transition #transitionvideo #saree #sareelove #indianwear #feelitreelit #explorepage #reel #feelkaroreelkaro #leheriya #leheriyasarees #teej #teejoutfit,True,English,Traditional/Ethnic,0.0074199999999999995
Instagram,Phase2,"♥️

#DesiVibes #FestiveMoodOn #TraditionalLook #IndianFestivals #EthnicVibes #ReelWithTradition #FestiveReels #ViralReelIndia #TrendingReel2025 #WithMySajna #TeejFestival #TeejCelebration #Teej2025 #TeejSpecial #TeejOutfit #TeejLook #TeejReady #TeejDiaries",32,3,0,0,2025-08-26 12:35:45+00:00,♥️ #DesiVibes #FestiveMoodOn #TraditionalLook #IndianFestivals #EthnicVibes #ReelWithTradition #FestiveReels #ViralReelIndia #TrendingReel2025 #WithMySajna #TeejFestival #TeejCelebration #Teej2025 #TeejSpecial #TeejOutfit #TeejLook #TeejReady #TeejDiaries,♥️ #desivibes #festivemoodon #traditionallook #indianfestivals #ethnicvibes #reelwithtradition #festivereels #viralreelindia #trendingreel2025 #withmysajna #teejfestival #teejcelebration #teej2025 #teejspecial #teejoutfit #teejlook #teejready #teejdiaries,True,English,Traditional/Ethnic,0.00218
Instagram,Phase2,"Why do ""kanch ki chudiyaan"" make us feel so Preety 🥰❤🫶🧿
. 
. 
#udariyaan #instareels #vikaskisonal #sawan #chudiyaan #teejoutfit #teejspecial #sonvik❤️
#aesthetic #newlyweds #trendingreels 
#foryou #viralreels #explorepage",55,4,0,0,2025-07-28 16:39:54+00:00,"Why do ""kanch ki chudiyaan"" make us feel so Preety 🥰❤🫶🧿 . . #udariyaan #instareels #vikaskisonal #sawan #chudiyaan #teejoutfit #teejspecial #sonvik❤️ #aesthetic #newlyweds #trendingreels #foryou #viralreels #explorepage","why do ""kanch ki chudiyaan"" make us feel so preety 🥰❤🫶🧿 . . #udariyaan #instareels #vikaskisonal #sawan #chudiyaan #teejoutfit #teejspecial #sonvik❤️ #aesthetic #newlyweds #trendingreels #foryou #viralreels #explorepage",True,English,Traditional/Ethnic,0.0034000000000000002
Instagram,Phase2,"Happy Teej Everyone ❣️may your day is filled with happiness! Thanks my mom for gifting me this beautiful Kurta ❣️also! Took me like one hour to get ready!
.
🛑Kurta: @myntra
🛑Bangles: Rajouri Market
🛑White Trouser: Melange from @lifestylestores
🛑Earrings: Ramnagar • gifted by Aman!
🛑Headband: actually a necklace from @ajiolife
🛑Mangalsutra: @caratlane
🛑Lipstick: @trysugar
.
#justmarried #happyteej #teejoutfit #newbride #redkurti #kurtioutfit #kurtalove #chuda #rajastanilook #indianblogger #indianfashion #fashionlook",15402,43,0,0,2021-08-11 11:30:33+00:00,Happy Teej Everyone ❣️may your day is filled with happiness! Thanks my mom for gifting me this beautiful Kurta ❣️also! Took me like one hour to get ready! . 🛑Kurta: 🛑Bangles: Rajouri Market 🛑White Trouser: Melange from 🛑Earrings: Ramnagar • gifted by Aman! 🛑Headband: actually a necklace from 🛑Mangalsutra: 🛑Lipstick: . #justmarried #happyteej #teejoutfit #newbride #redkurti #kurtioutfit #kurtalove #chuda #rajastanilook #indianblogger #indianfashion #fashionlook,happy teej everyone ❣️may your day is filled with happiness! thanks my mom for gifting me this beautiful kurta ❣️also! took me like one hour to get ready! . 🛑kurta: 🛑bangles: rajouri market 🛑white trouser: melange from 🛑earrings: ramnagar • gifted by aman! 🛑headband: actually a necklace from 🛑mangalsutra: 🛑lipstick: . #justmarried #happyteej #teejoutfit #newbride #redkurti #kurtioutfit #kurtalove #chuda #rajastanilook #indianblogger #indianfashion #fashionlook,True,English,Traditional/Ethnic,0.41290000000000004
Instagram,Phase2,"How gorgeous is this colour and this suit ? One of my favourites for intimate family gatherings. 

 Suit: @inddus.india 
Juttis : @fulkari.jutti 
Earrings: local shop in Jodhpur

#rakhi #rakhi2022 #rakhioutfit #rakhioutfitideas #teej #teejoutfit #rakhioutfitinspiration #ethnicwear #indianoutfitideas #indianoutfitinspo #mehendiceremony #mehendioutfit #bridesmaidoutfit #bridesmaidstyle #outfitinspiration #outfitreels #reelsindia #outfitinspirations #summeroutfit #summeroutfitideas #summerweddings #summerindianwedding #summerweddinginspiration #summerweddingoutfits #traditionalwear #affordabletraditionalwear #rakshabandhan #rakshabandhan2022",125,10,0,0,2022-07-26 12:32:53+00:00,How gorgeous is this colour and this suit ? One of my favourites for intimate family gatherings. Suit: .india Juttis : .jutti Earrings: local shop in Jodhpur #rakhi #rakhi2022 #rakhioutfit #rakhioutfitideas #teej #teejoutfit #rakhioutfitinspiration #ethnicwear #indianoutfitideas #indianoutfitinspo #mehendiceremony #mehendioutfit #bridesmaidoutfit #bridesmaidstyle #outfitinspiration #outfitreels #reelsindia #outfitinspirations #summeroutfit #summeroutfitideas #summerweddings #summerindianwedding #summerweddinginspiration #summerweddingoutfits #traditionalwear #affordabletraditionalwear #rakshabandhan #rakshabandhan2022,how gorgeous is this colour and this suit ? one of my favourites for intimate family gatherings. suit: .india juttis : .jutti earrings: local shop in jodhpur #rakhi #rakhi2022 #rakhioutfit #rakhioutfitideas #teej #teejoutfit #rakhioutfitinspiration #ethnicwear #indianoutfitideas #indianoutfitinspo #mehendiceremony #mehendioutfit #bridesmaidoutfit #bridesmaidstyle #outfitinspiration #outfitreels #reelsindia #outfitinspirations #summeroutfit #summeroutfitideas #summerweddings #summerindianwedding #summerweddinginspiration #summerweddingoutfits #traditionalwear #affordabletraditionalwear #rakshabandhan #rakshabandhan2022,True,English,Traditional/Ethnic,0.008
Instagram,Phase2,"Rang lageya ishq da🤍
.
.
.
.
.
.
.
.
.
.
.
#reels #reelsinstagram #reelsvideo #reelkarofeelkaro #instagram #viral #viralvideos #viralreels #trend #trending #trendingreels #explore #explorepage #fyp #teej #teejoutfit #ranglageya",172,10,0,0,2022-08-01 05:58:05+00:00,Rang lageya ishq da🤍 . . . . . . . . . . . #reels #reelsinstagram #reelsvideo #reelkarofeelkaro #instagram #viral #viralvideos #viralreels #trend #trending #trendingreels #explore #explorepage #fyp #teej #teejoutfit #ranglageya,rang lageya ishq da🤍 . . . . . . . . . . . #reels #reelsinstagram #reelsvideo #reelkarofeelkaro #instagram #viral #viralvideos #viralreels #trend #trending #trendingreels #explore #explorepage #fyp #teej #teejoutfit #ranglageya,True,English,Traditional/Ethnic,0.00988
Instagram,Phase2,"Vibrant colours, intricate details and timeless elegance - a perfect amalgamation for a festive outfit! ✨

Whether it’s a wedding function or a festive occasion,  #Taavare ‘s new collection #BloomingReverie 🌸 is all you need to make you stand out from the crowd! 💫

Now available at evoluzionestyle.com ! 

#evoluzione #evoluzionestyle #evoxtaavare #festivefashion #availableonline #weddingoutfit #mehendioutfit #festivewear #indianwear #teejoutfit #makeinindia #indiandesigners #explorepage #explore #trending #explorefashion",212,27,0,0,2023-07-19 10:56:03+00:00,"Vibrant colours, intricate details and timeless elegance - a perfect amalgamation for a festive outfit! ✨ Whether it’s a wedding function or a festive occasion, #Taavare ‘s new collection #BloomingReverie 🌸 is all you need to make you stand out from the crowd! 💫 Now available at evoluzionestyle.com ! #evoluzione #evoluzionestyle #evoxtaavare #festivefashion #availableonline #weddingoutfit #mehendioutfit #festivewear #indianwear #teejoutfit #makeinindia #indiandesigners #explorepage #explore #trending #explorefashion","vibrant colours, intricate details and timeless elegance - a perfect amalgamation for a festive outfit! ✨ whether it’s a wedding function or a festive occasion, #taavare ‘s new collection #bloomingreverie 🌸 is all you need to make you stand out from the crowd! 💫 now available at evoluzionestyle.com ! #evoluzione #evoluzionestyle #evoxtaavare #festivefashion #availableonline #weddingoutfit #mehendioutfit #festivewear #indianwear #teejoutfit #makeinindia #indiandesigners #explorepage #explore #trending #explorefashion",True,English,Traditional/Ethnic,0.016579999999999998
Instagram,Phase2,ਸਾਉਣ ਦੀਆਂ ਤੀਆਂ✌️🥰 #teej #teejfestival #teejspecial #punjabi #punjabisuit #teejoutfit #fanostyle #fanostylemullanpur,15703,41,0,0,2024-08-16 16:24:25+00:00,ਸਾਉਣ ਦੀਆਂ ਤੀਆਂ✌️🥰 #teej #teejfestival #teejspecial #punjabi #punjabisuit #teejoutfit #fanostyle #fanostylemullanpur,ਸਾਉਣ ਦੀਆਂ ਤੀਆਂ✌️🥰 #teej #teejfestival #teejspecial #punjabi #punjabisuit #teejoutfit #fanostyle #fanostylemullanpur,True,English,Traditional/Ethnic,0.4123
Instagram,Phase2,"GRWM ft. Teej 🍀 
.
.
.
#teejoutfit #teej #teejoutfitideas #grwm #ootd #ethnic #indianlook #bindi #aesthetic #aestheticvideos #priyasbeautytips",525,17,0,0,2023-08-19 13:14:11+00:00,GRWM ft. Teej 🍀 . . . #teejoutfit #teej #teejoutfitideas #grwm #ootd #ethnic #indianlook #bindi #aesthetic #aestheticvideos #priyasbeautytips,grwm ft. teej 🍀 . . . #teejoutfit #teej #teejoutfitideas #grwm #ootd #ethnic #indianlook #bindi #aesthetic #aestheticvideos #priyasbeautytips,True,English,Traditional/Ethnic,0.0261
Instagram,Phase2,#teejlook❤️🌸 #teejlahriya❣️ #teejfestival #teejoutfit #teejspecial #lahriyo #lahriya #rajput #rajasthani_culture #rajputs #rajputana #rajasthanisongs #baisahukum💫 #baisaraj👰 #beautiful #beauty,595,9,0,0,2024-08-10 15:44:49+00:00,#teejlook❤️🌸 #teejlahriya❣️ #teejfestival #teejoutfit #teejspecial #lahriyo #lahriya #rajput #rajasthani_culture #rajputs #rajputana #rajasthanisongs #baisahukum💫 #baisaraj👰 #beautiful #beauty,#teejlook❤️🌸 #teejlahriya❣️ #teejfestival #teejoutfit #teejspecial #lahriyo #lahriya #rajput #rajasthani_culture #rajputs #rajputana #rajasthanisongs #baisahukum💫 #baisaraj👰 #beautiful #beauty,True,English,Traditional/Ethnic,0.026500000000000003
Instagram,Phase2,"Sangharsha Clothing Ep V. Mock up design. cmt 👀 for free giveaways
#viralreels #explorepage #mockupdesign #clothingbrand  #nepaliclothing #nepali tiktok official #nepaliinaustralia #indianinaustralia #nepalireels #nepalitiktokofficial #fashioninspo #ootd #funnyvideos #sangharshaclothing",22,5,0,0,2024-04-22 12:12:16+00:00,Sangharsha Clothing Ep V. Mock up design. cmt 👀 for free giveaways #viralreels #explorepage #mockupdesign #clothingbrand #nepaliclothing #nepali tiktok official #nepaliinaustralia #indianinaustralia #nepalireels #nepalitiktokofficial #fashioninspo #ootd #funnyvideos #sangharshaclothing,sangharsha clothing ep v. mock up design. cmt 👀 for free giveaways #viralreels #explorepage #mockupdesign #clothingbrand #nepaliclothing #nepali tiktok official #nepaliinaustralia #indianinaustralia #nepalireels #nepalitiktokofficial #fashioninspo #ootd #funnyvideos #sangharshaclothing,True,English,General Fashion,0.00238
Instagram,Phase2,"Made on Order| Customisable 
Traditional Nepali Dhaka kurti. Nepali Dhaka is a hand-woven textile popular for its unique colors, designs and products. Nepali Dhaka holds special significance in Gorkgali culture and heritage💫 .
.
.
.
.
.
.
#FashionElegance #NepaliDhaka #NepaliClothing #DhakaFabric #IntricateCraftsmanship #FashionVersatility #BoutiqueFinds  #fashionforward #indianwear #dehradunboutique #dehradundesigner #shoplocal",30,0,0,0,2023-09-13 11:09:27+00:00,"Made on Order| Customisable Traditional Nepali Dhaka kurti. Nepali Dhaka is a hand-woven textile popular for its unique colors, designs and products. Nepali Dhaka holds special significance in Gorkgali culture and heritage💫 . . . . . . . #FashionElegance #NepaliDhaka #NepaliClothing #DhakaFabric #IntricateCraftsmanship #FashionVersatility #BoutiqueFinds #fashionforward #indianwear #dehradunboutique #dehradundesigner #shoplocal","made on order| customisable traditional nepali dhaka kurti. nepali dhaka is a hand-woven textile popular for its unique colors, designs and products. nepali dhaka holds special significance in gorkgali culture and heritage💫 . . . . . . . #fashionelegance #nepalidhaka #nepaliclothing #dhakafabric #intricatecraftsmanship #fashionversatility #boutiquefinds #fashionforward #indianwear #dehradunboutique #dehradundesigner #shoplocal",True,English,Traditional/Ethnic,0.0012000000000000001
Instagram,Phase2,#dhakasariset #nepaliclothing,4,0,0,0,2024-12-16 18:49:19+00:00,#dhakasariset #nepaliclothing,#dhakasariset #nepaliclothing,True,English,Traditional/Ethnic,0.00016
Instagram,Phase2,"New arrivals‼️
Size: 40/42 
Cotton kurti 🌸😍
Feel free to place your order 🛍️❤️
DM us for any queries 🥰

#instafashion #instamood #fashion #nepal #nepaliclothing #nepaliculture #nepalika_clothing #shopwithus #trendy #clothes #happycloset #goodvibes",34,0,0,0,2024-07-26 16:23:25+00:00,New arrivals‼️ Size: 40/42 Cotton kurti 🌸😍 Feel free to place your order 🛍️❤️ DM us for any queries 🥰 #instafashion #instamood #fashion #nepal #nepaliclothing #nepaliculture #nepalika_clothing #shopwithus #trendy #clothes #happycloset #goodvibes,new arrivals‼️ size: 40/42 cotton kurti 🌸😍 feel free to place your order 🛍️❤️ dm us for any queries 🥰 #instafashion #instamood #fashion #nepal #nepaliclothing #nepaliculture #nepalika_clothing #shopwithus #trendy #clothes #happycloset #goodvibes,True,English,Traditional/Ethnic,0.00136
Instagram,Phase2,Happy rainy days🐒#enjoyingrain #rainy #mybaby #happiness #love #raindrops #puddles #splashsplashsplash #happyinrain #run #mymonkey #toddler #toddlerlife #cheerful #curlyhair #lovehercurlyhair #ponytail #babycrocs #nepalitraditionaldress #suruwalbhoti #nepaliclothing #kokromanepal #cozy @kokromanepal,19,4,0,0,2023-01-07 20:44:51+00:00,Happy rainy days🐒#enjoyingrain #rainy #mybaby #happiness #love #raindrops #puddles #splashsplashsplash #happyinrain #run #mymonkey #toddler #toddlerlife #cheerful #curlyhair #lovehercurlyhair #ponytail #babycrocs #nepalitraditionaldress #suruwalbhoti #nepaliclothing #kokromanepal #cozy,happy rainy days🐒#enjoyingrain #rainy #mybaby #happiness #love #raindrops #puddles #splashsplashsplash #happyinrain #run #mymonkey #toddler #toddlerlife #cheerful #curlyhair #lovehercurlyhair #ponytail #babycrocs #nepalitraditionaldress #suruwalbhoti #nepaliclothing #kokromanepal #cozy,True,English,Traditional/Ethnic,0.00196
Instagram,Phase2,"Cord sets available in pure khadi cotton.
Dm us to order
#newcollection #womensfashion #ladiesfashion #newpost #nepaliclothingbrand #nepaliclothing #nepal",4,0,0,0,2025-06-10 09:12:56+00:00,Cord sets available in pure khadi cotton. Dm us to order #newcollection #womensfashion #ladiesfashion #newpost #nepaliclothingbrand #nepaliclothing #nepal,cord sets available in pure khadi cotton. dm us to order #newcollection #womensfashion #ladiesfashion #newpost #nepaliclothingbrand #nepaliclothing #nepal,True,English,General Fashion,0.00016
Instagram,Phase2,#saree #pechcolor #sareelover #nepaliclothing #usa #pittsburgh #sheppingalloverusa🇺🇸✈️ #foryougirls❤ @sangii_collection #soldout❌❌❌❌,6,1,0,0,2023-11-06 03:21:36+00:00,#saree #pechcolor #sareelover #nepaliclothing #usa #pittsburgh #sheppingalloverusa🇺🇸✈️ #foryougirls❤ #soldout❌❌❌❌,#saree #pechcolor #sareelover #nepaliclothing #usa #pittsburgh #sheppingalloverusa🇺🇸✈️ #foryougirls❤ #soldout❌❌❌❌,True,English,Traditional/Ethnic,0.0005399999999999999
Instagram,Phase2,"Isn’t priyanka looking so beautiful on these kurtas!!? Which one is your fav?

DM for price:*
#nepaliclothing#nepalistyle#kurta",14,1,0,0,2025-04-11 01:08:13+00:00,Isn’t priyanka looking so beautiful on these kurtas!!? Which one is your fav? DM for price:* #nepaliclothing#nepalistyle#kurta,isn’t priyanka looking so beautiful on these kurtas!!? which one is your fav? dm for price:* #nepaliclothing#nepalistyle#kurta,True,English,Traditional/Ethnic,0.0008600000000000001
Instagram,Phase2,"TEE AVAILABLE!!!
DM TO PURCHASE 
Delivery all over Nepal 
.
.
.
.
.
.
.
.
.
.
#nepaliclothing #onlineshoppingnepal #nepaliclothingstore #streetwearnepal #nepalclothingbrand",21,0,0,0,2024-04-04 13:09:02+00:00,TEE AVAILABLE!!! DM TO PURCHASE Delivery all over Nepal . . . . . . . . . . #nepaliclothing #onlineshoppingnepal #nepaliclothingstore #streetwearnepal #nepalclothingbrand,tee available!!! dm to purchase delivery all over nepal . . . . . . . . . . #nepaliclothing #onlineshoppingnepal #nepaliclothingstore #streetwearnepal #nepalclothingbrand,True,English,Western/Casual,0.00084
Instagram,Phase2,#fypage #culturalwear #blouse #nepaliclothing,6,0,0,0,2025-09-14 22:18:17+00:00,#fypage #culturalwear #blouse #nepaliclothing,#fypage #culturalwear #blouse #nepaliclothing,True,English,Traditional/Ethnic,0.00023999999999999998
Instagram,Phase2,"Singapore saari available with different colours and diffresnt patterns. 
DM us to order.. ❣️ #deliversalloveruk #nepalidress💞 #nepaliclothing #singaporesari #prebookyours #nepalidress",4,0,0,0,2024-12-18 12:46:09+00:00,Singapore saari available with different colours and diffresnt patterns. DM us to order.. ❣️ #deliversalloveruk #nepalidress💞 #nepaliclothing #singaporesari #prebookyours #nepalidress,singapore saari available with different colours and diffresnt patterns. dm us to order.. ❣️ #deliversalloveruk #nepalidress💞 #nepaliclothing #singaporesari #prebookyours #nepalidress,True,English,Traditional/Ethnic,0.00016
Instagram,Phase2,"Faces of Bhadgaulay!! Be original be bold !!
#bhadgaulaynepalibrand #nepaliwears #clothingbrand #dayone #nepal #bhadgaulayreels #artistsoftiktok #beingbhadgaulay #nepaliclothing #gharkomaya #nepaliwears",207,0,0,0,2023-04-24 13:21:54+00:00,Faces of Bhadgaulay!! Be original be bold !! #bhadgaulaynepalibrand #nepaliwears #clothingbrand #dayone #nepal #bhadgaulayreels #artistsoftiktok #beingbhadgaulay #nepaliclothing #gharkomaya #nepaliwears,faces of bhadgaulay!! be original be bold !! #bhadgaulaynepalibrand #nepaliwears #clothingbrand #dayone #nepal #bhadgaulayreels #artistsoftiktok #beingbhadgaulay #nepaliclothing #gharkomaya #nepaliwears,True,English,General Fashion,0.008280000000000001
Instagram,Phase2,Say no to bheda👹✊#clothingbrand #nepaliclothing #streetwear #fashion #nepali #brand #clothes,40,1,0,0,2024-04-01 16:11:36+00:00,Say no to bheda👹✊#clothingbrand #nepaliclothing #streetwear #fashion #nepali #brand #clothes,say no to bheda👹✊#clothingbrand #nepaliclothing #streetwear #fashion #nepali #brand #clothes,True,English,Western/Casual,0.0019
Instagram,Phase2,"✅tops sold out
New Embroided tops and plazo set is what you need in life..Get yours now...Available in Yanki collections✅✅
DM to order
#womensfashion #womensclothing #clothingnepal #nepaliclothing",15,0,0,0,2023-02-04 15:38:07+00:00,✅tops sold out New Embroided tops and plazo set is what you need in life..Get yours now...Available in Yanki collections✅✅ DM to order #womensfashion #womensclothing #clothingnepal #nepaliclothing,✅tops sold out new embroided tops and plazo set is what you need in life..get yours now...available in yanki collections✅✅ dm to order #womensfashion #womensclothing #clothingnepal #nepaliclothing,True,English,Western/Casual,0.0006000000000000001
Instagram,Phase2,"SOLD OUT ‼️

Fur jacket available ✅ #4beautysize #jacket #nepaliclothing #onlineshoppingnepal #supportsmallbusiness #dresswithme #onlineshopping #shoppingnepal❤️🇳🇵 #shopnepal #dmfororders📥",152,3,0,0,2023-12-12 12:39:58+00:00,SOLD OUT ‼️ Fur jacket available ✅ #4beautysize #jacket #nepaliclothing #onlineshoppingnepal #supportsmallbusiness #dresswithme #onlineshopping #shoppingnepal❤️🇳🇵 #shopnepal #dmfororders📥,sold out ‼️ fur jacket available ✅ #4beautysize #jacket #nepaliclothing #onlineshoppingnepal #supportsmallbusiness #dresswithme #onlineshopping #shoppingnepal❤️🇳🇵 #shopnepal #dmfororders📥,True,English,Western/Casual,0.00698
Instagram,Phase2,My❤️for traditional wear continues…🇳🇵🥻#nepaliclothing #traditionalwear #nepaliketi #nepali #celebration,15,1,0,0,2023-03-17 05:45:34+00:00,My❤️for traditional wear continues…🇳🇵🥻#nepaliclothing #traditionalwear #nepaliketi #nepali #celebration,my❤️for traditional wear continues…🇳🇵🥻#nepaliclothing #traditionalwear #nepaliketi #nepali #celebration,True,English,Traditional/Ethnic,0.0009
Instagram,Phase2,#sari #banarasisaree #indianclothing #nepaliClothing #chaubandiboston,520,12,0,0,2022-06-27 12:18:52+00:00,#sari #banarasisaree #indianclothing #nepaliClothing #chaubandiboston,#sari #banarasisaree #indianclothing #nepaliclothing #chaubandiboston,True,English,Traditional/Ethnic,0.024399999999999998
Instagram,Phase2,"Dm for order 
LadiesKurti
#NepaliClothing
#KurtiLove
#WomenOwnedBusiness
#GrihaLaxmiLugaghar",2,1,0,0,2026-02-08 08:17:53+00:00,Dm for order LadiesKurti #NepaliClothing #KurtiLove #WomenOwnedBusiness #GrihaLaxmiLugaghar,dm for order ladieskurti #nepaliclothing #kurtilove #womenownedbusiness #grihalaxmilugaghar,True,English,Traditional/Ethnic,0.00037999999999999997
Instagram,Phase2,"Comment LINK to get the direct link✨
.
.
.
.
.
.
.
#smallbusiness #thehandloomproject #tissueshimmer #whiteanarkali #festivewear",777,572,0,0,2026-06-01 12:30:53+00:00,Comment LINK to get the direct link✨ . . . . . . . #smallbusiness #thehandloomproject #tissueshimmer #whiteanarkali #festivewear,comment link to get the direct link✨ . . . . . . . #smallbusiness #thehandloomproject #tissueshimmer #whiteanarkali #festivewear,True,English,Traditional/Ethnic,0.20267999999999997
Instagram,Phase2,"Spent Mother’s Day wrapped in timeless elegance with this dreamy grey Farshi Shalwar set from LAAM￼ by Zoya & Zafar￼ — giving soft glam, grace, and full main-character energy with every twirl ✨

The kattan silk straight-cut kurta, dramatic flowy Farshi shalwar, and delicate organza dupatta together feel effortlessly regal yet so wearable for special celebrations 💫

Wearing: Zoya & Zafar Farshi Shalwar Set (3-piece)
Product Code: SHG1119

📣 Use code: minabutt05 for a little treat at checkout on LAAM 🤍

Q: Would you style this look with soft curls or a sleek bun? ✨

(AD-gifted) @laamofficial @laambeautystudio @laambasics @laam_loves @zoyanzafar.pk
#FarshiShalwar #DesiStyle #MothersDayLook #FestiveWear #outfitinspo",626,143,0,0,2026-05-11 11:20:07+00:00,"Spent Mother’s Day wrapped in timeless elegance with this dreamy grey Farshi Shalwar set from LAAM￼ by Zoya & Zafar￼ — giving soft glam, grace, and full main-character energy with every twirl ✨ The kattan silk straight-cut kurta, dramatic flowy Farshi shalwar, and delicate organza dupatta together feel effortlessly regal yet so wearable for special celebrations 💫 Wearing: Zoya & Zafar Farshi Shalwar Set (3-piece) Product Code: SHG1119 📣 Use code: minabutt05 for a little treat at checkout on LAAM 🤍 Q: Would you style this look with soft curls or a sleek bun? ✨ (AD-gifted) .pk #FarshiShalwar #DesiStyle #MothersDayLook #FestiveWear #outfitinspo","spent mother’s day wrapped in timeless elegance with this dreamy grey farshi shalwar set from laam￼ by zoya & zafar￼ — giving soft glam, grace, and full main-character energy with every twirl ✨ the kattan silk straight-cut kurta, dramatic flowy farshi shalwar, and delicate organza dupatta together feel effortlessly regal yet so wearable for special celebrations 💫 wearing: zoya & zafar farshi shalwar set (3-piece) product code: shg1119 📣 use code: minabutt05 for a little treat at checkout on laam 🤍 q: would you style this look with soft curls or a sleek bun? ✨ (ad-gifted) .pk #farshishalwar #desistyle #mothersdaylook #festivewear #outfitinspo",True,English,Traditional/Ethnic,0.06794
Instagram,Phase2,"Comment ‘LINK” to get direct link of the product

Every thread tells a story of Banaras. 🧵🏛️
As generational weavers, we pour our heart into creating masterpieces like this Handloom Soft Tissue Silk Saree. The delicate mirror work reflects not just light, but centuries of Indian craftsmanship. 🪞✨

👉🏻Why pay retail when you can buy directly from the weaver at wholesale prices?
 
🤝Trusted by 50,000+ happy customers across the globe! 🌍❤️

🛒 To Order:
WhatsApp: 9453714101
Website: www.banarassilks.com

#FestiveWear #WeddingSaree #BanarasiTissueSilk #IndianBridesmaids SareeFashion TraditionalWear VocalForLocalIndia BanarasSilkSaree",901,190,0,0,2026-05-09 05:55:05+00:00,"Comment ‘LINK” to get direct link of the product Every thread tells a story of Banaras. 🧵🏛️ As generational weavers, we pour our heart into creating masterpieces like this Handloom Soft Tissue Silk Saree. The delicate mirror work reflects not just light, but centuries of Indian craftsmanship. 🪞✨ 👉🏻Why pay retail when you can buy directly from the weaver at wholesale prices? 🤝Trusted by 50,000+ happy customers across the globe! 🌍❤️ 🛒 To Order: WhatsApp: 9453714101 Website: #FestiveWear #WeddingSaree #BanarasiTissueSilk #IndianBridesmaids SareeFashion TraditionalWear VocalForLocalIndia BanarasSilkSaree","comment ‘link” to get direct link of the product every thread tells a story of banaras. 🧵🏛️ as generational weavers, we pour our heart into creating masterpieces like this handloom soft tissue silk saree. the delicate mirror work reflects not just light, but centuries of indian craftsmanship. 🪞✨ 👉🏻why pay retail when you can buy directly from the weaver at wholesale prices? 🤝trusted by 50,000+ happy customers across the globe! 🌍❤️ 🛒 to order: whatsapp: 9453714101 website: #festivewear #weddingsaree #banarasitissuesilk #indianbridesmaids sareefashion traditionalwear vocalforlocalindia banarassilksaree",True,English,Traditional/Ethnic,0.09304
Instagram,Phase2,"Add these beautiful hand embroidered pieces that never goes out of style 💖 Comment “Location” to receive details for the same 🌻 

[indian wear, bridal trousseau, local store mumbai, short kurti gharara, a-line dress, mulmul dress, hand embroidered, classic, mumbai shopping] 
#mumbaishopping #bridaltrousseau #festivewear #indianwear",1508,285,0,0,2026-05-13 18:55:55+00:00,"Add these beautiful hand embroidered pieces that never goes out of style 💖 Comment “Location” to receive details for the same 🌻 [indian wear, bridal trousseau, local store mumbai, short kurti gharara, a-line dress, mulmul dress, hand embroidered, classic, mumbai shopping] #mumbaishopping #bridaltrousseau #festivewear #indianwear","add these beautiful hand embroidered pieces that never goes out of style 💖 comment “location” to receive details for the same 🌻 [indian wear, bridal trousseau, local store mumbai, short kurti gharara, a-line dress, mulmul dress, hand embroidered, classic, mumbai shopping] #mumbaishopping #bridaltrousseau #festivewear #indianwear",True,English,Traditional/Ethnic,0.14582
Instagram,Phase2,"🍁💫KCPC New Traditional Banarasi Khaddi Georgette Lehenga for Festive Occasions 👑✨
Product Code – 2910

Celebrate tradition in royal style with this stunning Banarasi Khaddi Georgette Lehenga, crafted for unforgettable festive moments. 💫
The luxurious Khaddi Georgette fabric paired with timeless Banarasi elegance creates a perfect blend of heritage, grace, and sophistication. 🌸
Rich in traditional charm and beautifully designed, this lehenga is perfect for creating a royal, graceful, and eye-catching ethnic look. 🎀✨
Whether it's a wedding, festive celebration, sangeet, or family function, this outfit adds timeless beauty and elegance to every occasion. 👑💖

✨ Traditional Banarasi Charm
✨ Premium Khaddi Georgette Fabric
✨ Graceful Festive Look
✨ Perfect for Weddings & Celebrations

📍 Visit Us At:
KCPC Bandhani
Ramleela Maidan, Near Parshuram Park
Sikar, Rajasthan – 332001

🛍️ Shop Online: www.onlinebandhej.com
📞 Call / WhatsApp: +91-9166259900

#KCPCBandhani #BanarasiLehenga #KhaddiGeorgette #FestiveWear #WeddingCollection",595,63,0,0,2026-06-01 10:07:11+00:00,"🍁💫KCPC New Traditional Banarasi Khaddi Georgette Lehenga for Festive Occasions 👑✨ Product Code – 2910 Celebrate tradition in royal style with this stunning Banarasi Khaddi Georgette Lehenga, crafted for unforgettable festive moments. 💫 The luxurious Khaddi Georgette fabric paired with timeless Banarasi elegance creates a perfect blend of heritage, grace, and sophistication. 🌸 Rich in traditional charm and beautifully designed, this lehenga is perfect for creating a royal, graceful, and eye-catching ethnic look. 🎀✨ Whether it's a wedding, festive celebration, sangeet, or family function, this outfit adds timeless beauty and elegance to every occasion. 👑💖 ✨ Traditional Banarasi Charm ✨ Premium Khaddi Georgette Fabric ✨ Graceful Festive Look ✨ Perfect for Weddings & Celebrations 📍 Visit Us At: KCPC Bandhani Ramleela Maidan, Near Parshuram Park Sikar, Rajasthan – 332001 🛍️ Shop Online: 📞 Call / WhatsApp: +91-9166259900 #KCPCBandhani #BanarasiLehenga #KhaddiGeorgette #FestiveWear #WeddingCollection","🍁💫kcpc new traditional banarasi khaddi georgette lehenga for festive occasions 👑✨ product code – 2910 celebrate tradition in royal style with this stunning banarasi khaddi georgette lehenga, crafted for unforgettable festive moments. 💫 the luxurious khaddi georgette fabric paired with timeless banarasi elegance creates a perfect blend of heritage, grace, and sophistication. 🌸 rich in traditional charm and beautifully designed, this lehenga is perfect for creating a royal, graceful, and eye-catching ethnic look. 🎀✨ whether it's a wedding, festive celebration, sangeet, or family function, this outfit adds timeless beauty and elegance to every occasion. 👑💖 ✨ traditional banarasi charm ✨ premium khaddi georgette fabric ✨ graceful festive look ✨ perfect for weddings & celebrations 📍 visit us at: kcpc bandhani ramleela maidan, near parshuram park sikar, rajasthan – 332001 🛍️ shop online: 📞 call / whatsapp: +91-9166259900 #kcpcbandhani #banarasilehenga #khaddigeorgette #festivewear #weddingcollection",True,English,Traditional/Ethnic,0.0427
Instagram,Phase2,"Dressed in yellow,felling mellow 💛😌 #mellowyellow ... #punjabiwedding #pakistanfashion #punjabisuits #festivewear .... [ @sidhusandep festive wear,bridal wear,formals,ethnic wear,Indian wear,hand embroidered,thread work, Indian formals ]",746,6,0,0,2026-04-30 09:53:35+00:00,"Dressed in yellow,felling mellow 💛😌 #mellowyellow ... #punjabiwedding #pakistanfashion #punjabisuits #festivewear .... [ festive wear,bridal wear,formals,ethnic wear,Indian wear,hand embroidered,thread work, Indian formals ]","dressed in yellow,felling mellow 💛😌 #mellowyellow ... #punjabiwedding #pakistanfashion #punjabisuits #festivewear .... [ festive wear,bridal wear,formals,ethnic wear,indian wear,hand embroidered,thread work, indian formals ]",True,English,Traditional/Ethnic,0.03164
Instagram,Phase2,"Punjabi mode on 💅

#diljitdosanjh #punjabisongs #transitionreels #fashion #festivewear Explore Viral Sharara set Suit Reel",17672,480,0,0,2026-03-26 23:12:49+00:00,Punjabi mode on 💅 #diljitdosanjh #punjabisongs #transitionreels #fashion #festivewear Explore Viral Sharara set Suit Reel,punjabi mode on 💅 #diljitdosanjh #punjabisongs #transitionreels #fashion #festivewear explore viral sharara set suit reel,True,English,Formal/Professional,0.544
Instagram,Phase2,"Follow + Comment 'LINK' & I'll send you the outfit link 🔗 

Turn heads with this classy indo-western look 💙✨
Stylish asymmetrical floral kurti paired with trendy wide leg jeans for a perfect fusion fashion vibe 💫 Perfect for casual outings, parties, college looks & stylish reels 📸 Save this look for your next fashion inspiration!
#indowestern #trendyoutfit #fusionwear #fashioninspo #festivewear 

indo western outfit, stylish kurti with jeans, fusion wear, trendy girls outfit, blue floral kurti outfit, wide leg jeans outfit, casual chic outfit, fashion outfit for girls, stylish look, trendy fashion, indo western dress, party outfit, aesthetic outfit, fashion reels, outfit inspiration",3337,179,0,0,2026-05-31 12:06:03+00:00,"Follow + Comment 'LINK' & I'll send you the outfit link 🔗 Turn heads with this classy indo-western look 💙✨ Stylish asymmetrical floral kurti paired with trendy wide leg jeans for a perfect fusion fashion vibe 💫 Perfect for casual outings, parties, college looks & stylish reels 📸 Save this look for your next fashion inspiration! #indowestern #trendyoutfit #fusionwear #fashioninspo #festivewear indo western outfit, stylish kurti with jeans, fusion wear, trendy girls outfit, blue floral kurti outfit, wide leg jeans outfit, casual chic outfit, fashion outfit for girls, stylish look, trendy fashion, indo western dress, party outfit, aesthetic outfit, fashion reels, outfit inspiration","follow + comment 'link' & i'll send you the outfit link 🔗 turn heads with this classy indo-western look 💙✨ stylish asymmetrical floral kurti paired with trendy wide leg jeans for a perfect fusion fashion vibe 💫 perfect for casual outings, parties, college looks & stylish reels 📸 save this look for your next fashion inspiration! #indowestern #trendyoutfit #fusionwear #fashioninspo #festivewear indo western outfit, stylish kurti with jeans, fusion wear, trendy girls outfit, blue floral kurti outfit, wide leg jeans outfit, casual chic outfit, fashion outfit for girls, stylish look, trendy fashion, indo western dress, party outfit, aesthetic outfit, fashion reels, outfit inspiration",True,English,Traditional/Ethnic,0.18718
Instagram,Phase2,"Strong soul. Soft heart. Guided by Allah.
.
.
.
.
.
.
#javeriascollection #ethnicwear #festivewear ##motivation",2010,16,0,0,2026-03-28 15:19:55+00:00,Strong soul. Soft heart. Guided by Allah. . . . . . . #javeriascollection #ethnicwear #festivewear ##motivation,strong soul. soft heart. guided by allah. . . . . . . #javeriascollection #ethnicwear #festivewear ##motivation,True,English,Traditional/Ethnic,0.08520000000000001
Instagram,Phase2,"✨ Bright Hues, Timeless Elegance ✨

Introducing our gorgeous Organza Yellow Leheriya Saree, adorned with a beautifully detailed heavy Gota Patti border for the perfect festive charm. Lightweight, graceful, and effortlessly elegant 💛

Perfect for festive occasions, celebrations, and elegant ethnic styling ✨
📲 WhatsApp: 6367933918
🌐 www.pratibhasarees.com
🔎 Search: Tejasvi Leheriya Saree

#LeheriyaSaree #OrganzaSaree #GotaPatti #FestiveWear #EthnicStyle

organza leheriya saree, yellow designer saree, gota patti saree online, festive saree collection India, lightweight ethnic saree, traditional Rajasthani saree",2181,316,0,0,2026-05-06 12:13:14+00:00,"✨ Bright Hues, Timeless Elegance ✨ Introducing our gorgeous Organza Yellow Leheriya Saree, adorned with a beautifully detailed heavy Gota Patti border for the perfect festive charm. Lightweight, graceful, and effortlessly elegant 💛 Perfect for festive occasions, celebrations, and elegant ethnic styling ✨ 📲 WhatsApp: 6367933918 🌐 🔎 Search: Tejasvi Leheriya Saree #LeheriyaSaree #OrganzaSaree #GotaPatti #FestiveWear #EthnicStyle organza leheriya saree, yellow designer saree, gota patti saree online, festive saree collection India, lightweight ethnic saree, traditional Rajasthani saree","✨ bright hues, timeless elegance ✨ introducing our gorgeous organza yellow leheriya saree, adorned with a beautifully detailed heavy gota patti border for the perfect festive charm. lightweight, graceful, and effortlessly elegant 💛 perfect for festive occasions, celebrations, and elegant ethnic styling ✨ 📲 whatsapp: 6367933918 🌐 🔎 search: tejasvi leheriya saree #leheriyasaree #organzasaree #gotapatti #festivewear #ethnicstyle organza leheriya saree, yellow designer saree, gota patti saree online, festive saree collection india, lightweight ethnic saree, traditional rajasthani saree",True,English,Traditional/Ethnic,0.18203999999999998
Instagram,Phase2,"GRWM for Saheli ki Sagai🌹
Outfit: @paramparabyprinchal
Watch: @ohwomaniyaa.in_
Bag 🦜: @kaaktarua_w.b

[Summer Wedding, Lehenga, Wedding Wear]

#weddingwear #festivewear",560,30,0,0,2026-05-11 07:08:49+00:00,"GRWM for Saheli ki Sagai🌹 Outfit: Watch: .in_ Bag 🦜: .b [Summer Wedding, Lehenga, Wedding Wear] #weddingwear #festivewear","grwm for saheli ki sagai🌹 outfit: watch: .in_ bag 🦜: .b [summer wedding, lehenga, wedding wear] #weddingwear #festivewear",True,English,Traditional/Ethnic,0.031400000000000004
Instagram,Phase2,"Classy cuts, vibrant shades & perfect finishing ✨

#BlousePattern #BoutiqueLove #IndianEthnic #FestiveWear #FashionBoutique

Customize ""Your Own Outfits""

To place your order DM us
For more visit and follow our page @pawalicouture

Pawali Couture / Designer Studio : Thudiyalur, Coimbatore

Call us to know more on +91 81483 26479 / WhatsApp",8090,6,0,0,2026-05-29 07:29:18+00:00,"Classy cuts, vibrant shades & perfect finishing ✨ #BlousePattern #BoutiqueLove #IndianEthnic #FestiveWear #FashionBoutique Customize ""Your Own Outfits"" To place your order DM us For more visit and follow our page Pawali Couture / Designer Studio : Thudiyalur, Coimbatore Call us to know more on +91 81483 26479 / WhatsApp","classy cuts, vibrant shades & perfect finishing ✨ #blousepattern #boutiquelove #indianethnic #festivewear #fashionboutique customize ""your own outfits"" to place your order dm us for more visit and follow our page pawali couture / designer studio : thudiyalur, coimbatore call us to know more on +91 81483 26479 / whatsapp",True,English,Traditional/Ethnic,0.3254000000000001
Instagram,Phase2,"An emerald green dress adorned with intricate gold zari work and delicate floral detailing, creating a perfect blend of tradition and elegance. The finely embellished neckline and borders add a regal touch, making it an ideal choice for festive and wedding wear 

#LuxuryPret #FestiveWear #WeddingCollection #DesiStyle #ZariWork",3347,275,0,0,2026-04-30 17:59:35+00:00,"An emerald green dress adorned with intricate gold zari work and delicate floral detailing, creating a perfect blend of tradition and elegance. The finely embellished neckline and borders add a regal touch, making it an ideal choice for festive and wedding wear #LuxuryPret #FestiveWear #WeddingCollection #DesiStyle #ZariWork","an emerald green dress adorned with intricate gold zari work and delicate floral detailing, creating a perfect blend of tradition and elegance. the finely embellished neckline and borders add a regal touch, making it an ideal choice for festive and wedding wear #luxurypret #festivewear #weddingcollection #desistyle #zariwork",True,English,Traditional/Ethnic,0.21638000000000002
Instagram,Phase2,"One star. One secret. Can you tell?
Our Festive Collection ’26 is about to shine with a face you know… drop your guesses below. 

#asimjofa #asimjofaofficial #festivecollection #festivewear #celebritystyle #guesswho #pakistanifashion #luxuryfashion #comingsoon #fashionreveal",383,10,0,0,2026-05-30 10:26:11+00:00,One star. One secret. Can you tell? Our Festive Collection ’26 is about to shine with a face you know… drop your guesses below. #asimjofa #asimjofaofficial #festivecollection #festivewear #celebritystyle #guesswho #pakistanifashion #luxuryfashion #comingsoon #fashionreveal,one star. one secret. can you tell? our festive collection ’26 is about to shine with a face you know… drop your guesses below. #asimjofa #asimjofaofficial #festivecollection #festivewear #celebritystyle #guesswho #pakistanifashion #luxuryfashion #comingsoon #fashionreveal,True,English,General Fashion,0.01832
Instagram,Phase2,"Premium kurta sets with embroidery detailing!  Comment for Links!

#kurtaset #functionwear #weddingguestlook #festivewear #embroidery 

Premium comfy kurta sets,
Premium embroidery kurta sets,
Wedding guest outfits,
Partywear kurta sets,
Wedding guest kurta sets,
Embroidery kurta sets,
Top rated kurta sets,
Soft cotton kurta sets,
Pure material,
Myntra kurta sets,
Red embryos sets,
Rust orange kurta sets,",1957,6999,0,0,2026-05-21 12:21:08+00:00,"Premium kurta sets with embroidery detailing! Comment for Links! #kurtaset #functionwear #weddingguestlook #festivewear #embroidery Premium comfy kurta sets, Premium embroidery kurta sets, Wedding guest outfits, Partywear kurta sets, Wedding guest kurta sets, Embroidery kurta sets, Top rated kurta sets, Soft cotton kurta sets, Pure material, Myntra kurta sets, Red embryos sets, Rust orange kurta sets,","premium kurta sets with embroidery detailing! comment for links! #kurtaset #functionwear #weddingguestlook #festivewear #embroidery premium comfy kurta sets, premium embroidery kurta sets, wedding guest outfits, partywear kurta sets, wedding guest kurta sets, embroidery kurta sets, top rated kurta sets, soft cotton kurta sets, pure material, myntra kurta sets, red embryos sets, rust orange kurta sets,",True,English,Traditional/Ethnic,0.37828
Instagram,Phase2,"Pure Silk Saree ✨

Experience the richness of tradition with this elegant Pure Silk Saree. Known for its luxurious texture, natural sheen, and graceful drape, it adds a royal touch to any occasion. Perfect for weddings, festive celebrations, and special events, this saree reflects timeless beauty and sophistication.

💫 DM or WhatsApp to order: 9840306334
📦 Shipping available across India

#puresilksaree #silksaree #traditionalwear #ethnicfashion #sareelove #indianwear #sareecollection #festivewear",2839,807,0,0,2026-03-13 13:06:09+00:00,"Pure Silk Saree ✨ Experience the richness of tradition with this elegant Pure Silk Saree. Known for its luxurious texture, natural sheen, and graceful drape, it adds a royal touch to any occasion. Perfect for weddings, festive celebrations, and special events, this saree reflects timeless beauty and sophistication. 💫 DM or WhatsApp to order: 9840306334 📦 Shipping available across India #puresilksaree #silksaree #traditionalwear #ethnicfashion #sareelove #indianwear #sareecollection #festivewear","pure silk saree ✨ experience the richness of tradition with this elegant pure silk saree. known for its luxurious texture, natural sheen, and graceful drape, it adds a royal touch to any occasion. perfect for weddings, festive celebrations, and special events, this saree reflects timeless beauty and sophistication. 💫 dm or whatsapp to order: 9840306334 📦 shipping available across india #puresilksaree #silksaree #traditionalwear #ethnicfashion #sareelove #indianwear #sareecollection #festivewear",True,English,Traditional/Ethnic,0.35566
Instagram,Phase2,"Unstitched | Eid Collection

Designed for festive styling that feels personal, effortless, and uniquely your own.

Available now in-stores and online

#Nishat #Unstitched #EidCollection #FestiveWear #StyleEdit",1985,43,0,0,2026-05-20 09:43:42+00:00,"Unstitched | Eid Collection Designed for festive styling that feels personal, effortless, and uniquely your own. Available now in-stores and online #Nishat #Unstitched #EidCollection #FestiveWear #StyleEdit","unstitched | eid collection designed for festive styling that feels personal, effortless, and uniquely your own. available now in-stores and online #nishat #unstitched #eidcollection #festivewear #styleedit",True,English,General Fashion,0.09230000000000001
Instagram,Phase2,"🎀 KCPC Pure Gajji Silk Lehenga & Dupatta with Gorgeous Gotapatti Work 👑✨
Product Code – 0800

Step into royal elegance with this stunning Pure Gajji Silk Lehenga & Dupatta Set, beautifully enhanced with gorgeous Gotapatti work. 💫
The rich and luxurious Gajji silk fabric offers a graceful flair and regal feel, while the intricate handcrafted detailing adds a touch of traditional charm and festive grandeur. 🌸
Perfect for weddings, sangeet nights, festive occasions, and grand celebrations, this lehenga set gives you a classy, royal, and eye-catching ethnic look. 🎀✨

📍 Visit Us At:
KCPC Bandhani
Ramleela Maidan, Near Parshuram Park
Sikar, Rajasthan – 332001

🛍️ Shop Online: www.onlinebandhej.com
📞 Call / WhatsApp: +91-9166259900

#KCPCBandhani #GajjiSilkLehenga #GotapattiWork #WeddingCollection #FestiveWear",3664,798,0,0,2026-05-15 06:00:16+00:00,"🎀 KCPC Pure Gajji Silk Lehenga & Dupatta with Gorgeous Gotapatti Work 👑✨ Product Code – 0800 Step into royal elegance with this stunning Pure Gajji Silk Lehenga & Dupatta Set, beautifully enhanced with gorgeous Gotapatti work. 💫 The rich and luxurious Gajji silk fabric offers a graceful flair and regal feel, while the intricate handcrafted detailing adds a touch of traditional charm and festive grandeur. 🌸 Perfect for weddings, sangeet nights, festive occasions, and grand celebrations, this lehenga set gives you a classy, royal, and eye-catching ethnic look. 🎀✨ 📍 Visit Us At: KCPC Bandhani Ramleela Maidan, Near Parshuram Park Sikar, Rajasthan – 332001 🛍️ Shop Online: 📞 Call / WhatsApp: +91-9166259900 #KCPCBandhani #GajjiSilkLehenga #GotapattiWork #WeddingCollection #FestiveWear","🎀 kcpc pure gajji silk lehenga & dupatta with gorgeous gotapatti work 👑✨ product code – 0800 step into royal elegance with this stunning pure gajji silk lehenga & dupatta set, beautifully enhanced with gorgeous gotapatti work. 💫 the rich and luxurious gajji silk fabric offers a graceful flair and regal feel, while the intricate handcrafted detailing adds a touch of traditional charm and festive grandeur. 🌸 perfect for weddings, sangeet nights, festive occasions, and grand celebrations, this lehenga set gives you a classy, royal, and eye-catching ethnic look. 🎀✨ 📍 visit us at: kcpc bandhani ramleela maidan, near parshuram park sikar, rajasthan – 332001 🛍️ shop online: 📞 call / whatsapp: +91-9166259900 #kcpcbandhani #gajjisilklehenga #gotapattiwork #weddingcollection #festivewear",True,English,Traditional/Ethnic,0.38595999999999997
Instagram,Phase2,"Over the past few days, we personally visited manufacturing facilities, inspected fabrics, checked stitching quality, reviewed designs, and selected only the best collections in Kurtis, Western Wear, Co-ord Sets, and Designer Styles.
VISRA is not just a name. VISRA is a promise of quality, style, and trust.
#VISRA  #HyderabadFashion #WesternWear #KurtiCollection #CoordSets designerWear",546,0,0,0,2026-05-30 16:16:18+00:00,"Over the past few days, we personally visited manufacturing facilities, inspected fabrics, checked stitching quality, reviewed designs, and selected only the best collections in Kurtis, Western Wear, Co-ord Sets, and Designer Styles. VISRA is not just a name. VISRA is a promise of quality, style, and trust. #VISRA #HyderabadFashion #WesternWear #KurtiCollection #CoordSets designerWear","over the past few days, we personally visited manufacturing facilities, inspected fabrics, checked stitching quality, reviewed designs, and selected only the best collections in kurtis, western wear, co-ord sets, and designer styles. visra is not just a name. visra is a promise of quality, style, and trust. #visra #hyderabadfashion #westernwear #kurticollection #coordsets designerwear",True,English,Traditional/Ethnic,0.021840000000000002
Instagram,Phase2,"Comment 🔗 link 
Adipoly Chikkankari Kurti💜 #chikkankari #kurticollection #women #reels #viral",1308,7927,0,0,2026-05-13 08:42:29+00:00,Comment 🔗 link Adipoly Chikkankari Kurti💜 #chikkankari #kurticollection #women #reels #viral,comment 🔗 link adipoly chikkankari kurti💜 #chikkankari #kurticollection #women #reels #viral,True,English,Traditional/Ethnic,0.35231999999999997
Instagram,Phase2,#Narsinghpur #NarsinghpurShopping #AkshitaDelhiDhamakaSale #BlouseCollection #KurtiCollection JhumkaLove Bangles Sale MadhyaPradesh ShoppingDeals,728,13,0,0,2026-05-30 16:43:39+00:00,#Narsinghpur #NarsinghpurShopping #AkshitaDelhiDhamakaSale #BlouseCollection #KurtiCollection JhumkaLove Bangles Sale MadhyaPradesh ShoppingDeals,#narsinghpur #narsinghpurshopping #akshitadelhidhamakasale #blousecollection #kurticollection jhumkalove bangles sale madhyapradesh shoppingdeals,True,English,Traditional/Ethnic,0.03302
Instagram,Phase2,"Sambalpuri straight kurti, cotton kurti, Sambalpuri kurti collection, straight cut kurti, ladies cotton kurti, ethnic kurti, casual wear kurti, office wear kurti, stylish kurti, affordable kurti, kurti under 1000, Sambalpuri dress, traditional wear, premium cotton kurti, designer kurti
#SambalpuriKurti #StraightKurti #CottonKurti #EthnicWear #KurtiCollection LadiesFashion OfficeWear CasualWear TraditionalWear AffordableFashion KurtiUnder1000 StylishKurti DesignerKurti CottonStyle OdishaFashion HandloomKurti FashionStore TrendingKurti PremiumQuality 800To900Range",557,13,0,0,2026-05-29 07:22:16+00:00,"Sambalpuri straight kurti, cotton kurti, Sambalpuri kurti collection, straight cut kurti, ladies cotton kurti, ethnic kurti, casual wear kurti, office wear kurti, stylish kurti, affordable kurti, kurti under 1000, Sambalpuri dress, traditional wear, premium cotton kurti, designer kurti #SambalpuriKurti #StraightKurti #CottonKurti #EthnicWear #KurtiCollection LadiesFashion OfficeWear CasualWear TraditionalWear AffordableFashion KurtiUnder1000 StylishKurti DesignerKurti CottonStyle OdishaFashion HandloomKurti FashionStore TrendingKurti PremiumQuality 800To900Range","sambalpuri straight kurti, cotton kurti, sambalpuri kurti collection, straight cut kurti, ladies cotton kurti, ethnic kurti, casual wear kurti, office wear kurti, stylish kurti, affordable kurti, kurti under 1000, sambalpuri dress, traditional wear, premium cotton kurti, designer kurti #sambalpurikurti #straightkurti #cottonkurti #ethnicwear #kurticollection ladiesfashion officewear casualwear traditionalwear affordablefashion kurtiunder1000 stylishkurti designerkurti cottonstyle odishafashion handloomkurti fashionstore trendingkurti premiumquality 800to900range",True,English,Traditional/Ethnic,0.026180000000000002
Instagram,Phase2,"Let’s explore our first Bohag bihu collection 🌸 @houseofmeera0329 

#explorepage #bihucollection #kurticollection #kurti #kurtibrand",1125,31,0,0,2026-04-09 10:17:09+00:00,Let’s explore our first Bohag bihu collection 🌸 #explorepage #bihucollection #kurticollection #kurti #kurtibrand,let’s explore our first bohag bihu collection 🌸 #explorepage #bihucollection #kurticollection #kurti #kurtibrand,True,English,Traditional/Ethnic,0.0543
Instagram,Phase2,"Pure Jaipuri cotton bandhej fabric - 3 Piece set 

For more details, comment ""PRICE""

Perfect for simple office wear & daily wear 

Our new collection is now available at Gopi Fashion 
Fresh styles designed for comfort, simplicity, and everyday elegance. Drop by and explore the latest arrivals.

📍 Address: Gopi Fashion, DIVYAJIVAN RESIDENCY, 10, behind Uma School, Varniraj Society, Nikol, Ahmedabad, Gujarat 380049

#gopifashionnikol #cottonkurti #cottonsuit #simple #simplekurti #kurticollection #kurti #cotton #nikol #officewear",690,327,0,0,2026-05-25 05:34:08+00:00,"Pure Jaipuri cotton bandhej fabric - 3 Piece set For more details, comment ""PRICE"" Perfect for simple office wear & daily wear Our new collection is now available at Gopi Fashion Fresh styles designed for comfort, simplicity, and everyday elegance. Drop by and explore the latest arrivals. 📍 Address: Gopi Fashion, DIVYAJIVAN RESIDENCY, 10, behind Uma School, Varniraj Society, Nikol, Ahmedabad, Gujarat 380049 #gopifashionnikol #cottonkurti #cottonsuit #simple #simplekurti #kurticollection #kurti #cotton #nikol #officewear","pure jaipuri cotton bandhej fabric - 3 piece set for more details, comment ""price"" perfect for simple office wear & daily wear our new collection is now available at gopi fashion fresh styles designed for comfort, simplicity, and everyday elegance. drop by and explore the latest arrivals. 📍 address: gopi fashion, divyajivan residency, 10, behind uma school, varniraj society, nikol, ahmedabad, gujarat 380049 #gopifashionnikol #cottonkurti #cottonsuit #simple #simplekurti #kurticollection #kurti #cotton #nikol #officewear",True,English,Traditional/Ethnic,0.1257
Instagram,Phase2,"Sambalpuri anarkali kurtii💕🤌🏻
* Weaving Style: This garment showcases traditional Sambalpuri Ikat (locally known as Bandha), a meticulous resist dye technique where the warp and weft yarns are tied and dyed before being handwoven on a loom.
* Body Design: The side sections of the garment feature a deep black cotton base decorated with fine off-white or grey geometric handwoven motifs.
* Central Panel: A striking vertical red and orange centerpiece forms the focal point, detailed with elaborate traditional patterns like stylized temple borders (phula) or cultural motifs.
* Borders & Styling: The bottom hem and sleeves are finished with a broad, contrasting bright red border accented by traditional tribal pattern rows.
.
@radhakrishna_the_fashion_world 
.
#radhakrishnathefashionworld #instagram #foryoupage #kurticollection #viralreels",1181,52,0,0,2026-05-31 13:18:59+00:00,"Sambalpuri anarkali kurtii💕🤌🏻 * Weaving Style: This garment showcases traditional Sambalpuri Ikat (locally known as Bandha), a meticulous resist dye technique where the warp and weft yarns are tied and dyed before being handwoven on a loom. * Body Design: The side sections of the garment feature a deep black cotton base decorated with fine off-white or grey geometric handwoven motifs. * Central Panel: A striking vertical red and orange centerpiece forms the focal point, detailed with elaborate traditional patterns like stylized temple borders (phula) or cultural motifs. * Borders & Styling: The bottom hem and sleeves are finished with a broad, contrasting bright red border accented by traditional tribal pattern rows. . . #radhakrishnathefashionworld #instagram #foryoupage #kurticollection #viralreels","sambalpuri anarkali kurtii💕🤌🏻 * weaving style: this garment showcases traditional sambalpuri ikat (locally known as bandha), a meticulous resist dye technique where the warp and weft yarns are tied and dyed before being handwoven on a loom. * body design: the side sections of the garment feature a deep black cotton base decorated with fine off-white or grey geometric handwoven motifs. * central panel: a striking vertical red and orange centerpiece forms the focal point, detailed with elaborate traditional patterns like stylized temple borders (phula) or cultural motifs. * borders & styling: the bottom hem and sleeves are finished with a broad, contrasting bright red border accented by traditional tribal pattern rows. . . #radhakrishnathefashionworld #instagram #foryoupage #kurticollection #viralreels",True,English,Traditional/Ethnic,0.06284000000000001
Instagram,Phase2,"🪷Kum-Kum Colour Chettinad cotton kurti and dupatta🪷

Pure cotton with zari borders & Georgette dupatta ✨
🪷The best summer wear🪷

Comment “price” for product details 

Note : 
. Kurti + Dupatta 
. Bottom not included 
. Feeding customisation available 
. Kurti with lining 
. Sweet heart neck Scallops 
. Plus shipping 

[kurta, salwar set, Combatore, boutique, college wear kurti, and ethnic wear, kurti, salwar, salwar sets, Bangalore, Hyderabad, Chennai, Tirupur, Coimbatore, Salem, Erode, worldwide shipping]

#cotton #kurticollection #clothingbrand #clothing #aadaialankara",982,40,0,0,2026-05-14 13:30:05+00:00,"🪷Kum-Kum Colour Chettinad cotton kurti and dupatta🪷 Pure cotton with zari borders & Georgette dupatta ✨ 🪷The best summer wear🪷 Comment “price” for product details Note : . Kurti + Dupatta . Bottom not included . Feeding customisation available . Kurti with lining . Sweet heart neck Scallops . Plus shipping [kurta, salwar set, Combatore, boutique, college wear kurti, and ethnic wear, kurti, salwar, salwar sets, Bangalore, Hyderabad, Chennai, Tirupur, Coimbatore, Salem, Erode, worldwide shipping] #cotton #kurticollection #clothingbrand #clothing #aadaialankara","🪷kum-kum colour chettinad cotton kurti and dupatta🪷 pure cotton with zari borders & georgette dupatta ✨ 🪷the best summer wear🪷 comment “price” for product details note : . kurti + dupatta . bottom not included . feeding customisation available . kurti with lining . sweet heart neck scallops . plus shipping [kurta, salwar set, combatore, boutique, college wear kurti, and ethnic wear, kurti, salwar, salwar sets, bangalore, hyderabad, chennai, tirupur, coimbatore, salem, erode, worldwide shipping] #cotton #kurticollection #clothingbrand #clothing #aadaialankara",True,English,Traditional/Ethnic,0.051280000000000006
Instagram,Phase2,Price Check: Divya Sathyaraj Outfit from @westsidestores @utsastores #divyasathyaraj #celebritystyleboard #celebrityfashion #celebrityoutfit #celebritylook #kurtalove #kurticollection #kurtafashion #westside #westsideindia #utsa #fashionreels #outfitdetails #dmk #tvk,728,332,0,0,2026-05-27 14:12:11+00:00,Price Check: Divya Sathyaraj Outfit from #divyasathyaraj #celebritystyleboard #celebrityfashion #celebrityoutfit #celebritylook #kurtalove #kurticollection #kurtafashion #westside #westsideindia #utsa #fashionreels #outfitdetails #dmk #tvk,price check: divya sathyaraj outfit from #divyasathyaraj #celebritystyleboard #celebrityfashion #celebrityoutfit #celebritylook #kurtalove #kurticollection #kurtafashion #westside #westsideindia #utsa #fashionreels #outfitdetails #dmk #tvk,True,English,Traditional/Ethnic,0.12872
Instagram,Phase2,"Introducing our all-new Malai Chanderi Kurtis with delicate embroidered motifs 🤍

To place your order, please visit:
🌐 www.adencouture.com
 (Link in bio)
🛍 Product Code: AD5096

For any further queries or assistance:
📩 DM us on Instagram
📱 WhatsApp: 9074986592
(Please note: This is our only official WhatsApp number. We are not responsible for any fraudulent activity conducted by unofficial or fake pages claiming to represent us.)

#MalaiChanderi #ChanderiKurti #ChanderiLove #EmbroideredKurti #KurtiCollection EthnicWearIndia IndianEthnicWear KurtiStyle KurtiLove EthnicFashion",-1,2046,0,0,2026-03-19 13:15:50+00:00,"Introducing our all-new Malai Chanderi Kurtis with delicate embroidered motifs 🤍 To place your order, please visit: 🌐 (Link in bio) 🛍 Product Code: AD5096 For any further queries or assistance: 📩 DM us on Instagram 📱 WhatsApp: 9074986592 (Please note: This is our only official WhatsApp number. We are not responsible for any fraudulent activity conducted by unofficial or fake pages claiming to represent us.) #MalaiChanderi #ChanderiKurti #ChanderiLove #EmbroideredKurti #KurtiCollection EthnicWearIndia IndianEthnicWear KurtiStyle KurtiLove EthnicFashion","introducing our all-new malai chanderi kurtis with delicate embroidered motifs 🤍 to place your order, please visit: 🌐 (link in bio) 🛍 product code: ad5096 for any further queries or assistance: 📩 dm us on instagram 📱 whatsapp: 9074986592 (please note: this is our only official whatsapp number. we are not responsible for any fraudulent activity conducted by unofficial or fake pages claiming to represent us.) #malaichanderi #chanderikurti #chanderilove #embroideredkurti #kurticollection ethnicwearindia indianethnicwear kurtistyle kurtilove ethnicfashion",True,English,Traditional/Ethnic,0.29996
Instagram,Phase2,#kurticollection I love all the Kurtis so much tell me in comments which one do you like,2037,413,0,0,2026-05-21 16:40:23+00:00,#kurticollection I love all the Kurtis so much tell me in comments which one do you like,#kurticollection i love all the kurtis so much tell me in comments which one do you like,True,English,Traditional/Ethnic,0.20537999999999998
Instagram,Phase2,Floral chiknkari wo bhi pakistani look me for order 6006953189 #kurticollection #viral #fashion #trendingsong #instagram,861,19,0,0,2026-04-04 12:34:03+00:00,Floral chiknkari wo bhi pakistani look me for order 6006953189 #kurticollection #viral #fashion #trendingsong #instagram,floral chiknkari wo bhi pakistani look me for order 6006953189 #kurticollection #viral #fashion #trendingsong #instagram,True,English,Traditional/Ethnic,0.040139999999999995
Instagram,Phase2,"Vote so I can launch this ASAP 👇🏼

#Kurticollection #desilook #haniaamir #ootd #pinterestgirl 
fairycore aesthetic coquette outfit modest fashion statement piece corset kurti viral outfit pinterest inspired elegant black kurti flowy silhouette feminine energy soft glam timeless chic",1682,103,0,0,2026-05-29 10:53:11+00:00,Vote so I can launch this ASAP 👇🏼 #Kurticollection #desilook #haniaamir #ootd #pinterestgirl fairycore aesthetic coquette outfit modest fashion statement piece corset kurti viral outfit pinterest inspired elegant black kurti flowy silhouette feminine energy soft glam timeless chic,vote so i can launch this asap 👇🏼 #kurticollection #desilook #haniaamir #ootd #pinterestgirl fairycore aesthetic coquette outfit modest fashion statement piece corset kurti viral outfit pinterest inspired elegant black kurti flowy silhouette feminine energy soft glam timeless chic,True,English,Traditional/Ethnic,0.09817999999999999
Instagram,Phase2,"अनारकली ड्रेस आणि आपल्या सर्वच या ड्रेस ना असणारे भरपूर असे रेस्पॉन्स पाहत हे ड्रेस परत एकदा स्टॉक मध्ये आणले आहेत लगेच वेबसाइट ला जाऊन बुकिंग करा ..
#viral #fashion #dress #kurticollection #support 

(Designer,new,paithani,silksaree,open now,visit now,dress,look,women’s,dailywear,officewear,shopping,clothing,marathi,instabooking,shoppingaddicetd,shoppinglook,Kolhapurkar,instabooking,booking fast,anarakali kurti,anarakali dress,onlineshopping,shoppingkaro,mumbai,",716,0,0,0,2026-05-20 09:47:49+00:00,"अनारकली ड्रेस आणि आपल्या सर्वच या ड्रेस ना असणारे भरपूर असे रेस्पॉन्स पाहत हे ड्रेस परत एकदा स्टॉक मध्ये आणले आहेत लगेच वेबसाइट ला जाऊन बुकिंग करा .. #viral #fashion #dress #kurticollection #support (Designer,new,paithani,silksaree,open now,visit now,dress,look,women’s,dailywear,officewear,shopping,clothing,marathi,instabooking,shoppingaddicetd,shoppinglook,Kolhapurkar,instabooking,booking fast,anarakali kurti,anarakali dress,onlineshopping,shoppingkaro,mumbai,","अनारकली ड्रेस आणि आपल्या सर्वच या ड्रेस ना असणारे भरपूर असे रेस्पॉन्स पाहत हे ड्रेस परत एकदा स्टॉक मध्ये आणले आहेत लगेच वेबसाइट ला जाऊन बुकिंग करा .. #viral #fashion #dress #kurticollection #support (designer,new,paithani,silksaree,open now,visit now,dress,look,women’s,dailywear,officewear,shopping,clothing,marathi,instabooking,shoppingaddicetd,shoppinglook,kolhapurkar,instabooking,booking fast,anarakali kurti,anarakali dress,onlineshopping,shoppingkaro,mumbai,",True,Nepali,Traditional/Ethnic,0.02864
Instagram,Phase2,"Pichli baar itna pyaar mila ki collection almost sold out hi hogaya… 🤍
And now, your favourite 999 collection is finally back ✨
New designs added. Limited pieces available.

#yambarzalhandicrafts
#kashmirisuits
#ethnicwear
#suitsforwomen
#kurticollection",768,48,0,0,2026-05-11 10:50:00+00:00,"Pichli baar itna pyaar mila ki collection almost sold out hi hogaya… 🤍 And now, your favourite 999 collection is finally back ✨ New designs added. Limited pieces available. #yambarzalhandicrafts #kashmirisuits #ethnicwear #suitsforwomen #kurticollection","pichli baar itna pyaar mila ki collection almost sold out hi hogaya… 🤍 and now, your favourite 999 collection is finally back ✨ new designs added. limited pieces available. #yambarzalhandicrafts #kashmirisuits #ethnicwear #suitsforwomen #kurticollection",True,English,Traditional/Ethnic,0.04511999999999999
Instagram,Phase2,"Comment link or share me the reel to receive the link 🔗 
Wearing size S @amazonfashionin 

#shortkurti #desiootd #kurticollection #amazonfashionfinds #amazonfinds",1608,1201,0,0,2026-05-08 04:54:03+00:00,Comment link or share me the reel to receive the link 🔗 Wearing size S #shortkurti #desiootd #kurticollection #amazonfashionfinds #amazonfinds,comment link or share me the reel to receive the link 🔗 wearing size s #shortkurti #desiootd #kurticollection #amazonfashionfinds #amazonfinds,True,English,Traditional/Ethnic,0.36432
Instagram,Phase2,"Aa Jaao Ajmer Girls || Limited Stock Hai Jaldi Visit Karo ❣️

Princess point ajmer 👑 

#girlscollection #ajmer #kurticollection #kurti #ajmercity😍❤️",646,36,0,0,2026-04-04 12:38:23+00:00,Aa Jaao Ajmer Girls || Limited Stock Hai Jaldi Visit Karo ❣️ Princess point ajmer 👑 #girlscollection #ajmer #kurticollection #kurti #ajmercity😍❤️,aa jaao ajmer girls || limited stock hai jaldi visit karo ❣️ princess point ajmer 👑 #girlscollection #ajmer #kurticollection #kurti #ajmercity😍❤️,True,English,Traditional/Ethnic,0.03664
Instagram,Phase2,"“Embracing simplicity, one kurti at a time.”
.
.
.
.
📸: @anil_raju_official 
👗: @cleopatracuratedbyvasanthi 
💄: @jahnavi_reddy_makeovers 
📍: @twylafarms 

#instagram #trendingreel #viral #kurticollection #instadaily",3427,63,0,0,2026-04-17 02:35:13+00:00,"“Embracing simplicity, one kurti at a time.” . . . . 📸: 👗: 💄: 📍: #instagram #trendingreel #viral #kurticollection #instadaily","“embracing simplicity, one kurti at a time.” . . . . 📸: 👗: 💄: 📍: #instagram #trendingreel #viral #kurticollection #instadaily",True,English,Traditional/Ethnic,0.15598
Instagram,Phase2,#trending #trendigfashion #lehengalove #lehenga #weddinglehenga #weddingwe #weddingdress #trendigfashion #trendingreels #womensclothing #womenfashion #womenstyle #womeninbusiness #womenempowerment #womenempowerment #kurticollection #allstreetwear #allsaizeavlavalle #newclothingbrand #newfashionblogger #newcollection #trending #reelsinstagram #viralvideo,12318,58,0,0,2026-03-30 11:53:04+00:00,#trending #trendigfashion #lehengalove #lehenga #weddinglehenga #weddingwe #weddingdress #trendigfashion #trendingreels #womensclothing #womenfashion #womenstyle #womeninbusiness #womenempowerment #womenempowerment #kurticollection #allstreetwear #allsaizeavlavalle #newclothingbrand #newfashionblogger #newcollection #trending #reelsinstagram #viralvideo,#trending #trendigfashion #lehengalove #lehenga #weddinglehenga #weddingwe #weddingdress #trendigfashion #trendingreels #womensclothing #womenfashion #womenstyle #womeninbusiness #womenempowerment #womenempowerment #kurticollection #allstreetwear #allsaizeavlavalle #newclothingbrand #newfashionblogger #newcollection #trending #reelsinstagram #viralvideo,True,English,Traditional/Ethnic,0.4174
Instagram,Phase2,"Outfit 89/100 💖🔥
Office / College fits ❤️✨
Follow and Comment 'Dm' or Share the reel to my DM for products Links 💖🖇️
.
.
.
#kurticollection #kurti #collegewear #officewear #wishlink",704,596,0,0,2026-05-27 06:43:48+00:00,Outfit 89/100 💖🔥 Office / College fits ❤️✨ Follow and Comment 'Dm' or Share the reel to my DM for products Links 💖🖇️ . . . #kurticollection #kurti #collegewear #officewear #wishlink,outfit 89/100 💖🔥 office / college fits ❤️✨ follow and comment 'dm' or share the reel to my dm for products links 💖🖇️ . . . #kurticollection #kurti #collegewear #officewear #wishlink,True,English,Traditional/Ethnic,0.20695999999999998
Instagram,Phase2,"Unleash your casual chic with a @brooksbrothers navy wool blazer, a pop of sophistication with a burgundy bow tie, and the timeless charm of brown loafers. Remember, in fashion, there are rules - like no belt with braces. But once you understand the game, feel free to break the rules and set your own style standard.

Outfit details:
Denim: Classic Slim Fit Denim Jeans
Button up: Oxford Ainsley Collar Dress Shirt
Bow tie: Silk Pattern Bow Tie
Belt: Braided Leather Belt
Blazer: Classic Fit Wool Harris Tweed 1818 Blazer
Socks: Cotton Blend Foulard Socks
Loafer: Cheever Tassel Loafer with Kiltie
•
•
#DapperCasual #BrooksBrothersBlend #DapperedUp #BrooksBrothers #ClassicMeetsCasual #BowTieElegance #NavyWool #SartorialBlend #StyleReel #FashionFusion #TimelessTrend #ModernGentleman #TailoredTradition",5351,104,0,0,2024-01-16 12:57:22+00:00,"Unleash your casual chic with a navy wool blazer, a pop of sophistication with a burgundy bow tie, and the timeless charm of brown loafers. Remember, in fashion, there are rules - like no belt with braces. But once you understand the game, feel free to break the rules and set your own style standard. Outfit details: Denim: Classic Slim Fit Denim Jeans Button up: Oxford Ainsley Collar Dress Shirt Bow tie: Silk Pattern Bow Tie Belt: Braided Leather Belt Blazer: Classic Fit Wool Harris Tweed 1818 Blazer Socks: Cotton Blend Foulard Socks Loafer: Cheever Tassel Loafer with Kiltie • • #DapperCasual #BrooksBrothersBlend #DapperedUp #BrooksBrothers #ClassicMeetsCasual #BowTieElegance #NavyWool #SartorialBlend #StyleReel #FashionFusion #TimelessTrend #ModernGentleman #TailoredTradition","unleash your casual chic with a navy wool blazer, a pop of sophistication with a burgundy bow tie, and the timeless charm of brown loafers. remember, in fashion, there are rules - like no belt with braces. but once you understand the game, feel free to break the rules and set your own style standard. outfit details: denim: classic slim fit denim jeans button up: oxford ainsley collar dress shirt bow tie: silk pattern bow tie belt: braided leather belt blazer: classic fit wool harris tweed 1818 blazer socks: cotton blend foulard socks loafer: cheever tassel loafer with kiltie • • #dappercasual #brooksbrothersblend #dapperedup #brooksbrothers #classicmeetscasual #bowtieelegance #navywool #sartorialblend #stylereel #fashionfusion #timelesstrend #moderngentleman #tailoredtradition",True,English,Western/Casual,0.24524
Instagram,Phase2,"Rich People Tricks...
.
.
.
....#OldMoney #QuietLuxury #OldMoneyAesthetic #LegacyOverLuxury #WealthWhispers #TheInheritedStandard #TimelessElegance #SilentWealth #AStudyInClass #TailoredTradition #HeirloomHabits #ClassNeverShouts #HighStandardsClub",-1,0,0,0,2025-04-14 15:50:12+00:00,Rich People Tricks... . . . ....#OldMoney #QuietLuxury #OldMoneyAesthetic #LegacyOverLuxury #WealthWhispers #TheInheritedStandard #TimelessElegance #SilentWealth #AStudyInClass #TailoredTradition #HeirloomHabits #ClassNeverShouts #HighStandardsClub,rich people tricks... . . . ....#oldmoney #quietluxury #oldmoneyaesthetic #legacyoverluxury #wealthwhispers #theinheritedstandard #timelesselegance #silentwealth #astudyinclass #tailoredtradition #heirloomhabits #classnevershouts #highstandardsclub,True,English,General Fashion,-4e-05
Instagram,Phase2,"✨ Made Just for You! ✨

Looking for the perfect Sharara  that fits like a dream? At Punjabi Libas Boutique, we specialize in custom-tailored Shararas that are crafted to your style, size, and special occasions!

From vibrant festive wear to elegant bridal trousseau picks — we stitch magic into every piece!

Walk into our store or place your order online today!
Worldwide delivery available

Visit: www.punjabilibas.in
Call/WhatsApp: 9009900294
Address: Punjabi Libas Boutique, Kurukshetra

#CustomSharara #TailoredTradition #ShararaStyle #PunjabiLibas #KurukshetraBoutique #WeddingReady #MadeToMeasure #EthnicFashion #DesiSwag #ShararaSuitDesigns #IndoCanadianStyle",4,0,0,0,2025-03-27 14:00:46+00:00,"✨ Made Just for You! ✨ Looking for the perfect Sharara that fits like a dream? At Punjabi Libas Boutique, we specialize in custom-tailored Shararas that are crafted to your style, size, and special occasions! From vibrant festive wear to elegant bridal trousseau picks — we stitch magic into every piece! Walk into our store or place your order online today! Worldwide delivery available Visit: Call/WhatsApp: 9009900294 Address: Punjabi Libas Boutique, Kurukshetra #CustomSharara #TailoredTradition #ShararaStyle #PunjabiLibas #KurukshetraBoutique #WeddingReady #MadeToMeasure #EthnicFashion #DesiSwag #ShararaSuitDesigns #IndoCanadianStyle","✨ made just for you! ✨ looking for the perfect sharara that fits like a dream? at punjabi libas boutique, we specialize in custom-tailored shararas that are crafted to your style, size, and special occasions! from vibrant festive wear to elegant bridal trousseau picks — we stitch magic into every piece! walk into our store or place your order online today! worldwide delivery available visit: call/whatsapp: 9009900294 address: punjabi libas boutique, kurukshetra #customsharara #tailoredtradition #shararastyle #punjabilibas #kurukshetraboutique #weddingready #madetomeasure #ethnicfashion #desiswag #shararasuitdesigns #indocanadianstyle",True,English,Traditional/Ethnic,0.00016
Instagram,Phase2,"🔥🔥🔥 My nephew is such a brilliant, talented and creative person! Nephew, I am proud of you and your tenacity, determination, and your long suffering to see it through to the end!! Whatever you do keep going! It only takes one door to open a thousand! Your gift shall make room for you! Remember this name @jamielykesii. If you’re in need of a fashion designer, he’s got you all the way!!
#blackfashionexcellence #metgala2025 #menswearmatters #tailoredtradition#dandystyle #blackcreatives #fashionforward #stylewithpurpose #FutureAtTheMet #hollywood #newyork #fashionweek #womensclothing #appearl #fashiondesigner #disney #studios #tv #film #production #glam #newyorkfashionweek #designers",7,1,0,0,2025-05-05 22:35:43+00:00,"🔥🔥🔥 My nephew is such a brilliant, talented and creative person! Nephew, I am proud of you and your tenacity, determination, and your long suffering to see it through to the end!! Whatever you do keep going! It only takes one door to open a thousand! Your gift shall make room for you! Remember this name . If you’re in need of a fashion designer, he’s got you all the way!! #blackfashionexcellence #metgala2025 #menswearmatters #tailoredtradition#dandystyle #blackcreatives #fashionforward #stylewithpurpose #FutureAtTheMet #hollywood #newyork #fashionweek #womensclothing #appearl #fashiondesigner #disney #studios #tv #film #production #glam #newyorkfashionweek #designers","🔥🔥🔥 my nephew is such a brilliant, talented and creative person! nephew, i am proud of you and your tenacity, determination, and your long suffering to see it through to the end!! whatever you do keep going! it only takes one door to open a thousand! your gift shall make room for you! remember this name . if you’re in need of a fashion designer, he’s got you all the way!! #blackfashionexcellence #metgala2025 #menswearmatters #tailoredtradition#dandystyle #blackcreatives #fashionforward #stylewithpurpose #futureatthemet #hollywood #newyork #fashionweek #womensclothing #appearl #fashiondesigner #disney #studios #tv #film #production #glam #newyorkfashionweek #designers",True,English,General Fashion,0.00058
Instagram,Phase2,"Custom-crafted to perfection, Celebrate the fusion of tradition and modernity with this stunning handmade brocade ensemble. 

Lovingly handcrafted by @bibiegold 
Makeup @modupeoluwa.mua 
Gele @okikiglow 
Thanks @odun_o  for trusting the brand. 

#Brides #classyweddingdress #pearls #bridalmakeup #bridesofinstagram #nigerianweddingsinamerica #newjerseybrides #fashiondesignerindmv #receptiondress #timelessbridalcouture #weddingdress 
#AfricanElegance #CustomCouture #BrocadeGlam”. #TailoredTradition #BrocadeBeauty",71,3,0,0,2024-01-23 00:14:44+00:00,"Custom-crafted to perfection, Celebrate the fusion of tradition and modernity with this stunning handmade brocade ensemble. Lovingly handcrafted by Makeup .mua Gele Thanks for trusting the brand. #Brides #classyweddingdress #pearls #bridalmakeup #bridesofinstagram #nigerianweddingsinamerica #newjerseybrides #fashiondesignerindmv #receptiondress #timelessbridalcouture #weddingdress #AfricanElegance #CustomCouture #BrocadeGlam”. #TailoredTradition #BrocadeBeauty","custom-crafted to perfection, celebrate the fusion of tradition and modernity with this stunning handmade brocade ensemble. lovingly handcrafted by makeup .mua gele thanks for trusting the brand. #brides #classyweddingdress #pearls #bridalmakeup #bridesofinstagram #nigerianweddingsinamerica #newjerseybrides #fashiondesignerindmv #receptiondress #timelessbridalcouture #weddingdress #africanelegance #customcouture #brocadeglam”. #tailoredtradition #brocadebeauty",True,English,Traditional/Ethnic,0.0037400000000000003
Instagram,Phase2,"A walk through tradition: Join Paul Chessel, Managing Director of MÜHLE UK, on a stroll through St. James’s – the historic heart of British grooming and home to many of MÜHLE’s long-standing retail partners. From Taylor of Old Bond Street to D.R. Harris and Geo. F. Trumper – this neighbourhood tells a story of craftsmanship, family legacy and timeless style.

Want to learn more about the UK’s unique relationship with traditional barbershops? Don’t miss our next 30 Grad newsletter – subscribe via the link in bio.

Video: @dt64 
 
#StJamesLondon #MensGrooming #HeritageBrands #MÜHLE #MÜHLEUK #TailoredTradition #30gradmagazine",205,3,0,0,2025-04-12 18:00:45+00:00,"A walk through tradition: Join Paul Chessel, Managing Director of MÜHLE UK, on a stroll through St. James’s – the historic heart of British grooming and home to many of MÜHLE’s long-standing retail partners. From Taylor of Old Bond Street to D.R. Harris and Geo. F. Trumper – this neighbourhood tells a story of craftsmanship, family legacy and timeless style. Want to learn more about the UK’s unique relationship with traditional barbershops? Don’t miss our next 30 Grad newsletter – subscribe via the link in bio. Video: #StJamesLondon #MensGrooming #HeritageBrands #MÜHLE #MÜHLEUK #TailoredTradition #30gradmagazine","a walk through tradition: join paul chessel, managing director of mühle uk, on a stroll through st. james’s – the historic heart of british grooming and home to many of mühle’s long-standing retail partners. from taylor of old bond street to d.r. harris and geo. f. trumper – this neighbourhood tells a story of craftsmanship, family legacy and timeless style. want to learn more about the uk’s unique relationship with traditional barbershops? don’t miss our next 30 grad newsletter – subscribe via the link in bio. video: #stjameslondon #mensgrooming #heritagebrands #mühle #mühleuk #tailoredtradition #30gradmagazine",True,English,Traditional/Ethnic,0.0091
Instagram,Phase2,"Unveiling Elegance: The Luxe Trio - 100% Cashmere and Bespoke Vicuña

Step into the realm of supreme luxury with our latest Instagram reel showcasing the epitome of sartorial elegance. 

Indulge in the unparalleled softness of our 100% cashmere overcoat and turtleneck, each piece a testament to timeless style. 

Elevate your wardrobe with our bespoke suits, meticulously tailored from the finest Vicuña fabric, known for its exquisite texture and rarity. 

Witness craftsmanship that transcends trends, designed for the discerning gentleman.

#LuxuryDefined #CashmereChic #AlistairAscot #BespokeElegance #VicuñaVogue #TailoredTradition #SartorialSophistication #FashionForward #StyleSavant #ElegantEnsembles #HauteHeritage  #InstaLuxury #InstaCashmere #InstaBespoke #InstaVicuña #InstaTailored #InstaSartorial #InstaFashion #InstaStyleIcon #InstaElegant #InstaHeritage #TailoredPerfection
#instagram #InstaStyle #TailoredToYou",3,0,0,0,2024-01-11 20:40:32+00:00,"Unveiling Elegance: The Luxe Trio - 100% Cashmere and Bespoke Vicuña Step into the realm of supreme luxury with our latest Instagram reel showcasing the epitome of sartorial elegance. Indulge in the unparalleled softness of our 100% cashmere overcoat and turtleneck, each piece a testament to timeless style. Elevate your wardrobe with our bespoke suits, meticulously tailored from the finest Vicuña fabric, known for its exquisite texture and rarity. Witness craftsmanship that transcends trends, designed for the discerning gentleman. #LuxuryDefined #CashmereChic #AlistairAscot #BespokeElegance #VicuñaVogue #TailoredTradition #SartorialSophistication #FashionForward #StyleSavant #ElegantEnsembles #HauteHeritage #InstaLuxury #InstaCashmere #InstaBespoke #InstaVicuña #InstaTailored #InstaSartorial #InstaFashion #InstaStyleIcon #InstaElegant #InstaHeritage #TailoredPerfection #instagram #InstaStyle #TailoredToYou","unveiling elegance: the luxe trio - 100% cashmere and bespoke vicuña step into the realm of supreme luxury with our latest instagram reel showcasing the epitome of sartorial elegance. indulge in the unparalleled softness of our 100% cashmere overcoat and turtleneck, each piece a testament to timeless style. elevate your wardrobe with our bespoke suits, meticulously tailored from the finest vicuña fabric, known for its exquisite texture and rarity. witness craftsmanship that transcends trends, designed for the discerning gentleman. #luxurydefined #cashmerechic #alistairascot #bespokeelegance #vicuñavogue #tailoredtradition #sartorialsophistication #fashionforward #stylesavant #elegantensembles #hauteheritage #instaluxury #instacashmere #instabespoke #instavicuña #instatailored #instasartorial #instafashion #instastyleicon #instaelegant #instaheritage #tailoredperfection #instagram #instastyle #tailoredtoyou",True,English,Formal/Professional,0.00011999999999999999
Instagram,Phase2,"🎩 Founded on generations of passion and expertise, @alfonsodeste_official embodies the timeless elegance of tailored tradition fused with contemporary flair. Their journey transcends borders, blending classic refinement with modern innovation.

🌟 Named after the illustrious Duke Alfonso D’Este, their brand epitomizes sophistication and style. From the noble heritage of the ‘400 to today’s dynamic lifestyle, their hats seamlessly blend classic refinement with everyday versatility.

💼 Established in the early 2000s, they’ve evolved to reflect the multifaceted identity of a new generation. Their commitment to quality craftsmanship, attention to detail, and innovative design has earned them a place in international markets.

👔 Experience the essence of sartorial excellence in every Alfonso D’Este creation. Discover unexpected details, luxurious fabrics, and impeccable tailoring that elevate the everyday into the extraordinary.

#AlfonsoDEste #TailoredTradition #ModernElegance #SartorialQuality #HatPeopleAlwaysShine #TheSocialHat",31,2,0,0,2024-04-24 13:56:47+00:00,"🎩 Founded on generations of passion and expertise, embodies the timeless elegance of tailored tradition fused with contemporary flair. Their journey transcends borders, blending classic refinement with modern innovation. 🌟 Named after the illustrious Duke Alfonso D’Este, their brand epitomizes sophistication and style. From the noble heritage of the ‘400 to today’s dynamic lifestyle, their hats seamlessly blend classic refinement with everyday versatility. 💼 Established in the early 2000s, they’ve evolved to reflect the multifaceted identity of a new generation. Their commitment to quality craftsmanship, attention to detail, and innovative design has earned them a place in international markets. 👔 Experience the essence of sartorial excellence in every Alfonso D’Este creation. Discover unexpected details, luxurious fabrics, and impeccable tailoring that elevate the everyday into the extraordinary. #AlfonsoDEste #TailoredTradition #ModernElegance #SartorialQuality #HatPeopleAlwaysShine #TheSocialHat","🎩 founded on generations of passion and expertise, embodies the timeless elegance of tailored tradition fused with contemporary flair. their journey transcends borders, blending classic refinement with modern innovation. 🌟 named after the illustrious duke alfonso d’este, their brand epitomizes sophistication and style. from the noble heritage of the ‘400 to today’s dynamic lifestyle, their hats seamlessly blend classic refinement with everyday versatility. 💼 established in the early 2000s, they’ve evolved to reflect the multifaceted identity of a new generation. their commitment to quality craftsmanship, attention to detail, and innovative design has earned them a place in international markets. 👔 experience the essence of sartorial excellence in every alfonso d’este creation. discover unexpected details, luxurious fabrics, and impeccable tailoring that elevate the everyday into the extraordinary. #alfonsodeste #tailoredtradition #modernelegance #sartorialquality #hatpeoplealwaysshine #thesocialhat",True,English,Indo-Western/Fusion,0.00184
Instagram,Phase2,"When style lights up tradition. Wishing you a luminous Diwali from Prime. 🪔
.
.
.
.
.
.
.
.
.
.
.
.
.
.
.
.
.
#PrimeMadeToMeasure
#Diwali2025
#FestivalOfLights
#IndianLuxury
#MadeToMeasure
#FestiveStyle
#MensIndianWear
#LuxuryMenswear
#DiwaliElegance
#EthnicMensFashion
#TailoredTradition
#DiwaliEdit
#StyleThatSpeaks
#ModernMaharaja
#PrimeMan
#IndianCouture
#DiwaliGlow
#LuxuryInEveryDetail
#CraftedForYou
#TimelessElegance",5,0,0,0,2025-10-19 20:52:23+00:00,When style lights up tradition. Wishing you a luminous Diwali from Prime. 🪔 . . . . . . . . . . . . . . . . . #PrimeMadeToMeasure #Diwali2025 #FestivalOfLights #IndianLuxury #MadeToMeasure #FestiveStyle #MensIndianWear #LuxuryMenswear #DiwaliElegance #EthnicMensFashion #TailoredTradition #DiwaliEdit #StyleThatSpeaks #ModernMaharaja #PrimeMan #IndianCouture #DiwaliGlow #LuxuryInEveryDetail #CraftedForYou #TimelessElegance,when style lights up tradition. wishing you a luminous diwali from prime. 🪔 . . . . . . . . . . . . . . . . . #primemadetomeasure #diwali2025 #festivaloflights #indianluxury #madetomeasure #festivestyle #mensindianwear #luxurymenswear #diwalielegance #ethnicmensfashion #tailoredtradition #diwaliedit #stylethatspeaks #modernmaharaja #primeman #indiancouture #diwaliglow #luxuryineverydetail #craftedforyou #timelesselegance,True,English,Traditional/Ethnic,0.0002
Instagram,Phase2,"STYLE IS NOT WHAT YOU WEAR, 
it’s the confidence you carry. At Son of Neil Clothing, every piece is crafted with precision, elegance, and a touch of uniqueness that sets you apart. From sharp suits to timeless senators and regal agbadas, we dress men who know they were born to stand out.

👔 Be bold. Be refined. Be the man in Son of Neil.

📩 Send us a DM today to place your order.
.
.
.
.
.
.
.
#SonOfNeilClothing #SenatorWear #AgbadaStyle #AfricanElegance #NaijaMenFashion #CulturalStyle #MenOfTradition #NaijaStyle #LuxuryNaija #IsiAguVibes #BespokeTailoring #GentlemanVibes #SharpDresser #OwambeStyle #AfricanLuxury #TailoredTradition #StyleForKings #NaijaFashion #PremiumStyle #LuxuryMenswear #danshiki",20,3,0,0,2025-08-24 17:13:23+00:00,"STYLE IS NOT WHAT YOU WEAR, it’s the confidence you carry. At Son of Neil Clothing, every piece is crafted with precision, elegance, and a touch of uniqueness that sets you apart. From sharp suits to timeless senators and regal agbadas, we dress men who know they were born to stand out. 👔 Be bold. Be refined. Be the man in Son of Neil. 📩 Send us a DM today to place your order. . . . . . . . #SonOfNeilClothing #SenatorWear #AgbadaStyle #AfricanElegance #NaijaMenFashion #CulturalStyle #MenOfTradition #NaijaStyle #LuxuryNaija #IsiAguVibes #BespokeTailoring #GentlemanVibes #SharpDresser #OwambeStyle #AfricanLuxury #TailoredTradition #StyleForKings #NaijaFashion #PremiumStyle #LuxuryMenswear #danshiki","style is not what you wear, it’s the confidence you carry. at son of neil clothing, every piece is crafted with precision, elegance, and a touch of uniqueness that sets you apart. from sharp suits to timeless senators and regal agbadas, we dress men who know they were born to stand out. 👔 be bold. be refined. be the man in son of neil. 📩 send us a dm today to place your order. . . . . . . . #sonofneilclothing #senatorwear #agbadastyle #africanelegance #naijamenfashion #culturalstyle #menoftradition #naijastyle #luxurynaija #isiaguvibes #bespoketailoring #gentlemanvibes #sharpdresser #owambestyle #africanluxury #tailoredtradition #styleforkings #naijafashion #premiumstyle #luxurymenswear #danshiki",True,English,Traditional/Ethnic,0.0017000000000000001
Instagram,Phase2,"From the first cut to the final stitch, every jacket is a masterpiece of dedication and craftsmanship. 🧵🧥

#MartinKey #TailoredTradition #ArtisanalExcellence #leatherjacket",-1,0,0,0,2024-03-11 06:13:39+00:00,"From the first cut to the final stitch, every jacket is a masterpiece of dedication and craftsmanship. 🧵🧥 #MartinKey #TailoredTradition #ArtisanalExcellence #leatherjacket","from the first cut to the final stitch, every jacket is a masterpiece of dedication and craftsmanship. 🧵🧥 #martinkey #tailoredtradition #artisanalexcellence #leatherjacket",True,English,Western/Casual,-4e-05
Instagram,Phase2,"Radiate elegance in this dazzling shimmer saree designed to turn heads at any occasion❤️❤️

Crafted from lightweight shimmer fabric, the saree flows beautifully with a subtle metallic sheen that catches the light with every step. The border is delicately adorned with fine pearl detailing, adding a graceful, feminine charm to the overall look.

~By Alma 
Dm for orders or queries 💫

#AlmasCollection #ModernSaree #ContemporaryDrapes #SareeNotSari #EleganceRedefined #DrapeDiaries #TimelessTradition #LuxurySaree #Saree#AlmasCollection #CustomMadeSaree #BespokeElegance #TailoredTradition #MadeToMeasure #OneOfAKindLook #CoutureCraftsmanship #HandcraftedStyle #LuxuryCustomWear #DesignerDrapes #CustomFashion #EleganceRedefined #TimelessTailoring #SareeWithASoul",11,0,0,0,2025-05-24 16:25:32+00:00,"Radiate elegance in this dazzling shimmer saree designed to turn heads at any occasion❤️❤️ Crafted from lightweight shimmer fabric, the saree flows beautifully with a subtle metallic sheen that catches the light with every step. The border is delicately adorned with fine pearl detailing, adding a graceful, feminine charm to the overall look. ~By Alma Dm for orders or queries 💫 #AlmasCollection #ModernSaree #ContemporaryDrapes #SareeNotSari #EleganceRedefined #DrapeDiaries #TimelessTradition #LuxurySaree #Saree#AlmasCollection #CustomMadeSaree #BespokeElegance #TailoredTradition #MadeToMeasure #OneOfAKindLook #CoutureCraftsmanship #HandcraftedStyle #LuxuryCustomWear #DesignerDrapes #CustomFashion #EleganceRedefined #TimelessTailoring #SareeWithASoul","radiate elegance in this dazzling shimmer saree designed to turn heads at any occasion❤️❤️ crafted from lightweight shimmer fabric, the saree flows beautifully with a subtle metallic sheen that catches the light with every step. the border is delicately adorned with fine pearl detailing, adding a graceful, feminine charm to the overall look. ~by alma dm for orders or queries 💫 #almascollection #modernsaree #contemporarydrapes #sareenotsari #eleganceredefined #drapediaries #timelesstradition #luxurysaree #saree#almascollection #custommadesaree #bespokeelegance #tailoredtradition #madetomeasure #oneofakindlook #couturecraftsmanship #handcraftedstyle #luxurycustomwear #designerdrapes #customfashion #eleganceredefined #timelesstailoring #sareewithasoul",True,English,Traditional/Ethnic,0.00044000000000000007
Instagram,Phase2,"Joe breaks down the craftsmanship behind our latest diplomatic suit — inspired by tradition, tailored for today. ✂️ 

Proudly continuing Davies & Son’s long history of dressing the military. 🙌🏻

#DaviesAndSon #SavileRowTailoring #DiplomaticSuit #MilitaryTailoring #MidnightBlue #BritishHeritage #LuxuryMenswear #TailoredTradition",224,3,0,0,2025-08-07 15:33:44+00:00,"Joe breaks down the craftsmanship behind our latest diplomatic suit — inspired by tradition, tailored for today. ✂️ Proudly continuing Davies & Son’s long history of dressing the military. 🙌🏻 #DaviesAndSon #SavileRowTailoring #DiplomaticSuit #MilitaryTailoring #MidnightBlue #BritishHeritage #LuxuryMenswear #TailoredTradition","joe breaks down the craftsmanship behind our latest diplomatic suit — inspired by tradition, tailored for today. ✂️ proudly continuing davies & son’s long history of dressing the military. 🙌🏻 #daviesandson #savilerowtailoring #diplomaticsuit #militarytailoring #midnightblue #britishheritage #luxurymenswear #tailoredtradition",True,English,Formal/Professional,0.00986
Instagram,Phase2,"Ready To Wear by Bon Zainal – Always prepared for your special moments.

Smart. Sleek. And rich in heritage.
Our collection blends modern tailoring with subtle songket accents, honoring tradition without losing edge.

Whether it’s for weddings, formal events, or that last-minute invitation — you’ll always look composed, confident, and cultured.

📍Walk in style. Walk with legacy.

Book your appointment today!

#BonZainal #ReadyToWear #BonZainalHeritage #SongketElegance #ModernGentleman #TailoredTradition",16,1,0,0,2025-05-22 04:11:00+00:00,"Ready To Wear by Bon Zainal – Always prepared for your special moments. Smart. Sleek. And rich in heritage. Our collection blends modern tailoring with subtle songket accents, honoring tradition without losing edge. Whether it’s for weddings, formal events, or that last-minute invitation — you’ll always look composed, confident, and cultured. 📍Walk in style. Walk with legacy. Book your appointment today! #BonZainal #ReadyToWear #BonZainalHeritage #SongketElegance #ModernGentleman #TailoredTradition","ready to wear by bon zainal – always prepared for your special moments. smart. sleek. and rich in heritage. our collection blends modern tailoring with subtle songket accents, honoring tradition without losing edge. whether it’s for weddings, formal events, or that last-minute invitation — you’ll always look composed, confident, and cultured. 📍walk in style. walk with legacy. book your appointment today! #bonzainal #readytowear #bonzainalheritage #songketelegance #moderngentleman #tailoredtradition",True,English,Traditional/Ethnic,0.0009400000000000001
Instagram,Phase2,"A perfect stitch can change your whole mood
100%Original fabric
DM FOR BUY YOURS ✅ 
ALL INDIA DELIVERY AVAILABLE 

#StitchedKurtis
#CustomKurti
#EthnicWear
#TailoredFashion
#KurtiDesigns
#IndianFashion
#KurtiLove
#KurtiStyle
#WardrobeGoals
#EthnicVibes
#KurtisOfInstagram
#IndoWesternLook
#EthnicChic
#KurtiOutfit
#HandmadeFashion
#MadeToMeasure
#FashionReels
#OutfitInspiration
#DesiLook
#ModernEthnicWear
#EverydayEthnic
#KurtisThatSlay
#FusionFashion
#TailoredTradition
#StitchAndStyle",17,0,0,0,2025-07-20 10:31:57+00:00,A perfect stitch can change your whole mood 100%Original fabric DM FOR BUY YOURS ✅ ALL INDIA DELIVERY AVAILABLE #StitchedKurtis #CustomKurti #EthnicWear #TailoredFashion #KurtiDesigns #IndianFashion #KurtiLove #KurtiStyle #WardrobeGoals #EthnicVibes #KurtisOfInstagram #IndoWesternLook #EthnicChic #KurtiOutfit #HandmadeFashion #MadeToMeasure #FashionReels #OutfitInspiration #DesiLook #ModernEthnicWear #EverydayEthnic #KurtisThatSlay #FusionFashion #TailoredTradition #StitchAndStyle,a perfect stitch can change your whole mood 100%original fabric dm for buy yours ✅ all india delivery available #stitchedkurtis #customkurti #ethnicwear #tailoredfashion #kurtidesigns #indianfashion #kurtilove #kurtistyle #wardrobegoals #ethnicvibes #kurtisofinstagram #indowesternlook #ethnicchic #kurtioutfit #handmadefashion #madetomeasure #fashionreels #outfitinspiration #desilook #modernethnicwear #everydayethnic #kurtisthatslay #fusionfashion #tailoredtradition #stitchandstyle,True,English,Traditional/Ethnic,0.00068
Instagram,Phase2,"Made this beautiful blue 💙 lehenga for Priya to wear to a wedding 💫

#CustomLehenga
#LehengaLove
#LehengaDiaries
#MadeWithLove
#ClientDiaries
#EthnicElegance
#LehengaGoals
#BridalWear
#TraditionalWithATwist
#FashionForHer
#DreamLehengaComeTrue
#DesignedForYou
#OneOfAKindLehenga
#HandcraftedElegance
#TailoredTradition
#EveryThreadMatters
#EthnicChic
#CustomisedFashion
#FromSketchToStyle
#DesiGlam",130,8,0,0,2025-07-06 04:16:32+00:00,Made this beautiful blue 💙 lehenga for Priya to wear to a wedding 💫 #CustomLehenga #LehengaLove #LehengaDiaries #MadeWithLove #ClientDiaries #EthnicElegance #LehengaGoals #BridalWear #TraditionalWithATwist #FashionForHer #DreamLehengaComeTrue #DesignedForYou #OneOfAKindLehenga #HandcraftedElegance #TailoredTradition #EveryThreadMatters #EthnicChic #CustomisedFashion #FromSketchToStyle #DesiGlam,made this beautiful blue 💙 lehenga for priya to wear to a wedding 💫 #customlehenga #lehengalove #lehengadiaries #madewithlove #clientdiaries #ethnicelegance #lehengagoals #bridalwear #traditionalwithatwist #fashionforher #dreamlehengacometrue #designedforyou #oneofakindlehenga #handcraftedelegance #tailoredtradition #everythreadmatters #ethnicchic #customisedfashion #fromsketchtostyle #desiglam,True,English,Traditional/Ethnic,0.007599999999999999
Instagram,Phase2,"Tradition, tailored. The Preppy Heirloom Collection: Where craftsmanship meets polish.

A nod to timeless taste.
The Preppy Heirloom Collection is our love letter to classic design … for parents who appreciate elegance that never fades.

#NurseryDesign  #BabyRoomInspo  #DreamyNursery  #HeirloomStyle  #TimelessNursery  #ClassicInteriors  #ElegantBabyRoom  #StorybookStyle  #LittleDetailsBigLove  #ModernMotherhood  #BabyDecor  #ParentingInStyle  #TailoredTradition  #CraftedWithCare  #HandmadeHeirloom  #DesignedWithLove  #ThoughtfulDesign  #NurseryGoals  #NurseryMoodboard  #CalmSpaces  #DesignForLittleOnes  #InteriorInspiration #PreppyHeirloom #TimelessDesign",193,5,0,0,2025-11-02 16:00:59+00:00,"Tradition, tailored. The Preppy Heirloom Collection: Where craftsmanship meets polish. A nod to timeless taste. The Preppy Heirloom Collection is our love letter to classic design … for parents who appreciate elegance that never fades. #NurseryDesign #BabyRoomInspo #DreamyNursery #HeirloomStyle #TimelessNursery #ClassicInteriors #ElegantBabyRoom #StorybookStyle #LittleDetailsBigLove #ModernMotherhood #BabyDecor #ParentingInStyle #TailoredTradition #CraftedWithCare #HandmadeHeirloom #DesignedWithLove #ThoughtfulDesign #NurseryGoals #NurseryMoodboard #CalmSpaces #DesignForLittleOnes #InteriorInspiration #PreppyHeirloom #TimelessDesign","tradition, tailored. the preppy heirloom collection: where craftsmanship meets polish. a nod to timeless taste. the preppy heirloom collection is our love letter to classic design … for parents who appreciate elegance that never fades. #nurserydesign #babyroominspo #dreamynursery #heirloomstyle #timelessnursery #classicinteriors #elegantbabyroom #storybookstyle #littledetailsbiglove #modernmotherhood #babydecor #parentinginstyle #tailoredtradition #craftedwithcare #handmadeheirloom #designedwithlove #thoughtfuldesign #nurserygoals #nurserymoodboard #calmspaces #designforlittleones #interiorinspiration #preppyheirloom #timelessdesign",True,English,Traditional/Ethnic,0.00922
Instagram,Phase2,"Ever wondered if a Morning Coat’s cuff is all style - or also functional? Join @chrismodoo and @austinpollak as they dive into the details.

#TailoredTradition #MorningCoat #DapperDetails #RampleyandCo",-1,2,0,0,2024-07-02 16:12:39+00:00,Ever wondered if a Morning Coat’s cuff is all style - or also functional? Join and as they dive into the details. #TailoredTradition #MorningCoat #DapperDetails #RampleyandCo,ever wondered if a morning coat’s cuff is all style - or also functional? join and as they dive into the details. #tailoredtradition #morningcoat #dapperdetails #rampleyandco,True,English,General Fashion,0.00056
Instagram,Phase2,"Pure georgette burberry digital print with handwork beads embroidery shirt 
With pure silk bottom 
Nd digital print burberry dupatta 
Cut 2.5 each

New drop, same elegance 💫

Unveiling our latest designer suit – an ode to tradition with a contemporary twist. Every pleat, every thread is crafted to make you feel radiant, confident, and truly you.

Whether it’s a festive affair or a statement day look, this suit brings grace and glamour in every glance.

🌿 Exclusively at SIM’Z Designer Studio, Mohali
💬 Appointments only | WhatsApp: 9646462277
✨ Custom tailoring available

Because you deserve fashion that fits your soul, not just your size 💕. 

#SimzDesignerStudio #SuitUpWithSimz #MohaliBoutique #DesignerSuits #LuxuryEthnicWear #PunjabiSuitStyle #CustomMadeFashion #TailoredTradition #EthnicElegance #HandcraftedWithLove #MadeToMeasure",4,0,0,0,2025-07-14 18:21:20+00:00,"Pure georgette burberry digital print with handwork beads embroidery shirt With pure silk bottom Nd digital print burberry dupatta Cut 2.5 each New drop, same elegance 💫 Unveiling our latest designer suit – an ode to tradition with a contemporary twist. Every pleat, every thread is crafted to make you feel radiant, confident, and truly you. Whether it’s a festive affair or a statement day look, this suit brings grace and glamour in every glance. 🌿 Exclusively at SIM’Z Designer Studio, Mohali 💬 Appointments only | WhatsApp: 9646462277 ✨ Custom tailoring available Because you deserve fashion that fits your soul, not just your size 💕. #SimzDesignerStudio #SuitUpWithSimz #MohaliBoutique #DesignerSuits #LuxuryEthnicWear #PunjabiSuitStyle #CustomMadeFashion #TailoredTradition #EthnicElegance #HandcraftedWithLove #MadeToMeasure","pure georgette burberry digital print with handwork beads embroidery shirt with pure silk bottom nd digital print burberry dupatta cut 2.5 each new drop, same elegance 💫 unveiling our latest designer suit – an ode to tradition with a contemporary twist. every pleat, every thread is crafted to make you feel radiant, confident, and truly you. whether it’s a festive affair or a statement day look, this suit brings grace and glamour in every glance. 🌿 exclusively at sim’z designer studio, mohali 💬 appointments only | whatsapp: 9646462277 ✨ custom tailoring available because you deserve fashion that fits your soul, not just your size 💕. #simzdesignerstudio #suitupwithsimz #mohaliboutique #designersuits #luxuryethnicwear #punjabisuitstyle #custommadefashion #tailoredtradition #ethnicelegance #handcraftedwithlove #madetomeasure",True,English,Traditional/Ethnic,0.00016
Instagram,Phase2,"“Elegance in every stitch. This white Ijaw outfit by Warry Jay Clothings is more than attire — it’s tradition, tailored to perfection.”
#WarryJayClothings #IjawStyle #TailoredTradition #NaijaFashion #MenswearElegance",12,4,0,0,2025-05-26 10:23:28+00:00,"“Elegance in every stitch. This white Ijaw outfit by Warry Jay Clothings is more than attire — it’s tradition, tailored to perfection.” #WarryJayClothings #IjawStyle #TailoredTradition #NaijaFashion #MenswearElegance","“elegance in every stitch. this white ijaw outfit by warry jay clothings is more than attire — it’s tradition, tailored to perfection.” #warryjayclothings #ijawstyle #tailoredtradition #naijafashion #menswearelegance",True,English,General Fashion,0.0016799999999999999
Instagram,Phase2,"Guun garna cha bakhar.... Psybin ..

.
.
.
#reels #rap #psybin #rex #nephop
#nepalisong #nepali #hiphop #vibes #nepalimodel #music #foryou",2292,12,0,0,2023-12-24 06:22:04+00:00,Guun garna cha bakhar.... Psybin .. . . . #reels #rap #psybin #rex #nephop #nepalisong #nepali #hiphop #vibes #nepalimodel #music #foryou,guun garna cha bakhar.... psybin .. . . . #reels #rap #psybin #rex #nephop #nepalisong #nepali #hiphop #vibes #nepalimodel #music #foryou,True,English,General Fashion,0.09528
Instagram,Phase2,"🇳🇵💐🏡
.

💫🇳🇵
.
#baudha #visitnepal2020 #visitnepal #tourist #touristplaces #kathmandunepal #world #heritage #kathmandunepal #travel #travelphotography #travelblogger #fahsion #style #asian #asianboys #nepaliboy #nepal #nepali #kathmandu #kathmandunepal #peaceful #buddhanath #love #likeforlikes #followforfollowback #like4likes #beautifulplace #nepal #tourist #visitnepal #visitnepal2020🇳🇵 #nepalimodels #nepaliboy #nepalimodel #aayoushsinghthakuri",8449,56,0,0,2023-06-03 14:52:58+00:00,🇳🇵💐🏡 . 💫🇳🇵 . #baudha #visitnepal2020 #visitnepal #tourist #touristplaces #kathmandunepal #world #heritage #kathmandunepal #travel #travelphotography #travelblogger #fahsion #style #asian #asianboys #nepaliboy #nepal #nepali #kathmandu #kathmandunepal #peaceful #buddhanath #love #likeforlikes #followforfollowback #like4likes #beautifulplace #nepal #tourist #visitnepal #visitnepal2020🇳🇵 #nepalimodels #nepaliboy #nepalimodel #aayoushsinghthakuri,🇳🇵💐🏡 . 💫🇳🇵 . #baudha #visitnepal2020 #visitnepal #tourist #touristplaces #kathmandunepal #world #heritage #kathmandunepal #travel #travelphotography #travelblogger #fahsion #style #asian #asianboys #nepaliboy #nepal #nepali #kathmandu #kathmandunepal #peaceful #buddhanath #love #likeforlikes #followforfollowback #like4likes #beautifulplace #nepal #tourist #visitnepal #visitnepal2020🇳🇵 #nepalimodels #nepaliboy #nepalimodel #aayoushsinghthakuri,True,English,General Fashion,0.35476
Instagram,Phase2,"Slow Motion With @amaria_bb 🌺🌸
.
.
.
.
.
.
.
.
.
.
.
.
.
.

#amariabb #flowerstagram #slowmotion #nepalifasion #yuvenblac #metanoiarecords #ukasianfashionblog #ukasian #nepalimodel #asianstyle #asianfashion #londonasianmodel",526,28,0,0,2022-07-08 20:46:50+00:00,Slow Motion With 🌺🌸 . . . . . . . . . . . . . . #amariabb #flowerstagram #slowmotion #nepalifasion #yuvenblac #metanoiarecords #ukasianfashionblog #ukasian #nepalimodel #asianstyle #asianfashion #londonasianmodel,slow motion with 🌺🌸 . . . . . . . . . . . . . . #amariabb #flowerstagram #slowmotion #nepalifasion #yuvenblac #metanoiarecords #ukasianfashionblog #ukasian #nepalimodel #asianstyle #asianfashion #londonasianmodel,True,English,General Fashion,0.02944
Instagram,Phase2,"ब्युटीफुल उषा उप्रेती #ushaupreti #ushaupretiNH 

Follow @nepaliheroine 
InFrame @realushauppreti 

#beautiful #nepal #kathmandu #nepali #model #actress #nepaligirl #nepalimodel #nepaliactress #nepaliheroine #beauty #instabeauty #instagirl #instadaily #photoshoot #photography #makeup #makeupgirl #girlpower #nepaliphotography #nepaliphotographer #nepaliphotoshoot #photoedit",920,7,0,0,2022-08-16 15:49:55+00:00,ब्युटीफुल उषा उप्रेती #ushaupreti #ushaupretiNH Follow InFrame #beautiful #nepal #kathmandu #nepali #model #actress #nepaligirl #nepalimodel #nepaliactress #nepaliheroine #beauty #instabeauty #instagirl #instadaily #photoshoot #photography #makeup #makeupgirl #girlpower #nepaliphotography #nepaliphotographer #nepaliphotoshoot #photoedit,ब्युटीफुल उषा उप्रेती #ushaupreti #ushaupretinh follow inframe #beautiful #nepal #kathmandu #nepali #model #actress #nepaligirl #nepalimodel #nepaliactress #nepaliheroine #beauty #instabeauty #instagirl #instadaily #photoshoot #photography #makeup #makeupgirl #girlpower #nepaliphotography #nepaliphotographer #nepaliphotoshoot #photoedit,True,Nepali,General Fashion,0.0389
Instagram,Phase2,"Timilai kasto keta mann parxa? Ma jasto? 😏
Apne Nepali friends se translation puch lena 🤪
.
.
.
.
.
[Trends, Nepali Men, Model, Handsome Guy] 
#nepali #nepaliinstagrammer #nepalimodel #handsomemen #hotmodel #trendingaudio #trending #instalike #fypシ #explorepage",1034,39,0,0,2024-02-29 09:13:32+00:00,"Timilai kasto keta mann parxa? Ma jasto? 😏 Apne Nepali friends se translation puch lena 🤪 . . . . . [Trends, Nepali Men, Model, Handsome Guy] #nepali #nepaliinstagrammer #nepalimodel #handsomemen #hotmodel #trendingaudio #trending #instalike #fypシ #explorepage","timilai kasto keta mann parxa? ma jasto? 😏 apne nepali friends se translation puch lena 🤪 . . . . . [trends, nepali men, model, handsome guy] #nepali #nepaliinstagrammer #nepalimodel #handsomemen #hotmodel #trendingaudio #trending #instalike #fypシ #explorepage",True,English,General Fashion,0.05306000000000001
TikTok,Phase2,Nepali Cultural Dress according to Caste Part - 2 #hangxa #tamangdress #raidress #nepalidress #nepaliculture @Ashika Tamang @Balen ,18500,824,1376,383000,2026-05-20 10:26:40+00:00,Nepali Cultural Dress according to Caste Part - 2 #hangxa #tamangdress #raidress #nepalidress #nepaliculture Tamang,nepali cultural dress according to caste part - 2 #hangxa #tamangdress #raidress #nepalidress #nepaliculture tamang,True,English,Traditional/Ethnic,0.8855
TikTok,Phase2,"A perfect yellow & green Kurti for the mehendi function✨🌙💚  
Size 34-42

#90skurthi #kurtiset #nepaliwedding #nepalitiktok #foryoupage @Pema ",3768,50,1096,118500,2026-05-21 17:29:37+00:00,A perfect yellow & green Kurti for the mehendi function✨🌙💚 Size 34-42 #90skurthi #kurtiset #nepaliwedding #nepalitiktok #foryoupage,a perfect yellow & green kurti for the mehendi function✨🌙💚 size 34-42 #90skurthi #kurtiset #nepaliwedding #nepalitiktok #foryoupage,True,English,Traditional/Ethnic,0.37757000000000007
TikTok,Phase2,Nepali Cultural Dress according to Caste Part -1  🙏🙏❤️❤️#hangxa #limbudress #raidress #newaridress #tamangdress @Ashika Tamang @कुसल लिmबु ,16500,613,1455,428000,2026-05-19 11:40:08+00:00,Nepali Cultural Dress according to Caste Part -1 🙏🙏❤️❤️#hangxa #limbudress #raidress #newaridress #tamangdress Tamang ुसल लिmबु,nepali cultural dress according to caste part -1 🙏🙏❤️❤️#hangxa #limbudress #raidress #newaridress #tamangdress tamang ुसल लिmबु,True,Nepali,Traditional/Ethnic,0.8267
TikTok,Phase2,"For Nepalis abroad, fashion becomes a language of culture",158,0,4,5705,2026-04-29 13:31:06+00:00,"For Nepalis abroad, fashion becomes a language of culture","for nepalis abroad, fashion becomes a language of culture",True,English,General Fashion,0.007690500000000001
TikTok,Phase2,"“Nepali fashion doesn’t have an identity”. I read this comment recently and thought to myself? Bffr! Yes we do! 

Fashion is universal, south asian fashion even more. I feel like we get listed as “desi” all the time even though we’re not, as a Nepali the influence is there but so is tibet, china, mongolia etc. But i do think we all each have our identities. And im here to show a part of it <3 

Coming soon.

#nepali #nepalifashion #nepalibrand #southasianfashion #southasian ",191,46,13,5690,2026-05-01 17:30:13+00:00,"“Nepali fashion doesn’t have an identity”. I read this comment recently and thought to myself? Bffr! Yes we do! Fashion is universal, south asian fashion even more. I feel like we get listed as “desi” all the time even though we’re not, as a Nepali the influence is there but so is tibet, china, mongolia etc. But i do think we all each have our identities. And im here to show a part of it <3 Coming soon. #nepali #nepalifashion #nepalibrand #southasianfashion #southasian","“nepali fashion doesn’t have an identity”. i read this comment recently and thought to myself? bffr! yes we do! fashion is universal, south asian fashion even more. i feel like we get listed as “desi” all the time even though we’re not, as a nepali the influence is there but so is tibet, china, mongolia etc. but i do think we all each have our identities. and im here to show a part of it <3 coming soon. #nepali #nepalifashion #nepalibrand #southasianfashion #southasian",True,English,General Fashion,0.024609
TikTok,Phase2,#nepali #ethincwear #available all Nepali culture dress #manishafashioncollection 876 Sacramento street San Francisco ,193,8,38,3323,2026-05-10 05:52:16+00:00,#nepali #ethincwear #available all Nepali culture dress #manishafashioncollection 876 Sacramento street San Francisco,#nepali #ethincwear #available all nepali culture dress #manishafashioncollection 876 sacramento street san francisco,True,English,General Fashion,0.0180523
TikTok,Phase2,"✨ Bhoto / Cholo Maya Shirt ✨
A unique fusion design inspired by Nepali cholo + Chinese knot + adjustable back knots + classic collar.
Available Colors:
Navy Blue
Light Blue
Black
Maroon
Sizes: S, M, L
Price: Rs. 750
Adjustable back knots for the perfect fit 🤍
DM to order.
Swipe for more details 
Www.readytowearnp.com
Insta: rtw.np 
Store: Dhalko,ktm ( map: Rtw.np)",19800,144,4446,427000,2026-03-16 06:00:42+00:00,"✨ Bhoto / Cholo Maya Shirt ✨ A unique fusion design inspired by Nepali cholo + Chinese knot + adjustable back knots + classic collar. Available Colors: Navy Blue Light Blue Black Maroon Sizes: S, M, L Price: Rs. 750 Adjustable back knots for the perfect fit 🤍 DM to order. Swipe for more details Www.readytowearnp.com Insta: rtw.np Store: Dhalko,ktm ( map: Rtw.np)","✨ bhoto / cholo maya shirt ✨ a unique fusion design inspired by nepali cholo + chinese knot + adjustable back knots + classic collar. available colors: navy blue light blue black maroon sizes: s, m, l price: rs. 750 adjustable back knots for the perfect fit 🤍 dm to order. swipe for more details www.readytowearnp.com insta: rtw.np store: dhalko,ktm ( map: rtw.np)",True,English,Traditional/Ethnic,0.6859
TikTok,Phase2,don't take it seriously guys(chettris) no hate to y'all.just hating on those who wears y'alls dress as Bahun dress..💔,3358,46,215,98400,2026-05-17 04:54:16+00:00,don't take it seriously guys(chettris) no hate to y'all.just hating on those who wears y'alls dress as Bahun dress..💔,don't take it seriously guys(chettris) no hate to y'all.just hating on those who wears y'alls dress as bahun dress..💔,True,English,General Fashion,0.20096000000000003
TikTok,Phase2,#nepal #culture #makethisviral😔❤️ #fyp ,6137,118,466,56800,2026-05-18 14:30:16+00:00,#nepal #culture #makethisviral😔❤️ #fyp,#nepal #culture #makethisviral😔❤️ #fyp,True,English,General Fashion,0.37976000000000004
TikTok,Phase2,#fyp #magar #nepali #culturedress ,4643,21,239,44900,2026-05-13 23:05:26+00:00,#fyp #magar #nepali #culturedress,#fyp #magar #nepali #culturedress,True,English,General Fashion,0.24431
TikTok,Phase2,"Beautiful dress available 😍🤌🏻    
#raidress #kiratidress #usa #trend #braziliandance we ship worldwide💕 @Ethnic Wears & Accessories💎 : for nepal n worldwide
@kurthighar_usa for kurthi✨",115,7,7,2094,2026-05-17 16:25:40+00:00,Beautiful dress available 😍🤌🏻 #raidress #kiratidress #usa #trend #braziliandance we ship worldwide💕 Wears & Accessories💎 : for nepal n worldwide for kurthi✨,beautiful dress available 😍🤌🏻 #raidress #kiratidress #usa #trend #braziliandance we ship worldwide💕 wears & accessories💎 : for nepal n worldwide for kurthi✨,True,English,Accessories,0.0083094
TikTok,Phase2,"🫶ootd 🎀#HeritageWear #GurungDress
#exploreculture #gurungculture #fashionwithpurpose #CelebrateDiversity
#CulturalJourney
#FashionAndCulture
 ",56,19,6,2779,2024-10-28 02:13:14+00:00,🫶ootd 🎀#HeritageWear #GurungDress #exploreculture #gurungculture #fashionwithpurpose #CelebrateDiversity #CulturalJourney #FashionAndCulture,🫶ootd 🎀#heritagewear #gurungdress #exploreculture #gurungculture #fashionwithpurpose #celebratediversity #culturaljourney #fashionandculture,True,English,Traditional/Ethnic,0.009417899999999998
TikTok,Phase2,"Rai/ Limbu dres set for Only $80😍
-readymade sari🤌🏻

#limbuornaments #raidress #limbudress #rai #limbu @Ethnic Wears & Accessories💎 ",4311,63,445,113500,2026-03-23 14:20:15+00:00,Rai/ Limbu dres set for Only $80😍 -readymade sari🤌🏻 #limbuornaments #raidress #limbudress #rai #limbu Wears & Accessories💎,rai/ limbu dres set for only $80😍 -readymade sari🤌🏻 #limbuornaments #raidress #limbudress #rai #limbu wears & accessories💎,True,English,Traditional/Ethnic,0.29169000000000006
TikTok,Phase2,"Daura suruwal matrai haina! 😏
Meet Shey Keta, the traditional Newari male outfit, loose tunic, pleated Suruwal, and the iconic Shyān Phuli Topi. Heritage, comfort, and style all in one. If you want your Shey keta, do contact @hisifashion on instagram 🫶
Contact no: 9808900794

#fyp #n_ams #newari #newariculture #newarimaicha #newaridress ",19400,85,1014,273700,2026-02-25 14:11:10+00:00,"Daura suruwal matrai haina! 😏 Meet Shey Keta, the traditional Newari male outfit, loose tunic, pleated Suruwal, and the iconic Shyān Phuli Topi. Heritage, comfort, and style all in one. If you want your Shey keta, do contact on instagram 🫶 Contact no: 9808900794 #fyp #n_ams #newari #newariculture #newarimaicha #newaridress","daura suruwal matrai haina! 😏 meet shey keta, the traditional newari male outfit, loose tunic, pleated suruwal, and the iconic shyān phuli topi. heritage, comfort, and style all in one. if you want your shey keta, do contact on instagram 🫶 contact no: 9808900794 #fyp #n_ams #newari #newariculture #newarimaicha #newaridress",True,English,Traditional/Ethnic,0.6528700000000001
TikTok,Phase2,"I cut these jeans before filming this & I luvvvv them even more now🤩  #fitcheck #nepaligirl #nepalitiktok #_nishux #tiktoknepal 
@Lamuse Nepal Official ",455,115,9,16000,2026-05-22 14:33:06+00:00,I cut these jeans before filming this & I luvvvv them even more now🤩 #fitcheck #nepaligirl #nepalitiktok #_nishux #tiktoknepal Nepal Official,i cut these jeans before filming this & i luvvvv them even more now🤩 #fitcheck #nepaligirl #nepalitiktok #_nishux #tiktoknepal nepal official,True,English,Western/Casual,0.056100000000000004
TikTok,Phase2,J ni maan parne #fyp #nepali #OOTD #trending #fitcheck ,162,7,1,1358,2026-05-29 21:29:27+00:00,J ni maan parne #fyp #nepali #OOTD #trending #fitcheck,j ni maan parne #fyp #nepali #ootd #trending #fitcheck,True,English,General Fashion,0.0089158
TikTok,Phase2,Testing the outfit under all house-approved lighting and natural light really be doing the most❤️ ❤️ #nepalitiktok #fitcheck #nepaliinaustralia #girls #larabara ,258,19,3,2006,2026-05-23 04:18:43+00:00,Testing the outfit under all house-approved lighting and natural light really be doing the most❤️ ❤️ #nepalitiktok #fitcheck #nepaliinaustralia #girls #larabara,testing the outfit under all house-approved lighting and natural light really be doing the most❤️ ❤️ #nepalitiktok #fitcheck #nepaliinaustralia #girls #larabara,True,English,General Fashion,0.016820599999999998
TikTok,Phase2,Outfit check @VELOCITY #fyp #nepalitiktok ,171,7,19,3568,2026-05-30 04:41:15+00:00,Outfit check #fyp #nepalitiktok,outfit check #fyp #nepalitiktok,True,English,General Fashion,0.013096799999999999
TikTok,Phase2,Ootd check 🌺 #fypシ゚viral #ootdcheck #barrelpants #outfitinspo #nepaligirl ,72,3,1,642,2026-06-01 01:26:28+00:00,Ootd check 🌺 #fypシ゚viral #ootdcheck #barrelpants #outfitinspo #nepaligirl,ootd check 🌺 #fypシ゚viral #ootdcheck #barrelpants #outfitinspo #nepaligirl,True,English,General Fashion,0.0040442
TikTok,Phase2,"Fit check

.
.
.
.
.
.
.
.
.
.
.
.
.
.
.
.
.

#muscles #nepali #ootd #gymgirl #fit ",11100,159,1055,195400,2026-05-19 03:20:27+00:00,Fit check . . . . . . . . . . . . . . . . . #muscles #nepali #ootd #gymgirl #fit,fit check . . . . . . . . . . . . . . . . . #muscles #nepali #ootd #gymgirl #fit,True,English,Western/Casual,0.66724
TikTok,Phase2,@Cider #nepali #OOTD #fashiontiktok #fitcheck #airportoutfit ,125,7,1,1932,2026-05-03 22:47:07+00:00,#nepali #OOTD #fashiontiktok #fitcheck #airportoutfit,#nepali #ootd #fashiontiktok #fitcheck #airportoutfit,True,English,General Fashion,0.0074932
TikTok,Phase2,Which outfits did you like?@Fine_____🥢 @🦋 💓#fyp #fitcheck #nepaligirl🇳🇵 ,567,11,18,18700,2026-03-13 06:40:11+00:00,Which outfits did you like?🥢 @🦋 💓#fyp #fitcheck #nepaligirl🇳🇵,which outfits did you like?🥢 @🦋 💓#fyp #fitcheck #nepaligirl🇳🇵,True,English,Western/Casual,0.031450000000000006
TikTok,Phase2,"Fit check 

#over40 #mom #ootd ##nepalitiktok #I ",206,13,2,9814,2026-05-23 07:25:33+00:00,Fit check #over40 #mom #ootd ##nepalitiktok #I,fit check #over40 #mom #ootd ##nepalitiktok #i,True,English,General Fashion,0.013521400000000001
TikTok,Phase2,Fit check 🔥 #fyp #fitcheck #outfitideas #nepaligirl #zunryu ,36,4,0,414,2026-05-06 08:17:54+00:00,Fit check 🔥 #fyp #fitcheck #outfitideas #nepaligirl #zunryu,fit check 🔥 #fyp #fitcheck #outfitideas #nepaligirl #zunryu,True,English,General Fashion,0.0026814
TikTok,Phase2,#sajjanrajvaidya #concertoutfit #nepalisongs @surthehur @Sonali @BabitaG 💃🏻🪩,660,15,61,28600,2026-04-05 02:51:36+00:00,#sajjanrajvaidya #concertoutfit #nepalisongs 💃🏻🪩,#sajjanrajvaidya #concertoutfit #nepalisongs 💃🏻🪩,True,English,General Fashion,0.04596000000000001
TikTok,Phase2,Ootd💗 #fyp #foryoupage #ootd #fitcheck #nepali ,942,10,89,56100,2026-03-08 16:22:25+00:00,Ootd💗 #fyp #foryoupage #ootd #fitcheck #nepali,ootd💗 #fyp #foryoupage #ootd #fitcheck #nepali,True,English,General Fashion,0.06409000000000001
TikTok,Phase2,"My first Outfit check video Lol …i feel too shy..
#fypシ  #goviral #outfitcheck #trend #nepaligirl ",117,17,0,619,2026-05-26 20:19:32+00:00,My first Outfit check video Lol …i feel too shy.. #fypシ #goviral #outfitcheck #trend #nepaligirl,my first outfit check video lol …i feel too shy.. #fypシ #goviral #outfitcheck #trend #nepaligirl,True,English,General Fashion,0.0098419
TikTok,Phase2,outfit checkk #fyp #ootd #fyyy #nepali ,44,6,1,440,2026-05-08 12:12:24+00:00,outfit checkk #fyp #ootd #fyyy #nepali,outfit checkk #fyp #ootd #fyyy #nepali,True,English,General Fashion,0.0038040000000000005
TikTok,Phase2,quick fit checkk🤎  #ootd #outfitinspo #nepalitiktok #nepali #nepalisong ,87,14,0,1715,2026-05-09 23:15:55+00:00,quick fit checkk🤎 #ootd #outfitinspo #nepalitiktok #nepali #nepalisong,quick fit checkk🤎 #ootd #outfitinspo #nepalitiktok #nepali #nepalisong,True,English,General Fashion,0.007851499999999999
TikTok,Phase2,fit ft nepali song🇳🇵#OOTD #fitcheck ,110,20,4,2073,2026-05-11 22:45:12+00:00,fit ft nepali song🇳🇵#OOTD #fitcheck,fit ft nepali song🇳🇵#ootd #fitcheck,True,English,General Fashion,0.0114073
TikTok,Phase2,Fit check #ootd #fyp #sisters #fitcheck #nepalitoktok @RoshniAura⚡️💙 🌷🌸 ,78,2,2,1293,2026-05-03 17:20:36+00:00,Fit check #ootd #fyp #sisters #fitcheck #nepalitoktok ⚡️💙 🌷🌸,fit check #ootd #fyp #sisters #fitcheck #nepalitoktok ⚡️💙 🌷🌸,True,English,General Fashion,0.004249299999999999
TikTok,Phase2,Outfit check again  😝 I am loving it #fyp #nepaltiktok #nepaligirl #tiktokofnepal🇳🇵💓 #ootdinspiration ,220,47,2,1400,2026-05-09 18:31:37+00:00,Outfit check again 😝 I am loving it #fyp #nepaltiktok #nepaligirl #tiktokofnepal🇳🇵💓 #ootdinspiration,outfit check again 😝 i am loving it #fyp #nepaltiktok #nepaligirl #tiktokofnepal🇳🇵💓 #ootdinspiration,True,English,General Fashion,0.023440000000000003
TikTok,Phase2,Outfit check 🤭 #foryou #nepali #outfitcheck ,53,19,2,599,2026-05-16 11:38:17+00:00,Outfit check 🤭 #foryou #nepali #outfitcheck,outfit check 🤭 #foryou #nepali #outfitcheck,True,English,General Fashion,0.008279899999999998
TikTok,Phase2,Me and my fit check against the world ✨ #fyp #outfitinspo #nepaligirl ,54,13,0,388,2026-05-31 16:32:01+00:00,Me and my fit check against the world ✨ #fyp #outfitinspo #nepaligirl,me and my fit check against the world ✨ #fyp #outfitinspo #nepaligirl,True,English,General Fashion,0.0060988
TikTok,Phase2,"How to generate images of brides in traditional Nepali wedding attire with AI📸 | AI-generated portraits of brides in wedding costumes🤖 | Artificial intelligence for image creation✨ | Create pictures of brides wearing traditional Nepali wedding outfits with AI💖 I wanted to make images of brides in traditional Nepali wedding attire, and I never expected AI could achieve such wonderful results😳 | They shared AI-generated portraits of brides in traditional Nepali wedding costumes❤️ Tutorial for creating portraits of brides in traditional Nepali wedding attire with AI✍️ | Guide to generate portraits of brides in traditional Nepali wedding outfits via AI🤳 Create portraits of brides dressed in traditional Nepali wedding attire with AI✍️🤳 | Generate portraits of brides in traditional Nepali wedding costumes using AI💖 hypic redefines photo editing AI prompts for portraits of brides in traditional Nepali wedding attire on ChatGPT💬 | Create atmospheric portraits of brides in traditional Nepali wedding attire with AI❤️✍️ Tutorial for making portraits of brides in traditional Nepali wedding attire with AI✍️📝 | AI special effect photo templates for portraits of brides in traditional Nepali wedding costumes❤️🖼️ Create stunning images of brides in traditional Nepali wedding attire with AI🌟 | Complete tutorial for making gorgeous portraits of brides in traditional Nepali wedding outfits with AI🌟📝 Create vivid and atmospheric portraits of brides in traditional Nepali wedding attire with AI❤️ एआईबाट परम्परागत नेपाली विवाहको पोशाक लगाएकी दुलहीको तस्वीर कसरी सिर्जना गर्ने📸 | एआईबाट विवाहको पोशाकमा दुलहीको चित्र निर्माण🤖 | तस्वीर निर्माण गर्ने कृत्रिम बुद्धिमत्ता✨ | एआई प्रयोग गरी परम्परागत नेपाली विवाहको पोशाक लगाएकी दुलहीको तस्वीर बनाउनुहोस्💖 म पनि परम्परागत नेपाली विवाहको पोशाक लगाएकी दुलहीको तस्वीर बनाउन चाहन्थेँ, तर एआईले यस्तो उत्कृष्ट नतिजा दिनेछ भन्ने मैले कहिल्यै सोचेको थिइनँ😳 | उनीहरूले एआईबाट बनेका परम्परागत नेपाली विवाहको पोशाकमा दुलहीका चित्रहरू साझा गरेका छन्❤️ एआईबाट परम्परागत नेपाली विवाहको पोशाकमा दुलहीको चित्र बनाउने ट्यूटोरियल✍️ | एआई मार्फत परम्परागत नेपाली विवाहको पोशाकमा दुलहीको चित्र सिर्जना गर्ने गाइड🤳 एआई प्रयोग गरी परम्परागत नेपाली विवाहको पोशाक लगाएकी दुलहीको चित्र बनाउनुहोस्✍️🤳 | एआईबाट परम्परागत नेपाली विवाहको पोशाकमा दुलहीको चित्र निर्माण गर्नुहोस्💖 hypic फोटो सम्पादनलाई नयाँ परिभाषा दिन्छ ChatGPT मा परम्परागत नेपाली विवाहको पोशाकमा दुलहीको चित्रका लागि एआई प्रोम्प्टहरू💬 | एआई प्रयोग गरी मनमोहक माहौलसहित परम्परागत नेपाली विवाहको पोशाकमा दुलहीको चित्र बनाउनुहोस्❤️✍️ एआईबाट परम्परागत नेपाली विवाहको पोशाकमा दुलहीको चित्र बनाउने ट्यूटोरियल✍️📝 | एआईद्वारा परम्परागत नेपाली विवाहको पोशाकमा दुलहीको चित्रका विशेष प्रभाव फोटो टेम्प्लेटहरू❤️🖼️ एआई प्रयोग गरी परम्परागत नेपाली विवाहको पोशाक लगाएकी दुलहीको सुन्दर तस्वीर बनाउनुहोस्🌟 | एआईबाट परम्परागत नेपाली विवाहको पोशाकमा दुलहीको सुन्दर चित्र बनाउने ट्यूटोरियल🌟📝 एआई प्रयोग गरी मनमोहक माहौलले भरिएको परम्परागत नेपाली विवाहको पोशाकमा दुलहीको चित्र बनाउनुहोस्❤️ एआई के माध्यम से पारंपरिक नेपाली विवाह परिधान पहने हुई दुल्हन की तस्वीरें कैसे बनाएं📸 | एआई द्वारा बनाए गए विवाह पोशाक में दुल्हन के चित्र🤖 | चित्र निर्माण हेतु कृत्रिम बुद्धिमत्ता✨ | एआई की सहायता से पारंपरिक नेपाली विवाह परिधान पहने हुई दुल्हन की तस्वीरें बनाएं💖 मैं भी पारंपरिक नेपाली विवाह परिधान पहने हुई दुल्हन की तस्वीरें बनाना चाहता था, लेकिन कभी नहीं सोचा था कि एआई इतना शानदार परिणाम देगा😳 | उन्होंने एआई द्वारा बनाए गए पारंपरिक नेपाली विवाह पोशाक में दुल्हन के चित्र साझा किए❤️ एआई से पारंपरिक नेपाली विवाह परिधान में दुल्हन के चित्र बनाने का ट्यूटोरियल✍️ | एआई के जरिए पारंपरिक नेपाली विवाह परिधान में दुल्हन के चित्र बनाने का गाइड🤳 एआई के साथ पारंपरिक नेपाली विवाह परिधान पहने हुई दुल्हन के चित्र बनाएं✍️🤳 | एआई का उपयोग करके पारंपरिक नेपाली विवाह परिधान में दुल्हन के चित्र तैयार करें💖 hypic फोटो एडिटिंग को नया स्वरूप देता है ChatGPT के लिए पारंपरिक नेपाली विवाह परिधान में दुल्हन के चित्र हेतु एआई प्रॉम्प्ट💬 
#hypic #hypiccreator #Godpic @hypic_global ",3453,19,4102,261100,2026-05-26 06:36:06+00:00,"How to generate images of brides in traditional Nepali wedding attire with AI📸 | AI-generated portraits of brides in wedding costumes🤖 | Artificial intelligence for image creation✨ | Create pictures of brides wearing traditional Nepali wedding outfits with AI💖 I wanted to make images of brides in traditional Nepali wedding attire, and I never expected AI could achieve such wonderful results😳 | They shared AI-generated portraits of brides in traditional Nepali wedding costumes❤️ Tutorial for creating portraits of brides in traditional Nepali wedding attire with AI✍️ | Guide to generate portraits of brides in traditional Nepali wedding outfits via AI🤳 Create portraits of brides dressed in traditional Nepali wedding attire with AI✍️🤳 | Generate portraits of brides in traditional Nepali wedding costumes using AI💖 hypic redefines photo editing AI prompts for portraits of brides in traditional Nepali wedding attire on ChatGPT💬 | Create atmospheric portraits of brides in traditional Nepali wedding attire with AI❤️✍️ Tutorial for making portraits of brides in traditional Nepali wedding attire with AI✍️📝 | AI special effect photo templates for portraits of brides in traditional Nepali wedding costumes❤️🖼️ Create stunning images of brides in traditional Nepali wedding attire with AI🌟 | Complete tutorial for making gorgeous portraits of brides in traditional Nepali wedding outfits with AI🌟📝 Create vivid and atmospheric portraits of brides in traditional Nepali wedding attire with AI❤️ एआईबाट परम्परागत नेपाली विवाहको पोशाक लगाएकी दुलहीको तस्वीर कसरी सिर्जना गर्ने📸 | एआईबाट विवाहको पोशाकमा दुलहीको चित्र निर्माण🤖 | तस्वीर निर्माण गर्ने कृत्रिम बुद्धिमत्ता✨ | एआई प्रयोग गरी परम्परागत नेपाली विवाहको पोशाक लगाएकी दुलहीको तस्वीर बनाउनुहोस्💖 म पनि परम्परागत नेपाली विवाहको पोशाक लगाएकी दुलहीको तस्वीर बनाउन चाहन्थेँ, तर एआईले यस्तो उत्कृष्ट नतिजा दिनेछ भन्ने मैले कहिल्यै सोचेको थिइनँ😳 | उनीहरूले एआईबाट बनेका परम्परागत नेपाली विवाहको पोशाकमा दुलहीका चित्रहरू साझा गरेका छन्❤️ एआईबाट परम्परागत नेपाली विवाहको पोशाकमा दुलहीको चित्र बनाउने ट्यूटोरियल✍️ | एआई मार्फत परम्परागत नेपाली विवाहको पोशाकमा दुलहीको चित्र सिर्जना गर्ने गाइड🤳 एआई प्रयोग गरी परम्परागत नेपाली विवाहको पोशाक लगाएकी दुलहीको चित्र बनाउनुहोस्✍️🤳 | एआईबाट परम्परागत नेपाली विवाहको पोशाकमा दुलहीको चित्र निर्माण गर्नुहोस्💖 hypic फोटो सम्पादनलाई नयाँ परिभाषा दिन्छ ChatGPT मा परम्परागत नेपाली विवाहको पोशाकमा दुलहीको चित्रका लागि एआई प्रोम्प्टहरू💬 | एआई प्रयोग गरी मनमोहक माहौलसहित परम्परागत नेपाली विवाहको पोशाकमा दुलहीको चित्र बनाउनुहोस्❤️✍️ एआईबाट परम्परागत नेपाली विवाहको पोशाकमा दुलहीको चित्र बनाउने ट्यूटोरियल✍️📝 | एआईद्वारा परम्परागत नेपाली विवाहको पोशाकमा दुलहीको चित्रका विशेष प्रभाव फोटो टेम्प्लेटहरू❤️🖼️ एआई प्रयोग गरी परम्परागत नेपाली विवाहको पोशाक लगाएकी दुलहीको सुन्दर तस्वीर बनाउनुहोस्🌟 | एआईबाट परम्परागत नेपाली विवाहको पोशाकमा दुलहीको सुन्दर चित्र बनाउने ट्यूटोरियल🌟📝 एआई प्रयोग गरी मनमोहक माहौलले भरिएको परम्परागत नेपाली विवाहको पोशाकमा दुलहीको चित्र बनाउनुहोस्❤️ एआई के माध्यम से पारंपरिक नेपाली विवाह परिधान पहने हुई दुल्हन की तस्वीरें कैसे बनाएं📸 | एआई द्वारा बनाए गए विवाह पोशाक में दुल्हन के चित्र🤖 | चित्र निर्माण हेतु कृत्रिम बुद्धिमत्ता✨ | एआई की सहायता से पारंपरिक नेपाली विवाह परिधान पहने हुई दुल्हन की तस्वीरें बनाएं💖 मैं भी पारंपरिक नेपाली विवाह परिधान पहने हुई दुल्हन की तस्वीरें बनाना चाहता था, लेकिन कभी नहीं सोचा था कि एआई इतना शानदार परिणाम देगा😳 | उन्होंने एआई द्वारा बनाए गए पारंपरिक नेपाली विवाह पोशाक में दुल्हन के चित्र साझा किए❤️ एआई से पारंपरिक नेपाली विवाह परिधान में दुल्हन के चित्र बनाने का ट्यूटोरियल✍️ | एआई के जरिए पारंपरिक नेपाली विवाह परिधान में दुल्हन के चित्र बनाने का गाइड🤳 एआई के साथ पारंपरिक नेपाली विवाह परिधान पहने हुई दुल्हन के चित्र बनाएं✍️🤳 | एआई का उपयोग करके पारंपरिक नेपाली विवाह परिधान में दुल्हन के चित्र तैयार करें💖 hypic फोटो एडिटिंग को नया स्वरूप देता है ChatGPT के लिए पारंपरिक नेपाली विवाह परिधान में दुल्हन के चित्र हेतु एआई प्रॉम्प्ट💬 #hypic #hypiccreator #Godpic","how to generate images of brides in traditional nepali wedding attire with ai📸 | ai-generated portraits of brides in wedding costumes🤖 | artificial intelligence for image creation✨ | create pictures of brides wearing traditional nepali wedding outfits with ai💖 i wanted to make images of brides in traditional nepali wedding attire, and i never expected ai could achieve such wonderful results😳 | they shared ai-generated portraits of brides in traditional nepali wedding costumes❤️ tutorial for creating portraits of brides in traditional nepali wedding attire with ai✍️ | guide to generate portraits of brides in traditional nepali wedding outfits via ai🤳 create portraits of brides dressed in traditional nepali wedding attire with ai✍️🤳 | generate portraits of brides in traditional nepali wedding costumes using ai💖 hypic redefines photo editing ai prompts for portraits of brides in traditional nepali wedding attire on chatgpt💬 | create atmospheric portraits of brides in traditional nepali wedding attire with ai❤️✍️ tutorial for making portraits of brides in traditional nepali wedding attire with ai✍️📝 | ai special effect photo templates for portraits of brides in traditional nepali wedding costumes❤️🖼️ create stunning images of brides in traditional nepali wedding attire with ai🌟 | complete tutorial for making gorgeous portraits of brides in traditional nepali wedding outfits with ai🌟📝 create vivid and atmospheric portraits of brides in traditional nepali wedding attire with ai❤️ एआईबाट परम्परागत नेपाली विवाहको पोशाक लगाएकी दुलहीको तस्वीर कसरी सिर्जना गर्ने📸 | एआईबाट विवाहको पोशाकमा दुलहीको चित्र निर्माण🤖 | तस्वीर निर्माण गर्ने कृत्रिम बुद्धिमत्ता✨ | एआई प्रयोग गरी परम्परागत नेपाली विवाहको पोशाक लगाएकी दुलहीको तस्वीर बनाउनुहोस्💖 म पनि परम्परागत नेपाली विवाहको पोशाक लगाएकी दुलहीको तस्वीर बनाउन चाहन्थेँ, तर एआईले यस्तो उत्कृष्ट नतिजा दिनेछ भन्ने मैले कहिल्यै सोचेको थिइनँ😳 | उनीहरूले एआईबाट बनेका परम्परागत नेपाली विवाहको पोशाकमा दुलहीका चित्रहरू साझा गरेका छन्❤️ एआईबाट परम्परागत नेपाली विवाहको पोशाकमा दुलहीको चित्र बनाउने ट्यूटोरियल✍️ | एआई मार्फत परम्परागत नेपाली विवाहको पोशाकमा दुलहीको चित्र सिर्जना गर्ने गाइड🤳 एआई प्रयोग गरी परम्परागत नेपाली विवाहको पोशाक लगाएकी दुलहीको चित्र बनाउनुहोस्✍️🤳 | एआईबाट परम्परागत नेपाली विवाहको पोशाकमा दुलहीको चित्र निर्माण गर्नुहोस्💖 hypic फोटो सम्पादनलाई नयाँ परिभाषा दिन्छ chatgpt मा परम्परागत नेपाली विवाहको पोशाकमा दुलहीको चित्रका लागि एआई प्रोम्प्टहरू💬 | एआई प्रयोग गरी मनमोहक माहौलसहित परम्परागत नेपाली विवाहको पोशाकमा दुलहीको चित्र बनाउनुहोस्❤️✍️ एआईबाट परम्परागत नेपाली विवाहको पोशाकमा दुलहीको चित्र बनाउने ट्यूटोरियल✍️📝 | एआईद्वारा परम्परागत नेपाली विवाहको पोशाकमा दुलहीको चित्रका विशेष प्रभाव फोटो टेम्प्लेटहरू❤️🖼️ एआई प्रयोग गरी परम्परागत नेपाली विवाहको पोशाक लगाएकी दुलहीको सुन्दर तस्वीर बनाउनुहोस्🌟 | एआईबाट परम्परागत नेपाली विवाहको पोशाकमा दुलहीको सुन्दर चित्र बनाउने ट्यूटोरियल🌟📝 एआई प्रयोग गरी मनमोहक माहौलले भरिएको परम्परागत नेपाली विवाहको पोशाकमा दुलहीको चित्र बनाउनुहोस्❤️ एआई के माध्यम से पारंपरिक नेपाली विवाह परिधान पहने हुई दुल्हन की तस्वीरें कैसे बनाएं📸 | एआई द्वारा बनाए गए विवाह पोशाक में दुल्हन के चित्र🤖 | चित्र निर्माण हेतु कृत्रिम बुद्धिमत्ता✨ | एआई की सहायता से पारंपरिक नेपाली विवाह परिधान पहने हुई दुल्हन की तस्वीरें बनाएं💖 मैं भी पारंपरिक नेपाली विवाह परिधान पहने हुई दुल्हन की तस्वीरें बनाना चाहता था, लेकिन कभी नहीं सोचा था कि एआई इतना शानदार परिणाम देगा😳 | उन्होंने एआई द्वारा बनाए गए पारंपरिक नेपाली विवाह पोशाक में दुल्हन के चित्र साझा किए❤️ एआई से पारंपरिक नेपाली विवाह परिधान में दुल्हन के चित्र बनाने का ट्यूटोरियल✍️ | एआई के जरिए पारंपरिक नेपाली विवाह परिधान में दुल्हन के चित्र बनाने का गाइड🤳 एआई के साथ पारंपरिक नेपाली विवाह परिधान पहने हुई दुल्हन के चित्र बनाएं✍️🤳 | एआई का उपयोग करके पारंपरिक नेपाली विवाह परिधान में दुल्हन के चित्र तैयार करें💖 hypic फोटो एडिटिंग को नया स्वरूप देता है chatgpt के लिए पारंपरिक नेपाली विवाह परिधान में दुल्हन के चित्र हेतु एआई प्रॉम्प्ट💬 #hypic #hypiccreator #godpic",True,Nepali,Traditional/Ethnic,0.36993000000000004
TikTok,Phase2,"The Wedding Debrief - Part 1

#nepalitiktok #nepaliwedding #weddingplanning #weddingplanningtips  #bridetobe  ",860,25,110,27200,2026-05-25 01:35:10+00:00,The Wedding Debrief - Part 1 #nepalitiktok #nepaliwedding #weddingplanning #weddingplanningtips #bridetobe,the wedding debrief - part 1 #nepalitiktok #nepaliwedding #weddingplanning #weddingplanningtips #bridetobe,True,English,Traditional/Ethnic,0.06662
TikTok,Phase2,"How to generate images of brides in traditional Nepali wedding attire with AI📸 | AI-generated portraits of brides in wedding costumes🤖 | Artificial intelligence for image creation✨ | Create pictures of brides wearing traditional Nepali wedding outfits with AI💖 I wanted to make images of brides in traditional Nepali wedding attire, and I never expected AI could achieve such wonderful results😳 | They shared AI-generated portraits of brides in traditional Nepali wedding costumes❤️ Tutorial for creating portraits of brides in traditional Nepali wedding attire with AI✍️ | Guide to generate portraits of brides in traditional Nepali wedding outfits via AI🤳 Create portraits of brides dressed in traditional Nepali wedding attire with AI✍️🤳 | Generate portraits of brides in traditional Nepali wedding costumes using AI💖 hypic redefines photo editing AI prompts for portraits of brides in traditional Nepali wedding attire on ChatGPT💬 | Create atmospheric portraits of brides in traditional Nepali wedding attire with AI❤️✍️ Tutorial for making portraits of brides in traditional Nepali wedding attire with AI✍️📝 | AI special effect photo templates for portraits of brides in traditional Nepali wedding costumes❤️🖼️ Create stunning images of brides in traditional Nepali wedding attire with AI🌟 | Complete tutorial for making gorgeous portraits of brides in traditional Nepali wedding outfits with AI🌟📝 Create vivid and atmospheric portraits of brides in traditional Nepali wedding attire with AI❤️ एआईबाट परम्परागत नेपाली विवाहको पोशाक लगाएकी दुलहीको तस्वीर कसरी सिर्जना गर्ने📸 | एआईबाट विवाहको पोशाकमा दुलहीको चित्र निर्माण🤖 | तस्वीर निर्माण गर्ने कृत्रिम बुद्धिमत्ता✨ | एआई प्रयोग गरी परम्परागत नेपाली विवाहको पोशाक लगाएकी दुलहीको तस्वीर बनाउनुहोस्💖 म पनि परम्परागत नेपाली विवाहको पोशाक लगाएकी दुलहीको तस्वीर बनाउन चाहन्थेँ, तर एआईले यस्तो उत्कृष्ट नतिजा दिनेछ भन्ने मैले कहिल्यै सोचेको थिइनँ😳 | उनीहरूले एआईबाट बनेका परम्परागत नेपाली विवाहको पोशाकमा दुलहीका चित्रहरू साझा गरेका छन्❤️ एआईबाट परम्परागत नेपाली विवाहको पोशाकमा दुलहीको चित्र बनाउने ट्यूटोरियल✍️ | एआई मार्फत परम्परागत नेपाली विवाहको पोशाकमा दुलहीको चित्र सिर्जना गर्ने गाइड🤳 एआई प्रयोग गरी परम्परागत नेपाली विवाहको पोशाक लगाएकी दुलहीको चित्र बनाउनुहोस्✍️🤳 | एआईबाट परम्परागत नेपाली विवाहको पोशाकमा दुलहीको चित्र निर्माण गर्नुहोस्💖 hypic फोटो सम्पादनलाई नयाँ परिभाषा दिन्छ ChatGPT मा परम्परागत नेपाली विवाहको पोशाकमा दुलहीको चित्रका लागि एआई प्रोम्प्टहरू💬 | एआई प्रयोग गरी मनमोहक माहौलसहित परम्परागत नेपाली विवाहको पोशाकमा दुलहीको चित्र बनाउनुहोस्❤️✍️ एआईबाट परम्परागत नेपाली विवाहको पोशाकमा दुलहीको चित्र बनाउने ट्यूटोरियल✍️📝 | एआईद्वारा परम्परागत नेपाली विवाहको पोशाकमा दुलहीको चित्रका विशेष प्रभाव फोटो टेम्प्लेटहरू❤️🖼️ एआई प्रयोग गरी परम्परागत नेपाली विवाहको पोशाक लगाएकी दुलहीको सुन्दर तस्वीर बनाउनुहोस्🌟 | एआईबाट परम्परागत नेपाली विवाहको पोशाकमा दुलहीको सुन्दर चित्र बनाउने ट्यूटोरियल🌟📝 एआई प्रयोग गरी मनमोहक माहौलले भरिएको परम्परागत नेपाली विवाहको पोशाकमा दुलहीको चित्र बनाउनुहोस्❤️ एआई के माध्यम से पारंपरिक नेपाली विवाह परिधान पहने हुई दुल्हन की तस्वीरें कैसे बनाएं📸 | एआई द्वारा बनाए गए विवाह पोशाक में दुल्हन के चित्र🤖 | चित्र निर्माण हेतु कृत्रिम बुद्धिमत्ता✨ | एआई की सहायता से पारंपरिक नेपाली विवाह परिधान पहने हुई दुल्हन की तस्वीरें बनाएं💖 मैं भी पारंपरिक नेपाली विवाह परिधान पहने हुई दुल्हन की तस्वीरें बनाना चाहता था, लेकिन कभी नहीं सोचा था कि एआई इतना शानदार परिणाम देगा😳 | उन्होंने एआई द्वारा बनाए गए पारंपरिक नेपाली विवाह पोशाक में दुल्हन के चित्र साझा किए❤️ एआई से पारंपरिक नेपाली विवाह परिधान में दुल्हन के चित्र बनाने का ट्यूटोरियल✍️ | एआई के जरिए पारंपरिक नेपाली विवाह परिधान में दुल्हन के चित्र बनाने का गाइड🤳 एआई के साथ पारंपरिक नेपाली विवाह परिधान पहने हुई दुल्हन के चित्र बनाएं✍️🤳 | एआई का उपयोग करके पारंपरिक नेपाली विवाह परिधान में दुल्हन के चित्र तैयार करें💖 hypic फोटो एडिटिंग को नया स्वरूप देता है ChatGPT के लिए पारंपरिक नेपाली विवाह परिधान में दुल्हन के चित्र हेतु एआई प्रॉम्प्ट💬 
#hypic #hypiccreator #Godpic @hypic_global #nepalweeding #ai ",551,8,496,31600,2026-05-28 15:05:47+00:00,"How to generate images of brides in traditional Nepali wedding attire with AI📸 | AI-generated portraits of brides in wedding costumes🤖 | Artificial intelligence for image creation✨ | Create pictures of brides wearing traditional Nepali wedding outfits with AI💖 I wanted to make images of brides in traditional Nepali wedding attire, and I never expected AI could achieve such wonderful results😳 | They shared AI-generated portraits of brides in traditional Nepali wedding costumes❤️ Tutorial for creating portraits of brides in traditional Nepali wedding attire with AI✍️ | Guide to generate portraits of brides in traditional Nepali wedding outfits via AI🤳 Create portraits of brides dressed in traditional Nepali wedding attire with AI✍️🤳 | Generate portraits of brides in traditional Nepali wedding costumes using AI💖 hypic redefines photo editing AI prompts for portraits of brides in traditional Nepali wedding attire on ChatGPT💬 | Create atmospheric portraits of brides in traditional Nepali wedding attire with AI❤️✍️ Tutorial for making portraits of brides in traditional Nepali wedding attire with AI✍️📝 | AI special effect photo templates for portraits of brides in traditional Nepali wedding costumes❤️🖼️ Create stunning images of brides in traditional Nepali wedding attire with AI🌟 | Complete tutorial for making gorgeous portraits of brides in traditional Nepali wedding outfits with AI🌟📝 Create vivid and atmospheric portraits of brides in traditional Nepali wedding attire with AI❤️ एआईबाट परम्परागत नेपाली विवाहको पोशाक लगाएकी दुलहीको तस्वीर कसरी सिर्जना गर्ने📸 | एआईबाट विवाहको पोशाकमा दुलहीको चित्र निर्माण🤖 | तस्वीर निर्माण गर्ने कृत्रिम बुद्धिमत्ता✨ | एआई प्रयोग गरी परम्परागत नेपाली विवाहको पोशाक लगाएकी दुलहीको तस्वीर बनाउनुहोस्💖 म पनि परम्परागत नेपाली विवाहको पोशाक लगाएकी दुलहीको तस्वीर बनाउन चाहन्थेँ, तर एआईले यस्तो उत्कृष्ट नतिजा दिनेछ भन्ने मैले कहिल्यै सोचेको थिइनँ😳 | उनीहरूले एआईबाट बनेका परम्परागत नेपाली विवाहको पोशाकमा दुलहीका चित्रहरू साझा गरेका छन्❤️ एआईबाट परम्परागत नेपाली विवाहको पोशाकमा दुलहीको चित्र बनाउने ट्यूटोरियल✍️ | एआई मार्फत परम्परागत नेपाली विवाहको पोशाकमा दुलहीको चित्र सिर्जना गर्ने गाइड🤳 एआई प्रयोग गरी परम्परागत नेपाली विवाहको पोशाक लगाएकी दुलहीको चित्र बनाउनुहोस्✍️🤳 | एआईबाट परम्परागत नेपाली विवाहको पोशाकमा दुलहीको चित्र निर्माण गर्नुहोस्💖 hypic फोटो सम्पादनलाई नयाँ परिभाषा दिन्छ ChatGPT मा परम्परागत नेपाली विवाहको पोशाकमा दुलहीको चित्रका लागि एआई प्रोम्प्टहरू💬 | एआई प्रयोग गरी मनमोहक माहौलसहित परम्परागत नेपाली विवाहको पोशाकमा दुलहीको चित्र बनाउनुहोस्❤️✍️ एआईबाट परम्परागत नेपाली विवाहको पोशाकमा दुलहीको चित्र बनाउने ट्यूटोरियल✍️📝 | एआईद्वारा परम्परागत नेपाली विवाहको पोशाकमा दुलहीको चित्रका विशेष प्रभाव फोटो टेम्प्लेटहरू❤️🖼️ एआई प्रयोग गरी परम्परागत नेपाली विवाहको पोशाक लगाएकी दुलहीको सुन्दर तस्वीर बनाउनुहोस्🌟 | एआईबाट परम्परागत नेपाली विवाहको पोशाकमा दुलहीको सुन्दर चित्र बनाउने ट्यूटोरियल🌟📝 एआई प्रयोग गरी मनमोहक माहौलले भरिएको परम्परागत नेपाली विवाहको पोशाकमा दुलहीको चित्र बनाउनुहोस्❤️ एआई के माध्यम से पारंपरिक नेपाली विवाह परिधान पहने हुई दुल्हन की तस्वीरें कैसे बनाएं📸 | एआई द्वारा बनाए गए विवाह पोशाक में दुल्हन के चित्र🤖 | चित्र निर्माण हेतु कृत्रिम बुद्धिमत्ता✨ | एआई की सहायता से पारंपरिक नेपाली विवाह परिधान पहने हुई दुल्हन की तस्वीरें बनाएं💖 मैं भी पारंपरिक नेपाली विवाह परिधान पहने हुई दुल्हन की तस्वीरें बनाना चाहता था, लेकिन कभी नहीं सोचा था कि एआई इतना शानदार परिणाम देगा😳 | उन्होंने एआई द्वारा बनाए गए पारंपरिक नेपाली विवाह पोशाक में दुल्हन के चित्र साझा किए❤️ एआई से पारंपरिक नेपाली विवाह परिधान में दुल्हन के चित्र बनाने का ट्यूटोरियल✍️ | एआई के जरिए पारंपरिक नेपाली विवाह परिधान में दुल्हन के चित्र बनाने का गाइड🤳 एआई के साथ पारंपरिक नेपाली विवाह परिधान पहने हुई दुल्हन के चित्र बनाएं✍️🤳 | एआई का उपयोग करके पारंपरिक नेपाली विवाह परिधान में दुल्हन के चित्र तैयार करें💖 hypic फोटो एडिटिंग को नया स्वरूप देता है ChatGPT के लिए पारंपरिक नेपाली विवाह परिधान में दुल्हन के चित्र हेतु एआई प्रॉम्प्ट💬 #hypic #hypiccreator #Godpic #nepalweeding #ai","how to generate images of brides in traditional nepali wedding attire with ai📸 | ai-generated portraits of brides in wedding costumes🤖 | artificial intelligence for image creation✨ | create pictures of brides wearing traditional nepali wedding outfits with ai💖 i wanted to make images of brides in traditional nepali wedding attire, and i never expected ai could achieve such wonderful results😳 | they shared ai-generated portraits of brides in traditional nepali wedding costumes❤️ tutorial for creating portraits of brides in traditional nepali wedding attire with ai✍️ | guide to generate portraits of brides in traditional nepali wedding outfits via ai🤳 create portraits of brides dressed in traditional nepali wedding attire with ai✍️🤳 | generate portraits of brides in traditional nepali wedding costumes using ai💖 hypic redefines photo editing ai prompts for portraits of brides in traditional nepali wedding attire on chatgpt💬 | create atmospheric portraits of brides in traditional nepali wedding attire with ai❤️✍️ tutorial for making portraits of brides in traditional nepali wedding attire with ai✍️📝 | ai special effect photo templates for portraits of brides in traditional nepali wedding costumes❤️🖼️ create stunning images of brides in traditional nepali wedding attire with ai🌟 | complete tutorial for making gorgeous portraits of brides in traditional nepali wedding outfits with ai🌟📝 create vivid and atmospheric portraits of brides in traditional nepali wedding attire with ai❤️ एआईबाट परम्परागत नेपाली विवाहको पोशाक लगाएकी दुलहीको तस्वीर कसरी सिर्जना गर्ने📸 | एआईबाट विवाहको पोशाकमा दुलहीको चित्र निर्माण🤖 | तस्वीर निर्माण गर्ने कृत्रिम बुद्धिमत्ता✨ | एआई प्रयोग गरी परम्परागत नेपाली विवाहको पोशाक लगाएकी दुलहीको तस्वीर बनाउनुहोस्💖 म पनि परम्परागत नेपाली विवाहको पोशाक लगाएकी दुलहीको तस्वीर बनाउन चाहन्थेँ, तर एआईले यस्तो उत्कृष्ट नतिजा दिनेछ भन्ने मैले कहिल्यै सोचेको थिइनँ😳 | उनीहरूले एआईबाट बनेका परम्परागत नेपाली विवाहको पोशाकमा दुलहीका चित्रहरू साझा गरेका छन्❤️ एआईबाट परम्परागत नेपाली विवाहको पोशाकमा दुलहीको चित्र बनाउने ट्यूटोरियल✍️ | एआई मार्फत परम्परागत नेपाली विवाहको पोशाकमा दुलहीको चित्र सिर्जना गर्ने गाइड🤳 एआई प्रयोग गरी परम्परागत नेपाली विवाहको पोशाक लगाएकी दुलहीको चित्र बनाउनुहोस्✍️🤳 | एआईबाट परम्परागत नेपाली विवाहको पोशाकमा दुलहीको चित्र निर्माण गर्नुहोस्💖 hypic फोटो सम्पादनलाई नयाँ परिभाषा दिन्छ chatgpt मा परम्परागत नेपाली विवाहको पोशाकमा दुलहीको चित्रका लागि एआई प्रोम्प्टहरू💬 | एआई प्रयोग गरी मनमोहक माहौलसहित परम्परागत नेपाली विवाहको पोशाकमा दुलहीको चित्र बनाउनुहोस्❤️✍️ एआईबाट परम्परागत नेपाली विवाहको पोशाकमा दुलहीको चित्र बनाउने ट्यूटोरियल✍️📝 | एआईद्वारा परम्परागत नेपाली विवाहको पोशाकमा दुलहीको चित्रका विशेष प्रभाव फोटो टेम्प्लेटहरू❤️🖼️ एआई प्रयोग गरी परम्परागत नेपाली विवाहको पोशाक लगाएकी दुलहीको सुन्दर तस्वीर बनाउनुहोस्🌟 | एआईबाट परम्परागत नेपाली विवाहको पोशाकमा दुलहीको सुन्दर चित्र बनाउने ट्यूटोरियल🌟📝 एआई प्रयोग गरी मनमोहक माहौलले भरिएको परम्परागत नेपाली विवाहको पोशाकमा दुलहीको चित्र बनाउनुहोस्❤️ एआई के माध्यम से पारंपरिक नेपाली विवाह परिधान पहने हुई दुल्हन की तस्वीरें कैसे बनाएं📸 | एआई द्वारा बनाए गए विवाह पोशाक में दुल्हन के चित्र🤖 | चित्र निर्माण हेतु कृत्रिम बुद्धिमत्ता✨ | एआई की सहायता से पारंपरिक नेपाली विवाह परिधान पहने हुई दुल्हन की तस्वीरें बनाएं💖 मैं भी पारंपरिक नेपाली विवाह परिधान पहने हुई दुल्हन की तस्वीरें बनाना चाहता था, लेकिन कभी नहीं सोचा था कि एआई इतना शानदार परिणाम देगा😳 | उन्होंने एआई द्वारा बनाए गए पारंपरिक नेपाली विवाह पोशाक में दुल्हन के चित्र साझा किए❤️ एआई से पारंपरिक नेपाली विवाह परिधान में दुल्हन के चित्र बनाने का ट्यूटोरियल✍️ | एआई के जरिए पारंपरिक नेपाली विवाह परिधान में दुल्हन के चित्र बनाने का गाइड🤳 एआई के साथ पारंपरिक नेपाली विवाह परिधान पहने हुई दुल्हन के चित्र बनाएं✍️🤳 | एआई का उपयोग करके पारंपरिक नेपाली विवाह परिधान में दुल्हन के चित्र तैयार करें💖 hypic फोटो एडिटिंग को नया स्वरूप देता है chatgpt के लिए पारंपरिक नेपाली विवाह परिधान में दुल्हन के चित्र हेतु एआई प्रॉम्प्ट💬 #hypic #hypiccreator #godpic #nepalweeding #ai",True,Nepali,Traditional/Ethnic,0.12680000000000002
TikTok,Phase2,Dancing into our forever 💍✨❤️ #nepalibride #coupledance #newlymarried #reception #firstdance @sauragya 🫶,1128,43,139,21400,2026-05-17 11:53:59+00:00,Dancing into our forever 💍✨❤️ #nepalibride #coupledance #newlymarried #reception #firstdance 🫶,dancing into our forever 💍✨❤️ #nepalibride #coupledance #newlymarried #reception #firstdance 🫶,True,English,Traditional/Ethnic,0.08796000000000001
TikTok,Phase2,A day full of emotions 🥰🦚🥺 #nepalibride #hinduwedding #bishnuram #bride #viralwedding ,35100,310,1267,636000,2026-05-16 16:26:12+00:00,A day full of emotions 🥰🦚🥺 #nepalibride #hinduwedding #bishnuram #bride #viralwedding,a day full of emotions 🥰🦚🥺 #nepalibride #hinduwedding #bishnuram #bride #viralwedding,True,English,Traditional/Ethnic,0.7566
TikTok,Phase2,"#me_as_a_bride 🫪👰‍♀️💍😂
#laj_lagyo_hau_malai_ta😆🙈🤣 
#Foryou 
#fypシ 
#chapur______muser🌈😘 

@Mithaaaa... 👊 ",390,84,47,11100,2026-05-31 07:28:15+00:00,#me_as_a_bride 🫪👰‍♀️💍😂 #laj_lagyo_hau_malai_ta😆🙈🤣 #Foryou #fypシ #chapur______muser🌈😘 ... 👊,#me_as_a_bride 🫪👰‍♀️💍😂 #laj_lagyo_hau_malai_ta😆🙈🤣 #foryou #fypシ #chapur______muser🌈😘 ... 👊,True,English,Traditional/Ethnic,0.05131
TikTok,Phase2,"Create a ""Candid, cinematic shot of a Nepali bride in a 24 shimmering red and gold silk sari. She is wearing a delicate red veil (ghunghat) with a gold border. Her jewelry is a mix of traditional gold 'jhumkas' and a modern diamond necklace. She has a small, elegant red tika on her forehead and a radiant, joyful expression. Soft natural sunlight filtering through a window, creating a warm, ethereal glow.
Professional photography, 35mm lens, shallow depth of field."" Make here wear the green diagonal tilhari too and a long red ghuunghat tucked behind her hair make her wear sindur too and make the girls face exactly as given in this picture.
#fpyyyyyyyyyyyyyyyyyyyyyy #fppppppppppppppppppp #10kviews #viralvideo #share ",656,37,8,1967,2026-05-31 14:29:25+00:00,"Create a ""Candid, cinematic shot of a Nepali bride in a 24 shimmering red and gold silk sari. She is wearing a delicate red veil (ghunghat) with a gold border. Her jewelry is a mix of traditional gold 'jhumkas' and a modern diamond necklace. She has a small, elegant red tika on her forehead and a radiant, joyful expression. Soft natural sunlight filtering through a window, creating a warm, ethereal glow. Professional photography, 35mm lens, shallow depth of field."" Make here wear the green diagonal tilhari too and a long red ghuunghat tucked behind her hair make her wear sindur too and make the girls face exactly as given in this picture. #fpyyyyyyyyyyyyyyyyyyyyyy #fppppppppppppppppppp #10kviews #viralvideo #share","create a ""candid, cinematic shot of a nepali bride in a 24 shimmering red and gold silk sari. she is wearing a delicate red veil (ghunghat) with a gold border. her jewelry is a mix of traditional gold 'jhumkas' and a modern diamond necklace. she has a small, elegant red tika on her forehead and a radiant, joyful expression. soft natural sunlight filtering through a window, creating a warm, ethereal glow. professional photography, 35mm lens, shallow depth of field."" make here wear the green diagonal tilhari too and a long red ghuunghat tucked behind her hair make her wear sindur too and make the girls face exactly as given in this picture. #fpyyyyyyyyyyyyyyyyyyyyyy #fppppppppppppppppppp #10kviews #viralvideo #share",True,English,Traditional/Ethnic,0.039136699999999996
TikTok,Phase2,"#hypic #hypiccreator #Godpic @hypic_global How to generate images of brides in traditional Nepali wedding attire with AI📸 | AI-generated portraits of brides in wedding costumes🤖 | Artificial intelligence for image creation✨ | Create pictures of brides wearing traditional Nepali wedding outfits with AI💖 I wanted to make images of brides in traditional Nepali wedding attire, and I never expected AI could achieve such wonderful results😳 | They shared AI-generated portraits of brides in traditional Nepali wedding costumes❤️ Tutorial for creating portraits of brides in traditional Nepali wedding attire with AI✍️ | Guide to generate portraits of brides in traditional Nepali wedding outfits via AI🤳 Create portraits of brides dressed in traditional Nepali wedding attire with AI✍️🤳 | Generate portraits of brides in traditional Nepali wedding costumes using AI💖 hypic redefines photo editing AI prompts for portraits of brides in traditional Nepali wedding attire on ChatGPT💬 | Create atmospheric portraits of brides in traditional Nepali wedding attire with AI❤️✍️ Tutorial for making portraits of brides in traditional Nepali wedding attire with AI✍️📝 | AI special effect photo templates for portraits of brides in traditional Nepali wedding costumes❤️🖼️ Create stunning images of brides in traditional Nepali wedding attire with AI🌟 | Complete tutorial for making gorgeous portraits of brides in traditional Nepali wedding outfits with AI🌟📝 Create vivid and atmospheric portraits of brides in traditional Nepali wedding attire with AI❤️ एआईबाट परम्परागत नेपाली विवाहको पोशाक लगाएकी दुलहीको तस्वीर कसरी सिर्जना गर्ने📸 | एआईबाट विवाहको पोशाकमा दुलहीको चित्र निर्माण🤖 | तस्वीर निर्माण गर्ने कृत्रिम बुद्धिमत्ता✨ | एआई प्रयोग गरी परम्परागत नेपाली विवाहको पोशाक लगाएकी दुलहीको तस्वीर बनाउनुहोस्💖 म पनि परम्परागत नेपाली विवाहको पोशाक लगाएकी दुलहीको तस्वीर बनाउन चाहन्थेँ, तर एआईले यस्तो उत्कृष्ट नतिजा दिनेछ भन्ने मैले कहिल्यै सोचेको थिइनँ😳 | उनीहरूले एआईबाट बनेका परम्परागत नेपाली विवाहको पोशाकमा दुलहीका चित्रहरू साझा गरेका छन्❤️ एआईबाट परम्परागत नेपाली विवाहको पोशाकमा दुलहीको चित्र बनाउने ट्यूटोरियल✍️ | एआई मार्फत परम्परागत नेपाली विवाहको पोशाकमा दुलहीको चित्र सिर्जना गर्ने गाइड🤳 एआई प्रयोग गरी परम्परागत नेपाली विवाहको पोशाक लगाएकी दुलहीको चित्र बनाउनुहोस्✍️🤳 | एआईबाट परम्परागत नेपाली विवाहको पोशाकमा दुलहीको चित्र निर्माण गर्नुहोस्💖 hypic फोटो सम्पादनलाई नयाँ परिभाषा दिन्छ ChatGPT मा परम्परागत नेपाली विवाहको पोशाकमा दुलहीको चित्रका लागि एआई प्रोम्प्टहरू💬 | एआई प्रयोग गरी मनमोहक माहौलसहित परम्परागत नेपाली विवाहको पोशाकमा दुलहीको चित्र बनाउनुहोस्❤️✍️ एआईबाट परम्परागत नेपाली विवाहको पोशाकमा दुलहीको चित्र बनाउने ट्यूटोरियल✍️📝 | एआईद्वारा परम्परागत नेपाली विवाहको पोशाकमा दुलहीको चित्रका विशेष प्रभाव फोटो टेम्प्लेटहरू❤️🖼️ एआई प्रयोग गरी परम्परागत नेपाली विवाहको पोशाक लगाएकी दुलहीको सुन्दर तस्वीर बनाउनुहोस्🌟 | एआईबाट परम्परागत नेपाली विवाहको पोशाकमा दुलहीको सुन्दर चित्र बनाउने ट्यूटोरियल🌟📝 एआई प्रयोग गरी मनमोहक माहौलले भरिएको परम्परागत नेपाली विवाहको पोशाकमा दुलहीको चित्र बनाउनुहोस्❤️ एआई के माध्यम से पारंपरिक नेपाली विवाह परिधान पहने हुई दुल्हन की तस्वीरें कैसे बनाएं📸 | एआई द्वारा बनाए गए विवाह पोशाक में दुल्हन के चित्र🤖 | चित्र निर्माण हेतु कृत्रिम बुद्धिमत्ता✨ | एआई की सहायता से पारंपरिक नेपाली विवाह परिधान पहने हुई दुल्हन की तस्वीरें बनाएं💖 मैं भी पारंपरिक नेपाली विवाह परिधान पहने हुई दुल्हन की तस्वीरें बनाना चाहता था, लेकिन कभी नहीं सोचा था कि एआई इतना शानदार परिणाम देगा😳 | उन्होंने एआई द्वारा बनाए गए पारंपरिक नेपाली विवाह पोशाक में दुल्हन के चित्र साझा किए❤️ एआई से पारंपरिक नेपाली विवाह परिधान में दुल्हन के चित्र बनाने का ट्यूटोरियल✍️ | एआई के जरिए पारंपरिक नेपाली विवाह परिधान में दुल्हन के चित्र बनाने का गाइड🤳 एआई के साथ पारंपरिक नेपाली विवाह परिधान पहने हुई दुल्हन के चित्र बनाएं✍️🤳 | एआई का उपयोग करके पारंपरिक नेपाली विवाह परिधान में दुल्हन के चित्र तैयार करें💖 hypic फोटो एडिटिंग को नया स्वरूप देता है ChatGPT के लिए पारंपरिक नेपाली विवाह परिधान में दुल्हन के चित्र हेतु एआई प्रॉम्प्ट💬 ",9305,144,6253,445800,2026-05-29 05:58:47+00:00,"#hypic #hypiccreator #Godpic How to generate images of brides in traditional Nepali wedding attire with AI📸 | AI-generated portraits of brides in wedding costumes🤖 | Artificial intelligence for image creation✨ | Create pictures of brides wearing traditional Nepali wedding outfits with AI💖 I wanted to make images of brides in traditional Nepali wedding attire, and I never expected AI could achieve such wonderful results😳 | They shared AI-generated portraits of brides in traditional Nepali wedding costumes❤️ Tutorial for creating portraits of brides in traditional Nepali wedding attire with AI✍️ | Guide to generate portraits of brides in traditional Nepali wedding outfits via AI🤳 Create portraits of brides dressed in traditional Nepali wedding attire with AI✍️🤳 | Generate portraits of brides in traditional Nepali wedding costumes using AI💖 hypic redefines photo editing AI prompts for portraits of brides in traditional Nepali wedding attire on ChatGPT💬 | Create atmospheric portraits of brides in traditional Nepali wedding attire with AI❤️✍️ Tutorial for making portraits of brides in traditional Nepali wedding attire with AI✍️📝 | AI special effect photo templates for portraits of brides in traditional Nepali wedding costumes❤️🖼️ Create stunning images of brides in traditional Nepali wedding attire with AI🌟 | Complete tutorial for making gorgeous portraits of brides in traditional Nepali wedding outfits with AI🌟📝 Create vivid and atmospheric portraits of brides in traditional Nepali wedding attire with AI❤️ एआईबाट परम्परागत नेपाली विवाहको पोशाक लगाएकी दुलहीको तस्वीर कसरी सिर्जना गर्ने📸 | एआईबाट विवाहको पोशाकमा दुलहीको चित्र निर्माण🤖 | तस्वीर निर्माण गर्ने कृत्रिम बुद्धिमत्ता✨ | एआई प्रयोग गरी परम्परागत नेपाली विवाहको पोशाक लगाएकी दुलहीको तस्वीर बनाउनुहोस्💖 म पनि परम्परागत नेपाली विवाहको पोशाक लगाएकी दुलहीको तस्वीर बनाउन चाहन्थेँ, तर एआईले यस्तो उत्कृष्ट नतिजा दिनेछ भन्ने मैले कहिल्यै सोचेको थिइनँ😳 | उनीहरूले एआईबाट बनेका परम्परागत नेपाली विवाहको पोशाकमा दुलहीका चित्रहरू साझा गरेका छन्❤️ एआईबाट परम्परागत नेपाली विवाहको पोशाकमा दुलहीको चित्र बनाउने ट्यूटोरियल✍️ | एआई मार्फत परम्परागत नेपाली विवाहको पोशाकमा दुलहीको चित्र सिर्जना गर्ने गाइड🤳 एआई प्रयोग गरी परम्परागत नेपाली विवाहको पोशाक लगाएकी दुलहीको चित्र बनाउनुहोस्✍️🤳 | एआईबाट परम्परागत नेपाली विवाहको पोशाकमा दुलहीको चित्र निर्माण गर्नुहोस्💖 hypic फोटो सम्पादनलाई नयाँ परिभाषा दिन्छ ChatGPT मा परम्परागत नेपाली विवाहको पोशाकमा दुलहीको चित्रका लागि एआई प्रोम्प्टहरू💬 | एआई प्रयोग गरी मनमोहक माहौलसहित परम्परागत नेपाली विवाहको पोशाकमा दुलहीको चित्र बनाउनुहोस्❤️✍️ एआईबाट परम्परागत नेपाली विवाहको पोशाकमा दुलहीको चित्र बनाउने ट्यूटोरियल✍️📝 | एआईद्वारा परम्परागत नेपाली विवाहको पोशाकमा दुलहीको चित्रका विशेष प्रभाव फोटो टेम्प्लेटहरू❤️🖼️ एआई प्रयोग गरी परम्परागत नेपाली विवाहको पोशाक लगाएकी दुलहीको सुन्दर तस्वीर बनाउनुहोस्🌟 | एआईबाट परम्परागत नेपाली विवाहको पोशाकमा दुलहीको सुन्दर चित्र बनाउने ट्यूटोरियल🌟📝 एआई प्रयोग गरी मनमोहक माहौलले भरिएको परम्परागत नेपाली विवाहको पोशाकमा दुलहीको चित्र बनाउनुहोस्❤️ एआई के माध्यम से पारंपरिक नेपाली विवाह परिधान पहने हुई दुल्हन की तस्वीरें कैसे बनाएं📸 | एआई द्वारा बनाए गए विवाह पोशाक में दुल्हन के चित्र🤖 | चित्र निर्माण हेतु कृत्रिम बुद्धिमत्ता✨ | एआई की सहायता से पारंपरिक नेपाली विवाह परिधान पहने हुई दुल्हन की तस्वीरें बनाएं💖 मैं भी पारंपरिक नेपाली विवाह परिधान पहने हुई दुल्हन की तस्वीरें बनाना चाहता था, लेकिन कभी नहीं सोचा था कि एआई इतना शानदार परिणाम देगा😳 | उन्होंने एआई द्वारा बनाए गए पारंपरिक नेपाली विवाह पोशाक में दुल्हन के चित्र साझा किए❤️ एआई से पारंपरिक नेपाली विवाह परिधान में दुल्हन के चित्र बनाने का ट्यूटोरियल✍️ | एआई के जरिए पारंपरिक नेपाली विवाह परिधान में दुल्हन के चित्र बनाने का गाइड🤳 एआई के साथ पारंपरिक नेपाली विवाह परिधान पहने हुई दुल्हन के चित्र बनाएं✍️🤳 | एआई का उपयोग करके पारंपरिक नेपाली विवाह परिधान में दुल्हन के चित्र तैयार करें💖 hypic फोटो एडिटिंग को नया स्वरूप देता है ChatGPT के लिए पारंपरिक नेपाली विवाह परिधान में दुल्हन के चित्र हेतु एआई प्रॉम्प्ट💬","#hypic #hypiccreator #godpic how to generate images of brides in traditional nepali wedding attire with ai📸 | ai-generated portraits of brides in wedding costumes🤖 | artificial intelligence for image creation✨ | create pictures of brides wearing traditional nepali wedding outfits with ai💖 i wanted to make images of brides in traditional nepali wedding attire, and i never expected ai could achieve such wonderful results😳 | they shared ai-generated portraits of brides in traditional nepali wedding costumes❤️ tutorial for creating portraits of brides in traditional nepali wedding attire with ai✍️ | guide to generate portraits of brides in traditional nepali wedding outfits via ai🤳 create portraits of brides dressed in traditional nepali wedding attire with ai✍️🤳 | generate portraits of brides in traditional nepali wedding costumes using ai💖 hypic redefines photo editing ai prompts for portraits of brides in traditional nepali wedding attire on chatgpt💬 | create atmospheric portraits of brides in traditional nepali wedding attire with ai❤️✍️ tutorial for making portraits of brides in traditional nepali wedding attire with ai✍️📝 | ai special effect photo templates for portraits of brides in traditional nepali wedding costumes❤️🖼️ create stunning images of brides in traditional nepali wedding attire with ai🌟 | complete tutorial for making gorgeous portraits of brides in traditional nepali wedding outfits with ai🌟📝 create vivid and atmospheric portraits of brides in traditional nepali wedding attire with ai❤️ एआईबाट परम्परागत नेपाली विवाहको पोशाक लगाएकी दुलहीको तस्वीर कसरी सिर्जना गर्ने📸 | एआईबाट विवाहको पोशाकमा दुलहीको चित्र निर्माण🤖 | तस्वीर निर्माण गर्ने कृत्रिम बुद्धिमत्ता✨ | एआई प्रयोग गरी परम्परागत नेपाली विवाहको पोशाक लगाएकी दुलहीको तस्वीर बनाउनुहोस्💖 म पनि परम्परागत नेपाली विवाहको पोशाक लगाएकी दुलहीको तस्वीर बनाउन चाहन्थेँ, तर एआईले यस्तो उत्कृष्ट नतिजा दिनेछ भन्ने मैले कहिल्यै सोचेको थिइनँ😳 | उनीहरूले एआईबाट बनेका परम्परागत नेपाली विवाहको पोशाकमा दुलहीका चित्रहरू साझा गरेका छन्❤️ एआईबाट परम्परागत नेपाली विवाहको पोशाकमा दुलहीको चित्र बनाउने ट्यूटोरियल✍️ | एआई मार्फत परम्परागत नेपाली विवाहको पोशाकमा दुलहीको चित्र सिर्जना गर्ने गाइड🤳 एआई प्रयोग गरी परम्परागत नेपाली विवाहको पोशाक लगाएकी दुलहीको चित्र बनाउनुहोस्✍️🤳 | एआईबाट परम्परागत नेपाली विवाहको पोशाकमा दुलहीको चित्र निर्माण गर्नुहोस्💖 hypic फोटो सम्पादनलाई नयाँ परिभाषा दिन्छ chatgpt मा परम्परागत नेपाली विवाहको पोशाकमा दुलहीको चित्रका लागि एआई प्रोम्प्टहरू💬 | एआई प्रयोग गरी मनमोहक माहौलसहित परम्परागत नेपाली विवाहको पोशाकमा दुलहीको चित्र बनाउनुहोस्❤️✍️ एआईबाट परम्परागत नेपाली विवाहको पोशाकमा दुलहीको चित्र बनाउने ट्यूटोरियल✍️📝 | एआईद्वारा परम्परागत नेपाली विवाहको पोशाकमा दुलहीको चित्रका विशेष प्रभाव फोटो टेम्प्लेटहरू❤️🖼️ एआई प्रयोग गरी परम्परागत नेपाली विवाहको पोशाक लगाएकी दुलहीको सुन्दर तस्वीर बनाउनुहोस्🌟 | एआईबाट परम्परागत नेपाली विवाहको पोशाकमा दुलहीको सुन्दर चित्र बनाउने ट्यूटोरियल🌟📝 एआई प्रयोग गरी मनमोहक माहौलले भरिएको परम्परागत नेपाली विवाहको पोशाकमा दुलहीको चित्र बनाउनुहोस्❤️ एआई के माध्यम से पारंपरिक नेपाली विवाह परिधान पहने हुई दुल्हन की तस्वीरें कैसे बनाएं📸 | एआई द्वारा बनाए गए विवाह पोशाक में दुल्हन के चित्र🤖 | चित्र निर्माण हेतु कृत्रिम बुद्धिमत्ता✨ | एआई की सहायता से पारंपरिक नेपाली विवाह परिधान पहने हुई दुल्हन की तस्वीरें बनाएं💖 मैं भी पारंपरिक नेपाली विवाह परिधान पहने हुई दुल्हन की तस्वीरें बनाना चाहता था, लेकिन कभी नहीं सोचा था कि एआई इतना शानदार परिणाम देगा😳 | उन्होंने एआई द्वारा बनाए गए पारंपरिक नेपाली विवाह पोशाक में दुल्हन के चित्र साझा किए❤️ एआई से पारंपरिक नेपाली विवाह परिधान में दुल्हन के चित्र बनाने का ट्यूटोरियल✍️ | एआई के जरिए पारंपरिक नेपाली विवाह परिधान में दुल्हन के चित्र बनाने का गाइड🤳 एआई के साथ पारंपरिक नेपाली विवाह परिधान पहने हुई दुल्हन के चित्र बनाएं✍️🤳 | एआई का उपयोग करके पारंपरिक नेपाली विवाह परिधान में दुल्हन के चित्र तैयार करें💖 hypic फोटो एडिटिंग को नया स्वरूप देता है chatgpt के लिए पारंपरिक नेपाली विवाह परिधान में दुल्हन के चित्र हेतु एआई प्रॉम्प्ट💬",True,Nepali,Traditional/Ethnic,0.65998
TikTok,Phase2,"#hypic #hypiccreator #Godpic @hypic_global 
How to generate images of brides in traditional Nepali wedding attire with AI📸 | AI-generated portraits of brides in wedding costumes🤖 | Artificial intelligence for image creation✨ | Create pictures of brides wearing traditional Nepali wedding outfits with AI💖
I wanted to make images of brides in traditional Nepali wedding attire, and I never expected AI could achieve such wonderful results😳 | They shared AI-generated portraits of brides in traditional Nepali wedding costumes❤️
Tutorial for creating portraits of brides in traditional Nepali wedding attire with AI✍️ | Guide to generate portraits of brides in traditional Nepali wedding outfits via AI🤳
Create portraits of brides dressed in traditional Nepali wedding attire with AI✍️🤳 | Generate portraits of brides in traditional Nepali wedding costumes using AI💖
hypic redefines photo editing
AI prompts for portraits of brides in traditional Nepali wedding attire on ChatGPT💬 | Create atmospheric portraits of brides in traditional Nepali wedding attire with AI❤️✍️
Tutorial for making portraits of brides in traditional Nepali wedding attire with AI✍️📝 | AI special effect photo templates for portraits of brides in traditional Nepali wedding costumes❤️🖼️
Create stunning images of brides in traditional Nepali wedding attire with AI🌟 | Complete tutorial for making gorgeous portraits of brides in traditional Nepali wedding outfits with AI🌟📝
Create vivid and atmospheric portraits of brides in traditional Nepali wedding attire with AI❤️
एआईबाट परम्परागत नेपाली विवाहको पोशाक लगाएकी दुलहीको तस्वीर कसरी सिर्जना गर्ने📸 | एआईबाट विवाहको पोशाकमा दुलहीको चित्र निर्माण🤖 | तस्वीर निर्माण गर्ने कृत्रिम बुद्धिमत्ता✨ | एआई प्रयोग गरी परम्परागत नेपाली विवाहको पोशाक लगाएकी दुलहीको तस्वीर बनाउनुहोस्💖
म पनि परम्परागत नेपाली विवाहको पोशाक लगाएकी दुलहीको तस्वीर बनाउन चाहन्थेँ, तर एआईले यस्तो उत्कृष्ट नतिजा दिनेछ भन्ने मैले कहिल्यै सोचेको थिइनँ😳 | उनीहरूले एआईबाट बनेका परम्परागत नेपाली विवाहको पोशाकमा दुलहीका चित्रहरू साझा गरेका छन्❤️
एआईबाट परम्परागत नेपाली विवाहको पोशाकमा दुलहीको चित्र बनाउने ट्यूटोरियल✍️ | एआई मार्फत परम्परागत नेपाली विवाहको पोशाकमा दुलहीको चित्र सिर्जना गर्ने गाइड🤳
एआई प्रयोग गरी परम्परागत नेपाली विवाहको पोशाक लगाएकी दुलहीको चित्र बनाउनुहोस्✍️🤳 | एआईबाट परम्परागत नेपाली विवाहको पोशाकमा दुलहीको चित्र निर्माण गर्नुहोस्💖
hypic फोटो सम्पादनलाई नयाँ परिभाषा दिन्छ
ChatGPT मा परम्परागत नेपाली विवाहको पोशाकमा दुलहीको चित्रका लागि एआई प्रोम्प्टहरू💬 | एआई प्रयोग गरी मनमोहक माहौलसहित परम्परागत नेपाली विवाहको पोशाकमा दुलहीको चित्र बनाउनुहोस्❤️✍️
एआईबाट परम्परागत नेपाली विवाहको पोशाकमा दुलहीको चित्र बनाउने ट्यूटोरियल✍️📝 | एआईद्वारा परम्परागत नेपाली विवाहको पोशाकमा दुलहीको चित्रका विशेष प्रभाव फोटो टेम्प्लेटहरू❤️🖼️
एआई प्रयोग गरी परम्परागत नेपाली विवाहको पोशाक लगाएकी दुलहीको सुन्दर तस्वीर बनाउनुहोस्🌟 | एआईबाट परम्परागत नेपाली विवाहको पोशाकमा दुलहीको सुन्दर चित्र बनाउने ट्यूटोरियल🌟📝
एआई प्रयोग गरी मनमोहक माहौलले भरिएको परम्परागत नेपाली विवाहको पोशाकमा दुलहीको चित्र बनाउनुहोस्❤️
एआई के माध्यम से पारंपरिक नेपाली विवाह परिधान पहने हुई दुल्हन की तस्वीरें कैसे बनाएं📸 | एआई द्वारा बनाए गए विवाह पोशाक में दुल्हन के चित्र🤖 | चित्र निर्माण हेतु कृत्रिम बुद्धिमत्ता✨ | एआई की सहायता से पारंपरिक नेपाली विवाह परिधान पहने हुई दुल्हन की तस्वीरें बनाएं💖
मैं भी पारंपरिक नेपाली विवाह परिधान पहन��� हुई दुल्हन की तस्वीरें बनाना चाहता था, लेकिन कभी नहीं सोचा था कि एआई इतना शानदार परिणाम देगा😳 | उन्होंने एआई द्वारा बनाए गए पारंपरिक नेपाली विवाह पोशाक में दुल्हन के चित्र साझा किए❤️
एआई से पारंपरिक नेपाली विवाह परिधान में दुल्हन के चित्र बनाने का ट्यूटोरियल✍️ | एआई के जरिए पारंपरिक नेपाली विवाह परिधान में दुल्हन के चित्र बनाने का गाइड🤳
एआई के साथ पारंपरिक नेपाली विवाह परिधान पहने हुई दुल्हन के चित्र बनाएं✍️🤳 | एआई का उपयोग करके पारंपरिक नेपाली विवाह परिधान में दुल्हन के चित्र तैयार करें💖
hypic फोटो एडिटिंग को नया स्वरूप देता है
ChatGPT के लिए पारंपरिक नेपाली विवाह परिधान में दुल्हन के चित्र हेतु एआई प्रॉम्प्ट💬 ",12200,140,19100,870500,2026-05-29 05:29:37+00:00,"#hypic #hypiccreator #Godpic How to generate images of brides in traditional Nepali wedding attire with AI📸 | AI-generated portraits of brides in wedding costumes🤖 | Artificial intelligence for image creation✨ | Create pictures of brides wearing traditional Nepali wedding outfits with AI💖 I wanted to make images of brides in traditional Nepali wedding attire, and I never expected AI could achieve such wonderful results😳 | They shared AI-generated portraits of brides in traditional Nepali wedding costumes❤️ Tutorial for creating portraits of brides in traditional Nepali wedding attire with AI✍️ | Guide to generate portraits of brides in traditional Nepali wedding outfits via AI🤳 Create portraits of brides dressed in traditional Nepali wedding attire with AI✍️🤳 | Generate portraits of brides in traditional Nepali wedding costumes using AI💖 hypic redefines photo editing AI prompts for portraits of brides in traditional Nepali wedding attire on ChatGPT💬 | Create atmospheric portraits of brides in traditional Nepali wedding attire with AI❤️✍️ Tutorial for making portraits of brides in traditional Nepali wedding attire with AI✍️📝 | AI special effect photo templates for portraits of brides in traditional Nepali wedding costumes❤️🖼️ Create stunning images of brides in traditional Nepali wedding attire with AI🌟 | Complete tutorial for making gorgeous portraits of brides in traditional Nepali wedding outfits with AI🌟📝 Create vivid and atmospheric portraits of brides in traditional Nepali wedding attire with AI❤️ एआईबाट परम्परागत नेपाली विवाहको पोशाक लगाएकी दुलहीको तस्वीर कसरी सिर्जना गर्ने📸 | एआईबाट विवाहको पोशाकमा दुलहीको चित्र निर्माण🤖 | तस्वीर निर्माण गर्ने कृत्रिम बुद्धिमत्ता✨ | एआई प्रयोग गरी परम्परागत नेपाली विवाहको पोशाक लगाएकी दुलहीको तस्वीर बनाउनुहोस्💖 म पनि परम्परागत नेपाली विवाहको पोशाक लगाएकी दुलहीको तस्वीर बनाउन चाहन्थेँ, तर एआईले यस्तो उत्कृष्ट नतिजा दिनेछ भन्ने मैले कहिल्यै सोचेको थिइनँ😳 | उनीहरूले एआईबाट बनेका परम्परागत नेपाली विवाहको पोशाकमा दुलहीका चित्रहरू साझा गरेका छन्❤️ एआईबाट परम्परागत नेपाली विवाहको पोशाकमा दुलहीको चित्र बनाउने ट्यूटोरियल✍️ | एआई मार्फत परम्परागत नेपाली विवाहको पोशाकमा दुलहीको चित्र सिर्जना गर्ने गाइड🤳 एआई प्रयोग गरी परम्परागत नेपाली विवाहको पोशाक लगाएकी दुलहीको चित्र बनाउनुहोस्✍️🤳 | एआईबाट परम्परागत नेपाली विवाहको पोशाकमा दुलहीको चित्र निर्माण गर्नुहोस्💖 hypic फोटो सम्पादनलाई नयाँ परिभाषा दिन्छ ChatGPT मा परम्परागत नेपाली विवाहको पोशाकमा दुलहीको चित्रका लागि एआई प्रोम्प्टहरू💬 | एआई प्रयोग गरी मनमोहक माहौलसहित परम्परागत नेपाली विवाहको पोशाकमा दुलहीको चित्र बनाउनुहोस्❤️✍️ एआईबाट परम्परागत नेपाली विवाहको पोशाकमा दुलहीको चित्र बनाउने ट्यूटोरियल✍️📝 | एआईद्वारा परम्परागत नेपाली विवाहको पोशाकमा दुलहीको चित्रका विशेष प्रभाव फोटो टेम्प्लेटहरू❤️🖼️ एआई प्रयोग गरी परम्परागत नेपाली विवाहको पोशाक लगाएकी दुलहीको सुन्दर तस्वीर बनाउनुहोस्🌟 | एआईबाट परम्परागत नेपाली विवाहको पोशाकमा दुलहीको सुन्दर चित्र बनाउने ट्यूटोरियल🌟📝 एआई प्रयोग गरी मनमोहक माहौलले भरिएको परम्परागत नेपाली विवाहको पोशाकमा दुलहीको चित्र बनाउनुहोस्❤️ एआई के माध्यम से पारंपरिक नेपाली विवाह परिधान पहने हुई दुल्हन की तस्वीरें कैसे बनाएं📸 | एआई द्वारा बनाए गए विवाह पोशाक में दुल्हन के चित्र🤖 | चित्र निर्माण हेतु कृत्रिम बुद्धिमत्ता✨ | एआई की सहायता से पारंपरिक नेपाली विवाह परिधान पहने हुई दुल्हन की तस्वीरें बनाएं💖 मैं भी पारंपरिक नेपाली विवाह परिधान पहन��� हुई दुल्हन की तस्वीरें बनाना चाहता था, लेकिन कभी नहीं सोचा था कि एआई इतना शानदार परिणाम देगा😳 | उन्होंने एआई द्वारा बनाए गए पारंपरिक नेपाली विवाह पोशाक में दुल्हन के चित्र साझा किए❤️ एआई से पारंपरिक नेपाली विवाह परिधान में दुल्हन के चित्र बनाने का ट्यूटोरियल✍️ | एआई के जरिए पारंपरिक नेपाली विवाह परिधान में दुल्हन के चित्र बनाने का गाइड🤳 एआई के साथ पारंपरिक नेपाली विवाह परिधान पहने हुई दुल्हन के चित्र बनाएं✍️🤳 | एआई का उपयोग करके पारंपरिक नेपाली विवाह परिधान में दुल्हन के चित्र तैयार करें💖 hypic फोटो एडिटिंग को नया स्वरूप देता है ChatGPT के लिए पारंपरिक नेपाली विवाह परिधान में दुल्हन के चित्र हेतु एआई प्रॉम्प्ट💬","#hypic #hypiccreator #godpic how to generate images of brides in traditional nepali wedding attire with ai📸 | ai-generated portraits of brides in wedding costumes🤖 | artificial intelligence for image creation✨ | create pictures of brides wearing traditional nepali wedding outfits with ai💖 i wanted to make images of brides in traditional nepali wedding attire, and i never expected ai could achieve such wonderful results😳 | they shared ai-generated portraits of brides in traditional nepali wedding costumes❤️ tutorial for creating portraits of brides in traditional nepali wedding attire with ai✍️ | guide to generate portraits of brides in traditional nepali wedding outfits via ai🤳 create portraits of brides dressed in traditional nepali wedding attire with ai✍️🤳 | generate portraits of brides in traditional nepali wedding costumes using ai💖 hypic redefines photo editing ai prompts for portraits of brides in traditional nepali wedding attire on chatgpt💬 | create atmospheric portraits of brides in traditional nepali wedding attire with ai❤️✍️ tutorial for making portraits of brides in traditional nepali wedding attire with ai✍️📝 | ai special effect photo templates for portraits of brides in traditional nepali wedding costumes❤️🖼️ create stunning images of brides in traditional nepali wedding attire with ai🌟 | complete tutorial for making gorgeous portraits of brides in traditional nepali wedding outfits with ai🌟📝 create vivid and atmospheric portraits of brides in traditional nepali wedding attire with ai❤️ एआईबाट परम्परागत नेपाली विवाहको पोशाक लगाएकी दुलहीको तस्वीर कसरी सिर्जना गर्ने📸 | एआईबाट विवाहको पोशाकमा दुलहीको चित्र निर्माण🤖 | तस्वीर निर्माण गर्ने कृत्रिम बुद्धिमत्ता✨ | एआई प्रयोग गरी परम्परागत नेपाली विवाहको पोशाक लगाएकी दुलहीको तस्वीर बनाउनुहोस्💖 म पनि परम्परागत नेपाली विवाहको पोशाक लगाएकी दुलहीको तस्वीर बनाउन चाहन्थेँ, तर एआईले यस्तो उत्कृष्ट नतिजा दिनेछ भन्ने मैले कहिल्यै सोचेको थिइनँ😳 | उनीहरूले एआईबाट बनेका परम्परागत नेपाली विवाहको पोशाकमा दुलहीका चित्रहरू साझा गरेका छन्❤️ एआईबाट परम्परागत नेपाली विवाहको पोशाकमा दुलहीको चित्र बनाउने ट्यूटोरियल✍️ | एआई मार्फत परम्परागत नेपाली विवाहको पोशाकमा दुलहीको चित्र सिर्जना गर्ने गाइड🤳 एआई प्रयोग गरी परम्परागत नेपाली विवाहको पोशाक लगाएकी दुलहीको चित्र बनाउनुहोस्✍️🤳 | एआईबाट परम्परागत नेपाली विवाहको पोशाकमा दुलहीको चित्र निर्माण गर्नुहोस्💖 hypic फोटो सम्पादनलाई नयाँ परिभाषा दिन्छ chatgpt मा परम्परागत नेपाली विवाहको पोशाकमा दुलहीको चित्रका लागि एआई प्रोम्प्टहरू💬 | एआई प्रयोग गरी मनमोहक माहौलसहित परम्परागत नेपाली विवाहको पोशाकमा दुलहीको चित्र बनाउनुहोस्❤️✍️ एआईबाट परम्परागत नेपाली विवाहको पोशाकमा दुलहीको चित्र बनाउने ट्यूटोरियल✍️📝 | एआईद्वारा परम्परागत नेपाली विवाहको पोशाकमा दुलहीको चित्रका विशेष प्रभाव फोटो टेम्प्लेटहरू❤️🖼️ एआई प्रयोग गरी परम्परागत नेपाली विवाहको पोशाक लगाएकी दुलहीको सुन्दर तस्वीर बनाउनुहोस्🌟 | एआईबाट परम्परागत नेपाली विवाहको पोशाकमा दुलहीको सुन्दर चित्र बनाउने ट्यूटोरियल🌟📝 एआई प्रयोग गरी मनमोहक माहौलले भरिएको परम्परागत नेपाली विवाहको पोशाकमा दुलहीको चित्र बनाउनुहोस्❤️ एआई के माध्यम से पारंपरिक नेपाली विवाह परिधान पहने हुई दुल्हन की तस्वीरें कैसे बनाएं📸 | एआई द्वारा बनाए गए विवाह पोशाक में दुल्हन के चित्र🤖 | चित्र निर्माण हेतु कृत्रिम बुद्धिमत्ता✨ | एआई की सहायता से पारंपरिक नेपाली विवाह परिधान पहने हुई दुल्हन की तस्वीरें बनाएं💖 मैं भी पारंपरिक नेपाली विवाह परिधान पहन��� हुई दुल्हन की तस्वीरें बनाना चाहता था, लेकिन कभी नहीं सोचा था कि एआई इतना शानदार परिणाम देगा😳 | उन्होंने एआई द्वारा बनाए गए पारंपरिक नेपाली विवाह पोशाक में दुल्हन के चित्र साझा किए❤️ एआई से पारंपरिक नेपाली विवाह परिधान में दुल्हन के चित्र बनाने का ट्यूटोरियल✍️ | एआई के जरिए पारंपरिक नेपाली विवाह परिधान में दुल्हन के चित्र बनाने का गाइड🤳 एआई के साथ पारंपरिक नेपाली विवाह परिधान पहने हुई दुल्हन के चित्र बनाएं✍️🤳 | एआई का उपयोग करके पारंपरिक नेपाली विवाह परिधान में दुल्हन के चित्र तैयार करें💖 hypic फोटो एडिटिंग को नया स्वरूप देता है chatgpt के लिए पारंपरिक नेपाली विवाह परिधान में दुल्हन के चित्र हेतु एआई प्रॉम्प्ट💬",True,Nepali,Traditional/Ethnic,0.72905
TikTok,Phase2,Wowww what a day? #internationalcouple #nepaliwedding #nepalibride ,66900,382,2540,1000000,2026-05-20 16:45:14+00:00,Wowww what a day? #internationalcouple #nepaliwedding #nepalibride,wowww what a day? #internationalcouple #nepaliwedding #nepalibride,True,English,Traditional/Ethnic,0.8146000000000001
TikTok,Phase2,Me as a nepali bride🥹#chatgpt#nepalibridelook#fypシ゚viral ,1576,38,1201,216400,2026-05-27 02:38:23+00:00,Me as a nepali bride🥹#chatgpt#nepalibridelook#fypシ゚viral,me as a nepali bride🥹#chatgpt#nepalibridelook#fypシ゚viral,True,English,Traditional/Ethnic,0.29608
TikTok,Phase2,"Your veil is NOT your ghumto 👀 Nepali bride edition❤️✨

#Nepalibrides #Weddingtips #nepaliwedding #2026brides #Nepal ",3708,37,446,138500,2026-03-04 16:21:24+00:00,Your veil is NOT your ghumto 👀 Nepali bride edition❤️✨ #Nepalibrides #Weddingtips #nepaliwedding #2026brides #Nepal,your veil is not your ghumto 👀 nepali bride edition❤️✨ #nepalibrides #weddingtips #nepaliwedding #2026brides #nepal,True,English,Traditional/Ethnic,0.26247
TikTok,Phase2,"That afterparty to remember 💃
#nepalibride #afterparty #nepaliwedding ",912,15,258,70300,2026-05-03 14:37:55+00:00,That afterparty to remember 💃 #nepalibride #afterparty #nepaliwedding,that afterparty to remember 💃 #nepalibride #afterparty #nepaliwedding,True,English,Traditional/Ethnic,0.09961
TikTok,Phase2,"#hypic #hypiccreator #Godpic @hypic_global @HypicVietnam @HypicBrazil Create vivid and atmospheric portraits of brides in traditional Nepali wedding attire with AI❤️ AI-generated portraits of brides in wedding costumes🤖 How to generate images of brides in traditional Nepali wedding attire with AI📸 Tutorial for creating portraits of brides in traditional Nepali wedding attire with AI✍️ I wanted to make images of brides in traditional Nepali wedding attire, and I never expected AI could achieve such wonderful results😳 Hypic redefines photo editing AI prompts for portraits of brides in traditional Nepali wedding attire on ChatGPT💬 Create portraits of brides dressed in traditional Nepali wedding attire with AI✍️🤳 AI special effect photo templates for portraits of brides in traditional Nepali wedding costumes❤️🖼️ Guide to generate portraits of brides in traditional Nepali wedding outfits via AI🤳 Create stunning images of brides in traditional Nepali wedding attire with AI🌟 Complete tutorial for making gorgeous portraits of brides in traditional Nepali wedding outfits with AI🌟📝 They shared AI-generated portraits of brides in traditional Nepali wedding costumes❤️ Create pictures of brides wearing traditional Nepali wedding outfits with AI💖 Artificial intelligence for image creation✨ Create atmospheric portraits of brides in traditional Nepali wedding attire with AI❤️✍️ Generate portraits of brides in traditional Nepali wedding costumes using AI💖 Tutorial for making portraits of brides in traditional Nepali wedding attire with AI✍️📝 एआईबाट परम्परारागत नेपाली विवावाह पोशाक लगाएकी दुलहीको तस्वीर कसरी सिर्ज गर्ने📸 hypic फोटो सम्पादनलाई नयाँ परिभा दि ChatGPT मा परम्परारागत नेपाली विवावाह पोशाकमा दुलहीको चित्र लागि एआई प्रोम्प्टम्प्टहरू💬 एआई के माध्यम से पारंपरि नेपाली विवाह परिधान पहने हु दुल्हन की तस्वीरें कैसे बनाएं📸 एआई प्रयोग गरी मनमोहक माहौलले भरिएको परम्परारागत नेपाली विवावाह पोशाकमा दुलहीको चि बनाउनुहोस्❤️ एआईबाट परम्परारागत नेपाली विवावाह पोशाकमा दुलहीको सुन्दर चि बनाउने ट्यूटोरियल🌟📝 एआईद्वा परम्परारागत नेपाली विवावाह पोशाकमा दुलहीको चित्र विशेष प्रभाव फोटो टेम्प्लेटहरू❤️🖼️ मैं भी पारंपरि नेपाली विवाह परिधान पहने हु दुल्हन की तस्वीरें बनाना चाहता था, लेकि कभी नहीं सोचा था कि एआई इतना शानदार परिणाम देगा😳 एआईबाट परम्परारागत नेपाली विवावाह पोशाकमा दुलहीको चि बनाउने ट्यूटोरियल✍️📝 एआईको प्रयोग गरी परम्परारागत नेपाली विवावाह पोशाकमा दुलहीको चि निर्माण गर्नुहो💖 एआईका साथ परम्परारागत नेपाली विवाह परिधान पहने हु दुल्हनका चि बनाएं✍️🤳 चि निर्माण हेतु कृत्रिम बुद्धि✨ एआई प्रयोग गरी परम्परारागत नेपाली विवावाह पोशाक लगाएकी दुलहीको सुन्दर तस्वीर बनाउनुहोस्🌟 तस्वीर निर्माण गर्ने कृत्रिम बुद्धि✨ उन्हों एआई द्वा बनाए गए पारंपरि नेपाली विवाह पोशाक में दुल्हन के चि साझा कि❤️ एआई प्रयोग गरी मनमोहक माहौलसहि परम्परारागत नेपाली विवावाह पोशाकमा दुलहीको चि बनाउनुहोस्❤️✍️ एआईबाट विवावाह पोशाकमा दुलहीको चि निर्माण🤖 एआई प्रयोग गरी परम्परारागत नेपाली विवावाह पोशाक लगाएकी दुलहीको तस्वीर बनाउनुहोस्💖 hypic फोटो एडिटिंग को नया स्व देता है ChatGPT के लि पारंपरि नेपाली विवाह परिधान में दुल्���न के चि हेतु एआई प्रॉ💬 एआई मार्फ परम्परारागत नेपाली विवावाह पोशाकमा दुलहीको चि सिर्ज गर्ने गाइड🤳 उनीहरूले एआईबाट बनेका परम्परारागत नेपाली विवावाह पोशाकमा दुलहीका चित्रत्रहरू साझा गरेका छन्❤️ एआईबाट परम्परारागत नेपाली विवावाह पोशाकमा दुलहीको चि बनाउने ट्यूटोरियल✍️ एआई प्रयोग गरी परम्परारागत नेपाली विवावाह पोशाक लगाएकी दुलहीको चि बनाउनुहोस्✍️🤳 म पनि परम्परारागत नेपाली विवावाह पोशाक लगाएकी दुलहीको तस्वीर बनाउन चाहन्थेँ,, तर एआईले यस्तो उत्कृष्ट नतिजा दिनेछ भन्ने मैले कहिल्यै सोचेको थिइनँ😳 एआई द्वा बनाए गए विवाह पोशाक में दुल्हन के चि🤖 एआई की सहायता से पारंपरि नेपाली विवाह परिधान पहने हु दुल्हन की तस्वीरें बनाएं💖 एआईका उपयोग करके पारंपरि नेपाली विवाह परिधान में दुल्हनका चि तैयार करें💖 एआई के जरि पारंपरि नेपाली विवाह परिधान में दुल्हन के चि बनाने का गाइड🤳 एआई से पारंपरि नेपाली विवाह परिधान में दुल्हन के चि बनाने का ट्यूटोरियल✍️ #fyp #trend ",213,5,161,13100,2026-05-31 07:11:11+00:00,"#hypic #hypiccreator #Godpic Create vivid and atmospheric portraits of brides in traditional Nepali wedding attire with AI❤️ AI-generated portraits of brides in wedding costumes🤖 How to generate images of brides in traditional Nepali wedding attire with AI📸 Tutorial for creating portraits of brides in traditional Nepali wedding attire with AI✍️ I wanted to make images of brides in traditional Nepali wedding attire, and I never expected AI could achieve such wonderful results😳 Hypic redefines photo editing AI prompts for portraits of brides in traditional Nepali wedding attire on ChatGPT💬 Create portraits of brides dressed in traditional Nepali wedding attire with AI✍️🤳 AI special effect photo templates for portraits of brides in traditional Nepali wedding costumes❤️🖼️ Guide to generate portraits of brides in traditional Nepali wedding outfits via AI🤳 Create stunning images of brides in traditional Nepali wedding attire with AI🌟 Complete tutorial for making gorgeous portraits of brides in traditional Nepali wedding outfits with AI🌟📝 They shared AI-generated portraits of brides in traditional Nepali wedding costumes❤️ Create pictures of brides wearing traditional Nepali wedding outfits with AI💖 Artificial intelligence for image creation✨ Create atmospheric portraits of brides in traditional Nepali wedding attire with AI❤️✍️ Generate portraits of brides in traditional Nepali wedding costumes using AI💖 Tutorial for making portraits of brides in traditional Nepali wedding attire with AI✍️📝 एआईबाट परम्परारागत नेपाली विवावाह पोशाक लगाएकी दुलहीको तस्वीर कसरी सिर्ज गर्ने📸 hypic फोटो सम्पादनलाई नयाँ परिभा दि ChatGPT मा परम्परारागत नेपाली विवावाह पोशाकमा दुलहीको चित्र लागि एआई प्रोम्प्टम्प्टहरू💬 एआई के माध्यम से पारंपरि नेपाली विवाह परिधान पहने हु दुल्हन की तस्वीरें कैसे बनाएं📸 एआई प्रयोग गरी मनमोहक माहौलले भरिएको परम्परारागत नेपाली विवावाह पोशाकमा दुलहीको चि बनाउनुहोस्❤️ एआईबाट परम्परारागत नेपाली विवावाह पोशाकमा दुलहीको सुन्दर चि बनाउने ट्यूटोरियल🌟📝 एआईद्वा परम्परारागत नेपाली विवावाह पोशाकमा दुलहीको चित्र विशेष प्रभाव फोटो टेम्प्लेटहरू❤️🖼️ मैं भी पारंपरि नेपाली विवाह परिधान पहने हु दुल्हन की तस्वीरें बनाना चाहता था, लेकि कभी नहीं सोचा था कि एआई इतना शानदार परिणाम देगा😳 एआईबाट परम्परारागत नेपाली विवावाह पोशाकमा दुलहीको चि बनाउने ट्यूटोरियल✍️📝 एआईको प्रयोग गरी परम्परारागत नेपाली विवावाह पोशाकमा दुलहीको चि निर्माण गर्नुहो💖 एआईका साथ परम्परारागत नेपाली विवाह परिधान पहने हु दुल्हनका चि बनाएं✍️🤳 चि निर्माण हेतु कृत्रिम बुद्धि✨ एआई प्रयोग गरी परम्परारागत नेपाली विवावाह पोशाक लगाएकी दुलहीको सुन्दर तस्वीर बनाउनुहोस्🌟 तस्वीर निर्माण गर्ने कृत्रिम बुद्धि✨ उन्हों एआई द्वा बनाए गए पारंपरि नेपाली विवाह पोशाक में दुल्हन के चि साझा कि❤️ एआई प्रयोग गरी मनमोहक माहौलसहि परम्परारागत नेपाली विवावाह पोशाकमा दुलहीको चि बनाउनुहोस्❤️✍️ एआईबाट विवावाह पोशाकमा दुलहीको चि निर्माण🤖 एआई प्रयोग गरी परम्परारागत नेपाली विवावाह पोशाक लगाएकी दुलहीको तस्वीर बनाउनुहोस्💖 hypic फोटो एडिटिंग को नया स्व देता है ChatGPT के लि पारंपरि नेपाली विवाह परिधान में दुल्���न के चि हेतु एआई प्रॉ💬 एआई मार्फ परम्परारागत नेपाली विवावाह पोशाकमा दुलहीको चि सिर्ज गर्ने गाइड🤳 उनीहरूले एआईबाट बनेका परम्परारागत नेपाली विवावाह पोशाकमा दुलहीका चित्रत्रहरू साझा गरेका छन्❤️ एआईबाट परम्परारागत नेपाली विवावाह पोशाकमा दुलहीको चि बनाउने ट्यूटोरियल✍️ एआई प्रयोग गरी परम्परारागत नेपाली विवावाह पोशाक लगाएकी दुलहीको चि बनाउनुहोस्✍️🤳 म पनि परम्परारागत नेपाली विवावाह पोशाक लगाएकी दुलहीको तस्वीर बनाउन चाहन्थेँ,, तर एआईले यस्तो उत्कृष्ट नतिजा दिनेछ भन्ने मैले कहिल्यै सोचेको थिइनँ😳 एआई द्वा बनाए गए विवाह पोशाक में दुल्हन के चि🤖 एआई की सहायता से पारंपरि नेपाली विवाह परिधान पहने हु दुल्हन की तस्वीरें बनाएं💖 एआईका उपयोग करके पारंपरि नेपाली विवाह परिधान में दुल्हनका चि तैयार करें💖 एआई के जरि पारंपरि नेपाली विवाह परिधान में दुल्हन के चि बनाने का गाइड🤳 एआई से पारंपरि नेपाली विवाह परिधान में दुल्हन के चि बनाने का ट्यूटोरियल✍️ #fyp #trend","#hypic #hypiccreator #godpic create vivid and atmospheric portraits of brides in traditional nepali wedding attire with ai❤️ ai-generated portraits of brides in wedding costumes🤖 how to generate images of brides in traditional nepali wedding attire with ai📸 tutorial for creating portraits of brides in traditional nepali wedding attire with ai✍️ i wanted to make images of brides in traditional nepali wedding attire, and i never expected ai could achieve such wonderful results😳 hypic redefines photo editing ai prompts for portraits of brides in traditional nepali wedding attire on chatgpt💬 create portraits of brides dressed in traditional nepali wedding attire with ai✍️🤳 ai special effect photo templates for portraits of brides in traditional nepali wedding costumes❤️🖼️ guide to generate portraits of brides in traditional nepali wedding outfits via ai🤳 create stunning images of brides in traditional nepali wedding attire with ai🌟 complete tutorial for making gorgeous portraits of brides in traditional nepali wedding outfits with ai🌟📝 they shared ai-generated portraits of brides in traditional nepali wedding costumes❤️ create pictures of brides wearing traditional nepali wedding outfits with ai💖 artificial intelligence for image creation✨ create atmospheric portraits of brides in traditional nepali wedding attire with ai❤️✍️ generate portraits of brides in traditional nepali wedding costumes using ai💖 tutorial for making portraits of brides in traditional nepali wedding attire with ai✍️📝 एआईबाट परम्परारागत नेपाली विवावाह पोशाक लगाएकी दुलहीको तस्वीर कसरी सिर्ज गर्ने📸 hypic फोटो सम्पादनलाई नयाँ परिभा दि chatgpt मा परम्परारागत नेपाली विवावाह पोशाकमा दुलहीको चित्र लागि एआई प्रोम्प्टम्प्टहरू💬 एआई के माध्यम से पारंपरि नेपाली विवाह परिधान पहने हु दुल्हन की तस्वीरें कैसे बनाएं📸 एआई प्रयोग गरी मनमोहक माहौलले भरिएको परम्परारागत नेपाली विवावाह पोशाकमा दुलहीको चि बनाउनुहोस्❤️ एआईबाट परम्परारागत नेपाली विवावाह पोशाकमा दुलहीको सुन्दर चि बनाउने ट्यूटोरियल🌟📝 एआईद्वा परम्परारागत नेपाली विवावाह पोशाकमा दुलहीको चित्र विशेष प्रभाव फोटो टेम्प्लेटहरू❤️🖼️ मैं भी पारंपरि नेपाली विवाह परिधान पहने हु दुल्हन की तस्वीरें बनाना चाहता था, लेकि कभी नहीं सोचा था कि एआई इतना शानदार परिणाम देगा😳 एआईबाट परम्परारागत नेपाली विवावाह पोशाकमा दुलहीको चि बनाउने ट्यूटोरियल✍️📝 एआईको प्रयोग गरी परम्परारागत नेपाली विवावाह पोशाकमा दुलहीको चि निर्माण गर्नुहो💖 एआईका साथ परम्परारागत नेपाली विवाह परिधान पहने हु दुल्हनका चि बनाएं✍️🤳 चि निर्माण हेतु कृत्रिम बुद्धि✨ एआई प्रयोग गरी परम्परारागत नेपाली विवावाह पोशाक लगाएकी दुलहीको सुन्दर तस्वीर बनाउनुहोस्🌟 तस्वीर निर्माण गर्ने कृत्रिम बुद्धि✨ उन्हों एआई द्वा बनाए गए पारंपरि नेपाली विवाह पोशाक में दुल्हन के चि साझा कि❤️ एआई प्रयोग गरी मनमोहक माहौलसहि परम्परारागत नेपाली विवावाह पोशाकमा दुलहीको चि बनाउनुहोस्❤️✍️ एआईबाट विवावाह पोशाकमा दुलहीको चि निर्माण🤖 एआई प्रयोग गरी परम्परारागत नेपाली विवावाह पोशाक लगाएकी दुलहीको तस्वीर बनाउनुहोस्💖 hypic फोटो एडिटिंग को नया स्व देता है chatgpt के लि पारंपरि नेपाली विवाह परिधान में दुल्���न के चि हेतु एआई प्रॉ💬 एआई मार्फ परम्परारागत नेपाली विवावाह पोशाकमा दुलहीको चि सिर्ज गर्ने गाइड🤳 उनीहरूले एआईबाट बनेका परम्परारागत नेपाली विवावाह पोशाकमा दुलहीका चित्रत्रहरू साझा गरेका छन्❤️ एआईबाट परम्परारागत नेपाली विवावाह पोशाकमा दुलहीको चि बनाउने ट्यूटोरियल✍️ एआई प्रयोग गरी परम्परारागत नेपाली विवावाह पोशाक लगाएकी दुलहीको चि बनाउनुहोस्✍️🤳 म पनि परम्परारागत नेपाली विवावाह पोशाक लगाएकी दुलहीको तस्वीर बनाउन चाहन्थेँ,, तर एआईले यस्तो उत्कृष्ट नतिजा दिनेछ भन्ने मैले कहिल्यै सोचेको थिइनँ😳 एआई द्वा बनाए गए विवाह पोशाक में दुल्हन के चि🤖 एआई की सहायता से पारंपरि नेपाली विवाह परिधान पहने हु दुल्हन की तस्वीरें बनाएं💖 एआईका उपयोग करके पारंपरि नेपाली विवाह परिधान में दुल्हनका चि तैयार करें💖 एआई के जरि पारंपरि नेपाली विवाह परिधान में दुल्हन के चि बनाने का गाइड🤳 एआई से पारंपरि नेपाली विवाह परिधान में दुल्हन के चि बनाने का ट्यूटोरियल✍️ #fyp #trend",True,Nepali,Traditional/Ethnic,0.04353
TikTok,Phase2,"😘How to generate images of brides in traditional Nepali wedding attire with AI📸 | AI-generated portraits of brides in wedding costumes🤖 | Artificial intelligence for image creation✨ | Create pictures of brides wearing traditional Nepali wedding outfits with AI💖 I wanted to make images of brides in traditional Nepali wedding attire, and I never expected AI could achieve such wonderful results😳 | They shared AI-generated portraits of brides in traditional Nepali wedding costumes❤️ Tutorial for creating portraits of brides in traditional Nepali wedding attire with AI✍️ | Guide to generate portraits of brides in traditional Nepali wedding outfits via AI🤳 Create portraits of brides dressed in traditional Nepali wedding attire with AI✍️🤳 | Generate portraits of brides in traditional Nepali wedding costumes using AI💖 hypic redefines photo editing AI prompts for portraits of brides in traditional Nepali wedding attire on ChatGPT💬 | Create atmospheric portraits of brides in traditional Nepali wedding attire with AI❤️✍️ Tutorial for making portraits of brides in traditional Nepali wedding attire with AI✍️📝 | AI special effect photo templates for portraits of brides in traditional Nepali wedding costumes❤️🖼️ Create stunning images of brides in traditional Nepali wedding attire with AI🌟 | Complete tutorial for making gorgeous portraits of brides in traditional Nepali wedding outfits with AI🌟📝 Create vivid and atmospheric portraits of brides in traditional Nepali wedding attire with AI❤️ एआईबाट परम्परागत नेपाली विवाहको पोशाक लगाएकी दुलहीको तस्वीर कसरी सिर्जना गर्ने📸 | एआईबाट विवाहको पोशाकमा दुलहीको चित्र निर्माण🤖 | तस्वीर निर्माण गर्ने कृत्रिम बुद्धिमत्ता✨ | एआई प्रयोग गरी परम्परागत नेपाली विवाहको पोशाक लगाएकी दुलहीको तस्वीर बनाउनुहोस्💖 म पनि परम्परागत नेपाली विवाहको पोशाक लगाएकी दुलहीको तस्वीर बनाउन चाहन्थेँ, तर एआईले यस्तो उत्कृष्ट नतिजा दिनेछ भन्ने मैले कहिल्यै सोचेको थिइनँ😳 | उनीहरूले एआईबाट बनेका परम्परागत नेपाली विवाहको पोशाकमा दुलहीका चित्रहरू साझा गरेका छन्❤️ एआईबाट परम्परागत नेपाली विवाहको पोशाकमा दुलहीको चित्र बनाउने ट्यूटोरियल✍️ | एआई मार्फत परम्परागत नेपाली विवाहको पोशाकमा दुलहीको चित्र सिर्जना गर्ने गाइड🤳 एआई प्रयोग गरी परम्परागत नेपाली विवाहको पोशाक लगाएकी दुलहीको चित्र बनाउनुहोस्✍️🤳 | एआईबाट परम्परागत नेपाली विवाहको पोशाकमा दुलहीको चित्र निर्माण गर्नुहोस्💖 hypic फोटो सम्पादनलाई नयाँ परिभाषा दिन्छ ChatGPT मा परम्परागत नेपाली विवाहको पोशाकमा दुलहीको चित्रका लागि एआई प्रोम्प्टहरू💬 | एआई प्रयोग गरी मनमोहक माहौलसहित परम्परागत नेपाली विवाहको पोशाकमा दुलहीको चित्र बनाउनुहोस्❤️✍️ एआईबाट परम्परागत नेपाली विवाहको पोशाकमा दुलहीको चित्र बनाउने ट्यूटोरियल✍️📝 | एआईद्वारा परम्परागत नेपाली विवाहको पोशाकमा दुलहीको चित्रका विशेष प्रभाव फोटो टेम्प्लेटहरू❤️🖼️ एआई प्रयोग गरी परम्परागत नेपाली विवाहको पोशाक लगाएकी दुलहीको सुन्दर तस्वीर बनाउनुहोस्🌟 | एआईबाट परम्परागत नेपाली विवाहको पोशाकमा दुलहीको सुन्दर चित्र बनाउने ट्यूटोरियल🌟📝 एआई प्रयोग गरी मनमोहक माहौलले भरिएको परम्परागत नेपाली विवाहको पोशाकमा दुलहीको चित्र बनाउनुहोस्❤️ एआई के माध्यम से पारंपरिक नेपाली विवाह परिधान पहने हुई दुल्हन की तस्वीरें कैसे बनाएं📸 | एआई द्वारा बनाए गए विवाह पोशाक में दुल्हन के चित्र🤖 | चित्र निर्माण हेतु कृत्रिम बुद्धिमत्ता✨ | एआई की सहायता से पारंपरिक नेपाली विवाह परिधान पहने हुई दुल्हन की तस्वीरें बनाएं💖 मैं भी पारंपरिक नेपाली विवाह परिधान पहने हुई दुल्हन की तस्वीरें बनाना चाहता था, लेकिन कभी नहीं सोचा था कि एआई इतना शानदार परिणाम देगा😳 | उन्होंने एआई द्वारा बनाए गए पारंपरिक नेपाली विवाह पोशाक में दुल्हन के चित्र साझा किए❤️ एआई से पारंपरिक नेपाली विवाह परिधान में दुल्हन के चित्र बनाने का ट्यूटोरियल✍️ | एआई के जरिए पारंपरिक नेपाली विवाह परिधान में दुल्हन के चित्र बनाने का गाइड🤳 एआई के साथ पारंपरिक नेपाली विवाह परिधान पहने हुई दुल्हन के चित्र बनाएं✍️🤳 | एआई का उपयोग करके पारंपरिक नेपाली विवाह परिधान में दुल्हन के चित्र तैयार करें💖 hypic फोटो एडिटिंग को नया स्वरूप देता है ChatGPT के लिए पारंपरिक नेपाली विवाह परिधान में दुल्हन के चित्र हेतु एआई प्रॉम्प्ट💬 
#hypic #hypiccreator #Godpic @hypic_global ",2429,24,2322,171000,2026-05-29 01:32:43+00:00,"😘How to generate images of brides in traditional Nepali wedding attire with AI📸 | AI-generated portraits of brides in wedding costumes🤖 | Artificial intelligence for image creation✨ | Create pictures of brides wearing traditional Nepali wedding outfits with AI💖 I wanted to make images of brides in traditional Nepali wedding attire, and I never expected AI could achieve such wonderful results😳 | They shared AI-generated portraits of brides in traditional Nepali wedding costumes❤️ Tutorial for creating portraits of brides in traditional Nepali wedding attire with AI✍️ | Guide to generate portraits of brides in traditional Nepali wedding outfits via AI🤳 Create portraits of brides dressed in traditional Nepali wedding attire with AI✍️🤳 | Generate portraits of brides in traditional Nepali wedding costumes using AI💖 hypic redefines photo editing AI prompts for portraits of brides in traditional Nepali wedding attire on ChatGPT💬 | Create atmospheric portraits of brides in traditional Nepali wedding attire with AI❤️✍️ Tutorial for making portraits of brides in traditional Nepali wedding attire with AI✍️📝 | AI special effect photo templates for portraits of brides in traditional Nepali wedding costumes❤️🖼️ Create stunning images of brides in traditional Nepali wedding attire with AI🌟 | Complete tutorial for making gorgeous portraits of brides in traditional Nepali wedding outfits with AI🌟📝 Create vivid and atmospheric portraits of brides in traditional Nepali wedding attire with AI❤️ एआईबाट परम्परागत नेपाली विवाहको पोशाक लगाएकी दुलहीको तस्वीर कसरी सिर्जना गर्ने📸 | एआईबाट विवाहको पोशाकमा दुलहीको चित्र निर्माण🤖 | तस्वीर निर्माण गर्ने कृत्रिम बुद्धिमत्ता✨ | एआई प्रयोग गरी परम्परागत नेपाली विवाहको पोशाक लगाएकी दुलहीको तस्वीर बनाउनुहोस्💖 म पनि परम्परागत नेपाली विवाहको पोशाक लगाएकी दुलहीको तस्वीर बनाउन चाहन्थेँ, तर एआईले यस्तो उत्कृष्ट नतिजा दिनेछ भन्ने मैले कहिल्यै सोचेको थिइनँ😳 | उनीहरूले एआईबाट बनेका परम्परागत नेपाली विवाहको पोशाकमा दुलहीका चित्रहरू साझा गरेका छन्❤️ एआईबाट परम्परागत नेपाली विवाहको पोशाकमा दुलहीको चित्र बनाउने ट्यूटोरियल✍️ | एआई मार्फत परम्परागत नेपाली विवाहको पोशाकमा दुलहीको चित्र सिर्जना गर्ने गाइड🤳 एआई प्रयोग गरी परम्परागत नेपाली विवाहको पोशाक लगाएकी दुलहीको चित्र बनाउनुहोस्✍️🤳 | एआईबाट परम्परागत नेपाली विवाहको पोशाकमा दुलहीको चित्र निर्माण गर्नुहोस्💖 hypic फोटो सम्पादनलाई नयाँ परिभाषा दिन्छ ChatGPT मा परम्परागत नेपाली विवाहको पोशाकमा दुलहीको चित्रका लागि एआई प्रोम्प्टहरू💬 | एआई प्रयोग गरी मनमोहक माहौलसहित परम्परागत नेपाली विवाहको पोशाकमा दुलहीको चित्र बनाउनुहोस्❤️✍️ एआईबाट परम्परागत नेपाली विवाहको पोशाकमा दुलहीको चित्र बनाउने ट्यूटोरियल✍️📝 | एआईद्वारा परम्परागत नेपाली विवाहको पोशाकमा दुलहीको चित्रका विशेष प्रभाव फोटो टेम्प्लेटहरू❤️🖼️ एआई प्रयोग गरी परम्परागत नेपाली विवाहको पोशाक लगाएकी दुलहीको सुन्दर तस्वीर बनाउनुहोस्🌟 | एआईबाट परम्परागत नेपाली विवाहको पोशाकमा दुलहीको सुन्दर चित्र बनाउने ट्यूटोरियल🌟📝 एआई प्रयोग गरी मनमोहक माहौलले भरिएको परम्परागत नेपाली विवाहको पोशाकमा दुलहीको चित्र बनाउनुहोस्❤️ एआई के माध्यम से पारंपरिक नेपाली विवाह परिधान पहने हुई दुल्हन की तस्वीरें कैसे बनाएं📸 | एआई द्वारा बनाए गए विवाह पोशाक में दुल्हन के चित्र🤖 | चित्र निर्माण हेतु कृत्रिम बुद्धिमत्ता✨ | एआई की सहायता से पारंपरिक नेपाली विवाह परिधान पहने हुई दुल्हन की तस्वीरें बनाएं💖 मैं भी पारंपरिक नेपाली विवाह परिधान पहने हुई दुल्हन की तस्वीरें बनाना चाहता था, लेकिन कभी नहीं सोचा था कि एआई इतना शानदार परिणाम देगा😳 | उन्होंने एआई द्वारा बनाए गए पारंपरिक नेपाली विवाह पोशाक में दुल्हन के चित्र साझा किए❤️ एआई से पारंपरिक नेपाली विवाह परिधान में दुल्हन के चित्र बनाने का ट्यूटोरियल✍️ | एआई के जरिए पारंपरिक नेपाली विवाह परिधान में दुल्हन के चित्र बनाने का गाइड🤳 एआई के साथ पारंपरिक नेपाली विवाह परिधान पहने हुई दुल्हन के चित्र बनाएं✍️🤳 | एआई का उपयोग करके पारंपरिक नेपाली विवाह परिधान में दुल्हन के चित्र तैयार करें💖 hypic फोटो एडिटिंग को नया स्वरूप देता है ChatGPT के लिए पारंपरिक नेपाली विवाह परिधान में दुल्हन के चित्र हेतु एआई प्रॉम्प्ट💬 #hypic #hypiccreator #Godpic","😘how to generate images of brides in traditional nepali wedding attire with ai📸 | ai-generated portraits of brides in wedding costumes🤖 | artificial intelligence for image creation✨ | create pictures of brides wearing traditional nepali wedding outfits with ai💖 i wanted to make images of brides in traditional nepali wedding attire, and i never expected ai could achieve such wonderful results😳 | they shared ai-generated portraits of brides in traditional nepali wedding costumes❤️ tutorial for creating portraits of brides in traditional nepali wedding attire with ai✍️ | guide to generate portraits of brides in traditional nepali wedding outfits via ai🤳 create portraits of brides dressed in traditional nepali wedding attire with ai✍️🤳 | generate portraits of brides in traditional nepali wedding costumes using ai💖 hypic redefines photo editing ai prompts for portraits of brides in traditional nepali wedding attire on chatgpt💬 | create atmospheric portraits of brides in traditional nepali wedding attire with ai❤️✍️ tutorial for making portraits of brides in traditional nepali wedding attire with ai✍️📝 | ai special effect photo templates for portraits of brides in traditional nepali wedding costumes❤️🖼️ create stunning images of brides in traditional nepali wedding attire with ai🌟 | complete tutorial for making gorgeous portraits of brides in traditional nepali wedding outfits with ai🌟📝 create vivid and atmospheric portraits of brides in traditional nepali wedding attire with ai❤️ एआईबाट परम्परागत नेपाली विवाहको पोशाक लगाएकी दुलहीको तस्वीर कसरी सिर्जना गर्ने📸 | एआईबाट विवाहको पोशाकमा दुलहीको चित्र निर्माण🤖 | तस्वीर निर्माण गर्ने कृत्रिम बुद्धिमत्ता✨ | एआई प्रयोग गरी परम्परागत नेपाली विवाहको पोशाक लगाएकी दुलहीको तस्वीर बनाउनुहोस्💖 म पनि परम्परागत नेपाली विवाहको पोशाक लगाएकी दुलहीको तस्वीर बनाउन चाहन्थेँ, तर एआईले यस्तो उत्कृष्ट नतिजा दिनेछ भन्ने मैले कहिल्यै सोचेको थिइनँ😳 | उनीहरूले एआईबाट बनेका परम्परागत नेपाली विवाहको पोशाकमा दुलहीका चित्रहरू साझा गरेका छन्❤️ एआईबाट परम्परागत नेपाली विवाहको पोशाकमा दुलहीको चित्र बनाउने ट्यूटोरियल✍️ | एआई मार्फत परम्परागत नेपाली विवाहको पोशाकमा दुलहीको चित्र सिर्जना गर्ने गाइड🤳 एआई प्रयोग गरी परम्परागत नेपाली विवाहको पोशाक लगाएकी दुलहीको चित्र बनाउनुहोस्✍️🤳 | एआईबाट परम्परागत नेपाली विवाहको पोशाकमा दुलहीको चित्र निर्माण गर्नुहोस्💖 hypic फोटो सम्पादनलाई नयाँ परिभाषा दिन्छ chatgpt मा परम्परागत नेपाली विवाहको पोशाकमा दुलहीको चित्रका लागि एआई प्रोम्प्टहरू💬 | एआई प्रयोग गरी मनमोहक माहौलसहित परम्परागत नेपाली विवाहको पोशाकमा दुलहीको चित्र बनाउनुहोस्❤️✍️ एआईबाट परम्परागत नेपाली विवाहको पोशाकमा दुलहीको चित्र बनाउने ट्यूटोरियल✍️📝 | एआईद्वारा परम्परागत नेपाली विवाहको पोशाकमा दुलहीको चित्रका विशेष प्रभाव फोटो टेम्प्लेटहरू❤️🖼️ एआई प्रयोग गरी परम्परागत नेपाली विवाहको पोशाक लगाएकी दुलहीको सुन्दर तस्वीर बनाउनुहोस्🌟 | एआईबाट परम्परागत नेपाली विवाहको पोशाकमा दुलहीको सुन्दर चित्र बनाउने ट्यूटोरियल🌟📝 एआई प्रयोग गरी मनमोहक माहौलले भरिएको परम्परागत नेपाली विवाहको पोशाकमा दुलहीको चित्र बनाउनुहोस्❤️ एआई के माध्यम से पारंपरिक नेपाली विवाह परिधान पहने हुई दुल्हन की तस्वीरें कैसे बनाएं📸 | एआई द्वारा बनाए गए विवाह पोशाक में दुल्हन के चित्र🤖 | चित्र निर्माण हेतु कृत्रिम बुद्धिमत्ता✨ | एआई की सहायता से पारंपरिक नेपाली विवाह परिधान पहने हुई दुल्हन की तस्वीरें बनाएं💖 मैं भी पारंपरिक नेपाली विवाह परिधान पहने हुई दुल्हन की तस्वीरें बनाना चाहता था, लेकिन कभी नहीं सोचा था कि एआई इतना शानदार परिणाम देगा😳 | उन्होंने एआई द्वारा बनाए गए पारंपरिक नेपाली विवाह पोशाक में दुल्हन के चित्र साझा किए❤️ एआई से पारंपरिक नेपाली विवाह परिधान में दुल्हन के चित्र बनाने का ट्यूटोरियल✍️ | एआई के जरिए पारंपरिक नेपाली विवाह परिधान में दुल्हन के चित्र बनाने का गाइड🤳 एआई के साथ पारंपरिक नेपाली विवाह परिधान पहने हुई दुल्हन के चित्र बनाएं✍️🤳 | एआई का उपयोग करके पारंपरिक नेपाली विवाह परिधान में दुल्हन के चित्र तैयार करें💖 hypic फोटो एडिटिंग को नया स्वरूप देता है chatgpt के लिए पारंपरिक नेपाली विवाह परिधान में दुल्हन के चित्र हेतु एआई प्रॉम्प्ट💬 #hypic #hypiccreator #godpic",True,Nepali,Traditional/Ethnic,0.32146
TikTok,Phase2,"Just brown girl things! 

#nepalibride #fypシ゚viral #nepaliwedding #palkimehokesawaarchalire #trending ",284,11,36,8336,2026-05-31 02:14:07+00:00,Just brown girl things! #nepalibride #fypシ゚viral #nepaliwedding #palkimehokesawaarchalire #trending,just brown girl things! #nepalibride #fypシ゚viral #nepaliwedding #palkimehokesawaarchalire #trending,True,English,Traditional/Ethnic,0.0226936
TikTok,Phase2,"Busy bride who handled each and everything by herself 😩

Ps : dallu ko fit 😍😍

Thanks for watching 😍
See you in next video 🫶🏻

#nepaligirl #nepaliwedding #foryou #fypnepal #nepaliweddingculture ",14400,24,74,267400,2026-05-15 01:24:53+00:00,Busy bride who handled each and everything by herself 😩 Ps : dallu ko fit 😍😍 Thanks for watching 😍 See you in next video 🫶🏻 #nepaligirl #nepaliwedding #foryou #fypnepal #nepaliweddingculture,busy bride who handled each and everything by herself 😩 ps : dallu ko fit 😍😍 thanks for watching 😍 see you in next video 🫶🏻 #nepaligirl #nepaliwedding #foryou #fypnepal #nepaliweddingculture,True,English,Traditional/Ethnic,0.44873999999999997
TikTok,Phase2,"#hypic #hypiccreator #Godpic @hypic_global  How to generate images of brides in traditional Nepali wedding attire with AI📸 | AI-generated portraits of brides in wedding costumes🤖 | Artificial intelligence for image creation✨ | Create pictures of brides wearing traditional Nepali wedding outfits with AI💖 I wanted to make images of brides in traditional Nepali wedding attire, and I never expected AI could achieve such wonderful results😳 | They shared AI-generated portraits of brides in traditional Nepali wedding costumes❤️ Tutorial for creating portraits of brides in traditional Nepali wedding attire with AI✍️ | Guide to generate portraits of brides in traditional Nepali wedding outfits via AI🤳 Create portraits of brides dressed in traditional Nepali wedding attire with AI✍️🤳 | Generate portraits of brides in traditional Nepali wedding costumes using AI💖 hypic redefines photo editing AI prompts for portraits of brides in traditional Nepali wedding attire on ChatGPT💬 | Create atmospheric portraits of brides in traditional Nepali wedding attire with AI❤️✍️ Tutorial for making portraits of brides in traditional Nepali wedding attire with AI✍️📝 | AI special effect photo templates for portraits of brides in traditional Nepali wedding costumes❤️🖼️ Create stunning images of brides in traditional Nepali wedding attire with AI🌟 | Complete tutorial for making gorgeous portraits of brides in traditional Nepali wedding outfits with AI🌟📝 Create vivid and atmospheric portraits of brides in traditional Nepali wedding attire with AI❤️ एआईबाट परम्परागत नेपाली विवाहको पोशाक लगाएकी दुलहीको तस्वीर कसरी सिर्जना गर्ने📸 | एआईबाट विवाहको पोशाकमा दुलहीको चित्र निर्माण🤖 | तस्वीर निर्माण गर्ने कृत्रिम बुद्धिमत्ता✨ | एआई प्रयोग गरी परम्परागत नेपाली विवाहको पोशाक लगाएकी दुलहीको तस्वीर बनाउनुहोस्💖 म पनि परम्परागत नेपाली विवाहको पोशाक लगाएकी दुलहीको तस्वीर बनाउन चाहन्थेँ, तर एआईले यस्तो उत्कृष्ट नतिजा दिनेछ भन्ने मैले कहिल्यै सोचेको थिइनँ😳 | उनीहरूले एआईबाट बनेका परम्परागत नेपाली विवाहको पोशाकमा दुलहीका चित्रहरू साझा गरेका छन्❤️ एआईबाट परम्परागत नेपाली विवाहको पोशाकमा दुलहीको चित्र बनाउने ट्यूटोरियल✍️ | एआई मार्फत परम्परागत नेपाली विवाहको पोशाकमा दुलहीको चित्र सिर्जना गर्ने गाइड🤳 एआई प्रयोग गरी परम्परागत नेपाली विवाहको पोशाक लगाएकी दुलहीको चित्र बनाउनुहोस्✍️🤳 | एआईबाट परम्परागत नेपाली विवाहको पोशाकमा दुलहीको चित्र निर्माण गर्नुहोस्💖 hypic फोटो सम्पादनलाई नयाँ परिभाषा दिन्छ ChatGPT मा परम्परागत नेपाली विवाहको पोशाकमा दुलहीको चित्रका लागि एआई प्रोम्प्टहरू💬 | एआई प्रयोग गरी मनमोहक माहौलसहित परम्परागत नेपाली विवाहको पोशाकमा दुलहीको चित्र बनाउनुहोस्❤️✍️ एआईबाट परम्परागत नेपाली विवाहको पोशाकमा दुलहीको चित्र बनाउने ट्यूटोरियल✍️📝 | एआईद्वारा परम्परागत नेपाली विवाहको पोशाकमा दुलहीको चित्रका विशेष प्रभाव फोटो टेम्प्लेटहरू❤️🖼️ एआई प्रयोग गरी परम्परागत नेपाली विवाहको पोशाक लगाएकी दुलहीको सुन्दर तस्वीर बनाउनुहोस्🌟 | एआईबाट परम्परागत नेपाली विवाहको पोशाकमा दुलहीको सुन्दर चित्र बनाउने ट्यूटोरियल🌟📝 एआई प्रयोग गरी मनमोहक माहौलले भरिएको परम्परागत नेपाली विवाहको पोशाकमा दुलहीको चित्र बनाउनुहोस्❤️ एआई के माध्यम से पारंपरिक नेपाली विवाह परिधान पहने हुई दुल्हन की तस्वीरें कैसे बनाएं📸 | एआई द्वारा बनाए गए विवाह पोशाक में दुल्हन के चित्र🤖 | चित्र निर्माण हेतु कृत्रिम बुद्धिमत्ता✨ | एआई की सहायता से पारंपरिक नेपाली विवाह परिधान पहने हुई दुल्हन की तस्वीरें बनाएं💖 मैं भी पारंपरिक नेपाली विवाह परिधान पहने हुई दुल्हन की तस्वीरें बनाना चाहता था, लेकिन कभी नहीं सोचा था कि एआई इतना शानदार परिणाम देगा😳 | उन्होंने एआई द्वारा बनाए गए पारंपरिक नेपाली विवाह पोशाक में दुल्हन के चित्र साझा किए❤️ एआई से पारंपरिक नेपाली विवाह परिधान में दुल्हन के चित्र बनाने का ट्यूटोरियल✍️ | एआई के जरिए पारंपरिक नेपाली विवाह परिधान में दुल्हन के चित्र बनाने का गाइड🤳 एआई के साथ पारंपरिक नेपाली विवाह परिधान पहने हुई दुल्हन के चित्र बनाएं✍️🤳 | एआई का उपयोग करके पारंपरिक नेपाली विवाह परिधान में दुल्हन के चित्र तैयार करें💖 hypic फोटो एडिटिंग को नया स्वरूप देता है ChatGPT के लिए पारंपरिक नेपाली विवाह परिधान में दुल्हन के चित्र हेतु एआई प्रॉम्प्ट💬 ",1909,36,2889,163800,2026-05-29 18:14:33+00:00,"#hypic #hypiccreator #Godpic How to generate images of brides in traditional Nepali wedding attire with AI📸 | AI-generated portraits of brides in wedding costumes🤖 | Artificial intelligence for image creation✨ | Create pictures of brides wearing traditional Nepali wedding outfits with AI💖 I wanted to make images of brides in traditional Nepali wedding attire, and I never expected AI could achieve such wonderful results😳 | They shared AI-generated portraits of brides in traditional Nepali wedding costumes❤️ Tutorial for creating portraits of brides in traditional Nepali wedding attire with AI✍️ | Guide to generate portraits of brides in traditional Nepali wedding outfits via AI🤳 Create portraits of brides dressed in traditional Nepali wedding attire with AI✍️🤳 | Generate portraits of brides in traditional Nepali wedding costumes using AI💖 hypic redefines photo editing AI prompts for portraits of brides in traditional Nepali wedding attire on ChatGPT💬 | Create atmospheric portraits of brides in traditional Nepali wedding attire with AI❤️✍️ Tutorial for making portraits of brides in traditional Nepali wedding attire with AI✍️📝 | AI special effect photo templates for portraits of brides in traditional Nepali wedding costumes❤️🖼️ Create stunning images of brides in traditional Nepali wedding attire with AI🌟 | Complete tutorial for making gorgeous portraits of brides in traditional Nepali wedding outfits with AI🌟📝 Create vivid and atmospheric portraits of brides in traditional Nepali wedding attire with AI❤️ एआईबाट परम्परागत नेपाली विवाहको पोशाक लगाएकी दुलहीको तस्वीर कसरी सिर्जना गर्ने📸 | एआईबाट विवाहको पोशाकमा दुलहीको चित्र निर्माण🤖 | तस्वीर निर्माण गर्ने कृत्रिम बुद्धिमत्ता✨ | एआई प्रयोग गरी परम्परागत नेपाली विवाहको पोशाक लगाएकी दुलहीको तस्वीर बनाउनुहोस्💖 म पनि परम्परागत नेपाली विवाहको पोशाक लगाएकी दुलहीको तस्वीर बनाउन चाहन्थेँ, तर एआईले यस्तो उत्कृष्ट नतिजा दिनेछ भन्ने मैले कहिल्यै सोचेको थिइनँ😳 | उनीहरूले एआईबाट बनेका परम्परागत नेपाली विवाहको पोशाकमा दुलहीका चित्रहरू साझा गरेका छन्❤️ एआईबाट परम्परागत नेपाली विवाहको पोशाकमा दुलहीको चित्र बनाउने ट्यूटोरियल✍️ | एआई मार्फत परम्परागत नेपाली विवाहको पोशाकमा दुलहीको चित्र सिर्जना गर्ने गाइड🤳 एआई प्रयोग गरी परम्परागत नेपाली विवाहको पोशाक लगाएकी दुलहीको चित्र बनाउनुहोस्✍️🤳 | एआईबाट परम्परागत नेपाली विवाहको पोशाकमा दुलहीको चित्र निर्माण गर्नुहोस्💖 hypic फोटो सम्पादनलाई नयाँ परिभाषा दिन्छ ChatGPT मा परम्परागत नेपाली विवाहको पोशाकमा दुलहीको चित्रका लागि एआई प्रोम्प्टहरू💬 | एआई प्रयोग गरी मनमोहक माहौलसहित परम्परागत नेपाली विवाहको पोशाकमा दुलहीको चित्र बनाउनुहोस्❤️✍️ एआईबाट परम्परागत नेपाली विवाहको पोशाकमा दुलहीको चित्र बनाउने ट्यूटोरियल✍️📝 | एआईद्वारा परम्परागत नेपाली विवाहको पोशाकमा दुलहीको चित्रका विशेष प्रभाव फोटो टेम्प्लेटहरू❤️🖼️ एआई प्रयोग गरी परम्परागत नेपाली विवाहको पोशाक लगाएकी दुलहीको सुन्दर तस्वीर बनाउनुहोस्🌟 | एआईबाट परम्परागत नेपाली विवाहको पोशाकमा दुलहीको सुन्दर चित्र बनाउने ट्यूटोरियल🌟📝 एआई प्रयोग गरी मनमोहक माहौलले भरिएको परम्परागत नेपाली विवाहको पोशाकमा दुलहीको चित्र बनाउनुहोस्❤️ एआई के माध्यम से पारंपरिक नेपाली विवाह परिधान पहने हुई दुल्हन की तस्वीरें कैसे बनाएं📸 | एआई द्वारा बनाए गए विवाह पोशाक में दुल्हन के चित्र🤖 | चित्र निर्माण हेतु कृत्रिम बुद्धिमत्ता✨ | एआई की सहायता से पारंपरिक नेपाली विवाह परिधान पहने हुई दुल्हन की तस्वीरें बनाएं💖 मैं भी पारंपरिक नेपाली विवाह परिधान पहने हुई दुल्हन की तस्वीरें बनाना चाहता था, लेकिन कभी नहीं सोचा था कि एआई इतना शानदार परिणाम देगा😳 | उन्होंने एआई द्वारा बनाए गए पारंपरिक नेपाली विवाह पोशाक में दुल्हन के चित्र साझा किए❤️ एआई से पारंपरिक नेपाली विवाह परिधान में दुल्हन के चित्र बनाने का ट्यूटोरियल✍️ | एआई के जरिए पारंपरिक नेपाली विवाह परिधान में दुल्हन के चित्र बनाने का गाइड🤳 एआई के साथ पारंपरिक नेपाली विवाह परिधान पहने हुई दुल्हन के चित्र बनाएं✍️🤳 | एआई का उपयोग करके पारंपरिक नेपाली विवाह परिधान में दुल्हन के चित्र तैयार करें💖 hypic फोटो एडिटिंग को नया स्वरूप देता है ChatGPT के लिए पारंपरिक नेपाली विवाह परिधान में दुल्हन के चित्र हेतु एआई प्रॉम्प्ट💬","#hypic #hypiccreator #godpic how to generate images of brides in traditional nepali wedding attire with ai📸 | ai-generated portraits of brides in wedding costumes🤖 | artificial intelligence for image creation✨ | create pictures of brides wearing traditional nepali wedding outfits with ai💖 i wanted to make images of brides in traditional nepali wedding attire, and i never expected ai could achieve such wonderful results😳 | they shared ai-generated portraits of brides in traditional nepali wedding costumes❤️ tutorial for creating portraits of brides in traditional nepali wedding attire with ai✍️ | guide to generate portraits of brides in traditional nepali wedding outfits via ai🤳 create portraits of brides dressed in traditional nepali wedding attire with ai✍️🤳 | generate portraits of brides in traditional nepali wedding costumes using ai💖 hypic redefines photo editing ai prompts for portraits of brides in traditional nepali wedding attire on chatgpt💬 | create atmospheric portraits of brides in traditional nepali wedding attire with ai❤️✍️ tutorial for making portraits of brides in traditional nepali wedding attire with ai✍️📝 | ai special effect photo templates for portraits of brides in traditional nepali wedding costumes❤️🖼️ create stunning images of brides in traditional nepali wedding attire with ai🌟 | complete tutorial for making gorgeous portraits of brides in traditional nepali wedding outfits with ai🌟📝 create vivid and atmospheric portraits of brides in traditional nepali wedding attire with ai❤️ एआईबाट परम्परागत नेपाली विवाहको पोशाक लगाएकी दुलहीको तस्वीर कसरी सिर्जना गर्ने📸 | एआईबाट विवाहको पोशाकमा दुलहीको चित्र निर्माण🤖 | तस्वीर निर्माण गर्ने कृत्रिम बुद्धिमत्ता✨ | एआई प्रयोग गरी परम्परागत नेपाली विवाहको पोशाक लगाएकी दुलहीको तस्वीर बनाउनुहोस्💖 म पनि परम्परागत नेपाली विवाहको पोशाक लगाएकी दुलहीको तस्वीर बनाउन चाहन्थेँ, तर एआईले यस्तो उत्कृष्ट नतिजा दिनेछ भन्ने मैले कहिल्यै सोचेको थिइनँ😳 | उनीहरूले एआईबाट बनेका परम्परागत नेपाली विवाहको पोशाकमा दुलहीका चित्रहरू साझा गरेका छन्❤️ एआईबाट परम्परागत नेपाली विवाहको पोशाकमा दुलहीको चित्र बनाउने ट्यूटोरियल✍️ | एआई मार्फत परम्परागत नेपाली विवाहको पोशाकमा दुलहीको चित्र सिर्जना गर्ने गाइड🤳 एआई प्रयोग गरी परम्परागत नेपाली विवाहको पोशाक लगाएकी दुलहीको चित्र बनाउनुहोस्✍️🤳 | एआईबाट परम्परागत नेपाली विवाहको पोशाकमा दुलहीको चित्र निर्माण गर्नुहोस्💖 hypic फोटो सम्पादनलाई नयाँ परिभाषा दिन्छ chatgpt मा परम्परागत नेपाली विवाहको पोशाकमा दुलहीको चित्रका लागि एआई प्रोम्प्टहरू💬 | एआई प्रयोग गरी मनमोहक माहौलसहित परम्परागत नेपाली विवाहको पोशाकमा दुलहीको चित्र बनाउनुहोस्❤️✍️ एआईबाट परम्परागत नेपाली विवाहको पोशाकमा दुलहीको चित्र बनाउने ट्यूटोरियल✍️📝 | एआईद्वारा परम्परागत नेपाली विवाहको पोशाकमा दुलहीको चित्रका विशेष प्रभाव फोटो टेम्प्लेटहरू❤️🖼️ एआई प्रयोग गरी परम्परागत नेपाली विवाहको पोशाक लगाएकी दुलहीको सुन्दर तस्वीर बनाउनुहोस्🌟 | एआईबाट परम्परागत नेपाली विवाहको पोशाकमा दुलहीको सुन्दर चित्र बनाउने ट्यूटोरियल🌟📝 एआई प्रयोग गरी मनमोहक माहौलले भरिएको परम्परागत नेपाली विवाहको पोशाकमा दुलहीको चित्र बनाउनुहोस्❤️ एआई के माध्यम से पारंपरिक नेपाली विवाह परिधान पहने हुई दुल्हन की तस्वीरें कैसे बनाएं📸 | एआई द्वारा बनाए गए विवाह पोशाक में दुल्हन के चित्र🤖 | चित्र निर्माण हेतु कृत्रिम बुद्धिमत्ता✨ | एआई की सहायता से पारंपरिक नेपाली विवाह परिधान पहने हुई दुल्हन की तस्वीरें बनाएं💖 मैं भी पारंपरिक नेपाली विवाह परिधान पहने हुई दुल्हन की तस्वीरें बनाना चाहता था, लेकिन कभी नहीं सोचा था कि एआई इतना शानदार परिणाम देगा😳 | उन्होंने एआई द्वारा बनाए गए पारंपरिक नेपाली विवाह पोशाक में दुल्हन के चित्र साझा किए❤️ एआई से पारंपरिक नेपाली विवाह परिधान में दुल्हन के चित्र बनाने का ट्यूटोरियल✍️ | एआई के जरिए पारंपरिक नेपाली विवाह परिधान में दुल्हन के चित्र बनाने का गाइड🤳 एआई के साथ पारंपरिक नेपाली विवाह परिधान पहने हुई दुल्हन के चित्र बनाएं✍️🤳 | एआई का उपयोग करके पारंपरिक नेपाली विवाह परिधान में दुल्हन के चित्र तैयार करें💖 hypic फोटो एडिटिंग को नया स्वरूप देता है chatgpt के लिए पारंपरिक नेपाली विवाह परिधान में दुल्हन के चित्र हेतु एआई प्रॉम्प्ट💬",True,Nepali,Traditional/Ethnic,0.30354000000000003
TikTok,Phase2,"The colours, the textures, the way each piece just belongs.
Not made to stand out for a moment 
but to stay in your wardrobe for a long time.

You don’t try too hard here.
You just pick what feels like you. #fashiondiaries #kathmandu #onlineboutique #aestheticstore #fypage ",1441,8,331,34500,2026-04-28 09:41:02+00:00,"The colours, the textures, the way each piece just belongs. Not made to stand out for a moment but to stay in your wardrobe for a long time. You don’t try too hard here. You just pick what feels like you. #fashiondiaries #kathmandu #onlineboutique #aestheticstore #fypage","the colours, the textures, the way each piece just belongs. not made to stand out for a moment but to stay in your wardrobe for a long time. you don’t try too hard here. you just pick what feels like you. #fashiondiaries #kathmandu #onlineboutique #aestheticstore #fypage",True,English,General Fashion,0.12969000000000003
TikTok,Phase2,"Nepali baddie, Pisa edition 💅🤓✨

#ootd #traveldiaries #pisaitaly #fashioninspo #nepalibaddie ",172,21,4,2438,2026-04-10 22:19:11+00:00,"Nepali baddie, Pisa edition 💅🤓✨ #ootd #traveldiaries #pisaitaly #fashioninspo #nepalibaddie","nepali baddie, pisa edition 💅🤓✨ #ootd #traveldiaries #pisaitaly #fashioninspo #nepalibaddie",True,English,General Fashion,0.014223800000000002
TikTok,Phase2,"Day 10 of finding the BEST fits in Nepali clothing stores 🇳🇵🔥
Today’s stop: @HANGGER YOUR STYLE YOUR STORE , Kumaripati 👀
Ngl… the collection was actually HARD 😮‍💨
Which fit are you choosing?👇

#nepalifashion #streetwearnepal #mensfashion #summerfit ",738,4,101,24100,2026-05-19 13:04:21+00:00,"Day 10 of finding the BEST fits in Nepali clothing stores 🇳🇵🔥 Today’s stop: YOUR STYLE YOUR STORE , Kumaripati 👀 Ngl… the collection was actually HARD 😮‍💨 Which fit are you choosing?👇 #nepalifashion #streetwearnepal #mensfashion #summerfit","day 10 of finding the best fits in nepali clothing stores 🇳🇵🔥 today’s stop: your style your store , kumaripati 👀 ngl… the collection was actually hard 😮‍💨 which fit are you choosing?👇 #nepalifashion #streetwearnepal #mensfashion #summerfit",True,English,Western/Casual,0.05333000000000001
TikTok,Phase2,Which Outfit Stole the Show? 🇳🇵✨ Nepali Style in Sydney! #NepaliCulture #FashionTrends #SydneyDiaries #fyp #viral #pov #story #tiktok #fypシ #nepali #nepaltube #foryou #culture #storytime #australia #nepal,15,0,0,569,2026-05-31 18:25:43+00:00,Which Outfit Stole the Show? 🇳🇵✨ Nepali Style in Sydney! #NepaliCulture #FashionTrends #SydneyDiaries #fyp #viral #pov #story #tiktok #fypシ #nepali #nepaltube #foryou #culture #storytime #australia #nepal,which outfit stole the show? 🇳🇵✨ nepali style in sydney! #nepaliculture #fashiontrends #sydneydiaries #fyp #viral #pov #story #tiktok #fypシ #nepali #nepaltube #foryou #culture #storytime #australia #nepal,True,English,General Fashion,0.0006569000000000001
TikTok,Phase2,"90’s style Handwork Kurti set✨
Size 34-42🌸💗 
#90skurthi #handworkkurti #nepaliwedding #nepalitiktok #fyp @Pema ",5902,32,1586,110200,2026-02-25 13:49:11+00:00,90’s style Handwork Kurti set✨ Size 34-42🌸💗 #90skurthi #handworkkurti #nepaliwedding #nepalitiktok #fyp,90’s style handwork kurti set✨ size 34-42🌸💗 #90skurthi #handworkkurti #nepaliwedding #nepalitiktok #fyp,True,English,Traditional/Ethnic,0.4567
TikTok,Phase2,Another beautiful day with my dearest colleague frn@saku✨ #ootd #nepaldiaries #outfitcheck #foryourpage #suzata ,86,5,1,1267,2026-05-23 02:49:40+00:00,Another beautiful day with my dearest colleague frn✨ #ootd #nepaldiaries #outfitcheck #foryourpage #suzata,another beautiful day with my dearest colleague frn✨ #ootd #nepaldiaries #outfitcheck #foryourpage #suzata,True,English,General Fashion,0.005266699999999999
TikTok,Phase2,"Last minute fit…I lost my top 🤣🥹
#ootd #nepaldiaries #casualfit ",323,60,4,1600,2026-05-21 10:03:31+00:00,Last minute fit…I lost my top 🤣🥹 #ootd #nepaldiaries #casualfit,last minute fit…i lost my top 🤣🥹 #ootd #nepaldiaries #casualfit,True,English,Western/Casual,0.03188
TikTok,Phase2,attire partner @libjucollection 💓#sakela #raidress #culture #nepali #explore ,4484,16,287,90900,2026-04-28 15:49:05+00:00,attire partner 💓#sakela #raidress #culture #nepali #explore,attire partner 💓#sakela #raidress #culture #nepali #explore,True,English,General Fashion,0.25065000000000004
TikTok,Phase2,"@aelfriceden_official 
#ootd#fashion#nepali#fyp ",15100,93,564,272000,2026-03-19 07:56:52+00:00,#ootd#fashion#nepali#fyp,#ootd#fashion#nepali#fyp,True,English,General Fashion,0.5679
TikTok,Phase2,"Love adding a little nepali touch to my everyday fits 🇳🇵♥️

#nepalitiktok #ootd #fashion #nepal #styleinspo ",42,5,0,771,2026-05-09 01:09:48+00:00,Love adding a little nepali touch to my everyday fits 🇳🇵♥️ #nepalitiktok #ootd #fashion #nepal #styleinspo,love adding a little nepali touch to my everyday fits 🇳🇵♥️ #nepalitiktok #ootd #fashion #nepal #styleinspo,True,English,Western/Casual,0.0032571
TikTok,Phase2,nepali 2000s-2010s baddie photos from Kathmanducraze.com💗 #nepal #2000s #baddie #nepali #y2k,487,3,57,10300,2026-05-11 16:05:11+00:00,nepali 2000s-2010s baddie photos from Kathmanducraze.com💗 #nepal #2000s #baddie #nepali #y2k,nepali 2000s-2010s baddie photos from kathmanducraze.com💗 #nepal #2000s #baddie #nepali #y2k,True,English,General Fashion,0.032810000000000006
TikTok,Phase2,#drafts#fyppppppppppppppppppppppp #nepalitiktok #outfit#nepaldiaries🇳🇵 ,45,10,0,380,2026-05-26 02:42:38+00:00,#drafts#fyppppppppppppppppppppppp #nepalitiktok #outfit#nepaldiaries🇳🇵,#drafts#fyppppppppppppppppppppppp #nepalitiktok #outfit#nepaldiaries🇳🇵,True,English,General Fashion,0.004838
TikTok,Phase2,#fyp #trending #nepali #fashion #ootdinspo ,122,27,11,1128,2026-05-05 03:40:40+00:00,#fyp #trending #nepali #fashion #ootdinspo,#fyp #trending #nepali #fashion #ootdinspo,True,English,General Fashion,0.0152928
TikTok,Phase2,Visit ajmera fashion for any family function or if you wanna start your own traditional clothing business 💗 prices range from premium to affordable sooo attiii dami cha hai !! 🥳 #marketinggirlie #blackbullgarments ##ajmeranepal #wholesaleprice #Ajmerainnepal ,15400,61,7589,474200,2026-04-20 02:31:15+00:00,Visit ajmera fashion for any family function or if you wanna start your own traditional clothing business 💗 prices range from premium to affordable sooo attiii dami cha hai !! 🥳 #marketinggirlie #blackbullgarments ##ajmeranepal #wholesaleprice #Ajmerainnepal,visit ajmera fashion for any family function or if you wanna start your own traditional clothing business 💗 prices range from premium to affordable sooo attiii dami cha hai !! 🥳 #marketinggirlie #blackbullgarments ##ajmeranepal #wholesaleprice #ajmerainnepal,True,English,Traditional/Ethnic,0.6657200000000001
TikTok,Phase2,"🌸

#unifit #pakistani #fashiontiktok #foryoupage #trending ",3116,40,128,29800,2026-05-19 18:34:09+00:00,🌸 #unifit #pakistani #fashiontiktok #foryoupage #trending,🌸 #unifit #pakistani #fashiontiktok #foryoupage #trending,True,English,General Fashion,0.16522000000000003
TikTok,Phase2,"🙏RABHYA COLLECTION🙏
Kindly do remember us for Traditional Nepali, Indian and Pakistani Outfits for your festival time and other special occasions. 

We are based in Melbourne, 
but have many customers from all over Australia and New Zealand. 

We do ship your support the moment you place the order with us. 
We do have varieties of trending ready to wear sari sets, Anarkali, Sarara/Garara suits, Kurtha Sets, Kids Wear, Men’s Kurtha sets, Ethnic jewellery sets and many more. 
 
☎️ 0450033376
📍Glenroy, Melbourne 
📦 Delivery Australia and New Zealand
 🛍️Simply you can also visit our store for varieties of options!
 📅Open 7 Days: 10 AM – 8 PM (By Appointment Only and depending on availability)
#FashionForWomen #creatorsearchinsights #WomenStyle #FashionTrends #WomensFashion StyleInspiration Fashionista OOTD (Outfit of the Day) FashionDiaries Rabhyafashion Rabhyawears EthnicWear Explorepage Viralpost Viralcontent FestiveFashion TraditionalBeauty SupportSmallBusiness fyp WomenOwnedBusiness nepaliwear teejfashion nepaliculture teej2024 nepaliwomen nariinsari love nepalimelbourneuser",32,0,1,1114,2026-05-21 03:23:39+00:00,"🙏RABHYA COLLECTION🙏 Kindly do remember us for Traditional Nepali, Indian and Pakistani Outfits for your festival time and other special occasions. We are based in Melbourne, but have many customers from all over Australia and New Zealand. We do ship your support the moment you place the order with us. We do have varieties of trending ready to wear sari sets, Anarkali, Sarara/Garara suits, Kurtha Sets, Kids Wear, Men’s Kurtha sets, Ethnic jewellery sets and many more. ☎️ 0450033376 📍Glenroy, Melbourne 📦 Delivery Australia and New Zealand 🛍️Simply you can also visit our store for varieties of options! 📅Open 7 Days: 10 AM – 8 PM (By Appointment Only and depending on availability) #FashionForWomen #creatorsearchinsights #WomenStyle #FashionTrends #WomensFashion StyleInspiration Fashionista OOTD (Outfit of the Day) FashionDiaries Rabhyafashion Rabhyawears EthnicWear Explorepage Viralpost Viralcontent FestiveFashion TraditionalBeauty SupportSmallBusiness fyp WomenOwnedBusiness nepaliwear teejfashion nepaliculture teej2024 nepaliwomen nariinsari love nepalimelbourneuser","🙏rabhya collection🙏 kindly do remember us for traditional nepali, indian and pakistani outfits for your festival time and other special occasions. we are based in melbourne, but have many customers from all over australia and new zealand. we do ship your support the moment you place the order with us. we do have varieties of trending ready to wear sari sets, anarkali, sarara/garara suits, kurtha sets, kids wear, men’s kurtha sets, ethnic jewellery sets and many more. ☎️ 0450033376 📍glenroy, melbourne 📦 delivery australia and new zealand 🛍️simply you can also visit our store for varieties of options! 📅open 7 days: 10 am – 8 pm (by appointment only and depending on availability) #fashionforwomen #creatorsearchinsights #womenstyle #fashiontrends #womensfashion styleinspiration fashionista ootd (outfit of the day) fashiondiaries rabhyafashion rabhyawears ethnicwear explorepage viralpost viralcontent festivefashion traditionalbeauty supportsmallbusiness fyp womenownedbusiness nepaliwear teejfashion nepaliculture teej2024 nepaliwomen nariinsari love nepalimelbourneuser",True,English,Traditional/Ethnic,0.0015914000000000002
TikTok,Phase2,"The launch was so fun 💗 
btw the pant is from @ziara.np 

#grwm #nepaligrwm #outfitideas #styleinspo",7409,58,44,209600,2026-05-17 16:41:44+00:00,The launch was so fun 💗 btw the pant is from .np #grwm #nepaligrwm #outfitideas #styleinspo,the launch was so fun 💗 btw the pant is from .np #grwm #nepaligrwm #outfitideas #styleinspo,True,English,Western/Casual,0.34352
TikTok,Phase2,"Clothing brand cafe is something new happen in the town ✨ @tsarmoire 

#tsarmoire #outfitideas #styleinspo #grwm #nepaligrwm ",5387,61,106,159700,2026-05-05 16:41:31+00:00,Clothing brand cafe is something new happen in the town ✨ #tsarmoire #outfitideas #styleinspo #grwm #nepaligrwm,clothing brand cafe is something new happen in the town ✨ #tsarmoire #outfitideas #styleinspo #grwm #nepaligrwm,True,English,Western/Casual,0.27095
TikTok,Phase2,"Such an amazing event it was 💗 @Loveface Beauty 
Dress is from @Philosofy.np which got so many compliments 🤍

#grwm #nepaligrwm #outfitideas #styleinspo ",7185,49,51,191000,2026-05-18 14:59:39+00:00,Such an amazing event it was 💗 Beauty Dress is from .np which got so many compliments 🤍 #grwm #nepaligrwm #outfitideas #styleinspo,such an amazing event it was 💗 beauty dress is from .np which got so many compliments 🤍 #grwm #nepaligrwm #outfitideas #styleinspo,True,English,Western/Casual,0.33140000000000003
TikTok,Phase2,"Naya luga for naya barsa 🤌 
In love with the top @Philosofy.np 💙

#grwm #nepaligrwm #chitchatgrwm #outfitideas #styleinspo",6880,86,76,226300,2026-04-14 18:25:50+00:00,Naya luga for naya barsa 🤌 In love with the top .np 💙 #grwm #nepaligrwm #chitchatgrwm #outfitideas #styleinspo,naya luga for naya barsa 🤌 in love with the top .np 💙 #grwm #nepaligrwm #chitchatgrwm #outfitideas #styleinspo,True,English,Western/Casual,0.33882999999999996
TikTok,Phase2,"𝐄𝐯𝐞𝐫𝐲 𝐬𝐢𝐧𝐠𝐥𝐞 𝐩𝐢𝐞𝐜𝐞 𝐲𝐨𝐮 𝐬𝐞𝐞 𝐢𝐬 𝐦𝐚𝐝𝐞 𝐛𝐲 𝐌𝐄 𝐏𝐮𝐫𝐞 𝐉𝐢𝐛𝐚𝐫𝐨 𝐨𝐛𝐬𝐞𝐬𝐬𝐢𝐨𝐧 🩸𝐇𝐚𝐧𝐝𝐦𝐚𝐝𝐞 𝐝𝐞𝐢𝐭𝐲 🌊 

#nepalitiktok #trendingvideo #outfitinspo #fashiontiktok #OOTD ",10400,337,1167,110600,2026-05-20 08:41:56+00:00,𝐄𝐯𝐞𝐫𝐲 𝐬𝐢𝐧𝐠𝐥𝐞 𝐩𝐢𝐞𝐜𝐞 𝐲𝐨𝐮 𝐬𝐞𝐞 𝐢𝐬 𝐦𝐚𝐝𝐞 𝐛𝐲 𝐌𝐄 𝐏𝐮𝐫𝐞 𝐉𝐢𝐛𝐚𝐫𝐨 𝐨𝐛𝐬𝐞𝐬𝐬𝐢𝐨𝐧 🩸𝐇𝐚𝐧𝐝𝐦𝐚𝐝𝐞 𝐝𝐞𝐢𝐭𝐲 🌊 #nepalitiktok #trendingvideo #outfitinspo #fashiontiktok #OOTD,𝐄𝐯𝐞𝐫𝐲 𝐬𝐢𝐧𝐠𝐥𝐞 𝐩𝐢𝐞𝐜𝐞 𝐲𝐨𝐮 𝐬𝐞𝐞 𝐢𝐬 𝐦𝐚𝐝𝐞 𝐛𝐲 𝐌𝐄 𝐏𝐮𝐫𝐞 𝐉𝐢𝐛𝐚𝐫𝐨 𝐨𝐛𝐬𝐞𝐬𝐬𝐢𝐨𝐧 🩸𝐇𝐚𝐧𝐝𝐦𝐚𝐝𝐞 𝐝𝐞𝐢𝐭𝐲 🌊 #nepalitiktok #trendingvideo #outfitinspo #fashiontiktok #ootd,True,English,General Fashion,0.71216
TikTok,Phase2,"90’s Hand embroidery Set✨🌷
Size 34-42 

#90skurthi #handworkkurti #nepalitrending #nepalitiktok #foryoupage @Pema ",6723,69,1570,223700,2026-05-05 13:11:27+00:00,90’s Hand embroidery Set✨🌷 Size 34-42 #90skurthi #handworkkurti #nepalitrending #nepalitiktok #foryoupage,90’s hand embroidery set✨🌷 size 34-42 #90skurthi #handworkkurti #nepalitrending #nepalitiktok #foryoupage,True,English,Traditional/Ethnic,0.51199
TikTok,Phase2,"Our gorgeous model @ishma is wearing the beautiful Newari Kurthi Top paired with traditional Dalucha earrings and our everyday Tayo necklace. Light, elegant, and effortlessly beautiful for the summer season. Whether you’re going out with friends, attending a gathering, or just wanting to feel connected to your roots, this look adds the perfect touch of  culture to your everyday outfit.
#ktmcorner #newaridress #newarni #foryou #nepaliincanada ",112,11,22,4167,2026-05-20 15:23:56+00:00,"Our gorgeous model is wearing the beautiful Newari Kurthi Top paired with traditional Dalucha earrings and our everyday Tayo necklace. Light, elegant, and effortlessly beautiful for the summer season. Whether you’re going out with friends, attending a gathering, or just wanting to feel connected to your roots, this look adds the perfect touch of culture to your everyday outfit. #ktmcorner #newaridress #newarni #foryou #nepaliincanada","our gorgeous model is wearing the beautiful newari kurthi top paired with traditional dalucha earrings and our everyday tayo necklace. light, elegant, and effortlessly beautiful for the summer season. whether you’re going out with friends, attending a gathering, or just wanting to feel connected to your roots, this look adds the perfect touch of culture to your everyday outfit. #ktmcorner #newaridress #newarni #foryou #nepaliincanada",True,English,Traditional/Ethnic,0.0125967
TikTok,Phase2,"""Modesty meets style 🌿 | Proud to offer custom clothing designed for every Nepali wardrobe.
💌 DM for orders | 📦 Delivery all over Nepal!
Sharing this idea that inspires our first collection 💛""
#CustomClothingNepal
#comfortwear 
#ModestStyle
#Comfortwear
#Elunara ",106,1,3,5297,2026-01-28 07:51:01+00:00,"""Modesty meets style 🌿 | Proud to offer custom clothing designed for every Nepali wardrobe. 💌 DM for orders | 📦 Delivery all over Nepal! Sharing this idea that inspires our first collection 💛"" #CustomClothingNepal #comfortwear #ModestStyle #Comfortwear #Elunara","""modesty meets style 🌿 | proud to offer custom clothing designed for every nepali wardrobe. 💌 dm for orders | 📦 delivery all over nepal! sharing this idea that inspires our first collection 💛"" #customclothingnepal #comfortwear #modeststyle #comfortwear #elunara",True,English,General Fashion,0.0056697
TikTok,Phase2,"Ganji kattu styling vayo aja hehe 

#ootd #outfitinspo #summeroutfits #casualoutfits #nepali 

My glasses were superrrr dirty lol i cleaned it after. They’re from h&m. Bag is @Princess Polly ",1204,67,19,20500,2026-05-29 17:16:00+00:00,Ganji kattu styling vayo aja hehe #ootd #outfitinspo #summeroutfits #casualoutfits #nepali My glasses were superrrr dirty lol i cleaned it after. They’re from h&m. Bag is Polly,ganji kattu styling vayo aja hehe #ootd #outfitinspo #summeroutfits #casualoutfits #nepali my glasses were superrrr dirty lol i cleaned it after. they’re from h&m. bag is polly,True,English,Western/Casual,0.07411
TikTok,Phase2,"Claim yours before the story ends.
Style with bastra.
Every creation carries a story.
🔗 Link in bio.
#bastra #NepalesesInspiredApparel #WearableArt #NepaliFashion #HeritageWear",691,20,47,35400,2026-05-30 00:38:46+00:00,Claim yours before the story ends. Style with bastra. Every creation carries a story. 🔗 Link in bio. #bastra #NepalesesInspiredApparel #WearableArt #NepaliFashion #HeritageWear,claim yours before the story ends. style with bastra. every creation carries a story. 🔗 link in bio. #bastra #nepalesesinspiredapparel #wearableart #nepalifashion #heritagewear,True,English,General Fashion,0.046579999999999996
TikTok,Phase2,"🤭🤭✨✨
@jardinvue 
.
.
.
#nepaligirl #fashioninspo #outfitinspo #outfitideas",456,10,1,12000,2026-05-30 00:04:54+00:00,🤭🤭✨✨ . . . #nepaligirl #fashioninspo #outfitinspo #outfitideas,🤭🤭✨✨ . . . #nepaligirl #fashioninspo #outfitinspo #outfitideas,True,English,General Fashion,0.02264
TikTok,Phase2,"OOTD. Styled the dress with Nepali lacchaa 

Dress: @asos 

#ugccreators #ukfashion #springoutfits #nepali #styletips ",65,6,6,820,2026-04-12 19:00:26+00:00,OOTD. Styled the dress with Nepali lacchaa Dress: #ugccreators #ukfashion #springoutfits #nepali #styletips,ootd. styled the dress with nepali lacchaa dress: #ugccreators #ukfashion #springoutfits #nepali #styletips,True,English,Western/Casual,0.005681999999999999
TikTok,Phase2,Fit check 👯‍♀️ @Dikie @Melyssa Bhandary #fyp #outfitcheck #nepaligirls #dallastexas ,119,7,2,2101,2026-05-30 05:31:40+00:00,Fit check 👯‍♀️ Bhandary #fyp #outfitcheck #nepaligirls #dallastexas,fit check 👯‍♀️ bhandary #fyp #outfitcheck #nepaligirls #dallastexas,True,English,General Fashion,0.0074701
TikTok,Phase2,The type of girl you wanna chew like bubblegum 🍬✨ #fitcheck #partydress #nepali #explorepage✨ #viral ,760,12,87,10400,2026-05-09 07:22:49+00:00,The type of girl you wanna chew like bubblegum 🍬✨ #fitcheck #partydress #nepali #explorepage✨ #viral,the type of girl you wanna chew like bubblegum 🍬✨ #fitcheck #partydress #nepali #explorepage✨ #viral,True,English,General Fashion,0.05244
TikTok,Phase2,#fyp #foryoupage #fitcheck #nepalitiktok #nepalisong ,411,17,4,3104,2026-06-01 00:15:18+00:00,#fyp #foryoupage #fitcheck #nepalitiktok #nepalisong,#fyp #foryoupage #fitcheck #nepalitiktok #nepalisong,True,English,General Fashion,0.022650399999999998
TikTok,Phase2,"A quick fit check cause it’s hot out here
.
.
.
.
.
.
.
.
.
.
#fashiontiktok #fitcheck #nepalfashion #kathmandu #nepaligirl ",77,3,3,579,2026-05-27 05:16:32+00:00,A quick fit check cause it’s hot out here . . . . . . . . . . #fashiontiktok #fitcheck #nepalfashion #kathmandu #nepaligirl,a quick fit check cause it’s hot out here . . . . . . . . . . #fashiontiktok #fitcheck #nepalfashion #kathmandu #nepaligirl,True,English,General Fashion,0.0046378999999999995
TikTok,Phase2,"Fit check for Nepathya concert 
#fyp #newzealand #nepalitiktok 
#nepathya #ootd ",737,15,36,5591,2026-05-15 04:29:58+00:00,Fit check for Nepathya concert #fyp #newzealand #nepalitiktok #nepathya #ootd,fit check for nepathya concert #fyp #newzealand #nepalitiktok #nepathya #ootd,True,English,General Fashion,0.0417391
TikTok,Phase2,Fit check 🤭❤️#fitcheck #fyp #bbshasanjel #nepalitiktok #browngirl ,33,2,0,313,2026-06-01 12:12:29+00:00,Fit check 🤭❤️#fitcheck #fyp #bbshasanjel #nepalitiktok #browngirl,fit check 🤭❤️#fitcheck #fyp #bbshasanjel #nepalitiktok #browngirl,True,English,General Fashion,0.0019512999999999998
TikTok,Phase2,Fitcheck #fyp #nepaligirl #nepalitiktok🇳🇵 #fitcheck ,422,8,2,15200,2026-05-08 08:04:01+00:00,Fitcheck #fyp #nepaligirl #nepalitiktok🇳🇵 #fitcheck,fitcheck #fyp #nepaligirl #nepalitiktok🇳🇵 #fitcheck,True,English,General Fashion,0.021200000000000004
TikTok,Phase2,"Fit check 💌 
@anishabhusal_ 

Dm to get yours 🖤

#y2k #shortkurti #kurti #goviral #nepalitiktok ",2436,14,164,39800,2026-05-31 12:33:35+00:00,Fit check 💌 Dm to get yours 🖤 #y2k #shortkurti #kurti #goviral #nepalitiktok,fit check 💌 dm to get yours 🖤 #y2k #shortkurti #kurti #goviral #nepalitiktok,True,English,Traditional/Ethnic,0.13842000000000002
TikTok,Phase2,causal and comfy #fitcheck #nepali #nepalitiktok #ootd #fypシ ,1438,19,44,22600,2026-04-28 17:45:34+00:00,causal and comfy #fitcheck #nepali #nepalitiktok #ootd #fypシ,causal and comfy #fitcheck #nepali #nepalitiktok #ootd #fypシ,True,English,General Fashion,0.07428000000000001
TikTok,Phase2,#fyp #xyzbca #nepali #nepaliinjapan ,142,18,1,927,2026-05-26 11:29:34+00:00,#fyp #xyzbca #nepali #nepaliinjapan,#fyp #xyzbca #nepali #nepaliinjapan,True,English,General Fashion,0.0113727
TikTok,Phase2,B’day Fitcheck ❤️🥂 #fyp #nepaligirl #nepalitiktok🇳🇵 ,4091,47,119,88000,2026-05-21 10:50:41+00:00,B’day Fitcheck ❤️🥂 #fyp #nepaligirl #nepalitiktok🇳🇵,b’day fitcheck ❤️🥂 #fyp #nepaligirl #nepalitiktok🇳🇵,True,English,General Fashion,0.21034
TikTok,Phase2,Fit check ✅#nepali #foryoupage ,103,4,2,1564,2026-05-27 16:11:34+00:00,Fit check ✅#nepali #foryoupage,fit check ✅#nepali #foryoupage,True,English,General Fashion,0.0058764
TikTok,Phase2,#creatorsearchinsights#ootd#fyp#nepali#outfitinspo,47,10,3,540,2026-05-14 08:07:33+00:00,#creatorsearchinsights#ootd#fyp#nepali#outfitinspo,#creatorsearchinsights#ootd#fyp#nepali#outfitinspo,True,English,General Fashion,0.005534000000000001
TikTok,Phase2,"Here’s a preplanned week of outfits that are perfect to wear at college 
#collegeadvice #collegelife #collegeoutfits #classoutfit #outfitsforschool #greenscreen ",11200,53,153,375600,2024-03-19 21:00:59+00:00,Here’s a preplanned week of outfits that are perfect to wear at college #collegeadvice #collegelife #collegeoutfits #classoutfit #outfitsforschool #greenscreen,here’s a preplanned week of outfits that are perfect to wear at college #collegeadvice #collegelife #collegeoutfits #classoutfit #outfitsforschool #greenscreen,True,English,Western/Casual,0.48406000000000005
TikTok,Phase2,"realistic version of what I wear to class! ✨✏️ 
#college #freshman #collegefreshman #classoutfit #outfitinspo #comfyclothes #whattowear #collegeoutfit #collegeclass #schooloutfit #matchingset #sweatset #sweatshirt #sweatshirtoutfit #sweatpants #abercrombie #lululemon @abercrombie @FP Movement ",90300,167,1200,1100000,2024-08-18 21:36:16+00:00,realistic version of what I wear to class! ✨✏️ #college #freshman #collegefreshman #classoutfit #outfitinspo #comfyclothes #whattowear #collegeoutfit #collegeclass #schooloutfit #matchingset #sweatset #sweatshirt #sweatshirtoutfit #sweatpants #abercrombie #lululemon Movement,realistic version of what i wear to class! ✨✏️ #college #freshman #collegefreshman #classoutfit #outfitinspo #comfyclothes #whattowear #collegeoutfit #collegeclass #schooloutfit #matchingset #sweatset #sweatshirt #sweatshirtoutfit #sweatpants #abercrombie #lululemon movement,True,English,Western/Casual,0.7501
TikTok,Phase2,and if ur not in college here’s some school fitspo for u 🤭 #OOTD #outfitinspo #schoolfit #unifit #kordell ,36800,129,352,377000,2024-08-18 03:15:34+00:00,and if ur not in college here’s some school fitspo for u 🤭 #OOTD #outfitinspo #schoolfit #unifit #kordell,and if ur not in college here’s some school fitspo for u 🤭 #ootd #outfitinspo #schoolfit #unifit #kordell,True,English,Western/Casual,0.5468
TikTok,Phase2,OUTFITS OF THE WEEK AS A COLLEGE STUDENT WITH NO BLEEP AND NO MONEY 🤣🫵🙄 #quartersystem #outfitinspo ,47600,151,456,421600,2024-09-16 02:31:57+00:00,OUTFITS OF THE WEEK AS A COLLEGE STUDENT WITH NO BLEEP AND NO MONEY 🤣🫵🙄 #quartersystem #outfitinspo,outfits of the week as a college student with no bleep and no money 🤣🫵🙄 #quartersystem #outfitinspo,True,English,Western/Casual,0.57866
TikTok,Phase2,I’m obsessed with the pink stripes 🩰 whole outfit is from @Subdued #balletflats #gdwm #college #fashionista #swag ,6913,55,73,66400,2026-04-24 15:10:28+00:00,I’m obsessed with the pink stripes 🩰 whole outfit is from #balletflats #gdwm #college #fashionista #swag,i’m obsessed with the pink stripes 🩰 whole outfit is from #balletflats #gdwm #college #fashionista #swag,True,English,General Fashion,0.31426000000000004
TikTok,Phase2,"As a college student who works for a fashion app, I LOVE tracking down what the cool girls are wearing on my campus!! ⭐️📓👟🪞
#collegefashion #fashiontrends #outfitinspo #coolgirlstyle #campusfashion",162,0,3,5048,2026-03-16 19:00:23+00:00,"As a college student who works for a fashion app, I LOVE tracking down what the cool girls are wearing on my campus!! ⭐️📓👟🪞 #collegefashion #fashiontrends #outfitinspo #coolgirlstyle #campusfashion","as a college student who works for a fashion app, i love tracking down what the cool girls are wearing on my campus!! ⭐️📓👟🪞 #collegefashion #fashiontrends #outfitinspo #coolgirlstyle #campusfashion",True,English,General Fashion,0.007584799999999999
TikTok,Phase2,Clothes you NEED for college 👀🎓 #collegeoutfits #collegeclothes #schooloutfits #schoolclothes #collegetips ,567,2,46,9442,2026-04-30 02:24:45+00:00,Clothes you NEED for college 👀🎓 #collegeoutfits #collegeclothes #schooloutfits #schoolclothes #collegetips,clothes you need for college 👀🎓 #collegeoutfits #collegeclothes #schooloutfits #schoolclothes #collegetips,True,English,Western/Casual,0.0334242
TikTok,Phase2,it’s that time of the year again… BACK TO SCHOOL OUTFITS!! 📓🍎📚 #backtoschool #schooloutfits #collegefits #ootd #outfitinspo ,52600,315,616,394900,2025-08-12 22:14:54+00:00,it’s that time of the year again… BACK TO SCHOOL OUTFITS!! 📓🍎📚 #backtoschool #schooloutfits #collegefits #ootd #outfitinspo,it’s that time of the year again… back to school outfits!! 📓🍎📚 #backtoschool #schooloutfits #collegefits #ootd #outfitinspo,True,English,Western/Casual,0.65719
TikTok,Phase2,"that was a MOMENT on instagram
#fyp #viral #ootd #collegeoutfits #pinkaesthetic ",72600,618,533,348900,2026-03-13 03:38:51+00:00,that was a MOMENT on instagram #fyp #viral #ootd #collegeoutfits #pinkaesthetic,that was a moment on instagram #fyp #viral #ootd #collegeoutfits #pinkaesthetic,True,English,Western/Casual,0.72689
TikTok,Phase2,"Clothes you need to bring to college!! These are the outfits and clothes that I brought to college and wore! Save this video for later! 

 #collegeessentials #collegemusthaves #fitinspo #outfitideas ",3925,5,139,30500,2026-05-25 19:08:40+00:00,Clothes you need to bring to college!! These are the outfits and clothes that I brought to college and wore! Save this video for later! #collegeessentials #collegemusthaves #fitinspo #outfitideas,clothes you need to bring to college!! these are the outfits and clothes that i brought to college and wore! save this video for later! #collegeessentials #collegemusthaves #fitinspo #outfitideas,True,English,Western/Casual,0.18935000000000002
TikTok,Phase2,As requested pt. 2 of some Yale fits :) #curlyhair#yaleoutfit#yale#fypp ,151800,199,1605,1200000,2026-04-10 17:52:44+00:00,As requested pt. 2 of some Yale fits :) #curlyhair#yaleoutfit#yale#fypp,as requested pt. 2 of some yale fits :) #curlyhair#yaleoutfit#yale#fypp,True,English,Western/Casual,0.7596999999999999
TikTok,Phase2,my motivation to go to class #college #outfitsinspo ,922,34,4,36400,2026-04-06 13:58:27+00:00,my motivation to go to class #college #outfitsinspo,my motivation to go to class #college #outfitsinspo,True,English,Western/Casual,0.05152
TikTok,Phase2,what a privilege it is to be able to start over & try new things 🥹📚🔬 #leavingteaching #collegeootd #newbeginnings ,18500,379,326,145900,2026-05-18 10:36:15+00:00,what a privilege it is to be able to start over & try new things 🥹📚🔬 #leavingteaching #collegeootd #newbeginnings,what a privilege it is to be able to start over & try new things 🥹📚🔬 #leavingteaching #collegeootd #newbeginnings,True,English,General Fashion,0.5934900000000001
TikTok,Phase2,"The more I look at this fit the less I like it 

#ootd #collegeoutfitinspo #collegeootd ",149500,189,1187,1500000,2026-01-14 18:49:49+00:00,The more I look at this fit the less I like it #ootd #collegeoutfitinspo #collegeootd,the more i look at this fit the less i like it #ootd #collegeoutfitinspo #collegeootd,True,English,General Fashion,0.7567
TikTok,Phase2,college ootw!! #ootd #college #weekofoutfits #collegefits ,34100,79,319,746300,2023-09-02 00:25:56+00:00,college ootw!! #ootd #college #weekofoutfits #collegefits,college ootw!! #ootd #college #weekofoutfits #collegefits,True,English,Western/Casual,0.56213
TikTok,Phase2,"Idk why my fridge door was open😭 but here are some outfits I wore to class this week
• @Oner Active link in bio to shop #collgeootd #collegeoutfitideas #collegeoutfitideas ",84800,93,723,1300000,2023-10-18 18:48:03+00:00,Idk why my fridge door was open😭 but here are some outfits I wore to class this week • Active link in bio to shop #collgeootd #collegeoutfitideas #collegeoutfitideas,idk why my fridge door was open😭 but here are some outfits i wore to class this week • active link in bio to shop #collgeootd #collegeoutfitideas #collegeoutfitideas,True,English,Western/Casual,0.6725
TikTok,Phase2,#fitcheck #goingoutoutfit #collegelife ,531,4,12,9343,2026-05-10 00:26:41+00:00,#fitcheck #goingoutoutfit #collegelife,#fitcheck #goingoutoutfit #collegelife,True,English,General Fashion,0.0257743
TikTok,Phase2,spring quarter ☀️💌💐🌷🌸 #ootd #outfitinspo #collegeoutfits ,3749,37,37,42300,2026-04-03 02:12:22+00:00,spring quarter ☀️💌💐🌷🌸 #ootd #outfitinspo #collegeoutfits,spring quarter ☀️💌💐🌷🌸 #ootd #outfitinspo #collegeoutfits,True,English,Western/Casual,0.17269
TikTok,Phase2,New update #99nepalfashionstor #fouryoupage #janakimandir #offer #govira ,60,0,3,2707,2026-06-01 08:23:56+00:00,New update #99nepalfashionstor #fouryoupage #janakimandir #offer #govira,new update #99nepalfashionstor #fouryoupage #janakimandir #offer #govira,True,English,General Fashion,0.0032707
TikTok,Phase2,best price 950/-only ✔️💯#fashion_update_nepal📞 #ordernow #allovernepaldellivery🇳🇵 #growmyaccount #deliveryallovernepal🇳🇵 ,101,5,0,497,2026-03-25 14:41:26+00:00,best price 950/-only ✔️💯#fashion_update_nepal📞 #ordernow #allovernepaldellivery🇳🇵 #growmyaccount #deliveryallovernepal🇳🇵,best price 950/-only ✔️💯#fashion_update_nepal📞 #ordernow #allovernepaldellivery🇳🇵 #growmyaccount #deliveryallovernepal🇳🇵,True,English,General Fashion,0.0055896999999999995
TikTok,Phase2,price 1500 only ✔️✔️#fashion_update_nepal📞 #ordernow #deliveryallovernepal🇳🇵 #allovernepaldellivery🇳🇵 #growmyaccount ,398,3,4,5670,2026-02-26 14:00:00+00:00,price 1500 only ✔️✔️#fashion_update_nepal📞 #ordernow #deliveryallovernepal🇳🇵 #allovernepaldellivery🇳🇵 #growmyaccount,price 1500 only ✔️✔️#fashion_update_nepal📞 #ordernow #deliveryallovernepal🇳🇵 #allovernepaldellivery🇳🇵 #growmyaccount,True,English,General Fashion,0.018187000000000002
TikTok,Phase2,#fashion_update_nepal📞 #ordernow #deliveryallovernepal🇳🇵 #allovernepaldellivery🇳🇵 #growmyaccount ,170,4,0,980,2026-02-24 04:56:54+00:00,#fashion_update_nepal📞 #ordernow #deliveryallovernepal🇳🇵 #allovernepaldellivery🇳🇵 #growmyaccount,#fashion_update_nepal📞 #ordernow #deliveryallovernepal🇳🇵 #allovernepaldellivery🇳🇵 #growmyaccount,True,English,General Fashion,0.008098000000000001
TikTok,Phase2,"#NewDesignUpdate. #ROHINITRADINGCONCERN #Presentsbeautifuldesigns #WhatsApp📞☎️Viber+9779813308374
#kurtha_wholesale_pokhara
   International_Shipping ✈️",313,3,60,16200,2026-04-23 06:16:28+00:00,#NewDesignUpdate. #ROHINITRADINGCONCERN #Presentsbeautifuldesigns #WhatsApp📞☎️Viber+9779813308374 #kurtha_wholesale_pokhara International_Shipping ✈️,#newdesignupdate. #rohinitradingconcern #presentsbeautifuldesigns #whatsapp📞☎️viber+9779813308374 #kurtha_wholesale_pokhara international_shipping ✈️,True,English,General Fashion,0.02704
TikTok,Phase2,"Order No:9705555101☎️
Delivery all over Nepal🚚
#fashionplazalahan #sabaz_17 #necked #neckedjeans #update @sadabkhan_27 @Necked jeans ",239,2,2,4525,2026-06-01 07:31:56+00:00,Order No:9705555101☎️ Delivery all over Nepal🚚 #fashionplazalahan #sabaz_17 #necked #neckedjeans #update jeans,order no:9705555101☎️ delivery all over nepal🚚 #fashionplazalahan #sabaz_17 #necked #neckedjeans #update jeans,True,English,Western/Casual,0.0110125
TikTok,Phase2,"🚨 New Arrival at Fashion Book Nepal – Summer Tops  2026
| 🚚 Delivery Available All Over Nepal
📞 To Order: DM Us or Call 9823761808 Today – Limited Stock Available!
#FashionBookNepal #OnlineShoppingNepal
#foryou #fypシ         #creatorsearchinsights ",50,2,7,763,2026-06-01 10:48:39+00:00,🚨 New Arrival at Fashion Book Nepal – Summer Tops 2026 | 🚚 Delivery Available All Over Nepal 📞 To Order: DM Us or Call 9823761808 Today – Limited Stock Available! #FashionBookNepal #OnlineShoppingNepal #foryou #fypシ #creatorsearchinsights,🚨 new arrival at fashion book nepal – summer tops 2026 | 🚚 delivery available all over nepal 📞 to order: dm us or call 9823761808 today – limited stock available! #fashionbooknepal #onlineshoppingnepal #foryou #fypシ #creatorsearchinsights,True,English,Western/Casual,0.0040763
TikTok,Phase2,"Planning to start a traditional wear business? 👀
Ya thulo function ko lagi bulk ma lina paryo?
Wholesale price mai Ajmera Fashion ma sab paaincha 💯
Thanks to Black bull garment pvt ltd @Ajmera Fashion Nepali in in Nepal.
Nepal mai, easy & affordable
📍Indreni Complex, Baneshwor

#fyp #n_ams #ajmerafashion #ajmeranepal #wholesaleprice #ajmerainnepal #blackbullgarments #girlies #shopping #india ",17800,41,7917,486100,2026-03-30 11:33:37+00:00,"Planning to start a traditional wear business? 👀 Ya thulo function ko lagi bulk ma lina paryo? Wholesale price mai Ajmera Fashion ma sab paaincha 💯 Thanks to Black bull garment pvt ltd Fashion Nepali in in Nepal. Nepal mai, easy & affordable 📍Indreni Complex, Baneshwor #fyp #n_ams #ajmerafashion #ajmeranepal #wholesaleprice #ajmerainnepal #blackbullgarments #girlies #shopping #india","planning to start a traditional wear business? 👀 ya thulo function ko lagi bulk ma lina paryo? wholesale price mai ajmera fashion ma sab paaincha 💯 thanks to black bull garment pvt ltd fashion nepali in in nepal. nepal mai, easy & affordable 📍indreni complex, baneshwor #fyp #n_ams #ajmerafashion #ajmeranepal #wholesaleprice #ajmerainnepal #blackbullgarments #girlies #shopping #india",True,English,Traditional/Ethnic,0.6609100000000001
TikTok,Phase2,"✨ Retro vibes, modern grace ✨
Our 90’s Kurti is now available in stunning colors 🤍
Comfortable, classy & perfect for every day wear 🌸
Sizes Available: 32–44
DM to order 💌

#90sKurti #KurtiStyle #EthnicWear #FashionNepal #DMToOrder",18700,72,3069,399300,2026-05-23 01:32:23+00:00,"✨ Retro vibes, modern grace ✨ Our 90’s Kurti is now available in stunning colors 🤍 Comfortable, classy & perfect for every day wear 🌸 Sizes Available: 32–44 DM to order 💌 #90sKurti #KurtiStyle #EthnicWear #FashionNepal #DMToOrder","✨ retro vibes, modern grace ✨ our 90’s kurti is now available in stunning colors 🤍 comfortable, classy & perfect for every day wear 🌸 sizes available: 32–44 dm to order 💌 #90skurti #kurtistyle #ethnicwear #fashionnepal #dmtoorder",True,English,Traditional/Ethnic,0.6615300000000001
TikTok,Phase2,"Hand painted and hand beaded. This is not just a fashion, It’s an art- It’s an representation of our roots

Shows topper - @Nita Manita Devkota 👸

#Nepal #newyorkfashionweek #nepaligirl #KritiMainali #runway7 ",294,35,8,9295,2026-02-18 03:39:51+00:00,"Hand painted and hand beaded. This is not just a fashion, It’s an art- It’s an representation of our roots Shows topper - Manita Devkota 👸 #Nepal #newyorkfashionweek #nepaligirl #KritiMainali #runway7","hand painted and hand beaded. this is not just a fashion, it’s an art- it’s an representation of our roots shows topper - manita devkota 👸 #nepal #newyorkfashionweek #nepaligirl #kritimainali #runway7",True,English,Western/Casual,0.024789500000000003
TikTok,Phase2,"FOLLOW LUMORA FOR DAILY NEW DESIGNS UPDATES WITH LIMITED PIECES ONLY 🫶🏻
#LUMORA #fashionstyle #earcuff #kathmandutiktok #stylenepal ",14,1,0,194,2026-04-22 11:06:05+00:00,FOLLOW LUMORA FOR DAILY NEW DESIGNS UPDATES WITH LIMITED PIECES ONLY 🫶🏻 #LUMORA #fashionstyle #earcuff #kathmandutiktok #stylenepal,follow lumora for daily new designs updates with limited pieces only 🫶🏻 #lumora #fashionstyle #earcuff #kathmandutiktok #stylenepal,True,English,General Fashion,0.0008794000000000001
TikTok,Phase2,"Fresh stock, Top-one Quality, Ready to slay!

Free Delivery All Over Nepal 

Perfect Fit, Stylish Looks with your favorite 
Numbers!

Shop Now:

#Brandedquality 

#Viralfashion 

#Nepal Faishonvibes

#Foryoupage 

#Onlineshoppinginnepal 

Trustable 

Explorepage 

Keepsupporting ",18200,45,2102,755000,2026-04-21 10:09:21+00:00,"Fresh stock, Top-one Quality, Ready to slay! Free Delivery All Over Nepal Perfect Fit, Stylish Looks with your favorite Numbers! Shop Now: #Brandedquality #Viralfashion #Nepal Faishonvibes #Foryoupage #Onlineshoppinginnepal Trustable Explorepage Keepsupporting","fresh stock, top-one quality, ready to slay! free delivery all over nepal perfect fit, stylish looks with your favorite numbers! shop now: #brandedquality #viralfashion #nepal faishonvibes #foryoupage #onlineshoppinginnepal trustable explorepage keepsupporting",True,English,Western/Casual,0.6890000000000001
TikTok,Phase2,"New arrivals ❤️
Tamang dress
size:34,36
Available in Aldershot,Uk🇬🇧 DM for more details ✅✅
Whatsapp:07707 524823
#nifashionandboutique #uk🇬🇧 #shippingworldwide #culture #dress #bakhu #sherpadress #tamangsong #tamang #chaubandicholo #shippingworldwide🌍✈️ #culture #tamangdres @Ni fashion & Boutique ",388,5,17,10800,2025-01-14 10:57:31+00:00,"New arrivals ❤️ Tamang dress size:34,36 Available in Aldershot,Uk🇬🇧 DM for more details ✅✅ Whatsapp:07707 524823 #nifashionandboutique #uk🇬🇧 #shippingworldwide #culture #dress #bakhu #sherpadress #tamangsong #tamang #chaubandicholo #shippingworldwide🌍✈️ #culture #tamangdres fashion & Boutique","new arrivals ❤️ tamang dress size:34,36 available in aldershot,uk🇬🇧 dm for more details ✅✅ whatsapp:07707 524823 #nifashionandboutique #uk🇬🇧 #shippingworldwide #culture #dress #bakhu #sherpadress #tamangsong #tamang #chaubandicholo #shippingworldwide🌍✈️ #culture #tamangdres fashion & boutique",True,English,Traditional/Ethnic,0.021500000000000002
TikTok,Phase2,Biggest Fashion show of Nepal.  #fashionshow #milanorunway #fyp #nepalidesigner ,2220,31,66,39300,2026-03-01 02:28:38+00:00,Biggest Fashion show of Nepal. #fashionshow #milanorunway #fyp #nepalidesigner,biggest fashion show of nepal. #fashionshow #milanorunway #fyp #nepalidesigner,True,English,General Fashion,0.11523000000000001
TikTok,Phase2,"नमस्कार
भारत गुजरातको नम्बर १ कम्पनी Ajmera Fashion Textile को सम्पर्क कार्यालय नेपालमा काठमाडौँको नयाँ बानेश्वर स्थित इन्द्रेणी कम्प्लेक्सको तेस्रो तल्लामा खुलेको छ।

नेपालमा सामान हेर्नका लागि शोरुम भिजिट गर्न सक्नुहुनेछ | यसका लागि +977 9820815815 / +9779762630517 #AjmeraFashionNepal #blackbullgarments #worldwideshipping #onlyforwholese #newbaneshwor ",4260,17,756,180600,2026-05-17 03:48:44+00:00,नमस्कार भारत गुजरातको नम्बर १ कम्पनी Ajmera Fashion Textile को सम्पर्क कार्यालय नेपालमा काठमाडौँको नयाँ बानेश्वर स्थित इन्द्रेणी कम्प्लेक्सको तेस्रो तल्लामा खुलेको छ। नेपालमा सामान हेर्नका लागि शोरुम भिजिट गर्न सक्नुहुनेछ | यसका लागि +977 9820815815 / +9779762630517 #AjmeraFashionNepal #blackbullgarments #worldwideshipping #onlyforwholese #newbaneshwor,नमस्कार भारत गुजरातको नम्बर १ कम्पनी ajmera fashion textile को सम्पर्क कार्यालय नेपालमा काठमाडौँको नयाँ बानेश्वर स्थित इन्द्रेणी कम्प्लेक्सको तेस्रो तल्लामा खुलेको छ। नेपालमा सामान हेर्नका लागि शोरुम भिजिट गर्न सक्नुहुनेछ | यसका लागि +977 9820815815 / +9779762630517 #ajmerafashionnepal #blackbullgarments #worldwideshipping #onlyforwholese #newbaneshwor,True,Nepali,General Fashion,0.34476
TikTok,Phase2,"🚨 New Arrival at Fashion Book Nepal – Summer Printed Shirt 2026
💸 Priced Rs. 650 | 🚚 Delivery Available All Over Nepal
📞 To Order: DM Us or Call 9823761808 Today – Limited Stock Available!
#FashionBookNepal #OnlineShoppingNepal 
#fypシ #foryou #creatorsearchinsights ",459,5,75,12100,2026-05-27 10:33:56+00:00,🚨 New Arrival at Fashion Book Nepal – Summer Printed Shirt 2026 💸 Priced Rs. 650 | 🚚 Delivery Available All Over Nepal 📞 To Order: DM Us or Call 9823761808 Today – Limited Stock Available! #FashionBookNepal #OnlineShoppingNepal #fypシ #foryou #creatorsearchinsights,🚨 new arrival at fashion book nepal – summer printed shirt 2026 💸 priced rs. 650 | 🚚 delivery available all over nepal 📞 to order: dm us or call 9823761808 today – limited stock available! #fashionbooknepal #onlineshoppingnepal #fypシ #foryou #creatorsearchinsights,True,English,General Fashion,0.036070000000000005
TikTok,Phase2,"Order now 
#fashionnepalpvtltd #bedsheets #pillowcase #summerquilt #bedroomdecor @Nevi collection @Ktm textiles Dillibazar ",1298,25,237,50100,2026-04-28 05:20:51+00:00,Order now #fashionnepalpvtltd #bedsheets #pillowcase #summerquilt #bedroomdecor collection textiles Dillibazar,order now #fashionnepalpvtltd #bedsheets #pillowcase #summerquilt #bedroomdecor collection textiles dillibazar,True,English,General Fashion,0.11183
TikTok,Phase2,"✨

#B T #FashionTikTok #AffordableFashion #GlowUp #canada🇨🇦 ",3796,174,92,89200,2026-05-17 01:38:00+00:00,✨ #B T #FashionTikTok #AffordableFashion #GlowUp #canada🇨🇦,✨ #b t #fashiontiktok #affordablefashion #glowup #canada🇨🇦,True,English,General Fashion,0.23136
TikTok,Phase2,"Premium Partywear Saree with Attached Blouse 
Price:1350
WhatsApp: 9807942954, 9761001401
Delivery all Over Nepal 🇳🇵 
#saree #premium #boutique #partywear #nepal ",461,14,124,15800,2026-05-24 09:55:09+00:00,"Premium Partywear Saree with Attached Blouse Price:1350 WhatsApp: 9807942954, 9761001401 Delivery all Over Nepal 🇳🇵 #saree #premium #boutique #partywear #nepal","premium partywear saree with attached blouse price:1350 whatsapp: 9807942954, 9761001401 delivery all over nepal 🇳🇵 #saree #premium #boutique #partywear #nepal",True,English,Traditional/Ethnic,0.04902
TikTok,Phase2,"Premium Partywear Saree with attached Blouse 
WhatsApp: 9807942954, 9761001401
Delivery all over Nepal 🇳🇵 
#saree #premium #boutique #chiffon #nepal ",135,6,16,3781,2026-05-24 07:00:38+00:00,"Premium Partywear Saree with attached Blouse WhatsApp: 9807942954, 9761001401 Delivery all over Nepal 🇳🇵 #saree #premium #boutique #chiffon #nepal","premium partywear saree with attached blouse whatsapp: 9807942954, 9761001401 delivery all over nepal 🇳🇵 #saree #premium #boutique #chiffon #nepal",True,English,Traditional/Ethnic,0.010778099999999999
TikTok,Phase2,Don’t forget to book your perfect party wear and shine in style ✨🤍🌸🦚🛍️🔥🤎🦚#ethnicwear #partywear #traditionalwedding #desivibes #nepaltousa🇳🇵🇺🇸 ,235,7,25,3769,2026-06-02 02:17:15+00:00,Don’t forget to book your perfect party wear and shine in style ✨🤍🌸🦚🛍️🔥🤎🦚#ethnicwear #partywear #traditionalwedding #desivibes #nepaltousa🇳🇵🇺🇸,don’t forget to book your perfect party wear and shine in style ✨🤍🌸🦚🛍️🔥🤎🦚#ethnicwear #partywear #traditionalwedding #desivibes #nepaltousa🇳🇵🇺🇸,True,English,Traditional/Ethnic,0.0168769
TikTok,Phase2,"Size 16, 18, 20, 22 🥰
#kurthalala #jaipuricotton #nepal ",1514,46,304,50500,2026-05-21 10:45:46+00:00,"Size 16, 18, 20, 22 🥰 #kurthalala #jaipuricotton #nepal","size 16, 18, 20, 22 🥰 #kurthalala #jaipuricotton #nepal",True,English,General Fashion,0.14021
TikTok,Phase2,"Indo western , drape saree and more party wear designs are available . Visit our store or shop online 
📍ktm jadibuti manohara pool 🦢Instagram: ethnicbulwark               Contact or whatsapp us : 9851219308 #fyp #festiveoutfit #kurthanepal #indowestern  #weddingoutfit ",43100,314,3686,1500000,2026-05-05 11:13:45+00:00,"Indo western , drape saree and more party wear designs are available . Visit our store or shop online 📍ktm jadibuti manohara pool 🦢Instagram: ethnicbulwark Contact or whatsapp us : 9851219308 #fyp #festiveoutfit #kurthanepal #indowestern #weddingoutfit","indo western , drape saree and more party wear designs are available . visit our store or shop online 📍ktm jadibuti manohara pool 🦢instagram: ethnicbulwark contact or whatsapp us : 9851219308 #fyp #festiveoutfit #kurthanepal #indowestern #weddingoutfit",True,English,Traditional/Ethnic,0.7942
TikTok,Phase2,"Indo western , drape saree and more party wear designs are available . Visit our store or shop online 
📍ktm jadibuti manohara pool 🦢Instagram: ethnicbulwark  Contact or whatsapp us : 9851219308 #fyp #festiveoutfit #kurthanepal #indowestern  #umbrellakurtha",20500,89,1801,561800,2026-05-26 14:49:17+00:00,"Indo western , drape saree and more party wear designs are available . Visit our store or shop online 📍ktm jadibuti manohara pool 🦢Instagram: ethnicbulwark Contact or whatsapp us : 9851219308 #fyp #festiveoutfit #kurthanepal #indowestern #umbrellakurtha","indo western , drape saree and more party wear designs are available . visit our store or shop online 📍ktm jadibuti manohara pool 🦢instagram: ethnicbulwark contact or whatsapp us : 9851219308 #fyp #festiveoutfit #kurthanepal #indowestern #umbrellakurtha",True,English,Traditional/Ethnic,0.68288
TikTok,Phase2,Sumayaa occasional wear #fypnepal #tiktoknepal #weddingdress #lehengacholi #partywear ,28700,65,3738,499700,2026-05-07 13:51:50+00:00,Sumayaa occasional wear #fypnepal #tiktoknepal #weddingdress #lehengacholi #partywear,sumayaa occasional wear #fypnepal #tiktoknepal #weddingdress #lehengacholi #partywear,True,English,Traditional/Ethnic,0.66947
TikTok,Phase2,"Indo western , drape saree and more party wear designs are available . Visit our store or shop online 
📍ktm jadibuti manohara pool 🦢Instagram: ethnicbulwark               Contact or whatsapp us : 9851219308 #fyp #festiveoutfit #kurthanepal #indowestern  #umbrellakurtha ",17800,77,1235,677800,2026-05-24 11:41:31+00:00,"Indo western , drape saree and more party wear designs are available . Visit our store or shop online 📍ktm jadibuti manohara pool 🦢Instagram: ethnicbulwark Contact or whatsapp us : 9851219308 #fyp #festiveoutfit #kurthanepal #indowestern #umbrellakurtha","indo western , drape saree and more party wear designs are available . visit our store or shop online 📍ktm jadibuti manohara pool 🦢instagram: ethnicbulwark contact or whatsapp us : 9851219308 #fyp #festiveoutfit #kurthanepal #indowestern #umbrellakurtha",True,English,Traditional/Ethnic,0.6908799999999999
TikTok,Phase2,Deep purple soft khaddi saree with silver embroidery and elegant border🥰. Please contact us for more information. #mariyafashionboutique #foryoupage #fyp #partywear #nepali ,124,2,15,3849,2026-06-01 20:28:04+00:00,Deep purple soft khaddi saree with silver embroidery and elegant border🥰. Please contact us for more information. #mariyafashionboutique #foryoupage #fyp #partywear #nepali,deep purple soft khaddi saree with silver embroidery and elegant border🥰. please contact us for more information. #mariyafashionboutique #foryoupage #fyp #partywear #nepali,True,English,Traditional/Ethnic,0.0089449
TikTok,Phase2,We would love to have the opportunity to serve you all to✨😇🌸🦚🛍️💯#ethnicwear #partywear #traditionalwedding #fypシ #nepaltousa🇳🇵🇺🇸 ,240,11,45,7683,2026-05-20 03:21:39+00:00,We would love to have the opportunity to serve you all to✨😇🌸🦚🛍️💯#ethnicwear #partywear #traditionalwedding #fypシ #nepaltousa🇳🇵🇺🇸,we would love to have the opportunity to serve you all to✨😇🌸🦚🛍️💯#ethnicwear #partywear #traditionalwedding #fypシ #nepaltousa🇳🇵🇺🇸,True,English,Traditional/Ethnic,0.0226683
TikTok,Phase2,Premium Quality Party Wear Kurtha Set Available #deliveryallovernepal🇳🇵 #worldwideshippingavailable✈️✈️ #dhamakacollection @Gift Cart by Dhamaka @Dhamaka Wholesale @trishana271 @muna💫 ,73,5,2,1046,2026-05-29 09:20:11+00:00,Premium Quality Party Wear Kurtha Set Available #deliveryallovernepal🇳🇵 #worldwideshippingavailable✈️✈️ #dhamakacollection Cart by Dhamaka Wholesale 💫,premium quality party wear kurtha set available #deliveryallovernepal🇳🇵 #worldwideshippingavailable✈️✈️ #dhamakacollection cart by dhamaka wholesale 💫,True,English,General Fashion,0.0049246
TikTok,Phase2,"📍Civil Mall, Sundhara (Shop 324)🖤 Insta: Tink.np #shopping #nepal #backlessdress #partydress ",9283,16,1052,196900,2026-05-05 09:44:00+00:00,"📍Civil Mall, Sundhara (Shop 324)🖤 Insta: Tink.np #shopping #nepal #backlessdress #partydress","📍civil mall, sundhara (shop 324)🖤 insta: tink.np #shopping #nepal #backlessdress #partydress",True,English,General Fashion,0.5958100000000001
TikTok,Phase2,"PartyWear Fendy Saree🌸🌸🌸
#weddingspecial #partywears #tiktoknepal #kathmandunepal🇳🇵 @Prasanna.G_🧿 ",868,1,21,8639,2026-05-26 08:30:03+00:00,PartyWear Fendy Saree🌸🌸🌸 #weddingspecial #partywears #tiktoknepal #kathmandunepal🇳🇵 .G_🧿,partywear fendy saree🌸🌸🌸 #weddingspecial #partywears #tiktoknepal #kathmandunepal🇳🇵 .g_🧿,True,English,Traditional/Ethnic,0.040083900000000006
TikTok,Phase2,Birgunj maser viral party wear Heavyhand work net saree@@Birgunj..@Dilevery all over nepal @@,3836,143,584,129500,2026-04-03 13:03:31+00:00,Birgunj maser viral party wear Heavyhand work net saree@.. all over nepal @@,birgunj maser viral party wear heavyhand work net saree@.. all over nepal @@,True,English,Traditional/Ethnic,0.32609000000000005
TikTok,Phase2,"PartyWear Fendy Saree🌸🌸🌸

Colors Available 
#fyp #sareelove #creatorsearchinsight #trending #pscollectionnepal @Prasanna.G_🧿 ",5244,52,291,81000,2026-03-09 07:29:25+00:00,PartyWear Fendy Saree🌸🌸🌸 Colors Available #fyp #sareelove #creatorsearchinsight #trending #pscollectionnepal .G_🧿,partywear fendy saree🌸🌸🌸 colors available #fyp #sareelove #creatorsearchinsight #trending #pscollectionnepal .g_🧿,True,English,Traditional/Ethnic,0.29166000000000003
TikTok,Phase2,"PartyWear Goergette Saree🖤🖤🖤
Price: Rs 3000/-
#weddingspecial ##partywears #tiktoknepal #sareelove @Prasanna.G_🧿 ",846,0,27,9701,2026-05-28 05:24:25+00:00,PartyWear Goergette Saree🖤🖤🖤 Price: Rs 3000/- #weddingspecial ##partywears #tiktoknepal #sareelove .G_🧿,partywear goergette saree🖤🖤🖤 price: rs 3000/- #weddingspecial ##partywears #tiktoknepal #sareelove .g_🧿,True,English,Traditional/Ethnic,0.040210100000000006
TikTok,Phase2,"Hand Embroidery ready to wear Saree⚜️🪞
Size 34-44✨ @Pema 

#partywearsaree #silksaree #nepalitiktok #nepaliwedding #foryoupage ",631,31,335,33000,2026-04-07 21:32:07+00:00,Hand Embroidery ready to wear Saree⚜️🪞 Size 34-44✨ #partywearsaree #silksaree #nepalitiktok #nepaliwedding #foryoupage,hand embroidery ready to wear saree⚜️🪞 size 34-44✨ #partywearsaree #silksaree #nepalitiktok #nepaliwedding #foryoupage,True,English,Traditional/Ethnic,0.10484
TikTok,Phase2,"Party wear dress 🛍️
#shein #fazon #shopnow🛍 #sheinnepal #fyp ",1009,2,165,45000,2026-04-17 06:52:59+00:00,Party wear dress 🛍️ #shein #fazon #shopnow🛍 #sheinnepal #fyp,party wear dress 🛍️ #shein #fazon #shopnow🛍 #sheinnepal #fyp,True,English,General Fashion,0.07846000000000002
TikTok,Phase2,"Simple, clean, confident 🖤 #simplecleanconfident #bodygoals #dailyoutfit #fitlife #trend",11000,76,879,288700,2026-04-21 00:09:15+00:00,"Simple, clean, confident 🖤 #simplecleanconfident #bodygoals #dailyoutfit #fitlife #trend","simple, clean, confident 🖤 #simplecleanconfident #bodygoals #dailyoutfit #fitlife #trend",True,English,General Fashion,0.62747
TikTok,Phase2,office ootd 🤍,26300,150,1635,109300,2026-06-01 17:27:24+00:00,office ootd 🤍,office ootd 🤍,True,English,Formal/Professional,0.65593
TikTok,Phase2,"Rate this outfit from 1 to 10 ✨👇
#ootd #fashionstyle #outfitideas #style #lookoftheday ",61,7,2,831,2026-06-01 14:33:42+00:00,Rate this outfit from 1 to 10 ✨👇 #ootd #fashionstyle #outfitideas #style #lookoftheday,rate this outfit from 1 to 10 ✨👇 #ootd #fashionstyle #outfitideas #style #lookoftheday,True,English,General Fashion,0.005023100000000001
TikTok,Phase2,"cute and chic 👄

#ootd #outfitinspo #outfitsideas #zaraoutfitoftheday #styleinspo ",2402,20,6,17100,2026-05-31 14:39:50+00:00,cute and chic 👄 #ootd #outfitinspo #outfitsideas #zaraoutfitoftheday #styleinspo,cute and chic 👄 #ootd #outfitinspo #outfitsideas #zaraoutfitoftheday #styleinspo,True,English,Western/Casual,0.10499000000000001
TikTok,Phase2,#المغرب🇲🇦تونس🇹🇳الجزائر🇩🇿تركيا🇹🇷_العراق🇮🇶 #for #foryoupage❤️❤️ #explorepage✨ #lookoftheday ,17300,300,1665,348700,2026-05-30 18:06:33+00:00,#المغرب🇲🇦تونس🇹🇳الجزائر🇩🇿تركيا🇹🇷_العراق🇮🇶 #for #foryoupage❤️❤️ #explorepage✨ #lookoftheday,#المغرب🇲🇦تونس🇹🇳الجزائر🇩🇿تركيا🇹🇷_العراق🇮🇶 #for #foryoupage❤️❤️ #explorepage✨ #lookoftheday,True,English,General Fashion,0.7248699999999999
TikTok,Phase2,Look of the day😝,214,12,4,5790,2026-05-28 07:01:18+00:00,Look of the day😝,look of the day😝,True,English,General Fashion,0.013539
TikTok,Phase2,"🤍🤎

#lookoftheday ",65,12,2,508,2026-05-14 18:26:54+00:00,🤍🤎 #lookoftheday,🤍🤎 #lookoftheday,True,English,General Fashion,0.0066508
TikTok,Phase2,Look of the day 💁🏽‍♀️ #ootd #lookoftoday #fashiontiktok #viral #fyp ,53,12,1,454,2026-05-27 10:49:16+00:00,Look of the day 💁🏽‍♀️ #ootd #lookoftoday #fashiontiktok #viral #fyp,look of the day 💁🏽‍♀️ #ootd #lookoftoday #fashiontiktok #viral #fyp,True,English,General Fashion,0.005965399999999999
TikTok,Phase2,"OOTD 💚

#ootd #ootd #ootdinspiration #summerootd #outfit ",638,93,6,3693,2026-05-28 08:47:50+00:00,OOTD 💚 #ootd #ootd #ootdinspiration #summerootd #outfit,ootd 💚 #ootd #ootd #ootdinspiration #summerootd #outfit,True,English,General Fashion,0.0549893
TikTok,Phase2,cutest all grey outfit 🤍☃️ #OOTD ,484100,826,185500,3300000,2026-02-05 21:54:03+00:00,cutest all grey outfit 🤍☃️ #OOTD,cutest all grey outfit 🤍☃️ #ootd,True,English,General Fashion,0.9477999999999999
TikTok,Phase2,look of the day ,91,6,0,523,2026-04-09 14:25:17+00:00,look of the day,look of the day,True,English,General Fashion,0.0054923
TikTok,Phase2,#ootd ,123,9,3,1124,2026-04-30 08:54:51+00:00,#ootd,#ootd,True,English,General Fashion,0.0083324
TikTok,Phase2,gorgeous🥰🩷#funnyvideos #walk #europe #lookoftheday ,2656,37,551,47100,2026-05-30 19:59:01+00:00,gorgeous🥰🩷#funnyvideos #walk #europe #lookoftheday,gorgeous🥰🩷#funnyvideos #walk #europe #lookoftheday,True,English,General Fashion,0.23225
TikTok,Phase2,✨look of the day✨ #fyp #ootd ,119,2,1,622,2026-05-30 17:50:11+00:00,✨look of the day✨ #fyp #ootd,✨look of the day✨ #fyp #ootd,True,English,General Fashion,0.0056222
TikTok,Phase2,OUTFIT OF THE DAYYYYY WITH MY NEW BOOOOTS #OOTD ,654,11,20,12400,2026-05-13 01:11:18+00:00,OUTFIT OF THE DAYYYYY WITH MY NEW BOOOOTS #OOTD,outfit of the dayyyyy with my new boooots #ootd,True,English,General Fashion,0.0347
TikTok,Phase2,#lookoftheday #pinkoutfit #pinkdress  #tiktokviral ,2277,4,10,18500,2026-05-29 09:48:50+00:00,#lookoftheday #pinkoutfit #pinkdress #tiktokviral,#lookoftheday #pinkoutfit #pinkdress #tiktokviral,True,English,General Fashion,0.09613000000000002
TikTok,Phase2,#ootd #outfit #outfitinspo #lookoftheday ,90,6,0,1046,2026-05-30 15:38:40+00:00,#ootd #outfit #outfitinspo #lookoftheday,#ootd #outfit #outfitinspo #lookoftheday,True,English,General Fashion,0.0055046
TikTok,Phase2,Outfit of the day😌,52500,750,22200,917000,2026-04-05 20:58:11+00:00,Outfit of the day😌,outfit of the day😌,True,English,General Fashion,0.9167
TikTok,Phase2,#jeudifashionstore #cordsetsforwomen #nepalireels #fypageシ ,159,8,1,2141,2026-05-29 13:21:32+00:00,#jeudifashionstore #cordsetsforwomen #nepalireels #fypageシ,#jeudifashionstore #cordsetsforwomen #nepalireels #fypageシ,True,English,General Fashion,0.009174100000000001
TikTok,Phase2,"Size-XL only
Delivery all over Nepal #jeudifashionstore #cordsetsforwomen #nepalireels #fypageシ ",130,5,1,1349,2026-05-30 05:08:47+00:00,Size-XL only Delivery all over Nepal #jeudifashionstore #cordsetsforwomen #nepalireels #fypageシ,size-xl only delivery all over nepal #jeudifashionstore #cordsetsforwomen #nepalireels #fypageシ,True,English,General Fashion,0.007034899999999999
TikTok,Phase2,"Shop now!!

[fashion reel, nepali influencer, nepali blogger, fashion , Kathmandu, explore page, go viral]
#viral#explorepage#fashiontiktok#nepaliblogger#nepaliinfluencer",100,14,1,832,2026-05-21 15:07:40+00:00,"Shop now!! [fashion reel, nepali influencer, nepali blogger, fashion , Kathmandu, explore page, go viral] #viral#explorepage#fashiontiktok#nepaliblogger#nepaliinfluencer","shop now!! [fashion reel, nepali influencer, nepali blogger, fashion , kathmandu, explore page, go viral] #viral#explorepage#fashiontiktok#nepaliblogger#nepaliinfluencer",True,English,General Fashion,0.0084832
TikTok,Phase2,New arrival just dropped 💖 Elegant • comfortable •perfect for summer ☀️  Dm to Oder 💌#kurthilove #EthnicWear #NepalFashion #kurthiStyle#FashionReels,85,8,0,798,2026-05-23 14:05:57+00:00,New arrival just dropped 💖 Elegant • comfortable •perfect for summer ☀️ Dm to Oder 💌#kurthilove #EthnicWear #NepalFashion #kurthiStyle#FashionReels,new arrival just dropped 💖 elegant • comfortable •perfect for summer ☀️ dm to oder 💌#kurthilove #ethnicwear #nepalfashion #kurthistyle#fashionreels,True,English,Traditional/Ethnic,0.005879799999999999
TikTok,Phase2,"Fashion is skills!

[fahion, creators insight gap, viral, viral reel, nepaliinfluencer, explore, fashion blogger]

#nepaliinfluencer#viral#explore#fashionblogger#shopnow",31,2,0,511,2026-05-17 03:13:16+00:00,"Fashion is skills! [fahion, creators insight gap, viral, viral reel, nepaliinfluencer, explore, fashion blogger] #nepaliinfluencer#viral#explore#fashionblogger#shopnow","fashion is skills! [fahion, creators insight gap, viral, viral reel, nepaliinfluencer, explore, fashion blogger] #nepaliinfluencer#viral#explore#fashionblogger#shopnow",True,English,General Fashion,0.0018911000000000002
TikTok,Phase2,"Hit drop embroid baggy 🥶🥶>>>💥⚡️💥limited edition

Size m l xl xxl 
Ig:nj.closet99
Tt:nirajanuniquefancy

Location📍Thulo bharyang swoyambhu kathmandu📍

#new #drop #embroid #baggyjeans #foryou #trending #fashion #trendingreels #goviral #nirajanuniquefancy #njcloset #goviral 

We do shipping all over nepal & worldwide🌎✈️

Do follow our page for more updates
Thank you❤️❤️❤️ 😎☺️",27000,164,760,707500,2026-01-19 05:31:14+00:00,Hit drop embroid baggy 🥶🥶>>>💥⚡️💥limited edition Size m l xl xxl Ig:nj.closet99 Tt:nirajanuniquefancy Location📍Thulo bharyang swoyambhu kathmandu📍 #new #drop #embroid #baggyjeans #foryou #trending #fashion #trendingreels #goviral #nirajanuniquefancy #njcloset #goviral We do shipping all over nepal & worldwide🌎✈️ Do follow our page for more updates Thank you❤️❤️❤️ 😎☺️,hit drop embroid baggy 🥶🥶>>>💥⚡️💥limited edition size m l xl xxl ig:nj.closet99 tt:nirajanuniquefancy location📍thulo bharyang swoyambhu kathmandu📍 #new #drop #embroid #baggyjeans #foryou #trending #fashion #trendingreels #goviral #nirajanuniquefancy #njcloset #goviral we do shipping all over nepal & worldwide🌎✈️ do follow our page for more updates thank you❤️❤️❤️ 😎☺️,True,English,Western/Casual,0.67195
TikTok,Phase2,"#NepaliReels #NepaliCreator #NepaliFashion #LifestyleNepal #Nepal #OOTDNepal #StyleWithMe #FashionReels #NepaliGirl #ReelsOfInstagram #AestheticNepal #FashionVibesNepal #ExplorePage #GRWMNepal #SlayinNepal #ReelTrend #InstaNepal
#MadelnNepal #VisitNepal2025 #TrendingNow #ViralReels #ReelKaroFeelKaro #OutfitinspoNepal #NepaliBeauty #FashionNepal #DayInMyLifeNepal #ExploreNepal
#NepalVibes #ReelLove #FYPnepal",1778,29,90,57500,2025-05-16 10:01:26+00:00,#NepaliReels #NepaliCreator #NepaliFashion #LifestyleNepal #Nepal #OOTDNepal #StyleWithMe #FashionReels #NepaliGirl #ReelsOfInstagram #AestheticNepal #FashionVibesNepal #ExplorePage #GRWMNepal #SlayinNepal #ReelTrend #InstaNepal #MadelnNepal #VisitNepal2025 #TrendingNow #ViralReels #ReelKaroFeelKaro #OutfitinspoNepal #NepaliBeauty #FashionNepal #DayInMyLifeNepal #ExploreNepal #NepalVibes #ReelLove #FYPnepal,#nepalireels #nepalicreator #nepalifashion #lifestylenepal #nepal #ootdnepal #stylewithme #fashionreels #nepaligirl #reelsofinstagram #aestheticnepal #fashionvibesnepal #explorepage #grwmnepal #slayinnepal #reeltrend #instanepal #madelnnepal #visitnepal2025 #trendingnow #viralreels #reelkarofeelkaro #outfitinsponepal #nepalibeauty #fashionnepal #dayinmylifenepal #explorenepal #nepalvibes #reellove #fypnepal,True,English,Western/Casual,0.10357000000000001
TikTok,Phase2,"Its a beautiful day todayyyy 😊
🎊 

#ootd #outfitinspo #casualoutfits #nepali #maxiskirt ",1811,80,45,37200,2026-05-28 17:06:41+00:00,Its a beautiful day todayyyy 😊 🎊 #ootd #outfitinspo #casualoutfits #nepali #maxiskirt,its a beautiful day todayyyy 😊 🎊 #ootd #outfitinspo #casualoutfits #nepali #maxiskirt,True,English,Western/Casual,0.10916
TikTok,Phase2,"✨ New Arrival at Glam Fashion Nepal ✨

A breathtaking hand-embroidered bridal reception lehenga crafted for the bride who desires elegance, luxury, and timeless beauty. Intricate detailing, impeccable craftsmanship, and a regal silhouette come together to create the perfect reception look.

💄 Makeup by @beautyeshhh 
🌍 Worldwide Shipping Available

#GlamFashionNepal #BridalLehenga #ReceptionLehenga #HandEmbroidery",25700,450,5294,158300,2026-05-31 05:33:25+00:00,"✨ New Arrival at Glam Fashion Nepal ✨ A breathtaking hand-embroidered bridal reception lehenga crafted for the bride who desires elegance, luxury, and timeless beauty. Intricate detailing, impeccable craftsmanship, and a regal silhouette come together to create the perfect reception look. 💄 Makeup by 🌍 Worldwide Shipping Available #GlamFashionNepal #BridalLehenga #ReceptionLehenga #HandEmbroidery","✨ new arrival at glam fashion nepal ✨ a breathtaking hand-embroidered bridal reception lehenga crafted for the bride who desires elegance, luxury, and timeless beauty. intricate detailing, impeccable craftsmanship, and a regal silhouette come together to create the perfect reception look. 💄 makeup by 🌍 worldwide shipping available #glamfashionnepal #bridallehenga #receptionlehenga #handembroidery",True,English,Traditional/Ethnic,0.7508300000000001
TikTok,Phase2,"🤍🤎

.
.
.
.
.
.
#lsisluxestyle #fyp #clothes #clothingbrand #fashion #réel #outfit #reels #ootd #fashionstyle #y2k #y2kfashion#nepal #nepali #nepalireels #nepal🇳🇵",9273,15,810,217400,2025-05-18 12:20:35+00:00,🤍🤎 . . . . . . #lsisluxestyle #fyp #clothes #clothingbrand #fashion #réel #outfit #reels #ootd #fashionstyle #y2k #y2kfashion#nepal #nepali #nepalireels #nepal🇳🇵,🤍🤎 . . . . . . #lsisluxestyle #fyp #clothes #clothingbrand #fashion #réel #outfit #reels #ootd #fashionstyle #y2k #y2kfashion#nepal #nepali #nepalireels #nepal🇳🇵,True,English,General Fashion,0.55916
TikTok,Phase2,"Leather x ch slim drill  fit 😈👾⚫️⚫️🥷🏼🔥
Ig:nj.closet99
Tt:nirajanuniquefancy

Size - m l xl 

Location 📍Thulo bharyang swoyambhu kathmandu

#foryou #drip #drill  #fashion #double #zipup #trending #outfits #nirajanuniquefancy #njcloset #reels #goviral #fyp#unfrezzmyaccount🙏 #goveryviral 

We do shipping all over nepal & worldwide✈️✈️

Kindly do follow our page for more updates❤️☺️

Thank you all ❤️",13800,85,342,252200,2026-02-11 15:01:09+00:00,Leather x ch slim drill fit 😈👾⚫️⚫️🥷🏼🔥 Ig:nj.closet99 Tt:nirajanuniquefancy Size - m l xl Location 📍Thulo bharyang swoyambhu kathmandu #foryou #drip #drill #fashion #double #zipup #trending #outfits #nirajanuniquefancy #njcloset #reels #goviral #fyp#unfrezzmyaccount🙏 #goveryviral We do shipping all over nepal & worldwide✈️✈️ Kindly do follow our page for more updates❤️☺️ Thank you all ❤️,leather x ch slim drill fit 😈👾⚫️⚫️🥷🏼🔥 ig:nj.closet99 tt:nirajanuniquefancy size - m l xl location 📍thulo bharyang swoyambhu kathmandu #foryou #drip #drill #fashion #double #zipup #trending #outfits #nirajanuniquefancy #njcloset #reels #goviral #fyp#unfrezzmyaccount🙏 #goveryviral we do shipping all over nepal & worldwide✈️✈️ kindly do follow our page for more updates❤️☺️ thank you all ❤️,True,English,Western/Casual,0.51912
TikTok,Phase2,@Bibid Jung Thapa @Surakshya Kc @New Style Fashion Wear #new_style_fashion_wear #trandingvideo #giviraltiktokvideo #nepalitiktok #reelsinstagram ,9256,26,32,196200,2026-01-09 04:20:41+00:00,Jung Thapa Kc Style Fashion Wear #new_style_fashion_wear #trandingvideo #giviraltiktokvideo #nepalitiktok #reelsinstagram,jung thapa kc style fashion wear #new_style_fashion_wear #trandingvideo #giviraltiktokvideo #nepalitiktok #reelsinstagram,True,English,General Fashion,0.40406000000000003
TikTok,Phase2,"The fit that starts a conversation.
Style with bastra.
Every creation carries a story.
🔗 Link in bio.
#bastra #NepaliFashion #WearableArt #CulturalThreads #HeritageWear",2986,37,210,183900,2026-05-28 01:52:21+00:00,The fit that starts a conversation. Style with bastra. Every creation carries a story. 🔗 Link in bio. #bastra #NepaliFashion #WearableArt #CulturalThreads #HeritageWear,the fit that starts a conversation. style with bastra. every creation carries a story. 🔗 link in bio. #bastra #nepalifashion #wearableart #culturalthreads #heritagewear,True,English,Traditional/Ethnic,0.19093
TikTok,Phase2,"Gurung Dress😍
In love with our cultural dress.❤️
. 
.
.
.
.
.
.
.
#culturaldress #explore #gurungdress #reels #fyp #explore #trend #gurungni #nepali #prabhagurung ",168700,1138,7086,2400000,2023-06-22 16:49:51+00:00,Gurung Dress😍 In love with our cultural dress.❤️ . . . . . . . . #culturaldress #explore #gurungdress #reels #fyp #explore #trend #gurungni #nepali #prabhagurung,gurung dress😍 in love with our cultural dress.❤️ . . . . . . . . #culturaldress #explore #gurungdress #reels #fyp #explore #trend #gurungni #nepali #prabhagurung,True,English,Traditional/Ethnic,0.9999999999999999
TikTok,Phase2,#NepaliReels #NepaliCreator #NepaliFashion #LifestyleNepal #Nepal #OOTDNepal #StyleWithMe #FashionReels #NepaliGirl #ReelsOfInstagram #AestheticNepal #FashionVibesNepal #ExplorePage #GRWMNepal #SlayinNepal #ReelTrend #InstaNepal #MadelnNepal #VisitNepal2025 #TrendingNow #ViralReels #ReelKaroFeelKaro #OutfitinspoNepal #NepaliBeauty #FashionNepal #DayInMyLifeNepal #ExploreNepal #NepalVibes #ReelLove #FYPnepal,10900,207,322,102400,2025-04-11 11:46:43+00:00,#NepaliReels #NepaliCreator #NepaliFashion #LifestyleNepal #Nepal #OOTDNepal #StyleWithMe #FashionReels #NepaliGirl #ReelsOfInstagram #AestheticNepal #FashionVibesNepal #ExplorePage #GRWMNepal #SlayinNepal #ReelTrend #InstaNepal #MadelnNepal #VisitNepal2025 #TrendingNow #ViralReels #ReelKaroFeelKaro #OutfitinspoNepal #NepaliBeauty #FashionNepal #DayInMyLifeNepal #ExploreNepal #NepalVibes #ReelLove #FYPnepal,#nepalireels #nepalicreator #nepalifashion #lifestylenepal #nepal #ootdnepal #stylewithme #fashionreels #nepaligirl #reelsofinstagram #aestheticnepal #fashionvibesnepal #explorepage #grwmnepal #slayinnepal #reeltrend #instanepal #madelnnepal #visitnepal2025 #trendingnow #viralreels #reelkarofeelkaro #outfitinsponepal #nepalibeauty #fashionnepal #dayinmylifenepal #explorenepal #nepalvibes #reellove #fypnepal,True,English,Western/Casual,0.53674
TikTok,Phase2,Nepali bridal shoot @sisbyksuskalology #fyp #dhyappagang ,51500,206,1419,1100000,2026-02-05 09:42:30+00:00,Nepali bridal shoot #fyp #dhyappagang,nepali bridal shoot #fyp #dhyappagang,True,English,General Fashion,0.7617999999999999
TikTok,Phase2,Do I not look nepali?? Come on guys #nepal #nepali #nepalitiktok #nepaltiktok #nepaligirl ,2231,51,54,53700,2026-03-23 15:15:00+00:00,Do I not look nepali?? Come on guys #nepal #nepali #nepalitiktok #nepaltiktok #nepaligirl,do i not look nepali?? come on guys #nepal #nepali #nepalitiktok #nepaltiktok #nepaligirl,True,English,General Fashion,0.12071
TikTok,Phase2,"Nepali face card
#fyp #foryou #nepali #facecard #bp",14100,240,1111,148300,2026-04-11 01:55:05+00:00,Nepali face card #fyp #foryou #nepali #facecard #bp,nepali face card #fyp #foryou #nepali #facecard #bp,True,English,General Fashion,0.68683
TikTok,Phase2,ib: @Monique #bebottrend #nepali #90smakeuplook #pransha ,5797,166,160,53500,2026-02-10 23:58:35+00:00,ib: #bebottrend #nepali #90smakeuplook #pransha,ib: #bebottrend #nepali #90smakeuplook #pransha,True,English,General Fashion,0.31903
TikTok,Phase2,"Nepali heritage • Modern elegance
Custom-made for brides worldwide
Shop your dream look ❤️
📞 +977 9744424953
📞 +1 571 723 0718@Sebikaa @Shagoon Jewellers@Makeupwithmanisa ",14300,21,730,237700,2026-05-05 06:41:06+00:00,Nepali heritage • Modern elegance Custom-made for brides worldwide Shop your dream look ❤️ 📞 +977 9744424953 📞 +1 571 723 0718 Jewellers,nepali heritage • modern elegance custom-made for brides worldwide shop your dream look ❤️ 📞 +977 9744424953 📞 +1 571 723 0718 jewellers,True,English,Traditional/Ethnic,0.57607
TikTok,Phase2,Nepali look get lover#fyp #nepali #Nepal #canada #🇳🇵 ,36,2,0,339,2026-05-05 17:49:12+00:00,Nepali look get lover#fyp #nepali #Nepal #canada #🇳🇵,nepali look get lover#fyp #nepali #nepal #canada #🇳🇵,True,English,General Fashion,0.0020739
TikTok,Phase2,I don’t get the hype lol #nepalitiktok  ,221900,1348,10900,2600000,2025-09-05 03:15:15+00:00,I don’t get the hype lol #nepalitiktok,i don’t get the hype lol #nepalitiktok,True,English,General Fashion,0.9999999999999999
TikTok,Phase2,Jhumkey Bulaki 🇳🇵 #fyp #nepal #nepali #nepalitiktok ,1288,25,10,17700,2026-05-10 23:41:19+00:00,Jhumkey Bulaki 🇳🇵 #fyp #nepal #nepali #nepalitiktok,jhumkey bulaki 🇳🇵 #fyp #nepal #nepali #nepalitiktok,True,English,General Fashion,0.06279
TikTok,Phase2,All ready for sakela 😜  and also these beautiful ornaments are from @Khamla culture collection #rainicheli #nepalitiktok🇳🇵 #sakelauk #fyp #viral ,16200,78,765,228200,2026-05-23 21:20:33+00:00,All ready for sakela 😜 and also these beautiful ornaments are from culture collection #rainicheli #nepalitiktok🇳🇵 #sakelauk #fyp #viral,all ready for sakela 😜 and also these beautiful ornaments are from culture collection #rainicheli #nepalitiktok🇳🇵 #sakelauk #fyp #viral,True,English,General Fashion,0.59922
TikTok,Phase2,Makeup tutorial  is posted 🤪 #allovertheworld #foryoupage #nepali #yyc #browntok ,87600,316,1794,1000000,2026-04-03 11:51:01+00:00,Makeup tutorial is posted 🤪 #allovertheworld #foryoupage #nepali #yyc #browntok,makeup tutorial is posted 🤪 #allovertheworld #foryoupage #nepali #yyc #browntok,True,English,General Fashion,0.7948000000000001
TikTok,Phase2,Nepalis look so diverse its crazy I def look Indian since I’m half #nepali #real #relatable #repost #fyp  hopefully the nepalis see this ,15100,224,1734,130600,2026-03-17 02:47:09+00:00,Nepalis look so diverse its crazy I def look Indian since I’m half #nepali #real #relatable #repost #fyp hopefully the nepalis see this,nepalis look so diverse its crazy i def look indian since i’m half #nepali #real #relatable #repost #fyp hopefully the nepalis see this,True,English,General Fashion,0.68026
TikTok,Phase2,"Agree girls??✨

#aesthetics #kirantalks #mithilagirl #nepali #desilooks ",731,46,46,8540,2026-05-31 10:47:47+00:00,Agree girls??✨ #aesthetics #kirantalks #mithilagirl #nepali #desilooks,agree girls??✨ #aesthetics #kirantalks #mithilagirl #nepali #desilooks,True,English,General Fashion,0.053094
TikTok,Phase2,Nepali look get ,32,0,0,468,2026-03-03 18:30:29+00:00,Nepali look get,nepali look get,True,English,General Fashion,0.0013268000000000002
TikTok,Phase2,"This is our only official account on Tiktok, follow us for more exciting behind the scenes from #MissNepal 2025! 

@Sumana KC | MissNepalEarth2024 
@Ashma Kumari KC 
@Karuna Rawat ",103300,871,961,2100000,2025-06-16 03:26:38+00:00,"This is our only official account on Tiktok, follow us for more exciting behind the scenes from #MissNepal 2025! KC | MissNepalEarth2024 Kumari KC Rawat","this is our only official account on tiktok, follow us for more exciting behind the scenes from #missnepal 2025! kc | missnepalearth2024 kumari kc rawat",True,English,General Fashion,0.9535
TikTok,Phase2,"You could be the next flag bearer 🇳🇵

Applications are open now for #MissNepal2025 ",7473,86,158,115600,2025-06-09 03:10:43+00:00,You could be the next flag bearer 🇳🇵 Applications are open now for #MissNepal2025,you could be the next flag bearer 🇳🇵 applications are open now for #missnepal2025,True,English,General Fashion,0.36788000000000004
TikTok,Phase2,"Namaste from Siddhartha Hotel, Nepalgunj with our #MissNepal International @Karuna Rawat and #MissNepal Earth @Sumana KC | MissNepalEarth2024 

Application deadline July 10th
Kathmandu auditions July 12th

Apply now from www.missnepal.com.np

Our official social media partner @TikTok ",102500,625,575,1900000,2025-07-08 13:10:32+00:00,"Namaste from Siddhartha Hotel, Nepalgunj with our #MissNepal International Rawat and #MissNepal Earth KC | MissNepalEarth2024 Application deadline July 10th Kathmandu auditions July 12th Apply now from Our official social media partner","namaste from siddhartha hotel, nepalgunj with our #missnepal international rawat and #missnepal earth kc | missnepalearth2024 application deadline july 10th kathmandu auditions july 12th apply now from our official social media partner",True,English,General Fashion,0.8025
TikTok,Phase2,"You could be the next #MissNepal Earth to represent Nepal at the 2025 Miss Earth pageant!

Application deadline 10 th July
Kathmandu auditions 12th July

Apply now from www.missnepal.com.np @Sumana KC | MissNepalEarth2024 ",85300,450,738,1400000,2025-07-08 13:01:13+00:00,You could be the next #MissNepal Earth to represent Nepal at the 2025 Miss Earth pageant! Application deadline 10 th July Kathmandu auditions 12th July Apply now from KC | MissNepalEarth2024,you could be the next #missnepal earth to represent nepal at the 2025 miss earth pageant! application deadline 10 th july kathmandu auditions 12th july apply now from kc | missnepalearth2024,True,English,General Fashion,0.7826000000000001
TikTok,Phase2,"You could be the next #MissNepal International 2025 to represent Nepal in the Miss International 2025 pageant in Tokyo, Japan!

Application deadline for Miss Nepal 2025 on 10th July
Kathmandu audition on 12th July

Apply now from www.missnepal.com.np

@Karuna Rawat ",117200,335,422,1200000,2025-07-08 12:56:35+00:00,"You could be the next #MissNepal International 2025 to represent Nepal in the Miss International 2025 pageant in Tokyo, Japan! Application deadline for Miss Nepal 2025 on 10th July Kathmandu audition on 12th July Apply now from Rawat","you could be the next #missnepal international 2025 to represent nepal in the miss international 2025 pageant in tokyo, japan! application deadline for miss nepal 2025 on 10th july kathmandu audition on 12th july apply now from rawat",True,English,General Fashion,0.6849000000000001
TikTok,Phase2,"Only 1 day left to apply for #MissNepal2025 !
Last day to apply is on 10th of July
Kathmandu auditions on 12th of July
Apply now from www.missnepal.com.np
#WhatToWatch #TikTokTainment
Entertainment partner @TikTok ",52400,340,634,1500000,2025-07-09 03:44:36+00:00,Only 1 day left to apply for #MissNepal2025 ! Last day to apply is on 10th of July Kathmandu auditions on 12th of July Apply now from #WhatToWatch #TikTokTainment Entertainment partner,only 1 day left to apply for #missnepal2025 ! last day to apply is on 10th of july kathmandu auditions on 12th of july apply now from #whattowatch #tiktoktainment entertainment partner,True,English,Accessories,0.7288
TikTok,Phase2,"Conversation with our Miss Nepal World @Luna Luitel about her reign and Miss Nepal 2026 Experience💗

#missnepal #missworld #misscosmo #missinternational #fyp ",9850,104,352,219800,2026-05-24 10:14:28+00:00,Conversation with our Miss Nepal World Luitel about her reign and Miss Nepal 2026 Experience💗 #missnepal #missworld #misscosmo #missinternational #fyp,conversation with our miss nepal world luitel about her reign and miss nepal 2026 experience💗 #missnepal #missworld #misscosmo #missinternational #fyp,True,English,General Fashion,0.51758
TikTok,Phase2,"Welcome to the Future with BYD Itahari🤯🤯
#byd #missnepal2026 #missworld #misscosmo #missinternational ",197,3,11,8177,2026-05-30 10:27:54+00:00,Welcome to the Future with BYD Itahari🤯🤯 #byd #missnepal2026 #missworld #misscosmo #missinternational,welcome to the future with byd itahari🤯🤯 #byd #missnepal2026 #missworld #misscosmo #missinternational,True,English,General Fashion,0.0117977
TikTok,Phase2,"Itahari auditions brought us the Runway Walk!!👠
#fyp #missnepal2026 #runway #missworld #misscosmo ",1687,11,193,47600,2026-05-31 08:37:57+00:00,Itahari auditions brought us the Runway Walk!!👠 #fyp #missnepal2026 #runway #missworld #misscosmo,itahari auditions brought us the runway walk!!👠 #fyp #missnepal2026 #runway #missworld #misscosmo,True,English,General Fashion,0.11414
TikTok,Phase2,"We’re coming to your city Birtamod for the Miss Nepal 2026 Auditions!!!👏
See you all at the auditions tomorrow😍
#fyp #birtmaod #missnepal #missnepal2026 #misscosmo ",9980,64,268,259200,2026-05-27 04:28:22+00:00,We’re coming to your city Birtamod for the Miss Nepal 2026 Auditions!!!👏 See you all at the auditions tomorrow😍 #fyp #birtmaod #missnepal #missnepal2026 #misscosmo,we’re coming to your city birtamod for the miss nepal 2026 auditions!!!👏 see you all at the auditions tomorrow😍 #fyp #birtmaod #missnepal #missnepal2026 #misscosmo,True,English,General Fashion,0.49792
TikTok,Phase2,"Glimpses of the Birtamod Auditions which Happened today!!!
Road to Miss Nepal 2026🇳🇵😍
#missnepal2026 #fyp #pageants #missworld #misscosmo ",753,4,81,33000,2026-05-28 11:52:24+00:00,Glimpses of the Birtamod Auditions which Happened today!!! Road to Miss Nepal 2026🇳🇵😍 #missnepal2026 #fyp #pageants #missworld #misscosmo,glimpses of the birtamod auditions which happened today!!! road to miss nepal 2026🇳🇵😍 #missnepal2026 #fyp #pageants #missworld #misscosmo,True,English,General Fashion,0.050820000000000004
TikTok,Phase2,Top 10 | QNA ROUND | NEPAL 🇳🇵 @sejalrajbhandari #missnepal #missecointernational #keepsupport #goviral #nepal ,40,0,2,1419,2026-05-26 10:48:01+00:00,Top 10 | QNA ROUND | NEPAL 🇳🇵 #missnepal #missecointernational #keepsupport #goviral #nepal,top 10 | qna round | nepal 🇳🇵 #missnepal #missecointernational #keepsupport #goviral #nepal,True,English,Western/Casual,0.0021419
TikTok,Phase2,"Miss Nepal World 2025 @Luna Luitel gets emotional as she shares her one year long reign🥹🥹
#missnepal2026 #missworld #lunaluitel #fyp #pageants ",3450,27,66,95900,2026-05-26 08:35:40+00:00,Miss Nepal World 2025 Luitel gets emotional as she shares her one year long reign🥹🥹 #missnepal2026 #missworld #lunaluitel #fyp #pageants,miss nepal world 2025 luitel gets emotional as she shares her one year long reign🥹🥹 #missnepal2026 #missworld #lunaluitel #fyp #pageants,True,English,General Fashion,0.16888999999999998
TikTok,Phase2,"Miss Nepal 2026 kicks off the college activation with its first stop Texas Int’l College🤏🤏🤏
#missnepal #missnepal2026 #fyp #missworld #misscosmo ",319,4,13,10900,2026-05-27 04:27:05+00:00,Miss Nepal 2026 kicks off the college activation with its first stop Texas Int’l College🤏🤏🤏 #missnepal #missnepal2026 #fyp #missworld #misscosmo,miss nepal 2026 kicks off the college activation with its first stop texas int’l college🤏🤏🤏 #missnepal #missnepal2026 #fyp #missworld #misscosmo,True,English,Western/Casual,0.01765
TikTok,Phase2,"@kfc our proud partner of Miss Nepal 2026!! So our queens had some fun while eating too🍔
#missnepal #missnepal2026 #fyp #kfc #missworld",220,3,12,8486,2026-05-26 08:10:38+00:00,our proud partner of Miss Nepal 2026!! So our queens had some fun while eating too🍔 #missnepal #missnepal2026 #fyp #kfc #missworld,our proud partner of miss nepal 2026!! so our queens had some fun while eating too🍔 #missnepal #missnepal2026 #fyp #kfc #missworld,True,English,General Fashion,0.0129486
TikTok,Phase2,"The Chaos before THE LOOK at the Miss Nepal 2026 Press💋
#missnepal2026 #fyp #missworld #pageants #missnepal ",172,2,3,4768,2026-05-30 08:59:44+00:00,The Chaos before THE LOOK at the Miss Nepal 2026 Press💋 #missnepal2026 #fyp #missworld #pageants #missnepal,the chaos before the look at the miss nepal 2026 press💋 #missnepal2026 #fyp #missworld #pageants #missnepal,True,English,General Fashion,0.0085568
TikTok,Phase2,"We are now starting Miss Nepal 2026!! Get Ready for the ultimate Miss Nepal Experience😍❤️

#missnepal2026 #missworld #tittoktainment #misscosmo #fyp ",3117,16,64,80600,2026-05-20 16:36:47+00:00,We are now starting Miss Nepal 2026!! Get Ready for the ultimate Miss Nepal Experience😍❤️ #missnepal2026 #missworld #tittoktainment #misscosmo #fyp,we are now starting miss nepal 2026!! get ready for the ultimate miss nepal experience😍❤️ #missnepal2026 #missworld #tittoktainment #misscosmo #fyp,True,English,General Fashion,0.15034000000000003
TikTok,Phase2,"The Queens gets emotional when they look back on their Journey and specially more because of @imsonyghale17 🥹❤️We miss you
#fyp #missnepal2026 #missearth #sonyghale #pageants ",690,6,3,18700,2026-05-21 13:10:28+00:00,The Queens gets emotional when they look back on their Journey and specially more because of 🥹❤️We miss you #fyp #missnepal2026 #missearth #sonyghale #pageants,the queens gets emotional when they look back on their journey and specially more because of 🥹❤️we miss you #fyp #missnepal2026 #missearth #sonyghale #pageants,True,English,General Fashion,0.03187
TikTok,Phase2,"The Road to the 75th Anniversary of @missworld 
Nepal 🇳🇵 @luniluit 
ASIA & OCEANIA 
#nepal 
#missworld #missworld2026 #missnepal
missworldnepal",11,0,1,710,2026-04-22 05:16:52+00:00,The Road to the 75th Anniversary of Nepal 🇳🇵 ASIA & OCEANIA #nepal #missworld #missworld2026 #missnepal missworldnepal,the road to the 75th anniversary of nepal 🇳🇵 asia & oceania #nepal #missworld #missworld2026 #missnepal missworldnepal,True,English,General Fashion,0.000711
TikTok,Phase2,"Such a warm welcome at Hotel Soaltee Pokhara😍❤️
#missnepal2026 #fyp #missworld #misscosmo #pageants  ",355,1,1,12400,2026-06-01 09:05:53+00:00,Such a warm welcome at Hotel Soaltee Pokhara😍❤️ #missnepal2026 #fyp #missworld #misscosmo #pageants,such a warm welcome at hotel soaltee pokhara😍❤️ #missnepal2026 #fyp #missworld #misscosmo #pageants,True,English,General Fashion,0.01594
TikTok,Phase2,"I’m becoming boot-holics…
.
.
.
#nepaligirl #fashioninspo #outfitinspo #petitegirl #nepali ",642,4,8,25400,2026-05-24 13:36:21+00:00,I’m becoming boot-holics… . . . #nepaligirl #fashioninspo #outfitinspo #petitegirl #nepali,i’m becoming boot-holics… . . . #nepaligirl #fashioninspo #outfitinspo #petitegirl #nepali,True,English,General Fashion,0.03102
TikTok,Phase2,"Hand-embroidered boho dress 🖤
free size 

dm to order 
limited pieces 

#bohoclothing #trending #nepalihippiecollection #womensfashion #outfitinspo ",893,14,155,32500,2026-05-10 13:31:14+00:00,Hand-embroidered boho dress 🖤 free size dm to order limited pieces #bohoclothing #trending #nepalihippiecollection #womensfashion #outfitinspo,hand-embroidered boho dress 🖤 free size dm to order limited pieces #bohoclothing #trending #nepalihippiecollection #womensfashion #outfitinspo,True,English,General Fashion,0.07417000000000001
TikTok,Phase2,OOTD✨❤️ #outfitinspo #fyp #nepalitiktok #fashiontiktok ,97,3,2,949,2026-05-30 16:54:34+00:00,OOTD✨❤️ #outfitinspo #fyp #nepalitiktok #fashiontiktok,ootd✨❤️ #outfitinspo #fyp #nepalitiktok #fashiontiktok,True,English,General Fashion,0.005274900000000001
TikTok,Phase2,#fyp #trending #nepali #ootdinspo #fashion ,156,51,45,993,2026-05-20 14:51:53+00:00,#fyp #trending #nepali #ootdinspo #fashion,#fyp #trending #nepali #ootdinspo #fashion,True,English,General Fashion,0.030639299999999998
TikTok,Phase2,#nepali #trending #ootdinspo #fashion #hindisong ,300,53,46,2792,2026-05-28 04:01:11+00:00,#nepali #trending #ootdinspo #fashion #hindisong,#nepali #trending #ootdinspo #fashion #hindisong,True,English,General Fashion,0.037379199999999994
TikTok,Phase2,"ig-petalnpearl__
Whatsapp-9761843596
#ootdfashion #nepal #fyp #fashiontiktok #outfitinspo ",5101,7,719,85000,2026-05-30 05:07:57+00:00,ig-petalnpearl__ Whatsapp-9761843596 #ootdfashion #nepal #fyp #fashiontiktok #outfitinspo,ig-petalnpearl__ whatsapp-9761843596 #ootdfashion #nepal #fyp #fashiontiktok #outfitinspo,True,English,General Fashion,0.35844000000000004
TikTok,Phase2,"Cutest cord set from @VÉNUS 💗

#grwm #nepaligrwm #outfitideas ",5470,48,113,133900,2026-05-10 17:38:51+00:00,Cutest cord set from 💗 #grwm #nepaligrwm #outfitideas,cutest cord set from 💗 #grwm #nepaligrwm #outfitideas,True,English,Western/Casual,0.26919000000000004
TikTok,Phase2,"Dressing up and spending the night with your girl >>>> 

#grwm #nepaligrwm #outfitideas #styleinspo #concertoutfit ",4579,35,103,107300,2026-05-31 15:28:24+00:00,Dressing up and spending the night with your girl >>>> #grwm #nepaligrwm #outfitideas #styleinspo #concertoutfit,dressing up and spending the night with your girl >>>> #grwm #nepaligrwm #outfitideas #styleinspo #concertoutfit,True,English,Western/Casual,0.22499
TikTok,Phase2,"In my classic kurtha styling era ✨

#grwm #nepaligrwm #stylingkurtha #outfitideas #styleinspo",19300,144,215,544500,2026-04-07 17:11:42+00:00,In my classic kurtha styling era ✨ #grwm #nepaligrwm #stylingkurtha #outfitideas #styleinspo,in my classic kurtha styling era ✨ #grwm #nepaligrwm #stylingkurtha #outfitideas #styleinspo,True,English,Western/Casual,0.5406500000000001
TikTok,Phase2,bom ba lee with my desi girliess💃✨ @nisha🌸👩‍🏫 @sxmbhawi🌸 #fyppppppppppppppppppppppp #nepali #traditionaloutfit #outfitinspo ,145,4,3,3130,2026-05-29 03:07:30+00:00,bom ba lee with my desi girliess💃✨ 🌸👩‍🏫 🌸 #fyppppppppppppppppppppppp #nepali #traditionaloutfit #outfitinspo,bom ba lee with my desi girliess💃✨ 🌸👩‍🏫 🌸 #fyppppppppppppppppppppppp #nepali #traditionaloutfit #outfitinspo,True,English,Traditional/Ethnic,0.007913
TikTok,Phase2,Girlssss get out and havee funn in a cutie fit 😉☺️ #springoutfit #ootd #outfitideas #outfitinspiration #nepalitiktok ,1011,45,18,23600,2026-04-04 18:30:40+00:00,Girlssss get out and havee funn in a cutie fit 😉☺️ #springoutfit #ootd #outfitideas #outfitinspiration #nepalitiktok,girlssss get out and havee funn in a cutie fit 😉☺️ #springoutfit #ootd #outfitideas #outfitinspiration #nepalitiktok,True,English,General Fashion,0.0599
TikTok,Phase2,"this combo!
#ootd #outfitideas #fashion #nepali #fyp ",141,9,3,1359,2026-05-30 15:46:58+00:00,this combo! #ootd #outfitideas #fashion #nepali #fyp,this combo! #ootd #outfitideas #fashion #nepali #fyp,True,English,General Fashion,0.0090759
TikTok,Phase2,Delivery all over Nepal #fyppppppppppppppppppppppp #foryou ,1262,0,270,48800,2026-05-19 06:24:13+00:00,Delivery all over Nepal #fyppppppppppppppppppppppp #foryou,delivery all over nepal #fyppppppppppppppppppppppp #foryou,True,English,General Fashion,0.10936000000000001
TikTok,Phase2,delivery all over Nepal #viral?videotiktok😇😇 #viral #foryoupage #odernow ,177,7,4,7163,2026-05-25 12:22:40+00:00,delivery all over Nepal #viral?videotiktok😇😇 #viral #foryoupage #odernow,delivery all over nepal #viral?videotiktok😇😇 #viral #foryoupage #odernow,True,English,General Fashion,0.0106963
TikTok,Phase2,#deliveryallovernepal🇳🇵✈️🚌 #biratnagarthakuribadiroad #newshivamjewellers #unfrezzmyaccount #orderinwstapp9816993662 @Rachu Bhetwal ,1620,23,83,32000,2026-05-06 06:42:44+00:00,#deliveryallovernepal🇳🇵✈️🚌 #biratnagarthakuribadiroad #newshivamjewellers #unfrezzmyaccount #orderinwstapp9816993662 Bhetwal,#deliveryallovernepal🇳🇵✈️🚌 #biratnagarthakuribadiroad #newshivamjewellers #unfrezzmyaccount #orderinwstapp9816993662 bhetwal,True,English,Accessories,0.09150000000000001
TikTok,Phase2,#omsareecentre #whatapp9763545906 ,1222,7,65,57900,2026-05-25 09:24:04+00:00,#omsareecentre #whatapp9763545906,#omsareecentre #whatapp9763545906,True,English,Traditional/Ethnic,0.06977000000000001
TikTok,Phase2,#AerolinkUSA #fyp #CourierWithCare #USAToNepal #NepalToUSA ,16,3,31,2520,2025-11-12 13:26:03+00:00,#AerolinkUSA #fyp #CourierWithCare #USAToNepal #NepalToUSA,#aerolinkusa #fyp #courierwithcare #usatonepal #nepaltousa,True,English,General Fashion,0.007992
TikTok,Phase2,#aerlinkusa #nepalitiktok #viralvideo ,8,0,19,1618,2025-09-28 08:37:53+00:00,#aerlinkusa #nepalitiktok #viralvideo,#aerlinkusa #nepalitiktok #viralvideo,True,English,General Fashion,0.0042818000000000005
TikTok,Phase2,#creatorsearchinsights #homedeliveryavailable🚚allovernepal🛍️🛍️ #foryoupageofficiall❤️❤️tiktoklover❤️ ,7359,70,1180,284000,2026-05-19 23:24:05+00:00,#creatorsearchinsights #homedeliveryavailable🚚allovernepal🛍️🛍️ #foryoupageofficiall❤️❤️tiktoklover❤️,#creatorsearchinsights #homedeliveryavailable🚚allovernepal🛍️🛍️ #foryoupageofficiall❤️❤️tiktoklover❤️,True,English,General Fashion,0.54376
TikTok,Phase2,Combosetonly 750 #deliveryaloverNepal ,26300,318,4941,584800,2026-05-27 13:14:14+00:00,Combosetonly 750 #deliveryaloverNepal,combosetonly 750 #deliveryalovernepal,True,English,General Fashion,0.75388
TikTok,Phase2,#aerolinkusa #usanepalcourier #fyp ,10,1,8,1213,2026-01-20 14:09:04+00:00,#aerolinkusa #usanepalcourier #fyp,#aerolinkusa #usanepalcourier #fyp,True,English,General Fashion,0.0024213
TikTok,Phase2,Gopalmobilezone#trending#fyp#viralvideo#tiktok#foryoupage S 26 ultra 16/256 GB All Nepal delivery ✅🚚 9848922491 ,2106,81,153,44700,2026-04-24 14:11:46+00:00,Gopalmobilezone#trending#fyp#viralvideo#tiktok#foryoupage S 26 ultra 16/256 GB All Nepal delivery ✅🚚 9848922491,gopalmobilezone#trending#fyp#viralvideo#tiktok#foryoupage s 26 ultra 16/256 gb all nepal delivery ✅🚚 9848922491,True,English,General Fashion,0.14361000000000002
TikTok,Phase2,##newarrivals #deleveryallovernepal #jscollection #trendingitems,305,4,0,2849,2026-05-30 07:38:24+00:00,##newarrivals #deleveryallovernepal #jscollection #trendingitems,##newarrivals #deleveryallovernepal #jscollection #trendingitems,True,English,General Fashion,0.0136849
TikTok,Phase2,"Only price 1240/-
Delivery all over Nepal 🇳🇵
#home_delivery_available_all_over_nepal🚚🚚 #sandipcollection #trendingvideo #foryoupage❤️❤️ #goviral ",13300,142,1636,400300,2026-05-11 07:03:20+00:00,Only price 1240/- Delivery all over Nepal 🇳🇵 #home_delivery_available_all_over_nepal🚚🚚 #sandipcollection #trendingvideo #foryoupage❤️❤️ #goviral,only price 1240/- delivery all over nepal 🇳🇵 #home_delivery_available_all_over_nepal🚚🚚 #sandipcollection #trendingvideo #foryoupage❤️❤️ #goviral,True,English,General Fashion,0.6826300000000001
TikTok,Phase2,"High Quality❤️Price-7500/-✨❤️||Contact ☎️ Us on-insta/WhatsApp📲||home delivery all over world 🌏 || ❤️💫|| Premium Quality product ❤️

#worldwideshipping  #premium #quality #foryoupage #deliveryallovernepal🇳🇵 ",1942,92,530,150400,2026-04-27 17:27:44+00:00,High Quality❤️Price-7500/-✨❤️||Contact ☎️ Us on-insta/WhatsApp📲||home delivery all over world 🌏 || ❤️💫|| Premium Quality product ❤️ #worldwideshipping #premium #quality #foryoupage #deliveryallovernepal🇳🇵,high quality❤️price-7500/-✨❤️||contact ☎️ us on-insta/whatsapp📲||home delivery all over world 🌏 || ❤️💫|| premium quality product ❤️ #worldwideshipping #premium #quality #foryoupage #deliveryallovernepal🇳🇵,True,English,General Fashion,0.22632000000000002
TikTok,Phase2,"Price-3500/-✨❤️||Contact ☎️ Us on-insta/WhatsApp📲||home delivery all over world 🌏 ||All Size available ❤️💫|| Premium Quality product ❤️

#worldwideshipping  #premium #quality #foryoupage #deliveryallovernepal🇳🇵   ",7997,118,3455,482700,2026-05-10 03:07:34+00:00,Price-3500/-✨❤️||Contact ☎️ Us on-insta/WhatsApp📲||home delivery all over world 🌏 ||All Size available ❤️💫|| Premium Quality product ❤️ #worldwideshipping #premium #quality #foryoupage #deliveryallovernepal🇳🇵,price-3500/-✨❤️||contact ☎️ us on-insta/whatsapp📲||home delivery all over world 🌏 ||all size available ❤️💫|| premium quality product ❤️ #worldwideshipping #premium #quality #foryoupage #deliveryallovernepal🇳🇵,True,English,General Fashion,0.60355
TikTok,Phase2,"whatapps 9823817431
🚚 Delivery all over nepal 
🔥Tranding Design • 
Hunny ! limited stock 🛍️High Quality  Set's❤️||price:/-✨❤️||
#worldwideshipping #primum quality #fory ",4802,246,505,229400,2026-05-26 06:51:59+00:00,whatapps 9823817431 🚚 Delivery all over nepal 🔥Tranding Design • Hunny ! limited stock 🛍️High Quality Set's❤️||price:/-✨❤️|| #worldwideshipping #primum quality #fory,whatapps 9823817431 🚚 delivery all over nepal 🔥tranding design • hunny ! limited stock 🛍️high quality set's❤️||price:/-✨❤️|| #worldwideshipping #primum quality #fory,True,English,General Fashion,0.38982
TikTok,Phase2,"home Delevry offer 
kids tractor 🚜 😍 limited stock Delevry all over nepal #allnepaldelivery #followers #trustedshop #tiktok #allnepaldelivery what's ✅️ ",193,12,26,18300,2025-12-07 22:21:32+00:00,home Delevry offer kids tractor 🚜 😍 limited stock Delevry all over nepal #allnepaldelivery #followers #trustedshop #tiktok #allnepaldelivery what's ✅️,home delevry offer kids tractor 🚜 😍 limited stock delevry all over nepal #allnepaldelivery #followers #trustedshop #tiktok #allnepaldelivery what's ✅️,True,English,General Fashion,0.018349999999999998
TikTok,Phase2,"#high quality 
price only:1900/- premium quality 
this set available /- home delivery available all over nepal ❤️💓 
#allovernepaldelivery 
#viral #foryoupage #yfp ",50,2,8,5572,2026-03-09 01:14:57+00:00,#high quality price only:1900/- premium quality this set available /- home delivery available all over nepal ❤️💓 #allovernepaldelivery #viral #foryoupage #yfp,#high quality price only:1900/- premium quality this set available /- home delivery available all over nepal ❤️💓 #allovernepaldelivery #viral #foryoupage #yfp,True,English,General Fashion,0.0047572
TikTok,Phase2,"Only price 2500/-
Delivery all over Nepal 🇳🇵
#home_delivery_available_all_over_nepal🚚🚚 #sandipcollection #trendingvideo #foryoupage❤️❤️ #goviral ",55000,779,8519,1200000,2026-05-16 04:35:54+00:00,Only price 2500/- Delivery all over Nepal 🇳🇵 #home_delivery_available_all_over_nepal🚚🚚 #sandipcollection #trendingvideo #foryoupage❤️❤️ #goviral,only price 2500/- delivery all over nepal 🇳🇵 #home_delivery_available_all_over_nepal🚚🚚 #sandipcollection #trendingvideo #foryoupage❤️❤️ #goviral,True,English,General Fashion,0.9337000000000001
TikTok,Phase2,Book Your Order Today ! Home Delivery Facility #allnepal #multanimitti #slatepencil #kathmandu #jhapa,169,16,11,4651,2026-04-16 12:25:58+00:00,Book Your Order Today ! Home Delivery Facility #allnepal #multanimitti #slatepencil #kathmandu #jhapa,book your order today ! home delivery facility #allnepal #multanimitti #slatepencil #kathmandu #jhapa,True,English,General Fashion,0.0142251
TikTok,Phase2,"Baba Buhari Ani Chora Ko Katha .. #nepalireels #fbreels #viralnepal #trendingnepal 
#aistory     
   
 ",46900,1193,3533,1100000,2026-05-25 08:17:07+00:00,Baba Buhari Ani Chora Ko Katha .. #nepalireels #fbreels #viralnepal #trendingnepal #aistory,baba buhari ani chora ko katha .. #nepalireels #fbreels #viralnepal #trendingnepal #aistory,True,English,General Fashion,0.9999999999999999
TikTok,Phase2,"गर्मीमा कोक र ड्यु पिउँदा ध्यान राख्नुहोस्।
#reelsnepal #nepalireels #fbreels #viralnepal #trendingnepal",3172,22,3723,229600,2026-05-15 06:57:25+00:00,गर्मीमा कोक र ड्यु पिउँदा ध्यान राख्नुहोस्। #reelsnepal #nepalireels #fbreels #viralnepal #trendingnepal,गर्मीमा कोक र ड्यु पिउँदा ध्यान राख्नुहोस्। #reelsnepal #nepalireels #fbreels #viralnepal #trendingnepal,True,Nepali,General Fashion,0.35644
TikTok,Phase2,"Part-1 | BEAUTY OF NEPAL🇳🇵
#edit #nepal #nepaledit #reels__tiktok #fyp ",49600,646,4585,586000,2026-05-13 06:07:33+00:00,Part-1 | BEAUTY OF NEPAL🇳🇵 #edit #nepal #nepaledit #reels__tiktok #fyp,part-1 | beauty of nepal🇳🇵 #edit #nepal #nepaledit #reels__tiktok #fyp,True,English,General Fashion,0.8524
TikTok,Phase2,#nepal #kathmandu #reels #foryoupage #yango ,6229,152,5147,176900,2026-05-21 12:22:49+00:00,#nepal #kathmandu #reels #foryoupage #yango,#nepal #kathmandu #reels #foryoupage #yango,True,English,General Fashion,0.5124500000000001
TikTok,Phase2,गर्मीमा यी तीन ओटा कुरा हरु खाने गर्नुहोस् ! #reelsnepal #nepalireels #fyp #viralnepal #trendingnepal ,15000,207,28900,764400,2026-05-09 14:56:43+00:00,गर्मीमा यी तीन ओटा कुरा हरु खाने गर्नुहोस् ! #reelsnepal #nepalireels #fyp #viralnepal #trendingnepal,गर्मीमा यी तीन ओटा कुरा हरु खाने गर्नुहोस् ! #reelsnepal #nepalireels #fyp #viralnepal #trendingnepal,True,Nepali,General Fashion,0.73854
TikTok,Phase2,"Sorry I over-explained your simple question(how to reply vetum na in nepal?)

#VetumNa #NepaliReels #GenZNepal #NepaliMemes #SarcasmOnly UnnecessaryTedTalk RelatableContent ComedyReels ViralReels ReelsNepal FYP ExplorePage DarkHumor GenZHumor RelatableAF ReelsItFeelIt",10800,349,11100,409100,2026-05-23 17:45:46+00:00,Sorry I over-explained your simple question(how to reply vetum na in nepal?) #VetumNa #NepaliReels #GenZNepal #NepaliMemes #SarcasmOnly UnnecessaryTedTalk RelatableContent ComedyReels ViralReels ReelsNepal FYP ExplorePage DarkHumor GenZHumor RelatableAF ReelsItFeelIt,sorry i over-explained your simple question(how to reply vetum na in nepal?) #vetumna #nepalireels #genznepal #nepalimemes #sarcasmonly unnecessarytedtalk relatablecontent comedyreels viralreels reelsnepal fyp explorepage darkhumor genzhumor relatableaf reelsitfeelit,True,English,General Fashion,0.7456100000000001
TikTok,Phase2,If you know you know🤣 proud moment for us.. congratulations ranbindra dhant 🇳🇵 #fyp #nepal #proud #reels #rabindra ,5986,81,203,172000,2026-05-28 12:27:17+00:00,If you know you know🤣 proud moment for us.. congratulations ranbindra dhant 🇳🇵 #fyp #nepal #proud #reels #rabindra,if you know you know🤣 proud moment for us.. congratulations ranbindra dhant 🇳🇵 #fyp #nepal #proud #reels #rabindra,True,English,General Fashion,0.32154000000000005
TikTok,Phase2,#nepalitiktok #tiktoklive #reelsnepal ,856,91,104,3552,2026-06-01 23:42:40+00:00,#nepalitiktok #tiktoklive #reelsnepal,#nepalitiktok #tiktoklive #reelsnepal,True,English,General Fashion,0.0826952
TikTok,Phase2,"Pov:- Every international student 😂

#MentalHealth #reels #nepal #contentcreator #harkasampang ",331,40,98,17400,2026-05-30 11:55:44+00:00,Pov:- Every international student 😂 #MentalHealth #reels #nepal #contentcreator #harkasampang,pov:- every international student 😂 #mentalhealth #reels #nepal #contentcreator #harkasampang,True,English,General Fashion,0.04658
TikTok,Phase2,Balen is always right. I will always support him. kura nabujhi birodh garera kaam chaina. lets understand the intention first. #highlightseveryone #balenshah #fbreels #nepalireels #nepalitiktok ,51,4,0,865,2026-06-02 07:25:01+00:00,Balen is always right. I will always support him. kura nabujhi birodh garera kaam chaina. lets understand the intention first. #highlightseveryone #balenshah #fbreels #nepalireels #nepalitiktok,balen is always right. i will always support him. kura nabujhi birodh garera kaam chaina. lets understand the intention first. #highlightseveryone #balenshah #fbreels #nepalireels #nepalitiktok,True,English,General Fashion,0.0033265
TikTok,Phase2,"India says sorry to Nepal, chance payoki nepali le garcha  #fbreels #nepalireels #balenshah #highlightseveryone #nepalitiktok ",57300,2465,3545,567600,2026-05-08 02:57:35+00:00,"India says sorry to Nepal, chance payoki nepali le garcha #fbreels #nepalireels #balenshah #highlightseveryone #nepalitiktok","india says sorry to nepal, chance payoki nepali le garcha #fbreels #nepalireels #balenshah #highlightseveryone #nepalitiktok",True,English,General Fashion,0.9567599999999999
TikTok,Phase2,"राजेश हमाल नाच्दै 😍 

#tiktok #reelsvideo #fyp #NepaliMovie #nepal ",36100,286,228,591800,2026-05-21 11:05:16+00:00,राजेश हमाल नाच्दै 😍 #tiktok #reelsvideo #fyp #NepaliMovie #nepal,राजेश हमाल नाच्दै 😍 #tiktok #reelsvideo #fyp #nepalimovie #nepal,True,Nepali,General Fashion,0.59058
TikTok,Phase2,"आचल शर्मा एकमुठी बादलको premier show 

#tiktok #nepal #NepaliMovie #reelsvideo #fyp ",6459,70,1456,196300,2026-05-13 12:34:34+00:00,आचल शर्मा एकमुठी बादलको premier show #tiktok #nepal #NepaliMovie #reelsvideo #fyp,आचल शर्मा एकमुठी बादलको premier show #tiktok #nepal #nepalimovie #reelsvideo #fyp,True,Nepali,General Fashion,0.49899000000000004
TikTok,Phase2,Nepal ma huda kheri ko popular guff haru #nepalireels #nepalitiktok #fypnepal #oldmemories❤️ #nepal ,17900,144,3325,505100,2026-01-07 00:33:42+00:00,Nepal ma huda kheri ko popular guff haru #nepalireels #nepalitiktok #fypnepal #oldmemories❤️ #nepal,nepal ma huda kheri ko popular guff haru #nepalireels #nepalitiktok #fypnepal #oldmemories❤️ #nepal,True,English,General Fashion,0.69371
TikTok,Phase2,"एउटा गित रीलीज सबैको ध्यान खिच्यो!!हेर्नुस👇️
#reels #nepal #viral #video #share ",16900,171,271,574800,2026-03-30 11:40:14+00:00,एउटा गित रीलीज सबैको ध्यान खिच्यो!!हेर्नुस👇️ #reels #nepal #viral #video #share,एउटा गित रीलीज सबैको ध्यान खिच्यो!!हेर्नुस👇️ #reels #nepal #viral #video #share,True,Nepali,General Fashion,0.56298
TikTok,Phase2,"NEPAL FOR YOU 🇳🇵

#reelsnepal #nepal #discoverwithtiktok #explore #nepal8thwonder 

[Nepal, Nepali People, Nepali Culture, Travel Nepal, Mountains, Landscape, Nepal8thwonder]",8146,42,216,77600,2026-04-30 03:31:46+00:00,"NEPAL FOR YOU 🇳🇵 #reelsnepal #nepal #discoverwithtiktok #explore #nepal8thwonder [Nepal, Nepali People, Nepali Culture, Travel Nepal, Mountains, Landscape, Nepal8thwonder]","nepal for you 🇳🇵 #reelsnepal #nepal #discoverwithtiktok #explore #nepal8thwonder [nepal, nepali people, nepali culture, travel nepal, mountains, landscape, nepal8thwonder]",True,English,General Fashion,0.3894
TikTok,Phase2,Nepal ko best content creator #nepal #fypnepal #nepalitiktok #oldmemories❤️ #nepalireels ,32300,105,2041,498300,2026-05-31 03:15:10+00:00,Nepal ko best content creator #nepal #fypnepal #nepalitiktok #oldmemories❤️ #nepalireels,nepal ko best content creator #nepal #fypnepal #nepalitiktok #oldmemories❤️ #nepalireels,True,English,General Fashion,0.68133
TikTok,Phase2,Nepal ma overhyped angrezi musician artists haru #nepal #fypnepal #nepalitiktok #oldmemories❤️ #nepalireels ,1902,157,145,44900,2026-05-10 01:36:32+00:00,Nepal ma overhyped angrezi musician artists haru #nepal #fypnepal #nepalitiktok #oldmemories❤️ #nepalireels,nepal ma overhyped angrezi musician artists haru #nepal #fypnepal #nepalitiktok #oldmemories❤️ #nepalireels,True,English,General Fashion,0.15667
TikTok,Phase2,#nepalireels #nepalitiktok #viraltiktok #foryou #fy ,101,13,3,3923,2026-05-05 21:44:53+00:00,#nepalireels #nepalitiktok #viraltiktok #foryou #fy,#nepalireels #nepalitiktok #viraltiktok #foryou #fy,True,English,General Fashion,0.008932299999999999
TikTok,Phase2,Chicken Chowmein🍝 nepali local style #foodie #cooking ,36,4,2,576,2026-06-01 11:46:35+00:00,Chicken Chowmein🍝 nepali local style #foodie #cooking,chicken chowmein🍝 nepali local style #foodie #cooking,True,English,General Fashion,0.0030976000000000003
TikTok,Phase2,"स्याजी होई स्योजी होई 💃🏼💃🏼
अमिलो अचार, ढिडोमा हट्टा कट्टा ठिटो म 🦸‍♀️#foryoupage #TamangSelo #RanibanKathmandu #NepaliVibes #LocalStyle..",516,128,5,1564,2026-05-28 13:18:49+00:00,"स्याजी होई स्योजी होई 💃🏼💃🏼 अमिलो अचार, ढिडोमा हट्टा कट्टा ठिटो म 🦸‍♀️#foryoupage #TamangSelo #RanibanKathmandu #NepaliVibes #LocalStyle..","स्याजी होई स्योजी होई 💃🏼💃🏼 अमिलो अचार, ढिडोमा हट्टा कट्टा ठिटो म 🦸‍♀️#foryoupage #tamangselo #ranibankathmandu #nepalivibes #localstyle..",True,Nepali,General Fashion,0.0601964
TikTok,Phase2,"KTM CORNER has cultural attires representing different Nepali communities and traditions.
From vibrant traditional wear to timeless cultural pieces, we bring you beautiful Nepali cultural attires that keep you connected to your heritage. Perfect for festivals, weddings, family gatherings, and every special moment worth celebrating.@ishma 
#ktmcorner #magar #gurung #tamang #newar ",111,10,9,3989,2026-05-13 15:28:41+00:00,"KTM CORNER has cultural attires representing different Nepali communities and traditions. From vibrant traditional wear to timeless cultural pieces, we bring you beautiful Nepali cultural attires that keep you connected to your heritage. Perfect for festivals, weddings, family gatherings, and every special moment worth celebrating. #ktmcorner #magar #gurung #tamang #newar","ktm corner has cultural attires representing different nepali communities and traditions. from vibrant traditional wear to timeless cultural pieces, we bring you beautiful nepali cultural attires that keep you connected to your heritage. perfect for festivals, weddings, family gatherings, and every special moment worth celebrating. #ktmcorner #magar #gurung #tamang #newar",True,English,Traditional/Ethnic,0.0096389
TikTok,Phase2,#FashionTrends #NepaliStyle #StreetFashion #LocalFashion #ClothingStore ,91,12,2,727,2026-05-28 03:21:30+00:00,#FashionTrends #NepaliStyle #StreetFashion #LocalFashion #ClothingStore,#fashiontrends #nepalistyle #streetfashion #localfashion #clothingstore,True,English,General Fashion,0.0077127
TikTok,Phase2,"""Happiness is a plate of local chowmein with chiso coke.”🤤🔥 #nepalifood #chowmeinrecipe #cooking #abudhabi ",14800,55,2811,612300,2026-04-16 09:07:08+00:00,"""Happiness is a plate of local chowmein with chiso coke.”🤤🔥 #nepalifood #chowmeinrecipe #cooking #abudhabi","""happiness is a plate of local chowmein with chiso coke.”🤤🔥 #nepalifood #chowmeinrecipe #cooking #abudhabi",True,English,General Fashion,0.67773
TikTok,Phase2,"Local style jeri, puri & tarkari❤️
The jeri didn’t turn out that good, but honestly, it still tasted pretty good @Alan 

#fyp #jeripuritarkari #nepali #cooking #madewithlove ",209,54,5,3799,2026-05-28 07:48:29+00:00,"Local style jeri, puri & tarkari❤️ The jeri didn’t turn out that good, but honestly, it still tasted pretty good #fyp #jeripuritarkari #nepali #cooking #madewithlove","local style jeri, puri & tarkari❤️ the jeri didn’t turn out that good, but honestly, it still tasted pretty good #fyp #jeripuritarkari #nepali #cooking #madewithlove",True,English,General Fashion,0.0259399
TikTok,Phase2,"From thread to trend — every stitch tells a Nepali story. 🇳🇵

Designed, cut, stitched, packed — all made right here in Nepal with local hands, local hustle, and real craftsmanship. This isn’t fast fashion, this is Psyride culture. 🧵

Wear local. Represent Nepal. 🌏
DM to cop the fit.

#reels #fyp #explore #trending #viral",27,4,0,455,2026-05-29 15:35:19+00:00,"From thread to trend — every stitch tells a Nepali story. 🇳🇵 Designed, cut, stitched, packed — all made right here in Nepal with local hands, local hustle, and real craftsmanship. This isn’t fast fashion, this is Psyride culture. 🧵 Wear local. Represent Nepal. 🌏 DM to cop the fit. #reels #fyp #explore #trending #viral","from thread to trend — every stitch tells a nepali story. 🇳🇵 designed, cut, stitched, packed — all made right here in nepal with local hands, local hustle, and real craftsmanship. this isn’t fast fashion, this is psyride culture. 🧵 wear local. represent nepal. 🌏 dm to cop the fit. #reels #fyp #explore #trending #viral",True,English,General Fashion,0.0023255
TikTok,Phase2,"In Kathmandu, Prakash Darjee at Suitmandu started with one goal — to stitch confidence into every suit. 🇳🇵✂️
From simple beginnings to trusted tailoring, every piece is made with real care, real people, and real Nepali craftsmanship.
Wear your story.
#Suitmandu #MadeInNepal #TailoringLife #NepaliStyle #LocalCraft",863,92,49,13600,2026-05-27 12:27:36+00:00,"In Kathmandu, Prakash Darjee at Suitmandu started with one goal — to stitch confidence into every suit. 🇳🇵✂️ From simple beginnings to trusted tailoring, every piece is made with real care, real people, and real Nepali craftsmanship. Wear your story. #Suitmandu #MadeInNepal #TailoringLife #NepaliStyle #LocalCraft","in kathmandu, prakash darjee at suitmandu started with one goal — to stitch confidence into every suit. 🇳🇵✂️ from simple beginnings to trusted tailoring, every piece is made with real care, real people, and real nepali craftsmanship. wear your story. #suitmandu #madeinnepal #tailoringlife #nepalistyle #localcraft",True,English,Formal/Professional,0.07328
TikTok,Phase2,"Available to shop now ✨
.
.
.
.
#shopsmallbusiness #supportsmallbusiness #styleinsp #fypシ゚viral #nepalicore ",11300,76,1784,200100,2026-02-06 10:23:25+00:00,Available to shop now ✨ . . . . #shopsmallbusiness #supportsmallbusiness #styleinsp #fypシ゚viral #nepalicore,available to shop now ✨ . . . . #shopsmallbusiness #supportsmallbusiness #styleinsp #fypシ゚viral #nepalicore,True,English,Formal/Professional,0.64281
TikTok,Phase2,"Pov you found an elegant wedding guest traditional outfit♥️ @Tikinepal 

#fyp #desi #traditionaloutfit #nepalitiktok #wedding ",874,14,217,58800,2026-03-09 11:38:45+00:00,Pov you found an elegant wedding guest traditional outfit♥️ #fyp #desi #traditionaloutfit #nepalitiktok #wedding,pov you found an elegant wedding guest traditional outfit♥️ #fyp #desi #traditionaloutfit #nepalitiktok #wedding,True,English,Traditional/Ethnic,0.08844
TikTok,Phase2,"Local bhati style buff sukuti chowmein with chana. 

#buff #chowmein #noodles #nepaltiktok #nepalifood ",1642,6,390,53100,2026-01-24 10:54:43+00:00,Local bhati style buff sukuti chowmein with chana. #buff #chowmein #noodles #nepaltiktok #nepalifood,local bhati style buff sukuti chowmein with chana. #buff #chowmein #noodles #nepaltiktok #nepalifood,True,English,General Fashion,0.15079
TikTok,Phase2,#misscosmo #misscosmonepal #impactfulbeauty #hoahau #beautypageant ,1588,30,10,31700,2026-05-20 10:51:06+00:00,#misscosmo #misscosmonepal #impactfulbeauty #hoahau #beautypageant,#misscosmo #misscosmonepal #impactfulbeauty #hoahau #beautypageant,True,English,General Fashion,0.07769000000000001
TikTok,Phase2,Things are changing. Never say never! #pageantry #missuniverse #mussuniversenepal #modeltok #modeling #bodypositivity #bodypositive #plussize ,578400,2847,1714,10000000,2023-12-02 00:56:18+00:00,Things are changing. Never say never! #pageantry #missuniverse #mussuniversenepal #modeltok #modeling #bodypositivity #bodypositive #plussize,things are changing. never say never! #pageantry #missuniverse #mussuniversenepal #modeltok #modeling #bodypositivity #bodypositive #plussize,True,English,General Fashion,0.9999999999999999
TikTok,Phase2,"Miss World 2018 🇳🇵 

When Nepal made it to top 12 at Miss World 2018 pageant. Ms. Khatiwada also won Beauty with Purpose & Multimedia award at the competition.

Miss Nepal World 2018 ✨

Follow Nepal’s Pageant Universe for more updates & edits. 

#NepalsPageantUniverse 

#MissUniverse #MissWorld #MissSupranational #MissEarth #BeautyPageant #Pageants #BeautyQueens 
#MissNepal #MissUniverseNepal #MissSupranationalNepal #MrNepal #MrSupranationalNepal",12600,44,87,406000,2023-08-07 11:27:12+00:00,Miss World 2018 🇳🇵 When Nepal made it to top 12 at Miss World 2018 pageant. Ms. Khatiwada also won Beauty with Purpose & Multimedia award at the competition. Miss Nepal World 2018 ✨ Follow Nepal’s Pageant Universe for more updates & edits. #NepalsPageantUniverse #MissUniverse #MissWorld #MissSupranational #MissEarth #BeautyPageant #Pageants #BeautyQueens #MissNepal #MissUniverseNepal #MissSupranationalNepal #MrNepal #MrSupranationalNepal,miss world 2018 🇳🇵 when nepal made it to top 12 at miss world 2018 pageant. ms. khatiwada also won beauty with purpose & multimedia award at the competition. miss nepal world 2018 ✨ follow nepal’s pageant universe for more updates & edits. #nepalspageantuniverse #missuniverse #missworld #misssupranational #missearth #beautypageant #pageants #beautyqueens #missnepal #missuniversenepal #misssupranationalnepal #mrnepal #mrsupranationalnepal,True,English,Western/Casual,0.4712
TikTok,Phase2,"Absolutely powerful and inspiring ✨✨💗🔥. 
Miss Universe Nepal 2022 qna preliminary interview competition 
#missuniverse 
#nepal
#fyp
#qna
#foryoupage ",6860,31,112,258400,2025-09-21 08:29:27+00:00,Absolutely powerful and inspiring ✨✨💗🔥. Miss Universe Nepal 2022 qna preliminary interview competition #missuniverse #nepal #fyp #qna #foryoupage,absolutely powerful and inspiring ✨✨💗🔥. miss universe nepal 2022 qna preliminary interview competition #missuniverse #nepal #fyp #qna #foryoupage,True,English,General Fashion,0.33194
TikTok,Phase2,"Beauty pageants can be a great way for self-expression and representation. It is important to bring awareness to these types of events. #beautypageants #selfexpression #representation #awareness
@prats @kushmitakhadka @talk.to.sushant @Mr.Awesome",12,0,2,1144,2025-10-06 13:01:21+00:00,Beauty pageants can be a great way for self-expression and representation. It is important to bring awareness to these types of events. #beautypageants #selfexpression #representation #awareness .to.sushant .Awesome,beauty pageants can be a great way for self-expression and representation. it is important to bring awareness to these types of events. #beautypageants #selfexpression #representation #awareness .to.sushant .awesome,True,English,General Fashion,0.0009943999999999999
TikTok,Phase2,"Look: Our Beautiful & Talented Miss Nepal International is 2025 @Urusha Bhandari Giving A Interview About Miss International 2025 Project 🩷✨🙏🏼Hope She'll Bring Placement/Crown For Nepal 🤞🏼👑✨🇳🇵

#fypシ゚ #missinternational #urushabhandari #TeamNepal #pageantandgosspis ",981,26,20,31000,2025-11-26 15:52:50+00:00,Look: Our Beautiful & Talented Miss Nepal International is 2025 Bhandari Giving A Interview About Miss International 2025 Project 🩷✨🙏🏼Hope She'll Bring Placement/Crown For Nepal 🤞🏼👑✨🇳🇵 #fypシ゚ #missinternational #urushabhandari #TeamNepal #pageantandgosspis,look: our beautiful & talented miss nepal international is 2025 bhandari giving a interview about miss international 2025 project 🩷✨🙏🏼hope she'll bring placement/crown for nepal 🤞🏼👑✨🇳🇵 #fypシ゚ #missinternational #urushabhandari #teamnepal #pageantandgosspis,True,English,General Fashion,0.05414
TikTok,Phase2,"Best Answer 😍 Miss Universe Nepal 2022 Final Question,
#nepalipageant #beautypagent #foryoupage #nepalspageantrysparkle✨ ",2653,19,86,95600,2024-07-15 05:41:00+00:00,"Best Answer 😍 Miss Universe Nepal 2022 Final Question, #nepalipageant #beautypagent #foryoupage #nepalspageantrysparkle✨","best answer 😍 miss universe nepal 2022 final question, #nepalipageant #beautypagent #foryoupage #nepalspageantrysparkle✨",True,English,General Fashion,0.13858
TikTok,Phase2,Your dream to be a model will be fulfill by Everest Events…Biggest & Grand event for all SEE appeared is here SEE SUPER MODRL VOL 4 …Hurry up & pre-book the seat….It’s never too late to accomplish your goal…#ssm🇳🇵 #promotionvideo #modelinggarage #foryoupage #goviral #everestevents #tiktoknepal🇳🇵 ,196,0,13,8028,2025-02-22 13:13:34+00:00,Your dream to be a model will be fulfill by Everest Events…Biggest & Grand event for all SEE appeared is here SEE SUPER MODRL VOL 4 …Hurry up & pre-book the seat….It’s never too late to accomplish your goal…#ssm🇳🇵 #promotionvideo #modelinggarage #foryoupage #goviral #everestevents #tiktoknepal🇳🇵,your dream to be a model will be fulfill by everest events…biggest & grand event for all see appeared is here see super modrl vol 4 …hurry up & pre-book the seat….it’s never too late to accomplish your goal…#ssm🇳🇵 #promotionvideo #modelinggarage #foryoupage #goviral #everestevents #tiktoknepal🇳🇵,True,English,General Fashion,0.011242799999999999
TikTok,Phase2,"Presenting some spectacular glimpses from the 2024 Mrs. Nepal Canada Pageant, where confidence met tradition, and grace lit up the stage.

Congratulations to all the incredible contestants for showcasing the beauty and strength of Nepali women on this grand platform!

#beautypageant #missnepalcanada #mrsnepalcanada #nepaleseincanada🇨🇦 #nepal 
@mrsnepalcanada ",7,0,3,312,2025-12-12 05:28:50+00:00,"Presenting some spectacular glimpses from the 2024 Mrs. Nepal Canada Pageant, where confidence met tradition, and grace lit up the stage. Congratulations to all the incredible contestants for showcasing the beauty and strength of Nepali women on this grand platform! #beautypageant #missnepalcanada #mrsnepalcanada #nepaleseincanada🇨🇦 #nepal","presenting some spectacular glimpses from the 2024 mrs. nepal canada pageant, where confidence met tradition, and grace lit up the stage. congratulations to all the incredible contestants for showcasing the beauty and strength of nepali women on this grand platform! #beautypageant #missnepalcanada #mrsnepalcanada #nepaleseincanada🇨🇦 #nepal",True,English,General Fashion,0.0009112000000000001
TikTok,Phase2,"STRONG & POWERFUL ANSWER BY OUR VERY OWN @sarosy_neupane & THIS ANSWER REPRESENT LGBTQ COMMUNITY ❤️👏🏻🏳️‍🌈

Video From :- Miss National Finale 2023✨

#SarosyNeupane #missnationalfirstrunnerup #lgbtq🌈 #nepalipageant #model #pageantwinner #motivational #inspiration #aspirational #inspirational #nepalspageantrysparkle✨ ",101200,1385,4071,1400000,2024-07-09 11:30:18+00:00,STRONG & POWERFUL ANSWER BY OUR VERY OWN & THIS ANSWER REPRESENT LGBTQ COMMUNITY ❤️👏🏻🏳️‍🌈 Video From :- Miss National Finale 2023✨ #SarosyNeupane #missnationalfirstrunnerup #lgbtq🌈 #nepalipageant #model #pageantwinner #motivational #inspiration #aspirational #inspirational #nepalspageantrysparkle✨,strong & powerful answer by our very own & this answer represent lgbtq community ❤️👏🏻🏳️‍🌈 video from :- miss national finale 2023✨ #sarosyneupane #missnationalfirstrunnerup #lgbtq🌈 #nepalipageant #model #pageantwinner #motivational #inspiration #aspirational #inspirational #nepalspageantrysparkle✨,True,English,General Fashion,0.9999999999999999
TikTok,Phase2,#fyp #tiktok #beautypageant #misscosmo #2025 ,10700,151,262,198900,2025-12-12 15:13:34+00:00,#fyp #tiktok #beautypageant #misscosmo #2025,#fyp #tiktok #beautypageant #misscosmo #2025,True,English,General Fashion,0.51759
TikTok,Phase2,"Why Mrs. Vogue Nepal is not just another pageant… ✨
It’s a journey of growth, purpose, and empowerment. 🌸

💫 A road to international pageants — representing Nepal on global stages.
📸 Media exposure and confidence in front of the camera.
🌍 A platform to build identity and inspire others.
🤝 Volunteering for social causes that create real impact.
🎤 Teaching, sharing, and empowering through stories of strength.
💃 Stepping into the world of fashion and glamour with purpose and pride.

Because at Mrs. Vogue Nepal — we don’t just crown beauty,
we crown confidence, courage, and character. 👑",51,2,2,2314,2025-11-07 11:52:49+00:00,"Why Mrs. Vogue Nepal is not just another pageant… ✨ It’s a journey of growth, purpose, and empowerment. 🌸 💫 A road to international pageants — representing Nepal on global stages. 📸 Media exposure and confidence in front of the camera. 🌍 A platform to build identity and inspire others. 🤝 Volunteering for social causes that create real impact. 🎤 Teaching, sharing, and empowering through stories of strength. 💃 Stepping into the world of fashion and glamour with purpose and pride. Because at Mrs. Vogue Nepal — we don’t just crown beauty, we crown confidence, courage, and character. 👑","why mrs. vogue nepal is not just another pageant… ✨ it’s a journey of growth, purpose, and empowerment. 🌸 💫 a road to international pageants — representing nepal on global stages. 📸 media exposure and confidence in front of the camera. 🌍 a platform to build identity and inspire others. 🤝 volunteering for social causes that create real impact. 🎤 teaching, sharing, and empowering through stories of strength. 💃 stepping into the world of fashion and glamour with purpose and pride. because at mrs. vogue nepal — we don’t just crown beauty, we crown confidence, courage, and character. 👑",True,English,General Fashion,0.0032714000000000003
TikTok,Phase2,"MISS MITHILANARI NEPAL 2026 
The Beauty of Mithila 

तपाईं केवल एउटा प्रतियोगितामा सहभागी हुँदै हुनुहुन्न…
तपाईं मिथिलाको संस्कृति, पहिचान र गौरवको प्रतिनिधित्व गर्दै हुनुहुन्छ। 

MISS MITHILANARI NEPAL कुनै western beauty pageant होइन, यो मिथिला संस्कृति, परम्परा, भाषा, पहिरन र नारी शक्तिको उत्सव हो। 

यदि तपाईंमा छ — आत्मविश्वास
संस्कृति प्रतिको माया
केही ठूलो गर्ने सपना
भने यो मंच तपाईंको लागि हो। 

Traditional Mithila Theme
Grand Mithila Utsav & Live Performances
Jhijhiya Dance Showcase
Music Video & TVC Opportunities
National Media Exposure
Become the Face of Mithila Pride

काठमाडौंमा पहिलो पटक हुन गइरहेको देशकै भव्य मैथिली सांस्कृतिक महोत्सवमा सहभागी बन्ने सुनौलो अवसर! 

“मिथिलाबाट विश्वमञ्चसम्म”

AUDITION CRITERIA 
•सहभागीको उमेर १६ देखि २८ वर्ष भित्र हुनुपर्नेछ।
• सहभागी अविवाहित हुनुपर्नेछ।
• मैथिली भाषा र मिथिला संस्कृतिको आधारभूत ज्ञान आवश्यक हुनेछ

आजै eSewa को Homepage मा जानुहोस् र Registration Form भरेर Audition का लागि आफ्नो सहभागिता सुनिश्चित गर्नुहोस्।

WINNER PRIZE
•1st Winner: Scooty, Crown, Trophy, Certificate & Debut in Music Video and Advertising Video
•2nd Winner: NPR 1,00,000 Cash Prize, Crown, Trophy, Certificate & Debut in Music Video and Advertising Video
•3rd Winner: NPR 50,000 Cash Prize, Crown, Trophy, Certificate & Debut in Music Video and Advertising Video

Registration Open Now
Janakpur Audition: 2083-02-16
Kathmandu Audition: 2083-02-23

For More Information Contact: 980-2772000 

#MissMithilanariNepal #TheBeautyOfMithila #MithilaCulture #MaithiliPride #MithilaUtsav ",6267,97,335,57600,2026-05-14 06:22:03+00:00,"MISS MITHILANARI NEPAL 2026 The Beauty of Mithila तपाईं केवल एउटा प्रतियोगितामा सहभागी हुँदै हुनुहुन्न… तपाईं मिथिलाको संस्कृति, पहिचान र गौरवको प्रतिनिधित्व गर्दै हुनुहुन्छ। MISS MITHILANARI NEPAL कुनै western beauty pageant होइन, यो मिथिला संस्कृति, परम्परा, भाषा, पहिरन र नारी शक्तिको उत्सव हो। यदि तपाईंमा छ — आत्मविश्वास संस्कृति प्रतिको माया केही ठूलो गर्ने सपना भने यो मंच तपाईंको लागि हो। Traditional Mithila Theme Grand Mithila Utsav & Live Performances Jhijhiya Dance Showcase Music Video & TVC Opportunities National Media Exposure Become the Face of Mithila Pride काठमाडौंमा पहिलो पटक हुन गइरहेको देशकै भव्य मैथिली सांस्कृतिक महोत्सवमा सहभागी बन्ने सुनौलो अवसर! “मिथिलाबाट विश्वमञ्चसम्म” AUDITION CRITERIA •सहभागीको उमेर १६ देखि २८ वर्ष भित्र हुनुपर्नेछ। • सहभागी अविवाहित हुनुपर्नेछ। • मैथिली भाषा र मिथिला संस्कृतिको आधारभूत ज्ञान आवश्यक हुनेछ आजै eSewa को Homepage मा जानुहोस् र Registration Form भरेर Audition का लागि आफ्नो सहभागिता सुनिश्चित गर्नुहोस्। WINNER PRIZE •1st Winner: Scooty, Crown, Trophy, Certificate & Debut in Music Video and Advertising Video •2nd Winner: NPR 1,00,000 Cash Prize, Crown, Trophy, Certificate & Debut in Music Video and Advertising Video •3rd Winner: NPR 50,000 Cash Prize, Crown, Trophy, Certificate & Debut in Music Video and Advertising Video Registration Open Now Janakpur Audition: 2083-02-16 Kathmandu Audition: 2083-02-23 For More Information Contact: 980-2772000 #MissMithilanariNepal #TheBeautyOfMithila #MithilaCulture #MaithiliPride #MithilaUtsav","miss mithilanari nepal 2026 the beauty of mithila तपाईं केवल एउटा प्रतियोगितामा सहभागी हुँदै हुनुहुन्न… तपाईं मिथिलाको संस्कृति, पहिचान र गौरवको प्रतिनिधित्व गर्दै हुनुहुन्छ। miss mithilanari nepal कुनै western beauty pageant होइन, यो मिथिला संस्कृति, परम्परा, भाषा, पहिरन र नारी शक्तिको उत्सव हो। यदि तपाईंमा छ — आत्मविश्वास संस्कृति प्रतिको माया केही ठूलो गर्ने सपना भने यो मंच तपाईंको लागि हो। traditional mithila theme grand mithila utsav & live performances jhijhiya dance showcase music video & tvc opportunities national media exposure become the face of mithila pride काठमाडौंमा पहिलो पटक हुन गइरहेको देशकै भव्य मैथिली सांस्कृतिक महोत्सवमा सहभागी बन्ने सुनौलो अवसर! “मिथिलाबाट विश्वमञ्चसम्म” audition criteria •सहभागीको उमेर १६ देखि २८ वर्ष भित्र हुनुपर्नेछ। • सहभागी अविवाहित हुनुपर्नेछ। • मैथिली भाषा र मिथिला संस्कृतिको आधारभूत ज्ञान आवश्यक हुनेछ आजै esewa को homepage मा जानुहोस् र registration form भरेर audition का लागि आफ्नो सहभागिता सुनिश्चित गर्नुहोस्। winner prize •1st winner: scooty, crown, trophy, certificate & debut in music video and advertising video •2nd winner: npr 1,00,000 cash prize, crown, trophy, certificate & debut in music video and advertising video •3rd winner: npr 50,000 cash prize, crown, trophy, certificate & debut in music video and advertising video registration open now janakpur audition: 2083-02-16 kathmandu audition: 2083-02-23 for more information contact: 980-2772000 #missmithilanarinepal #thebeautyofmithila #mithilaculture #maithilipride #mithilautsav",True,Nepali,Traditional/Ethnic,0.35254
TikTok,Phase2,#misscosmo #misscosmonepal #hoahau #beautypageant ,304,14,3,6386,2025-08-27 14:07:55+00:00,#misscosmo #misscosmonepal #hoahau #beautypageant,#misscosmo #misscosmonepal #hoahau #beautypageant,True,English,General Fashion,0.0175986
TikTok,Phase2,She is Ashmi Shrestha from Chitwan | Miss Vibhaa 2025 | Introduction #missvibhaa #umangacreation #braveboldbeautiful,842,3,18,15800,2026-06-01 09:15:00+00:00,She is Ashmi Shrestha from Chitwan | Miss Vibhaa 2025 | Introduction #missvibhaa #umangacreation #braveboldbeautiful,she is ashmi shrestha from chitwan | miss vibhaa 2025 | introduction #missvibhaa #umangacreation #braveboldbeautiful,True,English,General Fashion,0.03976
TikTok,Phase2,"disclaimer: if you like pageants or your a participant scroll down. This is aimed towards the process of choosing candidates. These are my individual pov, free speech so if you wanna hate then bugger off. Bottom line: THIS IS NOT OK. #missnepal2022 #hiringforpageants #missnepal",1648,189,53,39300,2022-04-20 17:05:43+00:00,"disclaimer: if you like pageants or your a participant scroll down. This is aimed towards the process of choosing candidates. These are my individual pov, free speech so if you wanna hate then bugger off. Bottom line: THIS IS NOT OK. #missnepal2022 #hiringforpageants #missnepal","disclaimer: if you like pageants or your a participant scroll down. this is aimed towards the process of choosing candidates. these are my individual pov, free speech so if you wanna hate then bugger off. bottom line: this is not ok. #missnepal2022 #hiringforpageants #missnepal",True,English,General Fashion,0.13715
TikTok,Phase2,"Celebrating the strength, beauty, and spirit of extraordinary women. 🌸
Top 15 
Contestant No. 18- Ganga Lamichhane 

#MrsNepalWorld #BeautyWithPurpose #EmpoweredWomen #GrandFinale #WomenOfStrength  ",20600,187,1852,652700,2026-05-26 07:11:55+00:00,"Celebrating the strength, beauty, and spirit of extraordinary women. 🌸 Top 15 Contestant No. 18- Ganga Lamichhane #MrsNepalWorld #BeautyWithPurpose #EmpoweredWomen #GrandFinale #WomenOfStrength","celebrating the strength, beauty, and spirit of extraordinary women. 🌸 top 15 contestant no. 18- ganga lamichhane #mrsnepalworld #beautywithpurpose #empoweredwomen #grandfinale #womenofstrength",True,English,Western/Casual,0.7213700000000001
TikTok,Phase2,"👏🏽👏🏽👏🏽 ¡Valiente! #MissNepal #missuniverse #nepal #curvyfashion #missuniverso

#fyp #janedipika #beautypageant ",1743,16,61,86300,2023-11-16 18:46:52+00:00,👏🏽👏🏽👏🏽 ¡Valiente! #MissNepal #missuniverse #nepal #curvyfashion #missuniverso #fyp #janedipika #beautypageant,👏🏽👏🏽👏🏽 ¡valiente! #missnepal #missuniverse #nepal #curvyfashion #missuniverso #fyp #janedipika #beautypageant,True,English,General Fashion,0.09535
TikTok,Phase2,"Miss Teen Earth Nepal 🇳🇵 national costume round 🙏
@Hazel #model #beautypageant #international #nepal #missteenearth ",1570,35,41,32600,2025-08-09 14:54:30+00:00,Miss Teen Earth Nepal 🇳🇵 national costume round 🙏 #model #beautypageant #international #nepal #missteenearth,miss teen earth nepal 🇳🇵 national costume round 🙏 #model #beautypageant #international #nepal #missteenearth,True,English,General Fashion,0.08476
TikTok,Phase2,"Introducing Miss Vibhaa 2025 Top 10 finalist Sapana Bhandari, showcasing her confident and powerful presence in the swimsuit round. ✨👑
Sapana stood out as one of the most talented contestants of the season, impressing everyone with her walk, body confidence, and stage control. Her swimsuit look reflects not just glamour, but discipline, dedication, and hard work behind the scenes.
Miss Vibhaa is known for nurturing strong, confident women, and Sapana Bhandari truly embodied that spirit during the competition. This moment captures her elegance, energy, and competitive edge on stage.
Watch, admire, and celebrate the journey of a rising pageant star 🌟
#MissVibhaa2025 #SapanaBhandari #Top10Finalist #SwimsuitRound #PageantNepal #VibhaaQueens #ConfidenceOnStage #UmangaCreation #BeautyWithPurpose #YouTubeShorts #missvibhaa #braveboldbeautiful #vibhaaqueens",2558,27,199,150600,2025-12-22 03:17:02+00:00,"Introducing Miss Vibhaa 2025 Top 10 finalist Sapana Bhandari, showcasing her confident and powerful presence in the swimsuit round. ✨👑 Sapana stood out as one of the most talented contestants of the season, impressing everyone with her walk, body confidence, and stage control. Her swimsuit look reflects not just glamour, but discipline, dedication, and hard work behind the scenes. Miss Vibhaa is known for nurturing strong, confident women, and Sapana Bhandari truly embodied that spirit during the competition. This moment captures her elegance, energy, and competitive edge on stage. Watch, admire, and celebrate the journey of a rising pageant star 🌟 #MissVibhaa2025 #SapanaBhandari #Top10Finalist #SwimsuitRound #PageantNepal #VibhaaQueens #ConfidenceOnStage #UmangaCreation #BeautyWithPurpose #YouTubeShorts #missvibhaa #braveboldbeautiful #vibhaaqueens","introducing miss vibhaa 2025 top 10 finalist sapana bhandari, showcasing her confident and powerful presence in the swimsuit round. ✨👑 sapana stood out as one of the most talented contestants of the season, impressing everyone with her walk, body confidence, and stage control. her swimsuit look reflects not just glamour, but discipline, dedication, and hard work behind the scenes. miss vibhaa is known for nurturing strong, confident women, and sapana bhandari truly embodied that spirit during the competition. this moment captures her elegance, energy, and competitive edge on stage. watch, admire, and celebrate the journey of a rising pageant star 🌟 #missvibhaa2025 #sapanabhandari #top10finalist #swimsuitround #pageantnepal #vibhaaqueens #confidenceonstage #umangacreation #beautywithpurpose #youtubeshorts #missvibhaa #braveboldbeautiful #vibhaaqueens",True,English,Western/Casual,0.16528
TikTok,Phase2,my go to outfit combo when i don’t know what to wear🤓🩷 #fashiontips #styleinspo #everydayoutfit #outfit #ootd ,85900,63,1813,1100000,2026-02-03 20:26:52+00:00,my go to outfit combo when i don’t know what to wear🤓🩷 #fashiontips #styleinspo #everydayoutfit #outfit #ootd,my go to outfit combo when i don’t know what to wear🤓🩷 #fashiontips #styleinspo #everydayoutfit #outfit #ootd,True,English,General Fashion,0.7189
TikTok,Phase2,"Elevated casual 🤍 Links in my bio ✨
Because sometimes you just need outfits that feel comfortable, effortless, and still look expensive without doing too much 🥹
Which look are you picking: 1, 2, 3, or 4? 👀
Shop everything here ➡️ https://liketk.it/6dEiC
Size Small | 5’4” | 140 lbs",13600,124,654,231700,2026-05-20 23:46:05+00:00,"Elevated casual 🤍 Links in my bio ✨ Because sometimes you just need outfits that feel comfortable, effortless, and still look expensive without doing too much 🥹 Which look are you picking: 1, 2, 3, or 4? 👀 Shop everything here ➡️ Size Small | 5’4” | 140 lbs","elevated casual 🤍 links in my bio ✨ because sometimes you just need outfits that feel comfortable, effortless, and still look expensive without doing too much 🥹 which look are you picking: 1, 2, 3, or 4? 👀 shop everything here ➡️ size small | 5’4” | 140 lbs",True,English,Western/Casual,0.5911700000000001
TikTok,Phase2,Me and my outfits of the day🤍@Aritzia @DAILYDR!LLS @American Eagle @Erin Made @Free People @Vuori Clothing #outfitsoftheday #ootdsummer #whatiwearinaday ,336,10,9,4212,2026-05-19 12:10:10+00:00,Me and my outfits of the day🤍 !LLS Eagle Made People Clothing #outfitsoftheday #ootdsummer #whatiwearinaday,me and my outfits of the day🤍 !lls eagle made people clothing #outfitsoftheday #ootdsummer #whatiwearinaday,True,English,Western/Casual,0.0186612
TikTok,Phase2,Easy outfit combinations for your every day! I included a checklist at the very end so you can keep track of the staple items 💕#creatorsearchinsights #greenscreen #casualoutfits #casualoutfitinspo #casualstyle ,591,17,210,24700,2026-04-10 22:03:03+00:00,Easy outfit combinations for your every day! I included a checklist at the very end so you can keep track of the staple items 💕#creatorsearchinsights #greenscreen #casualoutfits #casualoutfitinspo #casualstyle,easy outfit combinations for your every day! i included a checklist at the very end so you can keep track of the staple items 💕#creatorsearchinsights #greenscreen #casualoutfits #casualoutfitinspo #casualstyle,True,English,Western/Casual,0.07321
TikTok,Phase2,How to build a basic everyday outfit! #fyp #outfitideas #outfitinspo #basic #ootd ,2876,34,23,65900,2026-03-26 19:23:04+00:00,How to build a basic everyday outfit! #fyp #outfitideas #outfitinspo #basic #ootd,how to build a basic everyday outfit! #fyp #outfitideas #outfitinspo #basic #ootd,True,English,General Fashion,0.13643000000000002
TikTok,Phase2,I loveeee heels #outfit #ootd #outfitideas #outfitinspo #gdwm ,203900,107,2030,1300000,2026-02-05 04:12:17+00:00,I loveeee heels #outfit #ootd #outfitideas #outfitinspo #gdwm,i loveeee heels #outfit #ootd #outfitideas #outfitinspo #gdwm,True,English,Accessories,0.7321000000000001
TikTok,Phase2,"Cute, casual, everyday fits — SHEIN always has what I’m looking for 🤍
#SheinFinds #CasualOutfit #OOTD #EverydayStyle #StyleInspo",648,6,21,26600,2026-04-13 02:52:45+00:00,"Cute, casual, everyday fits — SHEIN always has what I’m looking for 🤍 #SheinFinds #CasualOutfit #OOTD #EverydayStyle #StyleInspo","cute, casual, everyday fits — shein always has what i’m looking for 🤍 #sheinfinds #casualoutfit #ootd #everydaystyle #styleinspo",True,English,Western/Casual,0.03458
TikTok,Phase2,cant pick one🤭 #style #fashion #ootd #fyp ,42300,88,903,187200,2026-03-18 14:35:41+00:00,cant pick one🤭 #style #fashion #ootd #fyp,cant pick one🤭 #style #fashion #ootd #fyp,True,English,General Fashion,0.6257199999999999
TikTok,Phase2,an outfit for perusing the produce section 🫐🥝🫜 basically my go-to every day outfit for errands!! 🔗 full outfit on my LTK xx,154,7,0,1802,2026-05-27 20:17:57+00:00,an outfit for perusing the produce section 🫐🥝🫜 basically my go-to every day outfit for errands!! 🔗 full outfit on my LTK xx,an outfit for perusing the produce section 🫐🥝🫜 basically my go-to every day outfit for errands!! 🔗 full outfit on my ltk xx,True,English,General Fashion,0.0084402
TikTok,Phase2,"i didn’t realise I wear this many outfits in a day!👚✨🪽🎀  #outfitoftheday #whatiworetoday #ootd #outfitinspo #outfitideas 
@katthelabel @ALOBHA @Bo+Tee @Alvii @H&M @vspink_uk @victoriassecret_uk ",3324,35,583,45000,2026-03-11 19:46:52+00:00,i didn’t realise I wear this many outfits in a day!👚✨🪽🎀 #outfitoftheday #whatiworetoday #ootd #outfitinspo #outfitideas +Tee &M,i didn’t realise i wear this many outfits in a day!👚✨🪽🎀 #outfitoftheday #whatiworetoday #ootd #outfitinspo #outfitideas +tee &m,True,English,Western/Casual,0.26456
TikTok,Phase2,simple everyday ootd!🤍cute + comfy outfit inspo🎀@Garage Clothing @Brandy Melville @EvryJewels #outfit #ootd #trending #fyp #aesthetic ,155,4,3,1661,2026-05-13 19:12:54+00:00,simple everyday ootd!🤍cute + comfy outfit inspo🎀 Clothing Melville #outfit #ootd #trending #fyp #aesthetic,simple everyday ootd!🤍cute + comfy outfit inspo🎀 clothing melville #outfit #ootd #trending #fyp #aesthetic,True,English,General Fashion,0.0081661
TikTok,Phase2,ootd of every dayyy 💋🙌🌟🫶#transition #ootd #outfits #everydayanoutfit #xyzbca this took a WHILE to make but I looove ittt ,374,178,14,3340,2026-06-01 00:34:43+00:00,ootd of every dayyy 💋🙌🌟🫶#transition #ootd #outfits #everydayanoutfit #xyzbca this took a WHILE to make but I looove ittt,ootd of every dayyy 💋🙌🌟🫶#transition #ootd #outfits #everydayanoutfit #xyzbca this took a while to make but i looove ittt,True,English,Western/Casual,0.071494
TikTok,Phase2,"school outfit ideas you’ll actually wear 🤍📚  
comfy, cute, and perfect for everyday campus fits ✨

#schoolfits #schooloutfitideas #campusstyle #cleangirloutfits #everydayfits",147,2,8,30700,2026-05-22 02:26:15+00:00,"school outfit ideas you’ll actually wear 🤍📚 comfy, cute, and perfect for everyday campus fits ✨ #schoolfits #schooloutfitideas #campusstyle #cleangirloutfits #everydayfits","school outfit ideas you’ll actually wear 🤍📚 comfy, cute, and perfect for everyday campus fits ✨ #schoolfits #schooloutfitideas #campusstyle #cleangirloutfits #everydayfits",True,English,Western/Casual,0.01115
TikTok,Phase2,Your new favorite errands outfit 🤍👟🙌🏼 Comfy oversized basic tee with arm coverage paired with soft striped pants + sneakers. Top is on sale for $15! #amazonfashionfinds #casualoutfits #plussizefashion #outfitinspo #everydaystyle  ,288,6,7,12000,2026-05-28 01:30:25+00:00,Your new favorite errands outfit 🤍👟🙌🏼 Comfy oversized basic tee with arm coverage paired with soft striped pants + sneakers. Top is on sale for $15! #amazonfashionfinds #casualoutfits #plussizefashion #outfitinspo #everydaystyle,your new favorite errands outfit 🤍👟🙌🏼 comfy oversized basic tee with arm coverage paired with soft striped pants + sneakers. top is on sale for $15! #amazonfashionfinds #casualoutfits #plussizefashion #outfitinspo #everydaystyle,True,English,Western/Casual,0.01592
TikTok,Phase2,back to my everyday outfit ideas #collegegirl #everydayoutfits #everydayoutfitideas #ootdinspo #dailyootd ,34,2,0,458,2026-05-08 16:03:19+00:00,back to my everyday outfit ideas #collegegirl #everydayoutfits #everydayoutfitideas #ootdinspo #dailyootd,back to my everyday outfit ideas #collegegirl #everydayoutfits #everydayoutfitideas #ootdinspo #dailyootd,True,English,Western/Casual,0.0020058
TikTok,Phase2,Always great to see #davidcorenswet #david #spiderman #marvel #superman #ootd #fitcheck ,18500,226,986,641100,2023-06-17 02:14:31+00:00,Always great to see #davidcorenswet #david #spiderman #marvel #superman #ootd #fitcheck,always great to see #davidcorenswet #david #spiderman #marvel #superman #ootd #fitcheck,True,English,General Fashion,0.72911
TikTok,Phase2,"Minimal outfits, maximum attention Video cre by : Lean Ortiz #ukfashion  #ukstyle  #outfitideas  #everydayoutfits  #springoutfits  #streetstyle  #ootd  #fashiontiktok",99,14,0,729,2026-03-24 01:30:44+00:00,"Minimal outfits, maximum attention Video cre by : Lean Ortiz #ukfashion #ukstyle #outfitideas #everydayoutfits #springoutfits #streetstyle #ootd #fashiontiktok","minimal outfits, maximum attention video cre by : lean ortiz #ukfashion #ukstyle #outfitideas #everydayoutfits #springoutfits #streetstyle #ootd #fashiontiktok",True,English,Western/Casual,0.008232900000000001
TikTok,Phase2,Everyday outfit inspo #outfitinspo #ootd #fashionstyle #girls #fyp ,30700,0,851,3000000,2026-01-21 10:21:29+00:00,Everyday outfit inspo #outfitinspo #ootd #fashionstyle #girls #fyp,everyday outfit inspo #outfitinspo #ootd #fashionstyle #girls #fyp,True,English,General Fashion,0.6702
TikTok,Phase2,grwm ! how i style a simple everyday outfit !! #inspo #styling #simpleoutfit #casualoutfits #ralphlauren ,5338,52,142,77700,2026-01-13 17:38:47+00:00,grwm ! how i style a simple everyday outfit !! #inspo #styling #simpleoutfit #casualoutfits #ralphlauren,grwm ! how i style a simple everyday outfit !! #inspo #styling #simpleoutfit #casualoutfits #ralphlauren,True,English,Western/Casual,0.26529
TikTok,Phase2,Love the ootds #fyp #outiftsss #school,10600,42,219,54500,2026-05-20 03:19:18+00:00,Love the ootds #fyp #outiftsss #school,love the ootds #fyp #outiftsss #school,True,English,General Fashion,0.46185000000000004
TikTok,Phase2,Nepali New year 2083🌸 #foryoupage❤️❤️ #nariinsaree ,131,7,2,1773,2026-04-13 19:39:54+00:00,Nepali New year 2083🌸 #foryoupage❤️❤️ #nariinsaree,nepali new year 2083🌸 #foryoupage❤️❤️ #nariinsaree,True,English,Traditional/Ethnic,0.007917300000000002
TikTok,Phase2,🪷#foryoupagе #traditional #OOTD #trends #fyppp ,3351,15,144,44000,2026-01-22 10:11:26+00:00,🪷#foryoupagе #traditional #OOTD #trends #fyppp,🪷#foryoupagе #traditional #ootd #trends #fyppp,True,English,Traditional/Ethnic,0.17174
TikTok,Phase2,नेपाली नारी ईन सारी । ,108,25,0,664,2023-04-24 15:56:51+00:00,नेपाली नारी ईन सारी ।,नेपाली नारी ईन सारी ।,True,Nepali,General Fashion,0.0118864
TikTok,Phase2,"साडीको सान, नेपाली पहिचान 🙏

#nariinsari #sarilover #creatirsearchinsights #traditionallook #fyp 💜✨",120,32,0,615,2026-05-07 00:27:35+00:00,"साडीको सान, नेपाली पहिचान 🙏 #nariinsari #sarilover #creatirsearchinsights #traditionallook #fyp 💜✨","साडीको सान, नेपाली पहिचान 🙏 #nariinsari #sarilover #creatirsearchinsights #traditionallook #fyp 💜✨",True,Nepali,Traditional/Ethnic,0.0144615
TikTok,Phase2,#teej #nariinsaari #sarilover ,176,7,0,846,2025-08-17 22:07:14+00:00,#teej #nariinsaari #sarilover,#teej #nariinsaari #sarilover,True,English,Traditional/Ethnic,0.009224600000000001
TikTok,Phase2,"🥰🥰🥰

#capcut #naariinsari❤️#tiktokcanada #nepaleseincanada🇨🇦 #nepal #nepalimuser #fyp #foryou #usacanada #tiktokusa ",95,6,0,542,2023-11-22 00:17:28+00:00,🥰🥰🥰 #capcut #naariinsari❤️#tiktokcanada #nepaleseincanada🇨🇦 #nepal #nepalimuser #fyp #foryou #usacanada #tiktokusa,🥰🥰🥰 #capcut #naariinsari❤️#tiktokcanada #nepaleseincanada🇨🇦 #nepal #nepalimuser #fyp #foryou #usacanada #tiktokusa,True,English,Traditional/Ethnic,0.0056542
TikTok,Phase2,#CapCut Naari & सारी #tiktoknepal❤️❤️❤️🇳🇵🇳🇵🇳🇵_foryourpage ,50,3,0,394,2024-03-04 21:59:50+00:00,#CapCut Naari & सारी #tiktoknepal❤️❤️❤️🇳🇵🇳🇵🇳🇵_foryourpage,#capcut naari & सारी #tiktoknepal❤️❤️❤️🇳🇵🇳🇵🇳🇵_foryourpage,True,Nepali,General Fashion,0.0029394
TikTok,Phase2,#foryoupage❤️❤️ #fypシ゚viral #tiktokreels #likes #keeploving❤️ #keepsupporting #naariinsari💛🌟🙈 #growmyaccountシ💝 #🇳🇵❤️🙏❤️🇳🇵 #🥰👸🏻💕🦋 ,122,36,0,680,2024-09-07 03:35:27+00:00,#foryoupage❤️❤️ #fypシ゚viral #tiktokreels #likes #keeploving❤️ #keepsupporting #naariinsari💛🌟🙈 #growmyaccountシ💝 #🇳🇵❤️🙏❤️🇳🇵 #🥰👸🏻💕🦋,#foryoupage❤️❤️ #fypシ゚viral #tiktokreels #likes #keeploving❤️ #keepsupporting #naariinsari💛🌟🙈 #growmyaccountシ💝 #🇳🇵❤️🙏❤️🇳🇵 #🥰👸🏻💕🦋,True,English,Traditional/Ethnic,0.015747999999999998
TikTok,Phase2,एउटा असल नारीलाई सुन्दर रूप भन्दा पनि सुन्दर मन भएको पुरूष नै प्यारो लाग्छ ✅#nepalicaption ❤️‍🩹#fyppppppppppppppppppppppp #foryoupage#nepalimuser #foryoupageofficiall ,7852,223,693,81500,2026-03-25 02:30:45+00:00,एउटा असल नारीलाई सुन्दर रूप भन्दा पनि सुन्दर मन भएको पुरूष नै प्यारो लाग्छ ✅#nepalicaption ❤️‍🩹#fyppppppppppppppppppppppp #foryoupage#nepalimuser #foryoupageofficiall,एउटा असल नारीलाई सुन्दर रूप भन्दा पनि सुन्दर मन भएको पुरूष नै प्यारो लाग्छ ✅#nepalicaption ❤️‍🩹#fyppppppppppppppppppppppp #foryoupage#nepalimuser #foryoupageofficiall,True,Nepali,General Fashion,0.52773
TikTok,Phase2,"साँचो नारी त्यो हो, जसले अन्याय सहेर होइन, अन्यायविरुद्ध आवाज उठाएर आफ्नो पहिचान बनाउँछ।

#eleenachauhan #eleena_chauhan55 #bishnusapkota #eleenachauhanproof @Eleena Chauhan ",73800,1780,1769,2200000,2025-07-20 10:28:53+00:00,"साँचो नारी त्यो हो, जसले अन्याय सहेर होइन, अन्यायविरुद्ध आवाज उठाएर आफ्नो पहिचान बनाउँछ। #eleenachauhan #eleena_chauhan55 #bishnusapkota #eleenachauhanproof Chauhan","साँचो नारी त्यो हो, जसले अन्याय सहेर होइन, अन्यायविरुद्ध आवाज उठाएर आफ्नो पहिचान बनाउँछ। #eleenachauhan #eleena_chauhan55 #bishnusapkota #eleenachauhanproof chauhan",True,Nepali,General Fashion,0.9999999999999999
TikTok,Phase2,"जसले जस्तो दुःख दिए पनी जे भनेनी सहनुस किनकी जवाफ दिदा आफ्नै मुख फोहोर हुनेछ। बास सबै भगवानलाई छाडीदिनुस वहाँलाई सब थाहा छ।। यहाँ केही permanent छैने सबै छाडेर जानु नै छ।फेरी हामी नारीको अर्कों स्वरूप नै सहनु हो🥰🥰
माता सीता भगवान राम भगवान कृष्णलाई हेर्नूहोस कती सहनु भएको छ😔😔
जय श्रीमन्नारायण 🌺🌺🙏🙏🕉🕉",2019,59,10,45900,2023-05-11 07:47:18+00:00,जसले जस्तो दुःख दिए पनी जे भनेनी सहनुस किनकी जवाफ दिदा आफ्नै मुख फोहोर हुनेछ। बास सबै भगवानलाई छाडीदिनुस वहाँलाई सब थाहा छ।। यहाँ केही permanent छैने सबै छाडेर जानु नै छ।फेरी हामी नारीको अर्कों स्वरूप नै सहनु हो🥰🥰 माता सीता भगवान राम भगवान कृष्णलाई हेर्नूहोस कती सहनु भएको छ😔😔 जय श्रीमन्नारायण 🌺🌺🙏🙏🕉🕉,जसले जस्तो दुःख दिए पनी जे भनेनी सहनुस किनकी जवाफ दिदा आफ्नै मुख फोहोर हुनेछ। बास सबै भगवानलाई छाडीदिनुस वहाँलाई सब थाहा छ।। यहाँ केही permanent छैने सबै छाडेर जानु नै छ।फेरी हामी नारीको अर्कों स्वरूप नै सहनु हो🥰🥰 माता सीता भगवान राम भगवान कृष्णलाई हेर्नूहोस कती सहनु भएको छ😔😔 जय श्रीमन्नारायण 🌺🌺🙏🙏🕉🕉,True,Nepali,General Fashion,0.10504999999999999
TikTok,Phase2,"सम्पत्तिले होइन, स्वाभिमानले चिनिन्छ नारी"" 🌹
जब सम्बन्ध टुट्छ, मान्छेहरू अक्सर हार-जित र हिस्सा खोज्न थाल्छन्। तर रेखा थापाले नेपाली समाजमा एउटा यस्तो उदाहरण खडा गरिन्, जुन सायदै कसैले सोच्न सक्छ।
कानुनी रूपमा छबि ओझाको आधा सम्पत्ति पाउने अधिकार हुँदाहुँदै पनि उनले ४ आना जग्गा समेत नलिई 'शून्य' हातमा निस्कने निर्णय गरिन्। किन? किनभने उनको नजरमा सम्बन्ध व्यापार थिएन।
रेखा भन्छिन्— ""मैले उहाँलाई श्रीमान् भन्दा बढी अभिभावक मानेको थिएँ। जुन व्यक्तिको साहराले म आज यो स्थानमा छु, उहाँको सम्पत्तिमा दाबी गरेर म आफ्नो कृतज्ञता र स्वाभिमानलाई मार्न चाहन्नथेँ।"" यो देशको इतिहासमा सायद उनी पहिलो महिला हुन्, जसले मन नमिलेपछि पुरुषको सम्पत्तिलाई लात मारेर आफ्नै पौरखमा बाँच्ने बाटो रोजिन्। जब मन नै छुट्टिसक्यो भने सम्पत्तिको लोभले के दिन्छ र? आखिर आत्मसम्मान भन्दा ठूलो धन अरु के हुन सक्छ?
आजको युगमा, जहाँ डिभोर्स भनेको सम्पत्तिको लडाईं बनेको छ, रेखाको यो 'निस्वार्थ त्याग' ले धेरै कुरा सिकाउँछ। साँचो नारी शक्ति भनेको अरुको भर पर्नु होइन, बरु आफ्नो परिचय आफै बनाउनु र आवश्यक पर्दा सबै थोक छोड्न सक्ने हिम्मत राख्नु हो। 🙏✨
तपाईंलाई रेखा थापाको यो विचार कस्तो लाग्यो? कमेन्टमा लेख्नुहोला। 👇
Hashtags:
#RekhaThapa #InspirationalStory #SelfRespect #NepaliActress #StrongWoman      ",17900,350,404,577300,2026-04-23 13:45:15+00:00,"सम्पत्तिले होइन, स्वाभिमानले चिनिन्छ नारी"" 🌹 जब सम्बन्ध टुट्छ, मान्छेहरू अक्सर हार-जित र हिस्सा खोज्न थाल्छन्। तर रेखा थापाले नेपाली समाजमा एउटा यस्तो उदाहरण खडा गरिन्, जुन सायदै कसैले सोच्न सक्छ। कानुनी रूपमा छबि ओझाको आधा सम्पत्ति पाउने अधिकार हुँदाहुँदै पनि उनले ४ आना जग्गा समेत नलिई 'शून्य' हातमा निस्कने निर्णय गरिन्। किन? किनभने उनको नजरमा सम्बन्ध व्यापार थिएन। रेखा भन्छिन्— ""मैले उहाँलाई श्रीमान् भन्दा बढी अभिभावक मानेको थिएँ। जुन व्यक्तिको साहराले म आज यो स्थानमा छु, उहाँको सम्पत्तिमा दाबी गरेर म आफ्नो कृतज्ञता र स्वाभिमानलाई मार्न चाहन्नथेँ।"" यो देशको इतिहासमा सायद उनी पहिलो महिला हुन्, जसले मन नमिलेपछि पुरुषको सम्पत्तिलाई लात मारेर आफ्नै पौरखमा बाँच्ने बाटो रोजिन्। जब मन नै छुट्टिसक्यो भने सम्पत्तिको लोभले के दिन्छ र? आखिर आत्मसम्मान भन्दा ठूलो धन अरु के हुन सक्छ? आजको युगमा, जहाँ डिभोर्स भनेको सम्पत्तिको लडाईं बनेको छ, रेखाको यो 'निस्वार्थ त्याग' ले धेरै कुरा सिकाउँछ। साँचो नारी शक्ति भनेको अरुको भर पर्नु होइन, बरु आफ्नो परिचय आफै बनाउनु र आवश्यक पर्दा सबै थोक छोड्न सक्ने हिम्मत राख्नु हो। 🙏✨ तपाईंलाई रेखा थापाको यो विचार कस्तो लाग्यो? कमेन्टमा लेख्नुहोला। 👇 Hashtags: #RekhaThapa #InspirationalStory #SelfRespect #NepaliActress #StrongWoman","सम्पत्तिले होइन, स्वाभिमानले चिनिन्छ नारी"" 🌹 जब सम्बन्ध टुट्छ, मान्छेहरू अक्सर हार-जित र हिस्सा खोज्न थाल्छन्। तर रेखा थापाले नेपाली समाजमा एउटा यस्तो उदाहरण खडा गरिन्, जुन सायदै कसैले सोच्न सक्छ। कानुनी रूपमा छबि ओझाको आधा सम्पत्ति पाउने अधिकार हुँदाहुँदै पनि उनले ४ आना जग्गा समेत नलिई 'शून्य' हातमा निस्कने निर्णय गरिन्। किन? किनभने उनको नजरमा सम्बन्ध व्यापार थिएन। रेखा भन्छिन्— ""मैले उहाँलाई श्रीमान् भन्दा बढी अभिभावक मानेको थिएँ। जुन व्यक्तिको साहराले म आज यो स्थानमा छु, उहाँको सम्पत्तिमा दाबी गरेर म आफ्नो कृतज्ञता र स्वाभिमानलाई मार्न चाहन्नथेँ।"" यो देशको इतिहासमा सायद उनी पहिलो महिला हुन्, जसले मन नमिलेपछि पुरुषको सम्पत्तिलाई लात मारेर आफ्नै पौरखमा बाँच्ने बाटो रोजिन्। जब मन नै छुट्टिसक्यो भने सम्पत्तिको लोभले के दिन्छ र? आखिर आत्मसम्मान भन्दा ठूलो धन अरु के हुन सक्छ? आजको युगमा, जहाँ डिभोर्स भनेको सम्पत्तिको लडाईं बनेको छ, रेखाको यो 'निस्वार्थ त्याग' ले धेरै कुरा सिकाउँछ। साँचो नारी शक्ति भनेको अरुको भर पर्नु होइन, बरु आफ्नो परिचय आफै बनाउनु र आवश्यक पर्दा सबै थोक छोड्न सक्ने हिम्मत राख्नु हो। 🙏✨ तपाईंलाई रेखा थापाको यो विचार कस्तो लाग्यो? कमेन्टमा लेख्नुहोला। 👇 hashtags: #rekhathapa #inspirationalstory #selfrespect #nepaliactress #strongwoman",True,Nepali,General Fashion,0.6435299999999999
TikTok,Phase2,"#CapCut ​🌸 रूप-रंग में सबसे पावन, बोली में जैसे रस घोलती हैं...
मिथिला की नारी सबसे सुंदर सी, जिन्हें देख खुद भगवान भी तारीफ करते हैं! 🙏✨👑
#JayMithila #MithilaCultureMithila ke nari sabse sundar si, Bhagwan bhi tarif kareth! 👑✨❤️",1471,79,15,16700,2026-05-28 00:49:57+00:00,"#CapCut ​🌸 रूप-रंग में सबसे पावन, बोली में जैसे रस घोलती हैं... मिथिला की नारी सबसे सुंदर सी, जिन्हें देख खुद भगवान भी तारीफ करते हैं! 🙏✨👑 #JayMithila #MithilaCultureMithila ke nari sabse sundar si, Bhagwan bhi tarif kareth! 👑✨❤️","#capcut ​🌸 रूप-रंग में सबसे पावन, बोली में जैसे रस घोलती हैं... मिथिला की नारी सबसे सुंदर सी, जिन्हें देख खुद भगवान भी तारीफ करते हैं! 🙏✨👑 #jaymithila #mithilaculturemithila ke nari sabse sundar si, bhagwan bhi tarif kareth! 👑✨❤️",True,Nepali,General Fashion,0.08721000000000001
TikTok,Phase2,खुट्टाको चोरी औंला लामो भएकी नारी स्त्री:#foreyoupage #gokulpangeni #foreyou #fyp #love जय हो💕,216300,9337,15500,4400000,2022-10-04 02:33:05+00:00,खुट्टाको चोरी औंला लामो भएकी नारी स्त्री:#foreyoupage #gokulpangeni #foreyou #fyp #love जय हो💕,खुट्टाको चोरी औंला लामो भएकी नारी स्त्री:#foreyoupage #gokulpangeni #foreyou #fyp #love जय हो💕,True,Nepali,General Fashion,0.9999999999999999
TikTok,Phase2,"Saree launa sikeu ta? 😁
Yo saree was so tough milauna, but I love wearing raato saree for the first day of Dashain ko Tika. Makes me feel like royalty! Hehe Happy Dashain, saathi haru! Sending you all love and happiness ❤️

 #dashain  #nepali #nepalitiktok #grwm #sareetutorial ",889,47,25,49700,2025-10-01 16:00:24+00:00,"Saree launa sikeu ta? 😁 Yo saree was so tough milauna, but I love wearing raato saree for the first day of Dashain ko Tika. Makes me feel like royalty! Hehe Happy Dashain, saathi haru! Sending you all love and happiness ❤️ #dashain #nepali #nepalitiktok #grwm #sareetutorial","saree launa sikeu ta? 😁 yo saree was so tough milauna, but i love wearing raato saree for the first day of dashain ko tika. makes me feel like royalty! hehe happy dashain, saathi haru! sending you all love and happiness ❤️ #dashain #nepali #nepalitiktok #grwm #sareetutorial",True,English,Traditional/Ethnic,0.05963
TikTok,Phase2,Dashain Fit check #dashain #fyp #ootd #90s ,64100,153,4281,910400,2025-10-03 04:24:21+00:00,Dashain Fit check #dashain #fyp #ootd #90s,dashain fit check #dashain #fyp #ootd #90s,True,English,Traditional/Ethnic,0.73694
TikTok,Phase2,"Dashain 2nd look ♥️
Getting ready and wearing traditional outfits is my favorite part 💫
#dashainlook2 #traditional #trending #foryou #foryourpage ",106,5,0,1962,2025-10-06 02:33:24+00:00,Dashain 2nd look ♥️ Getting ready and wearing traditional outfits is my favorite part 💫 #dashainlook2 #traditional #trending #foryou #foryourpage,dashain 2nd look ♥️ getting ready and wearing traditional outfits is my favorite part 💫 #dashainlook2 #traditional #trending #foryou #foryourpage,True,English,Traditional/Ethnic,0.0059362
TikTok,Phase2,Makeup looks for dashain ❤️#makeuptutorial #festivallook #makeupartist #tradtionalwear #dashainsong ,1087,24,18,24800,2025-09-28 01:45:28+00:00,Makeup looks for dashain ❤️#makeuptutorial #festivallook #makeupartist #tradtionalwear #dashainsong,makeup looks for dashain ❤️#makeuptutorial #festivallook #makeupartist #tradtionalwear #dashainsong,True,English,Traditional/Ethnic,0.056760000000000005
TikTok,Phase2,Clad in @4fthappiness_ ❤️❤️ #4fthappiness_  #dashain ,2135,11,162,74800,2025-10-03 02:07:20+00:00,Clad in ❤️❤️ #4fthappiness_ #dashain,clad in ❤️❤️ #4fthappiness_ #dashain,True,English,Traditional/Ethnic,0.12858000000000003
TikTok,Phase2,"Hello beautiful ladies here is your dashain outfit. It’s ready to wear sari it takes just 2 mins to drape it. Color options available - Red, yellow, pink blue and white 🌸 Dm us on what’s app 07503608373 . #fyp #nepaleseinuk #fypシ゚ #dashainoutfit #fypppppppppppppppppppppppp ",104,7,33,10600,2025-09-17 11:44:27+00:00,"Hello beautiful ladies here is your dashain outfit. It’s ready to wear sari it takes just 2 mins to drape it. Color options available - Red, yellow, pink blue and white 🌸 Dm us on what’s app 07503608373 . #fyp #nepaleseinuk #fypシ゚ #dashainoutfit #fypppppppppppppppppppppppp","hello beautiful ladies here is your dashain outfit. it’s ready to wear sari it takes just 2 mins to drape it. color options available - red, yellow, pink blue and white 🌸 dm us on what’s app 07503608373 . #fyp #nepaleseinuk #fypシ゚ #dashainoutfit #fypppppppppppppppppppppppp",True,English,Traditional/Ethnic,0.01392
TikTok,Phase2,"Dolled up for my first Dashain wearing @aksharajewellery ♥️ @Akshara.jewellery 

Celebrating Dashain beside the love of my life was such a special and heartwarming feeling. Yet in the middle of all the joy, there was still a quiet emptiness, the kind that comes from missing my parents and wishing they were here to share the moment too.
#dashain #jwellery #akshara #first #fy ",971,24,50,45000,2025-10-03 02:20:34+00:00,"Dolled up for my first Dashain wearing ♥️ .jewellery Celebrating Dashain beside the love of my life was such a special and heartwarming feeling. Yet in the middle of all the joy, there was still a quiet emptiness, the kind that comes from missing my parents and wishing they were here to share the moment too. #dashain #jwellery #akshara #first #fy","dolled up for my first dashain wearing ♥️ .jewellery celebrating dashain beside the love of my life was such a special and heartwarming feeling. yet in the middle of all the joy, there was still a quiet emptiness, the kind that comes from missing my parents and wishing they were here to share the moment too. #dashain #jwellery #akshara #first #fy",True,English,Traditional/Ethnic,0.060540000000000004
TikTok,Phase2,Dashain look 🩷 #saree #dashain #traditional #festive ,137,11,3,5929,2025-10-04 23:50:18+00:00,Dashain look 🩷 #saree #dashain #traditional #festive,dashain look 🩷 #saree #dashain #traditional #festive,True,English,Traditional/Ethnic,0.0099729
TikTok,Phase2,"Daishain tika day outfit 🌸🌷! 

#dashain #grwm #traditional #fyp ",94,8,0,1132,2025-10-08 19:17:07+00:00,Daishain tika day outfit 🌸🌷! #dashain #grwm #traditional #fyp,daishain tika day outfit 🌸🌷! #dashain #grwm #traditional #fyp,True,English,Traditional/Ethnic,0.0062732000000000005
TikTok,Phase2,#creatorsearchinsights #Dashain #DashainChakatiSet #DashainSet #ChakatiSet ,4923,423,2119,212700,2025-09-04 17:49:08+00:00,#creatorsearchinsights #Dashain #DashainChakatiSet #DashainSet #ChakatiSet,#creatorsearchinsights #dashain #dashainchakatiset #dashainset #chakatiset,True,English,Traditional/Ethnic,0.54509
TikTok,Phase2,"Yo dashain ma tika nalagaye pani chitikka ta parna paiyo ni😌 

Happy Dashain sabai jana lai💓  

This beautiful kurtha from @Boutiqueonlinektm 

#grwm 
#grwmroutine 
#happydashain ",426,27,6,14200,2025-10-04 04:17:16+00:00,Yo dashain ma tika nalagaye pani chitikka ta parna paiyo ni😌 Happy Dashain sabai jana lai💓 This beautiful kurtha from #grwm #grwmroutine #happydashain,yo dashain ma tika nalagaye pani chitikka ta parna paiyo ni😌 happy dashain sabai jana lai💓 this beautiful kurtha from #grwm #grwmroutine #happydashain,True,English,Traditional/Ethnic,0.02776
TikTok,Phase2,Dashain outfit🤍💌,137,8,0,3251,2025-10-02 07:25:20+00:00,Dashain outfit🤍💌,dashain outfit🤍💌,True,English,Traditional/Ethnic,0.0082051
TikTok,Phase2,Flaunting my attire🦚 #fyp#dashain#dashainvibes#browngirl#traditionalwear ,394,79,18,1502,2025-10-03 03:13:57+00:00,Flaunting my attire🦚 #fyp#dashain#dashainvibes#browngirl#traditionalwear,flaunting my attire🦚 #fyp#dashain#dashainvibes#browngirl#traditionalwear,True,English,Traditional/Ethnic,0.0432102
TikTok,Phase2,"Have you ever wondered how Kumari looked like over 50 years ago… and we still hold the same tradition alive today. 🇳🇵

1968 | Kathmandu, Nepal
A portrait of the Kumari—the Living Goddess—captured during the Dashain festival at Hanuman Dhoka in the heart of the city. A symbol of divinity, culture, and continuity through generations.

🎥 This is an AI-generated video inspired by historical photographs.
📸 Original photograph by Alan Fairbank (Peace Corps Photo History / Nepal Photo History Project).

#fyp #foryou #NepalCulture #Kumari #thenandnow ",612,12,12,12700,2026-04-23 05:09:53+00:00,"Have you ever wondered how Kumari looked like over 50 years ago… and we still hold the same tradition alive today. 🇳🇵 1968 | Kathmandu, Nepal A portrait of the Kumari—the Living Goddess—captured during the Dashain festival at Hanuman Dhoka in the heart of the city. A symbol of divinity, culture, and continuity through generations. 🎥 This is an AI-generated video inspired by historical photographs. 📸 Original photograph by Alan Fairbank (Peace Corps Photo History / Nepal Photo History Project). #fyp #foryou #NepalCulture #Kumari #thenandnow","have you ever wondered how kumari looked like over 50 years ago… and we still hold the same tradition alive today. 🇳🇵 1968 | kathmandu, nepal a portrait of the kumari—the living goddess—captured during the dashain festival at hanuman dhoka in the heart of the city. a symbol of divinity, culture, and continuity through generations. 🎥 this is an ai-generated video inspired by historical photographs. 📸 original photograph by alan fairbank (peace corps photo history / nepal photo history project). #fyp #foryou #nepalculture #kumari #thenandnow",True,English,Traditional/Ethnic,0.03175
TikTok,Phase2,#dashaintihar#dashaintiharshopping #lovelife #unfreezemyaccount#nepalitraditionalclothings #smallBuisnesssupport#nepalioutfit  #nepalipan #elegantoutfit #classic #maya #nepalioutfit #traditionaldress #sari #readymadeblouse #nariinsari #sarisale #red #green #yellow #smallbuisness #colorful #festivaloutfit #dressinbeautifulattire #dashain #tihar #teej2023 #teej2080 #womenempowerment #teejdhamaka2k19 ,133,17,12,11800,2023-10-22 04:35:52+00:00,#dashaintihar#dashaintiharshopping #lovelife #unfreezemyaccount#nepalitraditionalclothings #smallBuisnesssupport#nepalioutfit #nepalipan #elegantoutfit #classic #maya #nepalioutfit #traditionaldress #sari #readymadeblouse #nariinsari #sarisale #red #green #yellow #smallbuisness #colorful #festivaloutfit #dressinbeautifulattire #dashain #tihar #teej2023 #teej2080 #womenempowerment #teejdhamaka2k19,#dashaintihar#dashaintiharshopping #lovelife #unfreezemyaccount#nepalitraditionalclothings #smallbuisnesssupport#nepalioutfit #nepalipan #elegantoutfit #classic #maya #nepalioutfit #traditionaldress #sari #readymadeblouse #nariinsari #sarisale #red #green #yellow #smallbuisness #colorful #festivaloutfit #dressinbeautifulattire #dashain #tihar #teej2023 #teej2080 #womenempowerment #teejdhamaka2k19,True,English,Traditional/Ethnic,0.014000000000000002
TikTok,Phase2,"Dashain look for gorgeous @aditi_budhathoki 🦋 

Happy Dashain to you all fam 💜 #dashaindress #nepalitradition #nepalidesignerinusa #kurtis #customizedoutfit #kurtapajama #browngirltiktok #fashiontiktok ",54,1,3,6191,2022-10-05 13:27:44+00:00,Dashain look for gorgeous 🦋 Happy Dashain to you all fam 💜 #dashaindress #nepalitradition #nepalidesignerinusa #kurtis #customizedoutfit #kurtapajama #browngirltiktok #fashiontiktok,dashain look for gorgeous 🦋 happy dashain to you all fam 💜 #dashaindress #nepalitradition #nepalidesignerinusa #kurtis #customizedoutfit #kurtapajama #browngirltiktok #fashiontiktok,True,English,Traditional/Ethnic,0.0036791000000000003
TikTok,Phase2,"First time wearing desi clothes🔓 We got this… right?🥹 ✨🥻

#desi #wedding #beauty #dallas #fahsion ",199900,727,1053,1100000,2026-05-22 00:15:09+00:00,First time wearing desi clothes🔓 We got this… right?🥹 ✨🥻 #desi #wedding #beauty #dallas #fahsion,first time wearing desi clothes🔓 we got this… right?🥹 ✨🥻 #desi #wedding #beauty #dallas #fahsion,True,English,Traditional/Ethnic,0.9181
TikTok,Phase2,The perfect transition to Dashain🇳🇵#dashainvibes #dashainlook #makeup #ootd #ootdtransition ,543,104,18,2280,2025-10-07 01:51:01+00:00,The perfect transition to Dashain🇳🇵#dashainvibes #dashainlook #makeup #ootd #ootdtransition,the perfect transition to dashain🇳🇵#dashainvibes #dashainlook #makeup #ootd #ootdtransition,True,English,Traditional/Ethnic,0.056748
TikTok,Phase2,"Suva Bajaya dashami🇳🇵✨❤️
@rkcollection_boutique Thank you for sending this beautiful dress 🫶
#Dashain #nepali #transition #inspo #fit ",164,7,4,8701,2025-10-02 05:02:56+00:00,Suva Bajaya dashami🇳🇵✨❤️ Thank you for sending this beautiful dress 🫶 #Dashain #nepali #transition #inspo #fit,suva bajaya dashami🇳🇵✨❤️ thank you for sending this beautiful dress 🫶 #dashain #nepali #transition #inspo #fit,True,English,Traditional/Ethnic,0.010330100000000002
TikTok,Phase2,"Styled with bastra.
The rest is rhythm. 
#bastra #streetwear #culture #stylewithbastra #nepaleseinspired",567,13,45,36200,2026-05-26 00:04:24+00:00,Styled with bastra. The rest is rhythm. #bastra #streetwear #culture #stylewithbastra #nepaleseinspired,styled with bastra. the rest is rhythm. #bastra #streetwear #culture #stylewithbastra #nepaleseinspired,True,English,Western/Casual,0.0392
TikTok,Phase2,"#LahanFashion
#RajbirajStyle
#JanakpurKapda
#MadheshBusiness
#VisitMadhesh
#MaithiliCulture
#TeraiVibes
#NepalSouth#Dhanusha
#Janakpur
#Janakpurdham
#DhanushaDistrict
#VisitJanakpur
#JanakpurCity
#MithilaNagari
#JanakiMandir
#DhanushaNepal#Saptari
#Rajbiraj
#Kanchanrup
#Bodebarsain
#Hanumannagar
#SaptariDistrict
#VisitSaptari
#RajbirajCity
#SaptariNepal#Siraha
#Lahan
#Golbazaar
#Mirchaiya
#DhangadhiSiraha
#SirahaBazaar
#SirahaDistrict
#VisitSiraha
#SirahaNepal#Siraha
#Saptari
#Nepal
#Madhesh
#SirahaDistrict
#SaptariDistrict💃 त्योहार, शादी या पार्टी — हर मौके के लिए परफेक्ट साड़ियाँ अब एक ही जगह!
✨ Mamta Saree Showroom – जहां हर रंग, हर डिज़ाइन है खास।

📍 Laukaha Thadi Bazar, near Lahan (Siraha District)
📞 Call/WhatsApp:
📲 9823984634
📲 9804789378
📲 9826703634

🚚 घर बैठे ऑर्डर करें, हम डिलीवर करेंगे!
🛍️ Visit us today or DM for more details!

🔖 #MamtaSareeShowroom #SareeShopping #LahanStyle #SirahaFashion #SadiLovers #EthnicVibes #DesiSwag #WeddingSeason#NepaliDistricts #NepaliSaree #SareeLove #NepaliBeauty #TraditionalLook #DesiVibes #FYP #NepaliCulture #SareeStyle#Nepal77Districts #Kathmandu #Ilam #Pokhara #Chitwan #SareeInNepal#Saptari #Siraha #Dhanusha #Mahottari #Sarlahi #Bara #Parsa #Rautahat
#MadheshPradesh
#NepaliCulture
#TeraiNepal
#BeautifulNepal
#NepalGram
#VisitNepal
#ExploreNepal
#nepalivillage ",1552,16,72,47100,2025-06-27 18:26:18+00:00,"#LahanFashion #RajbirajStyle #JanakpurKapda #MadheshBusiness #VisitMadhesh #MaithiliCulture #TeraiVibes #NepalSouth#Dhanusha #Janakpur #Janakpurdham #DhanushaDistrict #VisitJanakpur #JanakpurCity #MithilaNagari #JanakiMandir #DhanushaNepal#Saptari #Rajbiraj #Kanchanrup #Bodebarsain #Hanumannagar #SaptariDistrict #VisitSaptari #RajbirajCity #SaptariNepal#Siraha #Lahan #Golbazaar #Mirchaiya #DhangadhiSiraha #SirahaBazaar #SirahaDistrict #VisitSiraha #SirahaNepal#Siraha #Saptari #Nepal #Madhesh #SirahaDistrict #SaptariDistrict💃 त्योहार, शादी या पार्टी — हर मौके के लिए परफेक्ट साड़ियाँ अब एक ही जगह! ✨ Mamta Saree Showroom – जहां हर रंग, हर डिज़ाइन है खास। 📍 Laukaha Thadi Bazar, near Lahan (Siraha District) 📞 Call/WhatsApp: 📲 9823984634 📲 9804789378 📲 9826703634 🚚 घर बैठे ऑर्डर करें, हम डिलीवर करेंगे! 🛍️ Visit us today or DM for more details! 🔖 #MamtaSareeShowroom #SareeShopping #LahanStyle #SirahaFashion #SadiLovers #EthnicVibes #DesiSwag #WeddingSeason#NepaliDistricts #NepaliSaree #SareeLove #NepaliBeauty #TraditionalLook #DesiVibes #FYP #NepaliCulture #SareeStyle#Nepal77Districts #Kathmandu #Ilam #Pokhara #Chitwan #SareeInNepal#Saptari #Siraha #Dhanusha #Mahottari #Sarlahi #Bara #Parsa #Rautahat #MadheshPradesh #NepaliCulture #TeraiNepal #BeautifulNepal #NepalGram #VisitNepal #ExploreNepal #nepalivillage","#lahanfashion #rajbirajstyle #janakpurkapda #madheshbusiness #visitmadhesh #maithiliculture #teraivibes #nepalsouth#dhanusha #janakpur #janakpurdham #dhanushadistrict #visitjanakpur #janakpurcity #mithilanagari #janakimandir #dhanushanepal#saptari #rajbiraj #kanchanrup #bodebarsain #hanumannagar #saptaridistrict #visitsaptari #rajbirajcity #saptarinepal#siraha #lahan #golbazaar #mirchaiya #dhangadhisiraha #sirahabazaar #sirahadistrict #visitsiraha #sirahanepal#siraha #saptari #nepal #madhesh #sirahadistrict #saptaridistrict💃 त्योहार, शादी या पार्टी — हर मौके के लिए परफेक्ट साड़ियाँ अब एक ही जगह! ✨ mamta saree showroom – जहां हर रंग, हर डिज़ाइन है खास। 📍 laukaha thadi bazar, near lahan (siraha district) 📞 call/whatsapp: 📲 9823984634 📲 9804789378 📲 9826703634 🚚 घर बैठे ऑर्डर करें, हम डिलीवर करेंगे! 🛍️ visit us today or dm for more details! 🔖 #mamtasareeshowroom #sareeshopping #lahanstyle #sirahafashion #sadilovers #ethnicvibes #desiswag #weddingseason#nepalidistricts #nepalisaree #sareelove #nepalibeauty #traditionallook #desivibes #fyp #nepaliculture #sareestyle#nepal77districts #kathmandu #ilam #pokhara #chitwan #sareeinnepal#saptari #siraha #dhanusha #mahottari #sarlahi #bara #parsa #rautahat #madheshpradesh #nepaliculture #terainepal #beautifulnepal #nepalgram #visitnepal #explorenepal #nepalivillage",True,Nepali,Traditional/Ethnic,0.08599000000000001
TikTok,Phase2,"🖤🤍

#ootd 
#fyp 
#nepali 
#style ",33,8,0,469,2026-05-07 23:13:27+00:00,🖤🤍 #ootd #fyp #nepali #style,🖤🤍 #ootd #fyp #nepali #style,True,English,General Fashion,0.0037668999999999997
TikTok,Phase2,Nepali style 🇳🇵🇳🇵🇳🇵🇳🇵🙏🙏🙏,108,22,12,11100,2022-02-06 20:57:24+00:00,Nepali style 🇳🇵🇳🇵🇳🇵🇳🇵🙏🙏🙏,nepali style 🇳🇵🇳🇵🇳🇵🇳🇵🙏🙏🙏,True,English,General Fashion,0.014429999999999998
TikTok,Phase2,I end up with Nepali style coz people r looking at me 😂😂🙈🙈🙈,5434,25,61,211300,2019-06-24 04:13:00+00:00,I end up with Nepali style coz people r looking at me 😂😂🙈🙈🙈,i end up with nepali style coz people r looking at me 😂😂🙈🙈🙈,True,English,General Fashion,0.25819
TikTok,Phase2,🙏 In Nepali style #nepali #culture #tiktok #trend #fyp #foryoupage,38,0,1,732,2020-04-29 01:43:03+00:00,🙏 In Nepali style #nepali #culture #tiktok #trend #fyp #foryoupage,🙏 in nepali style #nepali #culture #tiktok #trend #fyp #foryoupage,True,English,General Fashion,0.0017932000000000002
TikTok,Phase2,Nepali style#nepali #trending #tiktokviral#tiktoknepal #foryourpage #duet #@pembapokchilama,30,4,2,256,2020-05-16 22:50:51+00:00,Nepali style#nepali #trending #tiktokviral#tiktoknepal #foryourpage #duet #,nepali style#nepali #trending #tiktokviral#tiktoknepal #foryourpage #duet #,True,English,General Fashion,0.0028256000000000006
TikTok,Phase2,We don’t have to be perfect 👌🏽 just need to feel the music #hola #nepali #foryoupage ❤️🙏🇳🇵,156,14,0,1928,2021-02-05 19:24:10+00:00,We don’t have to be perfect 👌🏽 just need to feel the music #hola #nepali #foryoupage ❤️🙏🇳🇵,we don’t have to be perfect 👌🏽 just need to feel the music #hola #nepali #foryoupage ❤️🙏🇳🇵,True,English,General Fashion,0.0106328
TikTok,Phase2,#nepalistyle 😊😉,104,4,0,690,2024-05-13 08:24:15+00:00,#nepalistyle 😊😉,#nepalistyle 😊😉,True,English,General Fashion,0.005428999999999999
TikTok,Phase2,यता फेरी आफ्नै पारा छ #nepalesestyle #uktiktok ,23,0,0,755,2026-05-23 23:08:22+00:00,यता फेरी आफ्नै पारा छ #nepalesestyle #uktiktok,यता फेरी आफ्नै पारा छ #nepalesestyle #uktiktok,True,Nepali,General Fashion,0.0009955
TikTok,Phase2,Nepali style ❤️#onlyinmycalvins #💃💃💃💃💃💃 #❤️❤️❤️❤️ #foryoupage,22,0,0,255,2022-04-30 10:42:58+00:00,Nepali style ❤️#onlyinmycalvins #💃💃💃💃💃💃 #❤️❤️❤️❤️ #foryoupage,nepali style ❤️#onlyinmycalvins #💃💃💃💃💃💃 #❤️❤️❤️❤️ #foryoupage,True,English,General Fashion,0.0009055000000000002
TikTok,Phase2,Nepali style 🤪🤪🤪,29,6,2,508,2019-04-10 18:10:27+00:00,Nepali style 🤪🤪🤪,nepali style 🤪🤪🤪,True,English,General Fashion,0.0034108000000000003
TikTok,Phase2,"🕶️ यो नेपाली बाल AI ट्रेन्ड त तोड्नै पर्छ! 😎
तपाईंको बच्चाको पनि यस्तो स्टाइलिश AI डान्स भिडियो बनाउन चाहनुहुन्छ? 👇
यो एकदमै सजिलो CapCut ट्यूटोरियलबाट कुनै पनि तस्बिरलाई उच्च गुणस्तरको नृत्य भिडियोमा सजिलै बनाउनुहोस्!
पहिलो चरणमा भिडियो लिङ्क प्रतिलिपि गरी विशेष CapCut टेम्प्लेट अनलक गर्नुहोस्,
CapCut एप खोल्नुहोस् र लिङ्क टाँगेर टेम्प्लेट सिङ्क गर्नुहोस्;
चरित्रको फोटो अपलोड गर्नुहोस्,
आफ्नो मनपर्ने एक्सन टेम्प्लेट छनौट गर्नुहोस् – लोकप्रिय फिटनेस, लडाई शैली सबै उपलब्ध छ!
उत्पन्न गर्नुहोस् बटनमा क्लिक गर्नुहोस्,
केही सेकेन्डमै प्रो स्तरको AI एनिमेसन डान्स भिडियो बनाउन सक्नुहुन्छ।
এই খুব সহজ CapCut টিউটোরিয়াল ব্যবহার করে যেকোনো ছবিকে সহজেই উচ্চমানের নৃত্য ভিডিওতে পরিণত করুন!
প্রথম ধাপে ভিডিও লিঙ্ক কপি করে এক্সক্লুসিভ CapCut টেম্পলেট আনলক করুন,
CapCut অ্যাপ খুলুন এবং লিঙ্ক পেস্ট করে টেম্পলেট সিঙ্ক সম্পন্ন করুন;
চরিত্রের ছবি আপলোড করুন,
পছন্দের অ্যাকশন টেম্পলেট বেছে নিন – জনপ্রিয় ফিটনেস, লড়াই স্টাইলও পাওয়া যায়!
জেনারেট বাটনে ক্লিক করুন,
মাত্র কয়েক সেকেন্ডেই প্রফেশনাল মানের AI অ্যানিমেশন তৈরি করুন।
#AIBabyDanceNepal #NepaliTikTokTrend
#capcut #capcutpioneer #capcutforus ",3501,103,1624,84100,2026-05-04 16:31:59+00:00,"🕶️ यो नेपाली बाल AI ट्रेन्ड त तोड्नै पर्छ! 😎 तपाईंको बच्चाको पनि यस्तो स्टाइलिश AI डान्स भिडियो बनाउन चाहनुहुन्छ? 👇 यो एकदमै सजिलो CapCut ट्यूटोरियलबाट कुनै पनि तस्बिरलाई उच्च गुणस्तरको नृत्य भिडियोमा सजिलै बनाउनुहोस्! पहिलो चरणमा भिडियो लिङ्क प्रतिलिपि गरी विशेष CapCut टेम्प्लेट अनलक गर्नुहोस्, CapCut एप खोल्नुहोस् र लिङ्क टाँगेर टेम्प्लेट सिङ्क गर्नुहोस्; चरित्रको फोटो अपलोड गर्नुहोस्, आफ्नो मनपर्ने एक्सन टेम्प्लेट छनौट गर्नुहोस् – लोकप्रिय फिटनेस, लडाई शैली सबै उपलब्ध छ! उत्पन्न गर्नुहोस् बटनमा क्लिक गर्नुहोस्, केही सेकेन्डमै प्रो स्तरको AI एनिमेसन डान्स भिडियो बनाउन सक्नुहुन्छ। এই খুব সহজ CapCut টিউটোরিয়াল ব্যবহার করে যেকোনো ছবিকে সহজেই উচ্চমানের নৃত্য ভিডিওতে পরিণত করুন! প্রথম ধাপে ভিডিও লিঙ্ক কপি করে এক্সক্লুসিভ CapCut টেম্পলেট আনলক করুন, CapCut অ্যাপ খুলুন এবং লিঙ্ক পেস্ট করে টেম্পলেট সিঙ্ক সম্পন্ন করুন; চরিত্রের ছবি আপলোড করুন, পছন্দের অ্যাকশন টেম্পলেট বেছে নিন – জনপ্রিয় ফিটনেস, লড়াই স্টাইলও পাওয়া যায়! জেনারেট বাটনে ক্লিক করুন, মাত্র কয়েক সেকেন্ডেই প্রফেশনাল মানের AI অ্যানিমেশন তৈরি করুন। #AIBabyDanceNepal #NepaliTikTokTrend #capcut #capcutpioneer #capcutforus","🕶️ यो नेपाली बाल ai ट्रेन्ड त तोड्नै पर्छ! 😎 तपाईंको बच्चाको पनि यस्तो स्टाइलिश ai डान्स भिडियो बनाउन चाहनुहुन्छ? 👇 यो एकदमै सजिलो capcut ट्यूटोरियलबाट कुनै पनि तस्बिरलाई उच्च गुणस्तरको नृत्य भिडियोमा सजिलै बनाउनुहोस्! पहिलो चरणमा भिडियो लिङ्क प्रतिलिपि गरी विशेष capcut टेम्प्लेट अनलक गर्नुहोस्, capcut एप खोल्नुहोस् र लिङ्क टाँगेर टेम्प्लेट सिङ्क गर्नुहोस्; चरित्रको फोटो अपलोड गर्नुहोस्, आफ्नो मनपर्ने एक्सन टेम्प्लेट छनौट गर्नुहोस् – लोकप्रिय फिटनेस, लडाई शैली सबै उपलब्ध छ! उत्पन्न गर्नुहोस् बटनमा क्लिक गर्नुहोस्, केही सेकेन्डमै प्रो स्तरको ai एनिमेसन डान्स भिडियो बनाउन सक्नुहुन्छ। এই খুব সহজ capcut টিউটোরিয়াল ব্যবহার করে যেকোনো ছবিকে সহজেই উচ্চমানের নৃত্য ভিডিওতে পরিণত করুন! প্রথম ধাপে ভিডিও লিঙ্ক কপি করে এক্সক্লুসিভ capcut টেম্পলেট আনলক করুন, capcut অ্যাপ খুলুন এবং লিঙ্ক পেস্ট করে টেম্পলেট সিঙ্ক সম্পন্ন করুন; চরিত্রের ছবি আপলোড করুন, পছন্দের অ্যাকশন টেম্পলেট বেছে নিন – জনপ্রিয় ফিটনেস, লড়াই স্টাইলও পাওয়া যায়! জেনারেট বাটনে ক্লিক করুন, মাত্র কয়েক সেকেন্ডেই প্রফেশনাল মানের ai অ্যানিমেশন তৈরি করুন। #aibabydancenepal #nepalitiktoktrend #capcut #capcutpioneer #capcutforus",True,Nepali,General Fashion,0.37935
TikTok,Phase2,"🦚❤️✨

#jutti #traditional #nepaliaesthetic #nepalitiktok ",63,3,0,652,2026-05-02 04:36:08+00:00,🦚❤️✨ #jutti #traditional #nepaliaesthetic #nepalitiktok,🦚❤️✨ #jutti #traditional #nepaliaesthetic #nepalitiktok,True,English,Traditional/Ethnic,0.0034852000000000004
TikTok,Phase2,#styles#nepali @chetanjoshi99,20,0,0,98,2022-10-29 14:27:57+00:00,#styles#nepali,#styles#nepali,True,English,General Fashion,0.0008098000000000001
TikTok,Phase2,Nepali steyl 😈💫#gorkhlimuser😍 #LinkBudsNeverOff #MakeItGucci #OREOBdayStack #likecommentshare❤️copylinkplz😁 #nepalitiktok #newtrend,9,0,0,343,2022-03-08 09:49:59+00:00,Nepali steyl 😈💫#gorkhlimuser😍 #LinkBudsNeverOff #MakeItGucci #OREOBdayStack #likecommentshare❤️copylinkplz😁 #nepalitiktok #newtrend,nepali steyl 😈💫#gorkhlimuser😍 #linkbudsneveroff #makeitgucci #oreobdaystack #likecommentshare❤️copylinkplz😁 #nepalitiktok #newtrend,True,English,General Fashion,0.00039430000000000004
TikTok,Phase2,#nepalistyle #nepalisong #fypシ ,54,3,0,483,2022-09-05 13:06:01+00:00,#nepalistyle #nepalisong #fypシ,#nepalistyle #nepalisong #fypシ,True,English,General Fashion,0.0031083
TikTok,Phase2,🇳🇵Styles 🇳🇵,8,0,0,230,2022-11-19 09:33:33+00:00,🇳🇵Styles 🇳🇵,🇳🇵styles 🇳🇵,True,English,General Fashion,0.00034300000000000004
TikTok,Phase2,#foryou #gymtok #gymgirltiktok #nepalitiktok🇳🇵 ,81300,763,7283,1900000,2025-05-03 14:39:06+00:00,#foryou #gymtok #gymgirltiktok #nepalitiktok🇳🇵,#foryou #gymtok #gymgirltiktok #nepalitiktok🇳🇵,True,English,Western/Casual,0.9289
TikTok,Phase2,"📍Nepali Pahiran, Bagbazar Dadeldhura❤️.             #NepaliPahiran #CoatPant #StylishLook #WeddingCollection @Bikram Jairu @💊💉💊 @Remo Ghimire      ",296,32,9,1925,2026-05-27 10:18:47+00:00,"📍Nepali Pahiran, Bagbazar Dadeldhura❤️. #NepaliPahiran #CoatPant #StylishLook #WeddingCollection Jairu @💊💉💊 Ghimire","📍nepali pahiran, bagbazar dadeldhura❤️. #nepalipahiran #coatpant #stylishlook #weddingcollection jairu @💊💉💊 ghimire",True,English,Traditional/Ethnic,0.023432500000000002
TikTok,Phase2,"Our Address: 2000 Esters Rd suite 150A, Irving, TX 75061

#nepalifashiondesigner #explorepage #fyp 
#bishwogautam #designerwear #nepalidesigner #thebishwogautam #pahiran #pahiranfashions #bishwogautamdesign #bgfashions #bgaffordable  #explorepage #fyp #nepalitraditionalwear",1342,38,407,78900,2023-07-18 20:37:44+00:00,"Our Address: 2000 Esters Rd suite 150A, Irving, TX 75061 #nepalifashiondesigner #explorepage #fyp #bishwogautam #designerwear #nepalidesigner #thebishwogautam #pahiran #pahiranfashions #bishwogautamdesign #bgfashions #bgaffordable #explorepage #fyp #nepalitraditionalwear","our address: 2000 esters rd suite 150a, irving, tx 75061 #nepalifashiondesigner #explorepage #fyp #bishwogautam #designerwear #nepalidesigner #thebishwogautam #pahiran #pahiranfashions #bishwogautamdesign #bgfashions #bgaffordable #explorepage #fyp #nepalitraditionalwear",True,English,Traditional/Ethnic,0.15437
TikTok,Phase2,"Coat Suit & Daura Suruwal Collection 🇳🇵

✨ आधुनिक स्टाइल, नेपाली पहिचान ✨

✅ Premium Quality Fabric
✅ Perfect Fitting Guaranteed
✅ Readymade & Custom Tailoring Available
✅ Latest Designs & Trendy Collections
✅ हरेक अवसरका लागि उत्कृष्ट रोजाइ

🔥 स्टाइलमा क्लास, लुकमा आत्मविश्वास!

🇳🇵 दौरा सुरुवालको नेपालीपन र कोट सुटको आधुनिक आकर्षण — सबै एकै ठाउँमा।

✨ परम्परालाई सम्मान, स्टाइललाई नयाँ उचाइ।

📍 Nepali Pahiran, Bagbazar, Dadeldhura
📞 9848806721

""परम्परा लगाऔं, आत्मविश्वास बढाऔं।"" ❤️✨
#NepaliPahiran #CoatSuit #DauraSuruwal #BagbazarDadeldhura #StyleWithTradition  🔥👔🇳🇵
@Bikram Jairu @Remo Ghimire @💊💉💊 @Sudhir Jairu @@रोहन ऐर 07 ",125,23,19,526,2026-05-31 12:02:51+00:00,"Coat Suit & Daura Suruwal Collection 🇳🇵 ✨ आधुनिक स्टाइल, नेपाली पहिचान ✨ ✅ Premium Quality Fabric ✅ Perfect Fitting Guaranteed ✅ Readymade & Custom Tailoring Available ✅ Latest Designs & Trendy Collections ✅ हरेक अवसरका लागि उत्कृष्ट रोजाइ 🔥 स्टाइलमा क्लास, लुकमा आत्मविश्वास! 🇳🇵 दौरा सुरुवालको नेपालीपन र कोट सुटको आधुनिक आकर्षण — सबै एकै ठाउँमा। ✨ परम्परालाई सम्मान, स्टाइललाई नयाँ उचाइ। 📍 Nepali Pahiran, Bagbazar, Dadeldhura 📞 9848806721 ""परम्परा लगाऔं, आत्मविश्वास बढाऔं।"" ❤️✨ #NepaliPahiran #CoatSuit #DauraSuruwal #BagbazarDadeldhura #StyleWithTradition 🔥👔🇳🇵 Jairu Ghimire @💊💉💊 Jairu @ोहन ऐर 07","coat suit & daura suruwal collection 🇳🇵 ✨ आधुनिक स्टाइल, नेपाली पहिचान ✨ ✅ premium quality fabric ✅ perfect fitting guaranteed ✅ readymade & custom tailoring available ✅ latest designs & trendy collections ✅ हरेक अवसरका लागि उत्कृष्ट रोजाइ 🔥 स्टाइलमा क्लास, लुकमा आत्मविश्वास! 🇳🇵 दौरा सुरुवालको नेपालीपन र कोट सुटको आधुनिक आकर्षण — सबै एकै ठाउँमा। ✨ परम्परालाई सम्मान, स्टाइललाई नयाँ उचाइ। 📍 nepali pahiran, bagbazar, dadeldhura 📞 9848806721 ""परम्परा लगाऔं, आत्मविश्वास बढाऔं।"" ❤️✨ #nepalipahiran #coatsuit #daurasuruwal #bagbazardadeldhura #stylewithtradition 🔥👔🇳🇵 jairu ghimire @💊💉💊 jairu @ोहन ऐर 07",True,Nepali,Traditional/Ethnic,0.015752600000000002
TikTok,Phase2,Nepali pariran ko arko pahichan Nepali 3layer pure malmal ma khasto lera aayeka xam 🧿#bipanaparajuli #mamuharu #ktmmauser #nepalipahiran #khasto @Aafno pahiran ,136,7,3,1256,2026-05-29 08:10:24+00:00,Nepali pariran ko arko pahichan Nepali 3layer pure malmal ma khasto lera aayeka xam 🧿#bipanaparajuli #mamuharu #ktmmauser #nepalipahiran #khasto pahiran,nepali pariran ko arko pahichan nepali 3layer pure malmal ma khasto lera aayeka xam 🧿#bipanaparajuli #mamuharu #ktmmauser #nepalipahiran #khasto pahiran,True,English,Traditional/Ethnic,0.0082656
TikTok,Phase2,K vanam ? 😆❤️#fypシ゚ #nepalipahiran @riwajeyyyyy ,5417,52,191,90000,2026-02-26 05:44:23+00:00,K vanam ? 😆❤️#fypシ゚ #nepalipahiran,k vanam ? 😆❤️#fypシ゚ #nepalipahiran,True,English,Traditional/Ethnic,0.27948
TikTok,Phase2,"From $25 to $15
0424235285 to order 
#neplalipahiran #nepalesetiktok🇳🇵🇳🇵 #greatprices #trending #foryoupage #fypシ゚viral #kurthiset #nepaleseinaustralia #kurthicollection🌸 #fyp #kurthiset #nepaleseinaustralia #goviral #smallbusiness ",315,13,85,30900,2024-08-05 10:28:48+00:00,From $25 to $15 0424235285 to order #neplalipahiran #nepalesetiktok🇳🇵🇳🇵 #greatprices #trending #foryoupage #fypシ゚viral #kurthiset #nepaleseinaustralia #kurthicollection🌸 #fyp #kurthiset #nepaleseinaustralia #goviral #smallbusiness,from $25 to $15 0424235285 to order #neplalipahiran #nepalesetiktok🇳🇵🇳🇵 #greatprices #trending #foryoupage #fypシ゚viral #kurthiset #nepaleseinaustralia #kurthicollection🌸 #fyp #kurthiset #nepaleseinaustralia #goviral #smallbusiness,True,English,Traditional/Ethnic,0.036590000000000004
TikTok,Phase2,"All size small $55 
0424235285 to order 
Shipping available 
#neplalipahiran #nepalesetiktok🇳🇵🇳🇵 #greatprices #trending #foryoupage #fypシ゚viral #smallbusiness #kurthicollection🌸 #fyp #newarrivals #goviral #nepaleseinaustralia #kurthi #business ",305,7,99,30900,2024-09-09 10:44:22+00:00,All size small $55 0424235285 to order Shipping available #neplalipahiran #nepalesetiktok🇳🇵🇳🇵 #greatprices #trending #foryoupage #fypシ゚viral #smallbusiness #kurthicollection🌸 #fyp #newarrivals #goviral #nepaleseinaustralia #kurthi #business,all size small $55 0424235285 to order shipping available #neplalipahiran #nepalesetiktok🇳🇵🇳🇵 #greatprices #trending #foryoupage #fypシ゚viral #smallbusiness #kurthicollection🌸 #fyp #newarrivals #goviral #nepaleseinaustralia #kurthi #business,True,English,Traditional/Ethnic,0.03719000000000001
TikTok,Phase2,"$45 sets available 
0424235285 to order 
#neplalipahiran #nepalesetiktok🇳🇵🇳🇵 #greatprices #trending #foryoupage #fypシ゚viral #kurthiset #nepaleseinaustralia #kurthicollection🌸 #fyp #onsale #nepal ",193,11,12,19900,2024-07-25 09:07:07+00:00,$45 sets available 0424235285 to order #neplalipahiran #nepalesetiktok🇳🇵🇳🇵 #greatprices #trending #foryoupage #fypシ゚viral #kurthiset #nepaleseinaustralia #kurthicollection🌸 #fyp #onsale #nepal,$45 sets available 0424235285 to order #neplalipahiran #nepalesetiktok🇳🇵🇳🇵 #greatprices #trending #foryoupage #fypシ゚viral #kurthiset #nepaleseinaustralia #kurthicollection🌸 #fyp #onsale #nepal,True,English,Traditional/Ethnic,0.015410000000000002
TikTok,Phase2,"#creatorsearchinsights 

0424235285 to order 
$35 set in white
Shawl option : pink , blue and yellow
#nepaleseinaustralia #kurthicollection🌸 #fyppppppppppppppppppppppppp #goviral ",218,56,98,30100,2025-09-28 11:08:34+00:00,"#creatorsearchinsights 0424235285 to order $35 set in white Shawl option : pink , blue and yellow #nepaleseinaustralia #kurthicollection🌸 #fyppppppppppppppppppppppppp #goviral","#creatorsearchinsights 0424235285 to order $35 set in white shawl option : pink , blue and yellow #nepaleseinaustralia #kurthicollection🌸 #fyppppppppppppppppppppppppp #goviral",True,English,General Fashion,0.048130000000000006
TikTok,Phase2,"$60 set in rani pink 
Shipping available 🇦🇺
Shrawan Special ♥️
#neplalipahiran #nepalesetiktok🇳🇵🇳🇵 #greatprices #trending #foryoupage #fypシ゚viral #kurthiset #nepaleseinaustralia #kurthicollection🌸 #nepaleseinaustralia #kurthicollection🌸 #fyp #kurthiset #australianepalimuser ",205,3,12,10000,2024-07-22 04:29:56+00:00,$60 set in rani pink Shipping available 🇦🇺 Shrawan Special ♥️ #neplalipahiran #nepalesetiktok🇳🇵🇳🇵 #greatprices #trending #foryoupage #fypシ゚viral #kurthiset #nepaleseinaustralia #kurthicollection🌸 #nepaleseinaustralia #kurthicollection🌸 #fyp #kurthiset #australianepalimuser,$60 set in rani pink shipping available 🇦🇺 shrawan special ♥️ #neplalipahiran #nepalesetiktok🇳🇵🇳🇵 #greatprices #trending #foryoupage #fypシ゚viral #kurthiset #nepaleseinaustralia #kurthicollection🌸 #nepaleseinaustralia #kurthicollection🌸 #fyp #kurthiset #australianepalimuser,True,English,Traditional/Ethnic,0.0125
TikTok,Phase2,"$30 each mens wear 
0424235285 to order 
Shipping available 🇦🇺
#neplalipahiran #nepalesetiktok🇳🇵🇳🇵 #greatprices #trending #foryoupage ##fypシ゚viral #smallbusiness #kurthicollection🌸 #fyp #newarrivals #goviral #nepaleseinaustralia #business #kurthi #australianepalimuser ",232,14,114,20400,2024-09-24 09:44:15+00:00,$30 each mens wear 0424235285 to order Shipping available 🇦🇺 #neplalipahiran #nepalesetiktok🇳🇵🇳🇵 #greatprices #trending #foryoupage ##fypシ゚viral #smallbusiness #kurthicollection🌸 #fyp #newarrivals #goviral #nepaleseinaustralia #business #kurthi #australianepalimuser,$30 each mens wear 0424235285 to order shipping available 🇦🇺 #neplalipahiran #nepalesetiktok🇳🇵🇳🇵 #greatprices #trending #foryoupage ##fypシ゚viral #smallbusiness #kurthicollection🌸 #fyp #newarrivals #goviral #nepaleseinaustralia #business #kurthi #australianepalimuser,True,English,Traditional/Ethnic,0.03832
TikTok,Phase2,"$55 set in pink 
Shipping only 10$ now for dashain ❤️
0424235285 to order 🇦🇺
#neplalipahiran #nepalesetiktok🇳🇵🇳🇵 #greatprices #trending #foryoupage #fypシ゚viral #smallbusiness #kurthicollection🌸 #fyp #nepaleseinaustralia #goviral #newarrivals #kurthiset #onsale ",192,15,41,22000,2024-10-03 12:39:28+00:00,$55 set in pink Shipping only 10$ now for dashain ❤️ 0424235285 to order 🇦🇺 #neplalipahiran #nepalesetiktok🇳🇵🇳🇵 #greatprices #trending #foryoupage #fypシ゚viral #smallbusiness #kurthicollection🌸 #fyp #nepaleseinaustralia #goviral #newarrivals #kurthiset #onsale,$55 set in pink shipping only 10$ now for dashain ❤️ 0424235285 to order 🇦🇺 #neplalipahiran #nepalesetiktok🇳🇵🇳🇵 #greatprices #trending #foryoupage #fypシ゚viral #smallbusiness #kurthicollection🌸 #fyp #nepaleseinaustralia #goviral #newarrivals #kurthiset #onsale,True,English,Traditional/Ethnic,0.022580000000000003
TikTok,Phase2,"Sets starting from $50 
0424235285 to order 
Shipping options available 🇦🇺
#neplalipahiran #nepalesetiktok🇳🇵🇳🇵 #greatprices #trending #foryoupage #fypシ゚viral #kurthiset #nepaleseinaustralia #kurthicollection🌸 #fyp #onsale #goviral ",166,1,7,7568,2024-07-31 14:09:33+00:00,Sets starting from $50 0424235285 to order Shipping options available 🇦🇺 #neplalipahiran #nepalesetiktok🇳🇵🇳🇵 #greatprices #trending #foryoupage #fypシ゚viral #kurthiset #nepaleseinaustralia #kurthicollection🌸 #fyp #onsale #goviral,sets starting from $50 0424235285 to order shipping options available 🇦🇺 #neplalipahiran #nepalesetiktok🇳🇵🇳🇵 #greatprices #trending #foryoupage #fypシ゚viral #kurthiset #nepaleseinaustralia #kurthicollection🌸 #fyp #onsale #goviral,True,English,Traditional/Ethnic,0.0090968
TikTok,Phase2,"$60 set (dola silk)
Shipping options available 
0424235285 to order 
#neplalipahiran #nepalesetiktok🇳🇵🇳🇵 #greatprices #trending #foryoupage #fypシ゚viral #kurthiset #nepaleseinaustralia #kurthicollection🌸 #newarrivals ",365,7,35,32100,2024-07-20 13:05:39+00:00,$60 set (dola silk) Shipping options available 0424235285 to order #neplalipahiran #nepalesetiktok🇳🇵🇳🇵 #greatprices #trending #foryoupage #fypシ゚viral #kurthiset #nepaleseinaustralia #kurthicollection🌸 #newarrivals,$60 set (dola silk) shipping options available 0424235285 to order #neplalipahiran #nepalesetiktok🇳🇵🇳🇵 #greatprices #trending #foryoupage #fypシ゚viral #kurthiset #nepaleseinaustralia #kurthicollection🌸 #newarrivals,True,English,Traditional/Ethnic,0.02691
TikTok,Phase2,nepali pahiran#foru❤️ #good morning my friends #lovetiktokusa ,243,2,2,6225,2024-04-23 15:10:45+00:00,nepali pahiran#foru❤️ #good morning my friends #lovetiktokusa,nepali pahiran#foru❤️ #good morning my friends #lovetiktokusa,True,English,Traditional/Ethnic,0.011342499999999998
TikTok,Phase2,Kanta mala nepali traditional jewellery used during dance #nepalipahiran #nepalitiktok #canada_life🇨🇦 #usanepali🇺🇸🇳🇵 #supportssmallbusiness #foryoupage #contact 4378481896 #nepalicanadian ,17,0,1,281,2023-05-30 09:01:35+00:00,Kanta mala nepali traditional jewellery used during dance #nepalipahiran #nepalitiktok #canada_life🇨🇦 #usanepali🇺🇸🇳🇵 #supportssmallbusiness #foryoupage #contact 4378481896 #nepalicanadian,kanta mala nepali traditional jewellery used during dance #nepalipahiran #nepalitiktok #canada_life🇨🇦 #usanepali🇺🇸🇳🇵 #supportssmallbusiness #foryoupage #contact 4378481896 #nepalicanadian,True,English,Traditional/Ethnic,0.0009081
TikTok,Phase2,#nepalipahiran #nepaliincanada #smallbusiness #foryoupage #creatorsearchinsight ,60,2,1,1967,2025-07-22 19:52:11+00:00,#nepalipahiran #nepaliincanada #smallbusiness #foryoupage #creatorsearchinsight,#nepalipahiran #nepaliincanada #smallbusiness #foryoupage #creatorsearchinsight,True,English,Traditional/Ethnic,0.0033967000000000003
TikTok,Phase2,"Nothing can beat the comfort of Maxi✨💖
#maxi #nepalitiktok #pahiranhouse #nepalibrand #foruoupage ",261,5,74,15600,2026-03-17 15:36:57+00:00,Nothing can beat the comfort of Maxi✨💖 #maxi #nepalitiktok #pahiranhouse #nepalibrand #foruoupage,nothing can beat the comfort of maxi✨💖 #maxi #nepalitiktok #pahiranhouse #nepalibrand #foruoupage,True,English,Traditional/Ethnic,0.0283
TikTok,Phase2,"BE DASHAIN READY ‼️‼️
$55 set in purple 
0424235285 to order 
Shipping options available 🇦🇺
#neplalipahiran #nepalesetiktok🇳🇵🇳🇵 #greatprices #trending #foryoupage #fypシ゚viral #smallbusiness #kurthicollection🌸 #fyp #onsale #newarrivals #goviral #nepaleseinaustralia #kurthi ",219,11,56,29200,2024-09-06 08:44:40+00:00,BE DASHAIN READY ‼️‼️ $55 set in purple 0424235285 to order Shipping options available 🇦🇺 #neplalipahiran #nepalesetiktok🇳🇵🇳🇵 #greatprices #trending #foryoupage #fypシ゚viral #smallbusiness #kurthicollection🌸 #fyp #onsale #newarrivals #goviral #nepaleseinaustralia #kurthi,be dashain ready ‼️‼️ $55 set in purple 0424235285 to order shipping options available 🇦🇺 #neplalipahiran #nepalesetiktok🇳🇵🇳🇵 #greatprices #trending #foryoupage #fypシ゚viral #smallbusiness #kurthicollection🌸 #fyp #onsale #newarrivals #goviral #nepaleseinaustralia #kurthi,True,English,Traditional/Ethnic,0.026180000000000002
TikTok,Phase2,"What is Dhaka textile?   - Dhaka is a handwoven textile traditionally made by Limbu women of eastern Nepal—especially in the districts of Taplejung, Panchthar, and Ilam. The process is highly skilled and passed down through generations. #dhakatextilefromnepal #limbudhaka ",2480,156,233,27100,2025-12-03 07:49:53+00:00,"What is Dhaka textile? - Dhaka is a handwoven textile traditionally made by Limbu women of eastern Nepal—especially in the districts of Taplejung, Panchthar, and Ilam. The process is highly skilled and passed down through generations. #dhakatextilefromnepal #limbudhaka","what is dhaka textile? - dhaka is a handwoven textile traditionally made by limbu women of eastern nepal—especially in the districts of taplejung, panchthar, and ilam. the process is highly skilled and passed down through generations. #dhakatextilefromnepal #limbudhaka",True,English,Traditional/Ethnic,0.19531
TikTok,Phase2,"अमेरिकामा ढाकाका कपडा, बनुको होम बिजनेस...@apurba.essence",241,17,17,7612,2026-03-13 21:03:13+00:00,"अमेरिकामा ढाकाका कपडा, बनुको होम बिजनेस....essence","अमेरिकामा ढाकाका कपडा, बनुको होम बिजनेस....essence",True,Nepali,Traditional/Ethnic,0.018901200000000003
TikTok,Phase2,Nepali Traditional Hand woven Dhaka textile - Limbu Fabrics @kalpanayonghang37  #handmade #indiginus #limbu #textile #nepal ,1505,101,116,14500,2024-12-03 10:57:40+00:00,Nepali Traditional Hand woven Dhaka textile - Limbu Fabrics #handmade #indiginus #limbu #textile #nepal,nepali traditional hand woven dhaka textile - limbu fabrics #handmade #indiginus #limbu #textile #nepal,True,English,Traditional/Ethnic,0.11515
TikTok,Phase2,Dhaka is a fabric that was specially made on palpa district.this design of Dhaka is famous on both Bahun and chettri. but it is also worn by many communities (only cholo) Newar magar limbu. whereas the eastern Dhaka was originally from the limbu community but this western palpali Dhaka has no origin and the laliguras Dhaka prints origin is from chettri #dhakafabric #bahundress ,585,17,53,8531,2026-04-08 06:31:41+00:00,Dhaka is a fabric that was specially made on palpa district.this design of Dhaka is famous on both Bahun and chettri. but it is also worn by many communities (only cholo) Newar magar limbu. whereas the eastern Dhaka was originally from the limbu community but this western palpali Dhaka has no origin and the laliguras Dhaka prints origin is from chettri #dhakafabric #bahundress,dhaka is a fabric that was specially made on palpa district.this design of dhaka is famous on both bahun and chettri. but it is also worn by many communities (only cholo) newar magar limbu. whereas the eastern dhaka was originally from the limbu community but this western palpali dhaka has no origin and the laliguras dhaka prints origin is from chettri #dhakafabric #bahundress,True,English,Traditional/Ethnic,0.039953100000000005
TikTok,Phase2,आफ्नो चाहना अनुसारको डिजाइनमा बनाएर लगाउन सकिने ढाका कपडा बिभिन्न रङ बुट्टामा उपलभ्ध छ...#ojaswidhaka9862627654 #Damak #Haateship #maulikpan #Nepalipan ,228,34,2,923,2026-05-31 12:45:06+00:00,आफ्नो चाहना अनुसारको डिजाइनमा बनाएर लगाउन सकिने ढाका कपडा बिभिन्न रङ बुट्टामा उपलभ्ध छ...#ojaswidhaka9862627654 #Damak #Haateship #maulikpan #Nepalipan,आफ्नो चाहना अनुसारको डिजाइनमा बनाएर लगाउन सकिने ढाका कपडा बिभिन्न रङ बुट्टामा उपलभ्ध छ...#ojaswidhaka9862627654 #damak #haateship #maulikpan #nepalipan,True,Nepali,Traditional/Ethnic,0.019812300000000005
TikTok,Phase2,#creatorsearchinsights #fouryoupage #cultural #dress #women ware @Four A Collecti @Aitee limbu @4A collection @chinta2thulung ,57,6,7,823,2026-05-16 13:24:54+00:00,#creatorsearchinsights #fouryoupage #cultural #dress #women ware A Collecti limbu collection,#creatorsearchinsights #fouryoupage #cultural #dress #women ware a collecti limbu collection,True,English,Traditional/Ethnic,0.005562300000000001
TikTok,Phase2,"🛑 Gucci र Prada लाई टक्कर दिने पाल्पाली ढाकाको 'Global' साम्राज्य! 🇳🇵🌏🤯
हामी 'Branded' भन्दै डलर विदेश पठाउँछौँ, तर के तपाईँलाई थाहा छ— हाम्रो पाल्पाली ढाका आज पेरिसको फेशन शोमा 'Luxury' ब्राण्ड बनेको छ? 🧠🔥
कुनै समय 'डुप्लिकेट' को बिगबिगीले डुब्न लागेको यो उद्योग कसरी संसारकै नम्बर १ बन्यो? ३ कडा विजनेस लोजिक:
1️⃣ Modern Swag: ढाका भनेको 'टोपी' मात्र होइन। आज यसको सुट, पाइन्ट र महँगा ह्यान्डब्यागले पेरिसका शोरुमहरू कब्जा गर्दैछन्। 👔👜
2️⃣ Handmade Power: संसार आज 'प्राकृतिक र हाते बुना' कपडाको भोको छ। विदेशीहरू नेपाली ढाकाको 'Handmade' ट्यागका लागि प्रिमियम मूल्य तिर्न तयार छन्। 🎖️💎
3️⃣ Premium Branding: नेपाली डिजाइनरहरूले यसलाई एउटा 'Heritage Brand' बनाएर विश्वका महँगा वेबसाइटहरूमा टल्काए। 🛡️📈
निष्कर्ष: हाम्रो माटोमा 'हिरा' छ साथी, मात्र हामीलाई त्यसको 'हैसियत' बनाउन आउनुपर्छ। 💪🇳🇵
👇 तपाईंको विचारमा?
नेपाली ढाका १ (सानको लागि लगाउने) कि २ (फेसनको लागि)?
आफ्नो हैसियत कमेन्टमा देखाउनुहोस! १ कि २? ⬇️
🔴 Follow for Part 30: यस्तै  'Brutal Truths' को लागि मलाई Follow गर्नुहोला। #LahureyToChaurey

#PalpaliDhaka #SuccessStory#NepalBusiness #MadeInNepal  #dhakatopi   #NepalEconomy #nepali #nepalitiktok",5139,31,120,100200,2026-02-25 11:30:00+00:00,"🛑 Gucci र Prada लाई टक्कर दिने पाल्पाली ढाकाको 'Global' साम्राज्य! 🇳🇵🌏🤯 हामी 'Branded' भन्दै डलर विदेश पठाउँछौँ, तर के तपाईँलाई थाहा छ— हाम्रो पाल्पाली ढाका आज पेरिसको फेशन शोमा 'Luxury' ब्राण्ड बनेको छ? 🧠🔥 कुनै समय 'डुप्लिकेट' को बिगबिगीले डुब्न लागेको यो उद्योग कसरी संसारकै नम्बर १ बन्यो? ३ कडा विजनेस लोजिक: 1️⃣ Modern Swag: ढाका भनेको 'टोपी' मात्र होइन। आज यसको सुट, पाइन्ट र महँगा ह्यान्डब्यागले पेरिसका शोरुमहरू कब्जा गर्दैछन्। 👔👜 2️⃣ Handmade Power: संसार आज 'प्राकृतिक र हाते बुना' कपडाको भोको छ। विदेशीहरू नेपाली ढाकाको 'Handmade' ट्यागका लागि प्रिमियम मूल्य तिर्न तयार छन्। 🎖️💎 3️⃣ Premium Branding: नेपाली डिजाइनरहरूले यसलाई एउटा 'Heritage Brand' बनाएर विश्वका महँगा वेबसाइटहरूमा टल्काए। 🛡️📈 निष्कर्ष: हाम्रो माटोमा 'हिरा' छ साथी, मात्र हामीलाई त्यसको 'हैसियत' बनाउन आउनुपर्छ। 💪🇳🇵 👇 तपाईंको विचारमा? नेपाली ढाका १ (सानको लागि लगाउने) कि २ (फेसनको लागि)? आफ्नो हैसियत कमेन्टमा देखाउनुहोस! १ कि २? ⬇️ 🔴 Follow for Part 30: यस्तै 'Brutal Truths' को लागि मलाई Follow गर्नुहोला। #LahureyToChaurey #PalpaliDhaka #SuccessStory#NepalBusiness #MadeInNepal #dhakatopi #NepalEconomy #nepali #nepalitiktok","🛑 gucci र prada लाई टक्कर दिने पाल्पाली ढाकाको 'global' साम्राज्य! 🇳🇵🌏🤯 हामी 'branded' भन्दै डलर विदेश पठाउँछौँ, तर के तपाईँलाई थाहा छ— हाम्रो पाल्पाली ढाका आज पेरिसको फेशन शोमा 'luxury' ब्राण्ड बनेको छ? 🧠🔥 कुनै समय 'डुप्लिकेट' को बिगबिगीले डुब्न लागेको यो उद्योग कसरी संसारकै नम्बर १ बन्यो? ३ कडा विजनेस लोजिक: 1️⃣ modern swag: ढाका भनेको 'टोपी' मात्र होइन। आज यसको सुट, पाइन्ट र महँगा ह्यान्डब्यागले पेरिसका शोरुमहरू कब्जा गर्दैछन्। 👔👜 2️⃣ handmade power: संसार आज 'प्राकृतिक र हाते बुना' कपडाको भोको छ। विदेशीहरू नेपाली ढाकाको 'handmade' ट्यागका लागि प्रिमियम मूल्य तिर्न तयार छन्। 🎖️💎 3️⃣ premium branding: नेपाली डिजाइनरहरूले यसलाई एउटा 'heritage brand' बनाएर विश्वका महँगा वेबसाइटहरूमा टल्काए। 🛡️📈 निष्कर्ष: हाम्रो माटोमा 'हिरा' छ साथी, मात्र हामीलाई त्यसको 'हैसियत' बनाउन आउनुपर्छ। 💪🇳🇵 👇 तपाईंको विचारमा? नेपाली ढाका १ (सानको लागि लगाउने) कि २ (फेसनको लागि)? आफ्नो हैसियत कमेन्टमा देखाउनुहोस! १ कि २? ⬇️ 🔴 follow for part 30: यस्तै 'brutal truths' को लागि मलाई follow गर्नुहोला। #lahureytochaurey #palpalidhaka #successstory#nepalbusiness #madeinnepal #dhakatopi #nepaleconomy #nepali #nepalitiktok",True,Nepali,Traditional/Ethnic,0.24888000000000002
TikTok,Phase2,#dhakafabric  in Indra chowk✨,238,13,72,9896,2025-12-07 09:16:25+00:00,#dhakafabric in Indra chowk✨,#dhakafabric in indra chowk✨,True,English,Traditional/Ethnic,0.0288096
TikTok,Phase2,colour can be customised #preorder#simriksworld🌍 #limbudress#mekhli#foryou #nepalioutfitinmalta ,640,17,477,63100,2024-12-24 14:56:41+00:00,colour can be customised #preorder#simriksworld🌍 #limbudress#mekhli#foryou #nepalioutfitinmalta,colour can be customised #preorder#simriksworld🌍 #limbudress#mekhli#foryou #nepalioutfitinmalta,True,English,General Fashion,0.13241
TikTok,Phase2,ढाका सारी #luckytextile #culturaldressfactory #fyp#goviral#nepalidhakasari@rameshnemkul ,13900,162,743,849700,2026-03-04 10:17:19+00:00,ढाका सारी #luckytextile #culturaldressfactory #fyp#goviral#nepalidhakasari,ढाका सारी #luckytextile #culturaldressfactory #fyp#goviral#nepalidhakasari,True,Nepali,Traditional/Ethnic,0.6821699999999999
TikTok,Phase2,"Viral kurti top but nepali pan in every creation#Dhaka fabric 🌸

#sanginascreation #dmtoorder📩oninstagram #deliveryallovernepal🇳🇵worldwideshipping 🇳🇵#creatorsearchinsights @rupalungelimagar @🫀 ",119,5,6,2999,2026-05-06 08:37:27+00:00,Viral kurti top but nepali pan in every creation#Dhaka fabric 🌸 #sanginascreation #dmtoorder📩oninstagram #deliveryallovernepal🇳🇵worldwideshipping 🇳🇵#creatorsearchinsights @🫀,viral kurti top but nepali pan in every creation#dhaka fabric 🌸 #sanginascreation #dmtoorder📩oninstagram #deliveryallovernepal🇳🇵worldwideshipping 🇳🇵#creatorsearchinsights @🫀,True,English,Traditional/Ethnic,0.007759899999999999
TikTok,Phase2,Nepali Dhaka Topi #nepal #nepalnow #travelnepal #kathmandu ,61100,139,836,851000,2023-05-18 11:48:32+00:00,Nepali Dhaka Topi #nepal #nepalnow #travelnepal #kathmandu,nepali dhaka topi #nepal #nepalnow #travelnepal #kathmandu,True,English,Traditional/Ethnic,0.694
TikTok,Phase2,"Not just clothing. Dhaka Heritage is a bridge between tradition and modern life, made to keep our heritage alive in every home.
#foryou #handmade #madeinnepal #nepaliinaustralia #nepalidhakacotton ",16,1,3,1552,2025-07-16 01:45:37+00:00,"Not just clothing. Dhaka Heritage is a bridge between tradition and modern life, made to keep our heritage alive in every home. #foryou #handmade #madeinnepal #nepaliinaustralia #nepalidhakacotton","not just clothing. dhaka heritage is a bridge between tradition and modern life, made to keep our heritage alive in every home. #foryou #handmade #madeinnepal #nepaliinaustralia #nepalidhakacotton",True,English,Traditional/Ethnic,0.0016952000000000002
TikTok,Phase2,#dhaka #nepaliclothes #nepaliculture #uknepali #uknepalimuser🇳🇵🇬🇧 #nepalitiktok dm to order! ,136,4,5,8712,2024-10-17 17:25:45+00:00,#dhaka #nepaliclothes #nepaliculture #uknepali #uknepalimuser🇳🇵🇬🇧 #nepalitiktok dm to order!,#dhaka #nepaliclothes #nepaliculture #uknepali #uknepalimuser🇳🇵🇬🇧 #nepalitiktok dm to order!,True,English,Traditional/Ethnic,0.0085112
TikTok,Phase2,Dhaka ko saree available with the set! Get it now! #dhakasaree #mariyafashion #foryoupage #limbudress #nepalitiktok ,1645,9,217,59300,2025-09-20 23:46:40+00:00,Dhaka ko saree available with the set! Get it now! #dhakasaree #mariyafashion #foryoupage #limbudress #nepalitiktok,dhaka ko saree available with the set! get it now! #dhakasaree #mariyafashion #foryoupage #limbudress #nepalitiktok,True,English,Traditional/Ethnic,0.11783
TikTok,Phase2,"New dhaka sare collection🥰🙏🏻
main page : @aura_couture 
Dharan-13,zeropoint
📞 9810078819/9704507533
#foryou #dhakasare #auracouturedharan #traditional #chaubandi ",363,1,20,5930,2026-05-22 05:55:58+00:00,"New dhaka sare collection🥰🙏🏻 main page : Dharan-13,zeropoint 📞 9810078819/9704507533 #foryou #dhakasare #auracouturedharan #traditional #chaubandi","new dhaka sare collection🥰🙏🏻 main page : dharan-13,zeropoint 📞 9810078819/9704507533 #foryou #dhakasare #auracouturedharan #traditional #chaubandi",True,English,Traditional/Ethnic,0.019413
TikTok,Phase2,"✨ Beautiful Dhaka Saree & Coat ✨@Nana clothing & gift 
📍 Harrisburg, PA
📦 Deliver all over USA
☎️ 317-954-6710
#fyp #nepali #interacialcouple #nepalitraditionalwear #dhakatopi ",186100,1582,1702,2800000,2025-09-17 14:11:13+00:00,"✨ Beautiful Dhaka Saree & Coat ✨ clothing & gift 📍 Harrisburg, PA 📦 Deliver all over USA ☎️ 317-954-6710 #fyp #nepali #interacialcouple #nepalitraditionalwear #dhakatopi","✨ beautiful dhaka saree & coat ✨ clothing & gift 📍 harrisburg, pa 📦 deliver all over usa ☎️ 317-954-6710 #fyp #nepali #interacialcouple #nepalitraditionalwear #dhakatopi",True,English,Traditional/Ethnic,0.9999999999999999
TikTok,Phase2,Quick grwm for work :) #grwm #morningroutine #skincare #makeup,424800,2175,2068,2900000,2022-01-07 15:52:20+00:00,Quick grwm for work :) #grwm #morningroutine #skincare #makeup,quick grwm for work :) #grwm #morningroutine #skincare #makeup,True,English,Western/Casual,0.9999999999999999
TikTok,Phase2,Reply to @sm0lbunni Getting dressed in all my Victorian layers! #historicalfashion #victorian #cottagecore #fy #magic #grwm #getdressedwithme #fyp,3300000,23000,26200,18900000,2021-12-02 02:04:45+00:00,Reply to Getting dressed in all my Victorian layers! #historicalfashion #victorian #cottagecore #fy #magic #grwm #getdressedwithme #fyp,reply to getting dressed in all my victorian layers! #historicalfashion #victorian #cottagecore #fy #magic #grwm #getdressedwithme #fyp,True,English,Western/Casual,0.9999999999999999
TikTok,Phase2,GRWM 🙂 #DisneyPlusVoices #boostofhope #fypシ #EveryKiss #StepandFlex,3100000,27800,22400,15500000,2022-01-08 01:36:05+00:00,GRWM 🙂 #DisneyPlusVoices #boostofhope #fypシ #EveryKiss #StepandFlex,grwm 🙂 #disneyplusvoices #boostofhope #fypシ #everykiss #stepandflex,True,English,Western/Casual,0.9999999999999999
TikTok,Phase2,Blue baby 💙🦋 #greenscreen #makeup #makeuptutorial #makeuproutine #grwm #fyp #onesizebeauty #viral @patrickstarrr @onesize,538300,6303,8295,4900000,2021-12-14 18:54:03+00:00,Blue baby 💙🦋 #greenscreen #makeup #makeuptutorial #makeuproutine #grwm #fyp #onesizebeauty #viral,blue baby 💙🦋 #greenscreen #makeup #makeuptutorial #makeuproutine #grwm #fyp #onesizebeauty #viral,True,English,Western/Casual,0.9999999999999999
TikTok,Phase2,"Get ready with me, tour edition!#GRWM #Reba #Glam #Fancy",344300,7186,4341,2600000,2022-01-21 18:53:55+00:00,"Get ready with me, tour edition!#GRWM #Reba #Glam #Fancy","get ready with me, tour edition!#grwm #reba #glam #fancy",True,English,Western/Casual,0.9999999999999999
TikTok,Phase2,#grwm to present in my one graduate class today #ootd #mensfashion #style #vintage #thrifting,1300000,3697,9963,8400000,2021-12-14 16:31:41+00:00,#grwm to present in my one graduate class today #ootd #mensfashion #style #vintage #thrifting,#grwm to present in my one graduate class today #ootd #mensfashion #style #vintage #thrifting,True,English,Western/Casual,0.9999999999999999
TikTok,Phase2,GRWM date night ✨,34100,145,93,475400,2022-01-10 18:53:51+00:00,GRWM date night ✨,grwm date night ✨,True,English,Western/Casual,0.50964
TikTok,Phase2,grwm gym edition 🏋🏽‍♀️ #fyp #foryou #gym #couple,485100,1595,13700,3700000,2022-01-10 21:44:04+00:00,grwm gym edition 🏋🏽‍♀️ #fyp #foryou #gym #couple,grwm gym edition 🏋🏽‍♀️ #fyp #foryou #gym #couple,True,English,Western/Casual,0.9999999999999999
TikTok,Phase2,Tonight’s look for free drinks & a meal on behalf of the patriarchy with the girls 💅#grwm #ootd #fashion #nyc Jumpsuit: @Nadine Merabi  🖤,1800000,4029,6122,9200000,2022-01-10 03:00:44+00:00,Tonight’s look for free drinks & a meal on behalf of the patriarchy with the girls 💅#grwm #ootd #fashion #nyc Jumpsuit: Merabi 🖤,tonight’s look for free drinks & a meal on behalf of the patriarchy with the girls 💅#grwm #ootd #fashion #nyc jumpsuit: merabi 🖤,True,English,Western/Casual,0.9999999999999999
TikTok,Phase2,GRWM: Lunch & Family Photos #hairstyle #desi #pakistani #tutorial #grwmroutine,112300,394,382,1000000,2021-12-30 15:04:22+00:00,GRWM: Lunch & Family Photos #hairstyle #desi #pakistani #tutorial #grwmroutine,grwm: lunch & family photos #hairstyle #desi #pakistani #tutorial #grwmroutine,True,English,Western/Casual,0.6946
TikTok,Phase2,mini grwm 🖤 #curvy #grwm #fyp #foryoupage #ootn  #makeabunchhappen #plussizeedition,22800,316,74,286100,2021-12-26 14:37:24+00:00,mini grwm 🖤 #curvy #grwm #fyp #foryoupage #ootn #makeabunchhappen #plussizeedition,mini grwm 🖤 #curvy #grwm #fyp #foryoupage #ootn #makeabunchhappen #plussizeedition,True,English,Western/Casual,0.5382100000000001
TikTok,Phase2,Ryder Bird picks out an outfit to wear to the Lake: “Twee Style” #twee #tweestyle #grwm,2000000,9236,30600,10500000,2022-01-12 20:02:12+00:00,Ryder Bird picks out an outfit to wear to the Lake: “Twee Style” #twee #tweestyle #grwm,ryder bird picks out an outfit to wear to the lake: “twee style” #twee #tweestyle #grwm,True,English,Western/Casual,0.9999999999999999
TikTok,Phase2,Grwm,94100,208,468,566300,2026-06-01 21:41:30+00:00,Grwm,grwm,True,English,Western/Casual,0.61263
TikTok,Phase2,#grwm ✨🎀💖hiiii ,378300,264,1198,2000000,2026-05-29 15:36:35+00:00,#grwm ✨🎀💖hiiii,#grwm ✨🎀💖hiiii,True,English,Western/Casual,0.7792
TikTok,Phase2,"Get ready with me asmr edition 🪷✨
#kbeauty #asmr #grwm #makeup #fyp

@PURCELL US @dasique US @Unleashia Global @SKIN1004 US @Colorgram US @퓌(fwee) ",1556,39,57,11500,2026-06-01 14:03:59+00:00,Get ready with me asmr edition 🪷✨ #kbeauty #asmr #grwm #makeup #fyp US US Global US US (fwee),get ready with me asmr edition 🪷✨ #kbeauty #asmr #grwm #makeup #fyp us us global us us (fwee),True,English,Western/Casual,0.08649
TikTok,Phase2,HAPPY NATIONALS DAY 1!!! #volleyball #grwm #grwmforschool ,65300,189,394,445200,2026-05-25 14:38:43+00:00,HAPPY NATIONALS DAY 1!!! #volleyball #grwm #grwmforschool,happy nationals day 1!!! #volleyball #grwm #grwmforschool,True,English,Western/Casual,0.58002
TikTok,Phase2,speedy grwm!! 🪽 #grwm #makeup #girlblogger #microinfluencer #getreadywithme ,73600,321,935,280800,2026-05-28 14:38:25+00:00,speedy grwm!! 🪽 #grwm #makeup #girlblogger #microinfluencer #getreadywithme,speedy grwm!! 🪽 #grwm #makeup #girlblogger #microinfluencer #getreadywithme,True,English,Western/Casual,0.71138
TikTok,Phase2,get ready with me for school!!🚌✏️✂️#grwm #routine #makeup #jesuslovesyou #school ,128700,702,407,717600,2026-05-14 11:28:09+00:00,get ready with me for school!!🚌✏️✂️#grwm #routine #makeup #jesuslovesyou #school,get ready with me for school!!🚌✏️✂️#grwm #routine #makeup #jesuslovesyou #school,True,English,Western/Casual,0.7637600000000001
TikTok,Phase2,@Dai Chiya Thankyou bhai for the tea 🤗 cheto ayouchu mama ghar ani ghumnu parcha Huss  #tea #nepaliproduct #nepalibrand #madeinnepal #chiya ,1401,59,36,25200,2026-05-24 09:31:29+00:00,Chiya Thankyou bhai for the tea 🤗 cheto ayouchu mama ghar ani ghumnu parcha Huss #tea #nepaliproduct #nepalibrand #madeinnepal #chiya,chiya thankyou bhai for the tea 🤗 cheto ayouchu mama ghar ani ghumnu parcha huss #tea #nepaliproduct #nepalibrand #madeinnepal #chiya,True,English,General Fashion,0.08345999999999999
TikTok,Phase2,"🇳🇵✈️ Bidesh ma basne harule yo feeling pakkai bujhchan...

Ghar ko maya, aafno manche ko yaad, ra photo herera matra chitta bujhaune dinharu... 💔
a memory turned into something real. ✨

👇 Tag that one person who would cry receiving this.❤️ 🎁 

#TwoSoulsStudio #MadeInNepal #FirstInNepal
#CustomStatue #3DArtNepal 
 ",3533,112,428,112500,2026-05-30 09:29:41+00:00,"🇳🇵✈️ Bidesh ma basne harule yo feeling pakkai bujhchan... Ghar ko maya, aafno manche ko yaad, ra photo herera matra chitta bujhaune dinharu... 💔 a memory turned into something real. ✨ 👇 Tag that one person who would cry receiving this.❤️ 🎁 #TwoSoulsStudio #MadeInNepal #FirstInNepal #CustomStatue #3DArtNepal","🇳🇵✈️ bidesh ma basne harule yo feeling pakkai bujhchan... ghar ko maya, aafno manche ko yaad, ra photo herera matra chitta bujhaune dinharu... 💔 a memory turned into something real. ✨ 👇 tag that one person who would cry receiving this.❤️ 🎁 #twosoulsstudio #madeinnepal #firstinnepal #customstatue #3dartnepal",True,English,General Fashion,0.27176999999999996
TikTok,Phase2,#surakshyaadhikari #supportnepaliproduct #madeinnepal #currenthotandspicy #yasodhafoods @yashodafoods ,1788,24,20,30300,2026-05-19 13:32:12+00:00,#surakshyaadhikari #supportnepaliproduct #madeinnepal #currenthotandspicy #yasodhafoods,#surakshyaadhikari #supportnepaliproduct #madeinnepal #currenthotandspicy #yasodhafoods,True,English,General Fashion,0.08575
TikTok,Phase2,"Remo Dsouza unboxing HUBA Collection, all the way from Nepal. #hubanepal #madeinnepa ",23400,100,713,602900,2026-05-20 13:09:03+00:00,"Remo Dsouza unboxing HUBA Collection, all the way from Nepal. #hubanepal #madeinnepa","remo dsouza unboxing huba collection, all the way from nepal. #hubanepal #madeinnepa",True,English,General Fashion,0.63289
TikTok,Phase2,"STITCHED LOAFERS 
Now available.

#pailaah #nepalibrand #fashion #shoes #fyp ",283,9,16,5832,2026-06-01 02:52:04+00:00,STITCHED LOAFERS Now available. #pailaah #nepalibrand #fashion #shoes #fyp,stitched loafers now available. #pailaah #nepalibrand #fashion #shoes #fyp,True,English,Accessories,0.017803199999999998
TikTok,Phase2,"one day we’ll have an actual store fr😭 

#madeinnepal #clothingbrand #nepaliclothingbrand #womenswear #smallbusinessnepal ",1672,9,75,55400,2026-05-28 13:51:41+00:00,one day we’ll have an actual store fr😭 #madeinnepal #clothingbrand #nepaliclothingbrand #womenswear #smallbusinessnepal,one day we’ll have an actual store fr😭 #madeinnepal #clothingbrand #nepaliclothingbrand #womenswear #smallbusinessnepal,True,English,Formal/Professional,0.09011999999999999
TikTok,Phase2,"🇳🇵 Proudly made in Nepal.
Invisible VPN is now available on Google Play Store and Chrome Web Store.
#TechFromNepal #MadeInNepal
#tiktok #virał #instagram #love #explorepage #trending #explore #fyp #like #memes #follow #instagood #reels #music #youtube #likeforlikes #fashion #followforfollowback #tiktokindonesia #funny #meme #photography #foryou #likes #tiktokviral #dance #video #comedy #tiktokers #india",40,12,104,1742,2026-05-26 12:14:57+00:00,🇳🇵 Proudly made in Nepal. Invisible VPN is now available on Google Play Store and Chrome Web Store. #TechFromNepal #MadeInNepal #tiktok #virał #instagram #love #explorepage #trending #explore #fyp #like #memes #follow #instagood #reels #music #youtube #likeforlikes #fashion #followforfollowback #tiktokindonesia #funny #meme #photography #foryou #likes #tiktokviral #dance #video #comedy #tiktokers #india,🇳🇵 proudly made in nepal. invisible vpn is now available on google play store and chrome web store. #techfromnepal #madeinnepal #tiktok #virał #instagram #love #explorepage #trending #explore #fyp #like #memes #follow #instagood #reels #music #youtube #likeforlikes #fashion #followforfollowback #tiktokindonesia #funny #meme #photography #foryou #likes #tiktokviral #dance #video #comedy #tiktokers #india,True,English,General Fashion,0.026174199999999998
TikTok,Phase2,"Balen Shah wearing Goldstar shoes in Parliament became more than a fashion detail, it was seen as a symbolic endorsement of “Made in Nepal” products.  We should all learn from him 🙏🏽🙏🏽🙏🏽#tiktoknepal #nepalidomesticproducts#goldstar #caliber #balenshah@Balen Shah ",321,13,5,15900,2026-05-31 04:38:10+00:00,"Balen Shah wearing Goldstar shoes in Parliament became more than a fashion detail, it was seen as a symbolic endorsement of “Made in Nepal” products. We should all learn from him 🙏🏽🙏🏽🙏🏽#tiktoknepal #nepalidomesticproducts#goldstar #caliber #balenshah Shah","balen shah wearing goldstar shoes in parliament became more than a fashion detail, it was seen as a symbolic endorsement of “made in nepal” products. we should all learn from him 🙏🏽🙏🏽🙏🏽#tiktoknepal #nepalidomesticproducts#goldstar #caliber #balenshah shah",True,English,Accessories,0.01933
TikTok,Phase2,Makkusé’s special hard candy known as Pustakari. Order it now. #makkuse  #hardcandy #madeinnepal  #simplyscrumptious  #madeinnepal  #nepalisweets  #nepal  #fy   #fyp #fypnepal  #sweets  #madewithlove  #spreadlove  #peace  #,15900,118,675,374400,2022-12-14 11:33:12+00:00,Makkusé’s special hard candy known as Pustakari. Order it now. #makkuse #hardcandy #madeinnepal #simplyscrumptious #madeinnepal #nepalisweets #nepal #fy #fyp #fypnepal #sweets #madewithlove #spreadlove #peace #,makkusé’s special hard candy known as pustakari. order it now. #makkuse #hardcandy #madeinnepal #simplyscrumptious #madeinnepal #nepalisweets #nepal #fy #fyp #fypnepal #sweets #madewithlove #spreadlove #peace #,True,English,General Fashion,0.60784
TikTok,Phase2,"Made In Nepal. नाम नै काफी छ।
#madeinnepal #Nepaleseinuk #trending #nepaliproduct #nepalimusic ",42,5,14,1120,2026-05-01 16:17:27+00:00,Made In Nepal. नाम नै काफी छ। #madeinnepal #Nepaleseinuk #trending #nepaliproduct #nepalimusic,made in nepal. नाम नै काफी छ। #madeinnepal #nepaleseinuk #trending #nepaliproduct #nepalimusic,True,Nepali,General Fashion,0.006092000000000001
TikTok,Phase2,Honey Sachet Packaging 🐝🇳🇵Perhaps first in Nepal to make honey in these fancy sachets #HaanulFoods 👏👏👏  #proudlymadeinNepal #honey #मह #नेपाल 🇳🇵🇳🇵🇳🇵,576,5,131,41400,2026-05-31 10:20:17+00:00,Honey Sachet Packaging 🐝🇳🇵Perhaps first in Nepal to make honey in these fancy sachets #HaanulFoods 👏👏👏 #proudlymadeinNepal #honey #मह #नेपाल 🇳🇵🇳🇵🇳🇵,honey sachet packaging 🐝🇳🇵perhaps first in nepal to make honey in these fancy sachets #haanulfoods 👏👏👏 #proudlymadeinnepal #honey #मह #नेपाल 🇳🇵🇳🇵🇳🇵,True,Nepali,General Fashion,0.054880000000000005
TikTok,Phase2,"S model Bed comes with Double queen size along with single side box.
For order contact us on WhatsApp #bed #mattress #furniture #ishaneshworfurniture #Beddesign ",1792,117,173,72600,2026-05-28 11:01:40+00:00,S model Bed comes with Double queen size along with single side box. For order contact us on WhatsApp #bed #mattress #furniture #ishaneshworfurniture #Beddesign,s model bed comes with double queen size along with single side box. for order contact us on whatsapp #bed #mattress #furniture #ishaneshworfurniture #beddesign,True,English,General Fashion,0.14864
TikTok,Phase2,Made in Nepal..           #viral #fyp #foryoupage #fypシ゚viral #fypツ ,468,11,10,8901,2026-05-17 23:15:54+00:00,Made in Nepal.. #viral #fyp #foryoupage #fypシ゚viral #fypツ,made in nepal.. #viral #fyp #foryoupage #fypシ゚viral #fypツ,True,English,General Fashion,0.0249101
TikTok,Phase2,"“Some gifts get forgotten. 🎁
Some memories become part of your room forever. ❤️✨
A tiny piece of love, frozen in time. 🫶🏠”

Custom anniversary statues made from your real moments. ✨

DM to create yours.”🏷️ Tag someone you'd gift this to
#TwoSoulsStudio #MadelnNepal #FirstInNepal #CustomStatue #3DArtNepal ",12900,549,2658,447700,2026-05-14 11:09:48+00:00,"“Some gifts get forgotten. 🎁 Some memories become part of your room forever. ❤️✨ A tiny piece of love, frozen in time. 🫶🏠” Custom anniversary statues made from your real moments. ✨ DM to create yours.”🏷️ Tag someone you'd gift this to #TwoSoulsStudio #MadelnNepal #FirstInNepal #CustomStatue #3DArtNepal","“some gifts get forgotten. 🎁 some memories become part of your room forever. ❤️✨ a tiny piece of love, frozen in time. 🫶🏠” custom anniversary statues made from your real moments. ✨ dm to create yours.”🏷️ tag someone you'd gift this to #twosoulsstudio #madelnnepal #firstinnepal #customstatue #3dartnepal",True,English,General Fashion,0.8094699999999999
TikTok,Phase2,Huba new summer collection is out now. #huba #junedreviews #madeinnepal #nepaliclothingbrand #best ,3858,25,96,124600,2026-03-13 12:29:58+00:00,Huba new summer collection is out now. #huba #junedreviews #madeinnepal #nepaliclothingbrand #best,huba new summer collection is out now. #huba #junedreviews #madeinnepal #nepaliclothingbrand #best,True,English,General Fashion,0.19348
TikTok,Phase2,"Behind every KTM product is a commitment to quality, consistency, and authentic Nepali taste. Hear factory owner Raju Chaurasia share the journey, values, and dedication that go into products proudly Made in Nepal 🇳🇵 #nepalitiktok #spicy #ktm #fyp #nepaleseinuk ",22,8,14,872,2026-05-31 20:08:50+00:00,"Behind every KTM product is a commitment to quality, consistency, and authentic Nepali taste. Hear factory owner Raju Chaurasia share the journey, values, and dedication that go into products proudly Made in Nepal 🇳🇵 #nepalitiktok #spicy #ktm #fyp #nepaleseinuk","behind every ktm product is a commitment to quality, consistency, and authentic nepali taste. hear factory owner raju chaurasia share the journey, values, and dedication that go into products proudly made in nepal 🇳🇵 #nepalitiktok #spicy #ktm #fyp #nepaleseinuk",True,English,General Fashion,0.0061672
TikTok,Phase2,💛 #fyp #madeinnepal #tiktok ,492,6,132,8106,2026-02-11 03:05:05+00:00,💛 #fyp #madeinnepal #tiktok,💛 #fyp #madeinnepal #tiktok,True,English,General Fashion,0.04869060000000001
TikTok,Phase2,"Made in Nepal, support nepali products, hand carved sha window

#foryou #goviral #aakhijhayal #nepaliwoodcarving #decoration ",759,63,324,93100,2023-11-22 08:29:02+00:00,"Made in Nepal, support nepali products, hand carved sha window #foryou #goviral #aakhijhayal #nepaliwoodcarving #decoration","made in nepal, support nepali products, hand carved sha window #foryou #goviral #aakhijhayal #nepaliwoodcarving #decoration",True,English,General Fashion,0.12337000000000001
TikTok,Phase2,Available at Saajh pahiran#viral #trendin #suit #kurt #tiktok @SherlynSheryf143 @JNE0104🇳🇵🇺🇸 @Numa Adhikari Dahal @Manju Sapkota @satyamraax ,424,16,13,4941,2025-11-09 13:56:24+00:00,Available at Saajh pahiran#viral #trendin #suit #kurt #tiktok 🇳🇵🇺🇸 Adhikari Dahal Sapkota,available at saajh pahiran#viral #trendin #suit #kurt #tiktok 🇳🇵🇺🇸 adhikari dahal sapkota,True,English,Traditional/Ethnic,0.0248541
TikTok,Phase2,#traditionalwear #blouseoutfit #available #nepaliwear #saanjhpahiran @JNE0104🇳🇵🇺🇸 @SherlynSheryf143 ,61,9,8,792,2025-08-16 15:44:00+00:00,#traditionalwear #blouseoutfit #available #nepaliwear #saanjhpahiran 🇳🇵🇺🇸,#traditionalwear #blouseoutfit #available #nepaliwear #saanjhpahiran 🇳🇵🇺🇸,True,English,Traditional/Ethnic,0.0068192
TikTok,Phase2,"Sari available on saajhpahiran 
Contact for more details dm us contact number is on bio #traditionalwear #fashionoutfits #followus #growmyaccount✅♥️♥️♥️ #thankyouforwatching @SherlynSheryf143 @vivani0702 @JNE0104🇳🇵🇺🇸 ",42,10,5,566,2025-08-17 19:41:02+00:00,Sari available on saajhpahiran Contact for more details dm us contact number is on bio #traditionalwear #fashionoutfits #followus #growmyaccount✅♥️♥️♥️ #thankyouforwatching 🇳🇵🇺🇸,sari available on saajhpahiran contact for more details dm us contact number is on bio #traditionalwear #fashionoutfits #followus #growmyaccount✅♥️♥️♥️ #thankyouforwatching 🇳🇵🇺🇸,True,English,Traditional/Ethnic,0.0057366000000000006
TikTok,Phase2,Available at Saajh pahiran#viral #trending #kurta #traditional #tiktok @SherlynSheryf143 @JNE0104🇳🇵🇺🇸 @anju1o @Numa Adhikari Dahal @Manju Sapkota ,152,8,5,3745,2025-11-09 13:47:59+00:00,Available at Saajh pahiran#viral #trending #kurta #traditional #tiktok 🇳🇵🇺🇸 Adhikari Dahal Sapkota,available at saajh pahiran#viral #trending #kurta #traditional #tiktok 🇳🇵🇺🇸 adhikari dahal sapkota,True,English,Traditional/Ethnic,0.009854499999999999
TikTok,Phase2,"Namaste Everyone !!!

Nepali people living in UK please help me out 🇳🇵✨

##please comment products that you wish it was easily accessible in UK at affordable cost.

I want to hear your thoughts 💌🫶🏻

#NepalilivinginUK #nepali #nepaleseproduct #humblerequest #comment #support #sajilopahiraan #nepal #🇳🇵 ",353,74,21,11500,2025-06-11 19:41:43+00:00,Namaste Everyone !!! Nepali people living in UK please help me out 🇳🇵✨ ##please comment products that you wish it was easily accessible in UK at affordable cost. I want to hear your thoughts 💌🫶🏻 #NepalilivinginUK #nepali #nepaleseproduct #humblerequest #comment #support #sajilopahiraan #nepal #🇳🇵,namaste everyone !!! nepali people living in uk please help me out 🇳🇵✨ ##please comment products that you wish it was easily accessible in uk at affordable cost. i want to hear your thoughts 💌🫶🏻 #nepalilivinginuk #nepali #nepaleseproduct #humblerequest #comment #support #sajilopahiraan #nepal #🇳🇵,True,English,General Fashion,0.04167
TikTok,Phase2,"Contact for more details and the contact information is on bio 
Size: XS/M/L Available now #saajhpahiran #creatorsearchinsights #availablenow #followandlikeshare❤️❤️ #thankyouforwatching @SherlynSheryf143 @JNE0104🇳🇵🇺🇸 @anju1o @Lakshmee @Manju Sapkota ",29,7,5,479,2025-11-09 01:44:38+00:00,Contact for more details and the contact information is on bio Size: XS/M/L Available now #saajhpahiran #creatorsearchinsights #availablenow #followandlikeshare❤️❤️ #thankyouforwatching 🇳🇵🇺🇸 Sapkota,contact for more details and the contact information is on bio size: xs/m/l available now #saajhpahiran #creatorsearchinsights #availablenow #followandlikeshare❤️❤️ #thankyouforwatching 🇳🇵🇺🇸 sapkota,True,English,Traditional/Ethnic,0.0043079
TikTok,Phase2,Contact information is on bio dm us kurthasuruwal set available in our saajhpahiran delivery all over the world 🌎 #fashionoutfits #available #salesalesale #thankyouforwatching #kurthaset @SherlynSheryf143 @JNE0104🇳🇵🇺🇸 @Lakshmee @Jina Dhungana @Roshna Kandel @Numa Adhikari Dahal @anju1o @Spkta Mnli An @Manju Sapkota ,44,10,12,1317,2025-09-29 22:56:00+00:00,Contact information is on bio dm us kurthasuruwal set available in our saajhpahiran delivery all over the world 🌎 #fashionoutfits #available #salesalesale #thankyouforwatching #kurthaset 🇳🇵🇺🇸 Dhungana Kandel Adhikari Dahal Mnli An Sapkota,contact information is on bio dm us kurthasuruwal set available in our saajhpahiran delivery all over the world 🌎 #fashionoutfits #available #salesalesale #thankyouforwatching #kurthaset 🇳🇵🇺🇸 dhungana kandel adhikari dahal mnli an sapkota,True,English,Traditional/Ethnic,0.007291700000000001
TikTok,Phase2,Fendi or Bollywood saree. Thank you for watching#viral #tiktok #trending #sari #b ,38,4,0,1025,2025-10-02 17:00:28+00:00,Fendi or Bollywood saree. Thank you for watching#viral #tiktok #trending #sari #b,fendi or bollywood saree. thank you for watching#viral #tiktok #trending #sari #b,True,English,Traditional/Ethnic,0.0028225000000000004
TikTok,Phase2,"संसार हाम्रो
हेर न राम्रो 🌸♥️
#sujanchapagain #sujanchapagainsong #foryou #gajalesunchari #nepalimusic ",97700,709,768,1000000,2026-05-29 12:27:39+00:00,संसार हाम्रो हेर न राम्रो 🌸♥️ #sujanchapagain #sujanchapagainsong #foryou #gajalesunchari #nepalimusic,संसार हाम्रो हेर न राम्रो 🌸♥️ #sujanchapagain #sujanchapagainsong #foryou #gajalesunchari #nepalimusic,True,Nepali,General Fashion,0.8663
TikTok,Phase2,With my dance partner @Aishwarya Bishwokarma after 2 years 💃🔥 Jhyam Param - Kasato ramailo geet😍😍@Barsha Raut @sabin_beest @Malati Mangale @Ram Krishna Dhakal @MelinaRaiOfficial ☔️ @Alisha sharma ✨ #jhyamparam #malatimangale #dance #foryou #seemuahhh ,4351,46,264,215700,2026-04-29 05:36:17+00:00,With my dance partner Bishwokarma after 2 years 💃🔥 Jhyam Param - Kasato ramailo geet😍😍 Raut Mangale Krishna Dhakal ☔️ sharma ✨ #jhyamparam #malatimangale #dance #foryou #seemuahhh,with my dance partner bishwokarma after 2 years 💃🔥 jhyam param - kasato ramailo geet😍😍 raut mangale krishna dhakal ☔️ sharma ✨ #jhyamparam #malatimangale #dance #foryou #seemuahhh,True,English,Traditional/Ethnic,0.26221
TikTok,Phase2,"Dhaka Choli set Rs.3400/- 🔥✅ ( Choli, Readymade Saree, Patuki, Shawl) Direct message us on Instagram or WhatsApp 📥📥 #ethnicwearandaccessories #foryoupage #culture #sakela #raidress_culture ",355,12,23,9195,2026-05-05 08:38:26+00:00,"Dhaka Choli set Rs.3400/- 🔥✅ ( Choli, Readymade Saree, Patuki, Shawl) Direct message us on Instagram or WhatsApp 📥📥 #ethnicwearandaccessories #foryoupage #culture #sakela #raidress_culture","dhaka choli set rs.3400/- 🔥✅ ( choli, readymade saree, patuki, shawl) direct message us on instagram or whatsapp 📥📥 #ethnicwearandaccessories #foryoupage #culture #sakela #raidress_culture",True,English,Traditional/Ethnic,0.0233195
TikTok,Phase2,#dhaka #choli #available #now #at Libjucollection 🙏,817,23,90,26100,2026-04-23 15:06:30+00:00,#dhaka #choli #available #now #at Libjucollection 🙏,#dhaka #choli #available #now #at libjucollection 🙏,True,English,Traditional/Ethnic,0.06019000000000001
TikTok,Phase2,#dhakacholi,4241,64,328,141900,2026-02-01 12:47:16+00:00,#dhakacholi,#dhakacholi,True,English,Traditional/Ethnic,0.26863
TikTok,Phase2,"Dhaka Chaubandi choli ❤️ Please DM for order 🙏 9849220566, 9813717311  🚚🛵 Delivery all over Nepal and abroad Shipping ✈️✈️ #dhakacholi #chaubandi #donishashoppingstore #facebookreels #viralvideos        @Donisha Collection ",7197,83,1836,258700,2025-12-14 09:17:23+00:00,"Dhaka Chaubandi choli ❤️ Please DM for order 🙏 9849220566, 9813717311 🚚🛵 Delivery all over Nepal and abroad Shipping ✈️✈️ #dhakacholi #chaubandi #donishashoppingstore #facebookreels #viralvideos Collection","dhaka chaubandi choli ❤️ please dm for order 🙏 9849220566, 9813717311 🚚🛵 delivery all over nepal and abroad shipping ✈️✈️ #dhakacholi #chaubandi #donishashoppingstore #facebookreels #viralvideos collection",True,English,Traditional/Ethnic,0.53865
TikTok,Phase2,Original Dhaka saree set .#Dhaka #Choli #Original @Junu Rai ,68,1,4,2435,2026-05-04 20:04:29+00:00,Original Dhaka saree set .#Dhaka #Choli #Original Rai,original dhaka saree set .#dhaka #choli #original rai,True,English,Traditional/Ethnic,0.0040635
TikTok,Phase2,#creatorsearchinsights #dhakacholi#foryourpage #goviral #fypシ ,57,0,2,647,2026-05-26 12:01:35+00:00,#creatorsearchinsights #dhakacholi#foryourpage #goviral #fypシ,#creatorsearchinsights #dhakacholi#foryourpage #goviral #fypシ,True,English,Traditional/Ethnic,0.0027447000000000005
TikTok,Phase2,#hamrodhakastore #dhakacholi#orginal #itaharimuser ,7121,104,477,215700,2025-12-23 02:53:13+00:00,#hamrodhakastore #dhakacholi#orginal #itaharimuser,#hamrodhakastore #dhakacholi#orginal #itaharimuser,True,English,Traditional/Ethnic,0.43300999999999995
TikTok,Phase2,online store #keepsupporting #whatsapp #deliveryallovernepal🇳🇵 #support #trustableprice ,418,21,25,13800,2026-05-26 01:44:00+00:00,online store #keepsupporting #whatsapp #deliveryallovernepal🇳🇵 #support #trustableprice,online store #keepsupporting #whatsapp #deliveryallovernepal🇳🇵 #support #trustableprice,True,English,General Fashion,0.0294
TikTok,Phase2,Chaubandi choli #dhakacholi #ashford #kent #ashfordkent🇬🇧 ,17,1,0,400,2026-05-29 10:04:37+00:00,Chaubandi choli #dhakacholi #ashford #kent #ashfordkent🇬🇧,chaubandi choli #dhakacholi #ashford #kent #ashfordkent🇬🇧,True,English,Traditional/Ethnic,0.00102
TikTok,Phase2,#creatorsearchinsights #tiktoknepal🇳🇵 #dhakaaCholi available #goviral #fypシ ,38,2,5,552,2026-05-26 11:59:19+00:00,#creatorsearchinsights #tiktoknepal🇳🇵 #dhakaaCholi available #goviral #fypシ,#creatorsearchinsights #tiktoknepal🇳🇵 #dhakaacholi available #goviral #fypシ,True,English,Traditional/Ethnic,0.0031752
TikTok,Phase2,"No outfit could ever suit us Nepali girls better💗🇳🇵🤭🥰
@alicesanjyal @mrisha🎀 

#nepalitiktok #nepalidhaka #gunyocholi #girlsnight #browngirl ",383,26,80,23200,2026-04-27 21:04:05+00:00,No outfit could ever suit us Nepali girls better💗🇳🇵🤭🥰 🎀 #nepalitiktok #nepalidhaka #gunyocholi #girlsnight #browngirl,no outfit could ever suit us nepali girls better💗🇳🇵🤭🥰 🎀 #nepalitiktok #nepalidhaka #gunyocholi #girlsnight #browngirl,True,English,Traditional/Ethnic,0.041440000000000005
TikTok,Phase2,Dm for further details #deliveryalloveruk🇬🇧 #trend #nepalikapda #keepsupporting🙏 #dmfororder❤️ ,63,12,11,2476,2026-05-17 20:28:21+00:00,Dm for further details #deliveryalloveruk🇬🇧 #trend #nepalikapda #keepsupporting🙏 #dmfororder❤️,dm for further details #deliveryalloveruk🇬🇧 #trend #nepalikapda #keepsupporting🙏 #dmfororder❤️,True,English,General Fashion,0.008567600000000002
TikTok,Phase2,Coming soon….. kids 2 piece dress with Dhaka choli.#heritageloomnepal #trending #dhaka #kids ,20,1,9,522,2026-05-17 19:26:05+00:00,Coming soon….. kids 2 piece dress with Dhaka choli.#heritageloomnepal #trending #dhaka #kids,coming soon….. kids 2 piece dress with dhaka choli.#heritageloomnepal #trending #dhaka #kids,True,English,Traditional/Ethnic,0.0029522
TikTok,Phase2,Dhaka ko cholo #deliveryalloveraustralia🇦🇺 #dhakacholo #madeinnepal #cottonmadeinnepal #dhakamadeinnepal @Srishtee ko Sansar ,57,0,4,3291,2026-05-06 02:09:27+00:00,Dhaka ko cholo #deliveryalloveraustralia🇦🇺 #dhakacholo #madeinnepal #cottonmadeinnepal #dhakamadeinnepal ko Sansar,dhaka ko cholo #deliveryalloveraustralia🇦🇺 #dhakacholo #madeinnepal #cottonmadeinnepal #dhakamadeinnepal ko sansar,True,English,Traditional/Ethnic,0.0034091000000000004
TikTok,Phase2,#dhakacholi #deliveryalloveruk🇬🇧 #support #uktiktok ,23,3,6,1456,2026-05-14 20:03:10+00:00,#dhakacholi #deliveryalloveruk🇬🇧 #support #uktiktok,#dhakacholi #deliveryalloveruk🇬🇧 #support #uktiktok,True,English,Traditional/Ethnic,0.0031656
TikTok,Phase2,Here we go with pure Handmade dhaka chaubandi with handwork #dhakachaubandicholi #🇺🇸🇺🇸foryoupage #barshacollectionusa🇺🇸 #shipingworldwide🌍✈ #nepalidress ,66,2,5,1562,2026-05-20 19:32:14+00:00,Here we go with pure Handmade dhaka chaubandi with handwork #dhakachaubandicholi #🇺🇸🇺🇸foryoupage #barshacollectionusa🇺🇸 #shipingworldwide🌍✈ #nepalidress,here we go with pure handmade dhaka chaubandi with handwork #dhakachaubandicholi #🇺🇸🇺🇸foryoupage #barshacollectionusa🇺🇸 #shipingworldwide🌍✈ #nepalidress,True,English,Traditional/Ethnic,0.004396199999999999
TikTok,Phase2,Dhaka choli set #cinderellaboutiquepokhara #culturaldress #dhakasaree #,1555,33,117,38700,2026-03-22 02:03:55+00:00,Dhaka choli set #cinderellaboutiquepokhara #culturaldress #dhakasaree #,dhaka choli set #cinderellaboutiquepokhara #culturaldress #dhakasaree #,True,English,Traditional/Ethnic,0.09937000000000001
TikTok,Phase2,#dmfororder❤️ #deliveryalloveruk🇬🇧 #keepsupporting🙏 #nepalicloth #trending ,90,12,21,4013,2026-05-21 08:19:14+00:00,#dmfororder❤️ #deliveryalloveruk🇬🇧 #keepsupporting🙏 #nepalicloth #trending,#dmfororder❤️ #deliveryalloveruk🇬🇧 #keepsupporting🙏 #nepalicloth #trending,True,English,General Fashion,0.0118013
TikTok,Phase2,Pura palpali dhaka cholo #deliveryalloveraustralia🇦🇺 #dhakacholo #dhakaprint #dhakamadeinnepal #madeinnepal ,35,2,3,1567,2026-05-08 04:28:19+00:00,Pura palpali dhaka cholo #deliveryalloveraustralia🇦🇺 #dhakacholo #dhakaprint #dhakamadeinnepal #madeinnepal,pura palpali dhaka cholo #deliveryalloveraustralia🇦🇺 #dhakacholo #dhakaprint #dhakamadeinnepal #madeinnepal,True,English,Traditional/Ethnic,0.0027567
TikTok,Phase2,"Dhaka Choli Blouse ❤️ 
 #chole #chaubandi #dhakablouse ",17100,106,3451,838800,2025-11-30 12:17:45+00:00,Dhaka Choli Blouse ❤️ #chole #chaubandi #dhakablouse,dhaka choli blouse ❤️ #chole #chaubandi #dhakablouse,True,English,Traditional/Ethnic,0.7156800000000001
TikTok,Phase2,"Turn heads from sunset to sunrise. ✨
The Queen Of Spades mini dress delivers bold festival energy, a flattering fit, and effortless confidence for every rave, party, or summer event.

#TikTokShop
#FestivalFashion
#RaveOutfit
#MiniDress
#OOTD",127,13,3,477,2026-05-31 16:37:39+00:00,"Turn heads from sunset to sunrise. ✨ The Queen Of Spades mini dress delivers bold festival energy, a flattering fit, and effortless confidence for every rave, party, or summer event. #TikTokShop #FestivalFashion #RaveOutfit #MiniDress #OOTD","turn heads from sunset to sunrise. ✨ the queen of spades mini dress delivers bold festival energy, a flattering fit, and effortless confidence for every rave, party, or summer event. #tiktokshop #festivalfashion #raveoutfit #minidress #ootd",True,English,Traditional/Ethnic,0.0096277
TikTok,Phase2,this was sooo easy to do! Do you want a tutorial?  🧵🪡  #upcycledfashion #forbiddenfruit #festivalseason #festivaloutfitinspo #thriftflip ,297,10,1,2731,2026-06-01 20:17:35+00:00,this was sooo easy to do! Do you want a tutorial? 🧵🪡 #upcycledfashion #forbiddenfruit #festivalseason #festivaloutfitinspo #thriftflip,this was sooo easy to do! do you want a tutorial? 🧵🪡 #upcycledfashion #forbiddenfruit #festivalseason #festivaloutfitinspo #thriftflip,True,English,Traditional/Ethnic,0.015353100000000001
TikTok,Phase2,"wearing a size M 
#festivaloutfitinspo #festivalfashion ",14,0,0,145,2026-06-02 06:27:16+00:00,wearing a size M #festivaloutfitinspo #festivalfashion,wearing a size m #festivaloutfitinspo #festivalfashion,True,English,Traditional/Ethnic,0.0005745
TikTok,Phase2,Jaw on the FLOOR 😱✨🪩 The most insane outfit for summer festivals & Ibiza 🌴 Launching Sunday 7th June @ 6:00pm 🫶🏻 #ibizaoutfits #ibizaoutfitinspo #ibiza2026 #festivaloutfitinspo ,9192,25,1299,88200,2026-06-01 16:47:37+00:00,Jaw on the FLOOR 😱✨🪩 The most insane outfit for summer festivals & Ibiza 🌴 Launching Sunday 7th June @ 6:00pm 🫶🏻 #ibizaoutfits #ibizaoutfitinspo #ibiza2026 #festivaloutfitinspo,jaw on the floor 😱✨🪩 the most insane outfit for summer festivals & ibiza 🌴 launching sunday 7th june @ 6:00pm 🫶🏻 #ibizaoutfits #ibizaoutfitinspo #ibiza2026 #festivaloutfitinspo,True,English,Traditional/Ethnic,0.5840000000000001
TikTok,Phase2,"My fav outfit from @Lightning in a Bottle ✨ Wearing @OrdinarySelenophile🪬🌈🦋🍄🕉️ pants/vest, @Enchanted Wings necklace🫶🏼 #festivalfashion #beauthentic #plurlife ",43,5,1,470,2026-06-01 19:43:24+00:00,"My fav outfit from in a Bottle ✨ Wearing 🪬🌈🦋🍄🕉️ pants/vest, Wings necklace🫶🏼 #festivalfashion #beauthentic #plurlife","my fav outfit from in a bottle ✨ wearing 🪬🌈🦋🍄🕉️ pants/vest, wings necklace🫶🏼 #festivalfashion #beauthentic #plurlife",True,English,Traditional/Ethnic,0.0034670000000000005
TikTok,Phase2,The best part about festivals are the 15 outfits sprawled across the floor and everyone scrambling to get to the bus when it was supposed to leave 20 minutes ago #projectglow #festivaloutfit #dc #raveoutfit ,96,6,2,1000,2026-06-01 19:43:28+00:00,The best part about festivals are the 15 outfits sprawled across the floor and everyone scrambling to get to the bus when it was supposed to leave 20 minutes ago #projectglow #festivaloutfit #dc #raveoutfit,the best part about festivals are the 15 outfits sprawled across the floor and everyone scrambling to get to the bus when it was supposed to leave 20 minutes ago #projectglow #festivaloutfit #dc #raveoutfit,True,English,Traditional/Ethnic,0.00614
TikTok,Phase2,The best festival outfit inspo | AD #end #endclothing #festivaloutfit #streetwearfashion @END. ,40,1,2,548,2026-05-27 15:54:01+00:00,The best festival outfit inspo | AD #end #endclothing #festivaloutfit #streetwearfashion .,the best festival outfit inspo | ad #end #endclothing #festivaloutfit #streetwearfashion .,True,English,Traditional/Ethnic,0.0023547999999999998
TikTok,Phase2,"I mean if you want something cute AND comfy for @Download Festival, you need to check out @mesh cult 🔥 | alt underwear 🖤

Necklace: @Luna Amatores 
Skirt: @Hell Bunny 
Harness: @KILLSTAR 

🏷️: #festivalfashion #metalfestival #altfashion #alternativefashion #downloadfestival ",486,11,10,14600,2026-04-21 18:08:48+00:00,"I mean if you want something cute AND comfy for Festival, you need to check out cult 🔥 | alt underwear 🖤 Necklace: Amatores Skirt: Bunny Harness: 🏷️: #festivalfashion #metalfestival #altfashion #alternativefashion #downloadfestival","i mean if you want something cute and comfy for festival, you need to check out cult 🔥 | alt underwear 🖤 necklace: amatores skirt: bunny harness: 🏷️: #festivalfashion #metalfestival #altfashion #alternativefashion #downloadfestival",True,English,Traditional/Ethnic,0.026199999999999998
TikTok,Phase2,"EEK! YAY! here’s my haul for cma fest this wknd in nash😚😚😚😚 

#cmafest  #countrymusic #nashville #haul #outfit ",74,6,3,1810,2026-06-01 23:55:30+00:00,EEK! YAY! here’s my haul for cma fest this wknd in nash😚😚😚😚 #cmafest #countrymusic #nashville #haul #outfit,eek! yay! here’s my haul for cma fest this wknd in nash😚😚😚😚 #cmafest #countrymusic #nashville #haul #outfit,True,English,General Fashion,0.005541
TikTok,Phase2,Festival outfit crop top and skorts lace set #festival #festivaloutfit #festivalseason #festivals #miniminxuk ,354,0,7,3792,2026-05-30 07:34:46+00:00,Festival outfit crop top and skorts lace set #festival #festivaloutfit #festivalseason #festivals #miniminxuk,festival outfit crop top and skorts lace set #festival #festivaloutfit #festivalseason #festivals #miniminxuk,True,English,Traditional/Ethnic,0.0159392
TikTok,Phase2,diy for raves and festivals is the best way to go!! #diy #rave #festival #ravefit #edm ,74,3,1,812,2026-06-01 15:18:43+00:00,diy for raves and festivals is the best way to go!! #diy #rave #festival #ravefit #edm,diy for raves and festivals is the best way to go!! #diy #rave #festival #ravefit #edm,True,English,Traditional/Ethnic,0.0041412
TikTok,Phase2,fit check #festivaloutfit #viral #trending ,180,16,2,1101,2026-06-01 04:17:49+00:00,fit check #festivaloutfit #viral #trending,fit check #festivaloutfit #viral #trending,True,English,Traditional/Ethnic,0.0125101
TikTok,Phase2,YEAR 7 HERE I COME !! Who else is going???? Last year was a bummer but that won’t stop me from coming back !!! #bonnaroo #outfitinspo #festivalfashion #raveoutfit #festivalseason ,90,2,4,1761,2026-05-31 18:07:04+00:00,YEAR 7 HERE I COME !! Who else is going???? Last year was a bummer but that won’t stop me from coming back !!! #bonnaroo #outfitinspo #festivalfashion #raveoutfit #festivalseason,year 7 here i come !! who else is going???? last year was a bummer but that won’t stop me from coming back !!! #bonnaroo #outfitinspo #festivalfashion #raveoutfit #festivalseason,True,English,Traditional/Ethnic,0.0051761
TikTok,Phase2,"yaa gotta have mojo baby⚡️
Point Break Festival outfit inspo🌊🕺🎶 @Point Break Festival 

#style #styleinspo #festival #festivaloutfit #outfitinspo ",468,19,8,6153,2026-05-28 21:30:41+00:00,yaa gotta have mojo baby⚡️ Point Break Festival outfit inspo🌊🕺🎶 Break Festival #style #styleinspo #festival #festivaloutfit #outfitinspo,yaa gotta have mojo baby⚡️ point break festival outfit inspo🌊🕺🎶 break festival #style #styleinspo #festival #festivaloutfit #outfitinspo,True,English,Traditional/Ethnic,0.0266353
TikTok,Phase2,outfits i’ve worn to @Day Trip 🌸✨☀️ #edmtiktok #ravetok #daytrip #raveoutfit #rave ,1732,43,135,18000,2026-05-28 22:54:58+00:00,outfits i’ve worn to Trip 🌸✨☀️ #edmtiktok #ravetok #daytrip #raveoutfit #rave,outfits i’ve worn to trip 🌸✨☀️ #edmtiktok #ravetok #daytrip #raveoutfit #rave,True,English,Western/Casual,0.11098
TikTok,Phase2,outfit cam 📸 @City Splash Festival ☀️💛 which look is your favourite? #citysplash #festivaloutfit #ukfestivals,93,6,6,4639,2026-05-27 19:20:19+00:00,outfit cam 📸 Splash Festival ☀️💛 which look is your favourite? #citysplash #festivaloutfit #ukfestivals,outfit cam 📸 splash festival ☀️💛 which look is your favourite? #citysplash #festivaloutfit #ukfestivals,True,English,Traditional/Ethnic,0.0071839
TikTok,Phase2,Download festival tips + GRWM for a gig 🤘🖤🏁 #downloadfestivaltips #downloadfestival2026 #downloadfestivaloutfits #altgig #altfestival @Download Festival ,73,2,0,988,2026-06-01 18:53:32+00:00,Download festival tips + GRWM for a gig 🤘🖤🏁 #downloadfestivaltips #downloadfestival2026 #downloadfestivaloutfits #altgig #altfestival Festival,download festival tips + grwm for a gig 🤘🖤🏁 #downloadfestivaltips #downloadfestival2026 #downloadfestivaloutfits #altgig #altfestival festival,True,English,Traditional/Ethnic,0.0036188
TikTok,Phase2,Festival outfit ready to go. #FestivalOutfit #FestivalStyle #BohoFestival,113,2,4,1193,2026-05-19 13:48:30+00:00,Festival outfit ready to go. #FestivalOutfit #FestivalStyle #BohoFestival,festival outfit ready to go. #festivaloutfit #festivalstyle #bohofestival,True,English,Traditional/Ethnic,0.0060393
TikTok,Phase2,Stopped by @drink818 with @SALT & STONE and the fits were on 🔥 #ootd #festival #outfits #coachella #inspo,27200,181,839,1400000,2026-04-12 18:47:25+00:00,Stopped by with & STONE and the fits were on 🔥 #ootd #festival #outfits #coachella #inspo,stopped by with & stone and the fits were on 🔥 #ootd #festival #outfits #coachella #inspo,True,English,Traditional/Ethnic,0.7221000000000001
TikTok,Phase2,"@Ajmera Fashion Nepali 
Perfect for clothing business! 
Give it a go and check it out. 
-Ajmera Fashion, Baneshwor, Indreni complex 
-Blackbull Garment Trading Pvt. Ltd. as the sole distributor
@ajmera fashion 
#bunuu_ugc 
#ajmeranepal #wholesaleprice #Ajmerainnepal #blackbullgarments ",186,6,56,5726,2026-04-22 10:42:27+00:00,"Fashion Nepali Perfect for clothing business! Give it a go and check it out. -Ajmera Fashion, Baneshwor, Indreni complex -Blackbull Garment Trading Pvt. Ltd. as the sole distributor fashion #bunuu_ugc #ajmeranepal #wholesaleprice #Ajmerainnepal #blackbullgarments","fashion nepali perfect for clothing business! give it a go and check it out. -ajmera fashion, baneshwor, indreni complex -blackbull garment trading pvt. ltd. as the sole distributor fashion #bunuu_ugc #ajmeranepal #wholesaleprice #ajmerainnepal #blackbullgarments",True,English,Formal/Professional,0.0210126
TikTok,Phase2,"Baby Girls Kurti Set✨🌷🎀
Size 18-22, 26-36

#kurti #columbusohio #nepaliwedding #nepalitiktok #foryoupage  ",494,27,222,18000,2026-05-26 14:07:10+00:00,"Baby Girls Kurti Set✨🌷🎀 Size 18-22, 26-36 #kurti #columbusohio #nepaliwedding #nepalitiktok #foryoupage","baby girls kurti set✨🌷🎀 size 18-22, 26-36 #kurti #columbusohio #nepaliwedding #nepalitiktok #foryoupage",True,English,Traditional/Ethnic,0.07406
TikTok,Phase2,"How to generate images of brides in traditional Nepali wedding attire with AI📸 | AI-generated portraits of brides in wedding costumes🤖 | Artificial intelligence for image creation✨ | Create pictures of brides wearing traditional Nepali wedding outfits with AI💖 I wanted to make images of brides in traditional Nepali wedding attire, and I never expected AI could achieve such wonderful results😳 | They shared AI-generated portraits of brides in traditional Nepali wedding costumes❤️ Tutorial for creating portraits of brides in traditional Nepali wedding attire with AI✍️ | Guide to generate portraits of brides in traditional Nepali wedding outfits via AI🤳 Create portraits of brides dressed in traditional Nepali wedding attire with AI✍️🤳 | Generate portraits of brides in traditional Nepali wedding costumes using AI💖 hypic redefines photo editing AI prompts for portraits of brides in traditional Nepali wedding attire on ChatGPT💬 | Create atmospheric portraits of brides in traditional Nepali wedding attire with AI❤️✍️ Tutorial for making portraits of brides in traditional Nepali wedding attire with AI✍️📝 | AI special effect photo templates for portraits of brides in traditional Nepali wedding costumes❤️🖼️ Create stunning images of brides in traditional Nepali wedding attire with AI🌟 | Complete tutorial for making gorgeous portraits of brides in traditional Nepali wedding outfits with AI🌟📝 Create vivid and atmospheric portraits of brides in traditional Nepali wedding attire with AI❤️ एआईबाट परम्परागत नेपाली विवाहको पोशाक लगाएकी दुलहीको तस्वीर कसरी सिर्जना गर्ने📸 | एआईबाट विवाहको पोशाकमा दुलहीको चित्र निर्माण🤖 | तस्वीर निर्माण गर्ने कृत्रिम बुद्धिमत्ता✨ | एआई प्रयोग गरी परम्परागत नेपाली विवाहको पोशाक लगाएकी दुलहीको तस्वीर बनाउनुहोस्💖 म पनि परम्परागत नेपाली विवाहको पोशाक लगाएकी दुलहीको तस्वीर बनाउन चाहन्थेँ, तर एआईले यस्तो उत्कृष्ट नतिजा दिनेछ भन्ने मैले कहिल्यै सोचेको थिइनँ😳 | उनीहरूले एआईबाट बनेका परम्परागत नेपाली विवाहको पोशाकमा दुलहीका चित्रहरू साझा गरेका छन्❤️ एआईबाट परम्परागत नेपाली विवाहको पोशाकमा दुलहीको चित्र बनाउने ट्यूटोरियल✍️ | एआई मार्फत परम्परागत नेपाली विवाहको पोशाकमा दुलहीको चित्र सिर्जना गर्ने गाइड🤳 एआई प्रयोग गरी परम्परागत नेपाली विवाहको पोशाक लगाएकी दुलहीको चित्र बनाउनुहोस्✍️🤳 | एआईबाट परम्परागत नेपाली विवाहको पोशाकमा दुलहीको चित्र निर्माण गर्नुहोस्💖 hypic फोटो सम्पादनलाई नयाँ परिभाषा दिन्छ ChatGPT मा परम्परागत नेपाली विवाहको पोशाकमा दुलहीको चित्रका लागि एआई प्रोम्प्टहरू💬 | एआई प्रयोग गरी मनमोहक माहौलसहित परम्परागत नेपाली विवाहको पोशाकमा दुलहीको चित्र बनाउनुहोस्❤️✍️ एआईबाट परम्परागत नेपाली विवाहको पोशाकमा दुलहीको चित्र बनाउने ट्यूटोरियल✍️📝 | एआईद्वारा परम्परागत नेपाली विवाहको पोशाकमा दुलहीको चित्रका विशेष प्रभाव फोटो टेम्प्लेटहरू❤️🖼️ एआई प्रयोग गरी परम्परागत नेपाली विवाहको पोशाक लगाएकी दुलहीको सुन्दर तस्वीर बनाउनुहोस्🌟 | एआईबाट परम्परागत नेपाली विवाहको पोशाकमा दुलहीको सुन्दर चित्र बनाउने ट्यूटोरियल🌟📝 एआई प्रयोग गरी मनमोहक माहौलले भरिएको परम्परागत नेप���ली विवाहको पोशाकमा दुलहीको चित्र बनाउनुहोस्❤️ एआई के माध्यम से पारंपरिक नेपाली विवाह परिधान पहने हुई दुल्हन की तस्वीरें कैसे बनाएं📸 | एआई द्वारा बनाए गए विवाह पोशाक में दुल्हन के चित्र🤖 | चित्र निर्माण हेतु कृत्रिम बुद्धिमत्ता✨ | एआई की सहायता से पारंपरिक नेपाली विवाह परिधान पहने हुई दुल्हन की तस्वीरें बनाएं💖 मैं भी पारंपरिक नेपाली विवाह परिधान पहने हुई दुल्हन की तस्वीरें बनाना चाहता था, लेकिन कभी नहीं सोचा था कि एआई इतना शानदार परिणाम देगा😳 | उन्होंने एआई द्वारा बनाए गए पारंपरिक नेपाली विवाह पोशाक में दुल्हन के चित्र साझा किए❤️ एआई से पारंपरिक नेपाली विवाह परिधान में दुल्हन के चित्र बनाने का ट्यूटोरियल✍️ | एआई के जरिए पारंपरिक नेपाली विवाह परिधान में दुल्हन के चित्र बनाने का गाइड🤳 एआई के साथ पारंपरिक नेपाली विवाह परिधान पहने हुई दुल्हन के चित्र बनाएं✍️🤳 | एआई का उपयोग करके पारंपरिक नेपाली विवाह परिधान में दुल्हन के चित्र तैयार करें💖 hypic फोटो एडिटिंग को नया स्वरूप देता है ChatGPT के लिए पारंपरिक नेपाली विवाह परिधान में दुल्हन के चित्र हेतु एआई प्रॉम्प्ट💬 
#hypic #hypiccreator #Godpic @hypic_global ",3453,19,4102,261200,2026-05-26 06:36:06+00:00,"How to generate images of brides in traditional Nepali wedding attire with AI📸 | AI-generated portraits of brides in wedding costumes🤖 | Artificial intelligence for image creation✨ | Create pictures of brides wearing traditional Nepali wedding outfits with AI💖 I wanted to make images of brides in traditional Nepali wedding attire, and I never expected AI could achieve such wonderful results😳 | They shared AI-generated portraits of brides in traditional Nepali wedding costumes❤️ Tutorial for creating portraits of brides in traditional Nepali wedding attire with AI✍️ | Guide to generate portraits of brides in traditional Nepali wedding outfits via AI🤳 Create portraits of brides dressed in traditional Nepali wedding attire with AI✍️🤳 | Generate portraits of brides in traditional Nepali wedding costumes using AI💖 hypic redefines photo editing AI prompts for portraits of brides in traditional Nepali wedding attire on ChatGPT💬 | Create atmospheric portraits of brides in traditional Nepali wedding attire with AI❤️✍️ Tutorial for making portraits of brides in traditional Nepali wedding attire with AI✍️📝 | AI special effect photo templates for portraits of brides in traditional Nepali wedding costumes❤️🖼️ Create stunning images of brides in traditional Nepali wedding attire with AI🌟 | Complete tutorial for making gorgeous portraits of brides in traditional Nepali wedding outfits with AI🌟📝 Create vivid and atmospheric portraits of brides in traditional Nepali wedding attire with AI❤️ एआईबाट परम्परागत नेपाली विवाहको पोशाक लगाएकी दुलहीको तस्वीर कसरी सिर्जना गर्ने📸 | एआईबाट विवाहको पोशाकमा दुलहीको चित्र निर्माण🤖 | तस्वीर निर्माण गर्ने कृत्रिम बुद्धिमत्ता✨ | एआई प्रयोग गरी परम्परागत नेपाली विवाहको पोशाक लगाएकी दुलहीको तस्वीर बनाउनुहोस्💖 म पनि परम्परागत नेपाली विवाहको पोशाक लगाएकी दुलहीको तस्वीर बनाउन चाहन्थेँ, तर एआईले यस्तो उत्कृष्ट नतिजा दिनेछ भन्ने मैले कहिल्यै सोचेको थिइनँ😳 | उनीहरूले एआईबाट बनेका परम्परागत नेपाली विवाहको पोशाकमा दुलहीका चित्रहरू साझा गरेका छन्❤️ एआईबाट परम्परागत नेपाली विवाहको पोशाकमा दुलहीको चित्र बनाउने ट्यूटोरियल✍️ | एआई मार्फत परम्परागत नेपाली विवाहको पोशाकमा दुलहीको चित्र सिर्जना गर्ने गाइड🤳 एआई प्रयोग गरी परम्परागत नेपाली विवाहको पोशाक लगाएकी दुलहीको चित्र बनाउनुहोस्✍️🤳 | एआईबाट परम्परागत नेपाली विवाहको पोशाकमा दुलहीको चित्र निर्माण गर्नुहोस्💖 hypic फोटो सम्पादनलाई नयाँ परिभाषा दिन्छ ChatGPT मा परम्परागत नेपाली विवाहको पोशाकमा दुलहीको चित्रका लागि एआई प्रोम्प्टहरू💬 | एआई प्रयोग गरी मनमोहक माहौलसहित परम्परागत नेपाली विवाहको पोशाकमा दुलहीको चित्र बनाउनुहोस्❤️✍️ एआईबाट परम्परागत नेपाली विवाहको पोशाकमा दुलहीको चित्र बनाउने ट्यूटोरियल✍️📝 | एआईद्वारा परम्परागत नेपाली विवाहको पोशाकमा दुलहीको चित्रका विशेष प्रभाव फोटो टेम्प्लेटहरू❤️🖼️ एआई प्रयोग गरी परम्परागत नेपाली विवाहको पोशाक लगाएकी दुलहीको सुन्दर तस्वीर बनाउनुहोस्🌟 | एआईबाट परम्परागत नेपाली विवाहको पोशाकमा दुलहीको सुन्दर चित्र बनाउने ट्यूटोरियल🌟📝 एआई प्रयोग गरी मनमोहक माहौलले भरिएको परम्परागत नेप���ली विवाहको पोशाकमा दुलहीको चित्र बनाउनुहोस्❤️ एआई के माध्यम से पारंपरिक नेपाली विवाह परिधान पहने हुई दुल्हन की तस्वीरें कैसे बनाएं📸 | एआई द्वारा बनाए गए विवाह पोशाक में दुल्हन के चित्र🤖 | चित्र निर्माण हेतु कृत्रिम बुद्धिमत्ता✨ | एआई की सहायता से पारंपरिक नेपाली विवाह परिधान पहने हुई दुल्हन की तस्वीरें बनाएं💖 मैं भी पारंपरिक नेपाली विवाह परिधान पहने हुई दुल्हन की तस्वीरें बनाना चाहता था, लेकिन कभी नहीं सोचा था कि एआई इतना शानदार परिणाम देगा😳 | उन्होंने एआई द्वारा बनाए गए पारंपरिक नेपाली विवाह पोशाक में दुल्हन के चित्र साझा किए❤️ एआई से पारंपरिक नेपाली विवाह परिधान में दुल्हन के चित्र बनाने का ट्यूटोरियल✍️ | एआई के जरिए पारंपरिक नेपाली विवाह परिधान में दुल्हन के चित्र बनाने का गाइड🤳 एआई के साथ पारंपरिक नेपाली विवाह परिधान पहने हुई दुल्हन के चित्र बनाएं✍️🤳 | एआई का उपयोग करके पारंपरिक नेपाली विवाह परिधान में दुल्हन के चित्र तैयार करें💖 hypic फोटो एडिटिंग को नया स्वरूप देता है ChatGPT के लिए पारंपरिक नेपाली विवाह परिधान में दुल्हन के चित्र हेतु एआई प्रॉम्प्ट💬 #hypic #hypiccreator #Godpic","how to generate images of brides in traditional nepali wedding attire with ai📸 | ai-generated portraits of brides in wedding costumes🤖 | artificial intelligence for image creation✨ | create pictures of brides wearing traditional nepali wedding outfits with ai💖 i wanted to make images of brides in traditional nepali wedding attire, and i never expected ai could achieve such wonderful results😳 | they shared ai-generated portraits of brides in traditional nepali wedding costumes❤️ tutorial for creating portraits of brides in traditional nepali wedding attire with ai✍️ | guide to generate portraits of brides in traditional nepali wedding outfits via ai🤳 create portraits of brides dressed in traditional nepali wedding attire with ai✍️🤳 | generate portraits of brides in traditional nepali wedding costumes using ai💖 hypic redefines photo editing ai prompts for portraits of brides in traditional nepali wedding attire on chatgpt💬 | create atmospheric portraits of brides in traditional nepali wedding attire with ai❤️✍️ tutorial for making portraits of brides in traditional nepali wedding attire with ai✍️📝 | ai special effect photo templates for portraits of brides in traditional nepali wedding costumes❤️🖼️ create stunning images of brides in traditional nepali wedding attire with ai🌟 | complete tutorial for making gorgeous portraits of brides in traditional nepali wedding outfits with ai🌟📝 create vivid and atmospheric portraits of brides in traditional nepali wedding attire with ai❤️ एआईबाट परम्परागत नेपाली विवाहको पोशाक लगाएकी दुलहीको तस्वीर कसरी सिर्जना गर्ने📸 | एआईबाट विवाहको पोशाकमा दुलहीको चित्र निर्माण🤖 | तस्वीर निर्माण गर्ने कृत्रिम बुद्धिमत्ता✨ | एआई प्रयोग गरी परम्परागत नेपाली विवाहको पोशाक लगाएकी दुलहीको तस्वीर बनाउनुहोस्💖 म पनि परम्परागत नेपाली विवाहको पोशाक लगाएकी दुलहीको तस्वीर बनाउन चाहन्थेँ, तर एआईले यस्तो उत्कृष्ट नतिजा दिनेछ भन्ने मैले कहिल्यै सोचेको थिइनँ😳 | उनीहरूले एआईबाट बनेका परम्परागत नेपाली विवाहको पोशाकमा दुलहीका चित्रहरू साझा गरेका छन्❤️ एआईबाट परम्परागत नेपाली विवाहको पोशाकमा दुलहीको चित्र बनाउने ट्यूटोरियल✍️ | एआई मार्फत परम्परागत नेपाली विवाहको पोशाकमा दुलहीको चित्र सिर्जना गर्ने गाइड🤳 एआई प्रयोग गरी परम्परागत नेपाली विवाहको पोशाक लगाएकी दुलहीको चित्र बनाउनुहोस्✍️🤳 | एआईबाट परम्परागत नेपाली विवाहको पोशाकमा दुलहीको चित्र निर्माण गर्नुहोस्💖 hypic फोटो सम्पादनलाई नयाँ परिभाषा दिन्छ chatgpt मा परम्परागत नेपाली विवाहको पोशाकमा दुलहीको चित्रका लागि एआई प्रोम्प्टहरू💬 | एआई प्रयोग गरी मनमोहक माहौलसहित परम्परागत नेपाली विवाहको पोशाकमा दुलहीको चित्र बनाउनुहोस्❤️✍️ एआईबाट परम्परागत नेपाली विवाहको पोशाकमा दुलहीको चित्र बनाउने ट्यूटोरियल✍️📝 | एआईद्वारा परम्परागत नेपाली विवाहको पोशाकमा दुलहीको चित्रका विशेष प्रभाव फोटो टेम्प्लेटहरू❤️🖼️ एआई प्रयोग गरी परम्परागत नेपाली विवाहको पोशाक लगाएकी दुलहीको सुन्दर तस्वीर बनाउनुहोस्🌟 | एआईबाट परम्परागत नेपाली विवाहको पोशाकमा दुलहीको सुन्दर चित्र बनाउने ट्यूटोरियल🌟📝 एआई प्रयोग गरी मनमोहक माहौलले भरिएको परम्परागत नेप���ली विवाहको पोशाकमा दुलहीको चित्र बनाउनुहोस्❤️ एआई के माध्यम से पारंपरिक नेपाली विवाह परिधान पहने हुई दुल्हन की तस्वीरें कैसे बनाएं📸 | एआई द्वारा बनाए गए विवाह पोशाक में दुल्हन के चित्र🤖 | चित्र निर्माण हेतु कृत्रिम बुद्धिमत्ता✨ | एआई की सहायता से पारंपरिक नेपाली विवाह परिधान पहने हुई दुल्हन की तस्वीरें बनाएं💖 मैं भी पारंपरिक नेपाली विवाह परिधान पहने हुई दुल्हन की तस्वीरें बनाना चाहता था, लेकिन कभी नहीं सोचा था कि एआई इतना शानदार परिणाम देगा😳 | उन्होंने एआई द्वारा बनाए गए पारंपरिक नेपाली विवाह पोशाक में दुल्हन के चित्र साझा किए❤️ एआई से पारंपरिक नेपाली विवाह परिधान में दुल्हन के चित्र बनाने का ट्यूटोरियल✍️ | एआई के जरिए पारंपरिक नेपाली विवाह परिधान में दुल्हन के चित्र बनाने का गाइड🤳 एआई के साथ पारंपरिक नेपाली विवाह परिधान पहने हुई दुल्हन के चित्र बनाएं✍️🤳 | एआई का उपयोग करके पारंपरिक नेपाली विवाह परिधान में दुल्हन के चित्र तैयार करें💖 hypic फोटो एडिटिंग को नया स्वरूप देता है chatgpt के लिए पारंपरिक नेपाली विवाह परिधान में दुल्हन के चित्र हेतु एआई प्रॉम्प्ट💬 #hypic #hypiccreator #godpic",True,Nepali,Traditional/Ethnic,0.36994
TikTok,Phase2,#elocollection6157887526#harrisburgclothingstore #nepaliclothingstore #babygirlkurta#foryou ,583,30,351,18900,2026-05-22 19:48:52+00:00,#elocollection6157887526#harrisburgclothingstore #nepaliclothingstore #babygirlkurta#foryou,#elocollection6157887526#harrisburgclothingstore #nepaliclothingstore #babygirlkurta#foryou,True,English,Traditional/Ethnic,0.10441
TikTok,Phase2,#elocollection #harrisburgclothingstore #usanepaliclothingstore #nepaliclothingstore #90skurti,314,7,120,17400,2026-05-05 18:53:12+00:00,#elocollection #harrisburgclothingstore #usanepaliclothingstore #nepaliclothingstore #90skurti,#elocollection #harrisburgclothingstore #usanepaliclothingstore #nepaliclothingstore #90skurti,True,English,Traditional/Ethnic,0.0404
TikTok,Phase2,"Our beautiful Embroidery Work Ombré Kurta Sets are now available at Sumika Collection in kids sizes 18–22. Perfect for family gatherings, festivals, weddings, and special occasions. 💜🩷

Limited quantities available—shop before they’re gone! 💕

#SumikaCollection #KidsKurta #desiclothingusa #NepaliFashionUSA #indianfashionusa@bhoomi ",80,1,24,3356,2026-05-31 21:28:42+00:00,"Our beautiful Embroidery Work Ombré Kurta Sets are now available at Sumika Collection in kids sizes 18–22. Perfect for family gatherings, festivals, weddings, and special occasions. 💜🩷 Limited quantities available—shop before they’re gone! 💕 #SumikaCollection #KidsKurta #desiclothingusa #NepaliFashionUSA #indianfashionusa","our beautiful embroidery work ombré kurta sets are now available at sumika collection in kids sizes 18–22. perfect for family gatherings, festivals, weddings, and special occasions. 💜🩷 limited quantities available—shop before they’re gone! 💕 #sumikacollection #kidskurta #desiclothingusa #nepalifashionusa #indianfashionusa",True,English,Traditional/Ethnic,0.0086356
TikTok,Phase2,#90skurtasets#90’skurta#meshnadesikollection#nepaliclothingstoreharrisburg#nepaliclothingstoreshippensburg ,87,2,36,5046,2026-05-23 17:42:53+00:00,#90skurtasets#90’skurta#meshnadesikollection#nepaliclothingstoreharrisburg#nepaliclothingstoreshippensburg,#90skurtasets#90’skurta#meshnadesikollection#nepaliclothingstoreharrisburg#nepaliclothingstoreshippensburg,True,English,Traditional/Ethnic,0.0117846
TikTok,Phase2,#elocollection7458derrystreetharrisburgpa17111#harrisburgclothingstore #nepaliclothingstore #foryou #boutiquesaree,124,10,21,5292,2026-05-28 18:35:45+00:00,#elocollection7458derrystreetharrisburgpa17111#harrisburgclothingstore #nepaliclothingstore #foryou #boutiquesaree,#elocollection7458derrystreetharrisburgpa17111#harrisburgclothingstore #nepaliclothingstore #foryou #boutiquesaree,True,English,Traditional/Ethnic,0.012689200000000001
TikTok,Phase2,"Saree 
Available ✨size:34 
ᴜs (3809979506)
.
.
.
#nepaliclothingspokenwashington 
#sareelove #clothingbrand #saree #nepaliclothingstore ",55,2,1,709,2026-05-22 07:39:15+00:00,Saree Available ✨size:34 ᴜs (3809979506) . . . #nepaliclothingspokenwashington #sareelove #clothingbrand #saree #nepaliclothingstore,saree available ✨size:34 ᴜs (3809979506) . . . #nepaliclothingspokenwashington #sareelove #clothingbrand #saree #nepaliclothingstore,True,English,Traditional/Ethnic,0.0030709
TikTok,Phase2,"Handloom dhaka collection🙏🏻❤️
Main page: @aura_couture 
Dharan-13,zeropoint
📞 9810078819/ 9704507533

#foryou
#dharan
#dhakasaree 
#culturallook #auracouturedharan",646,1,45,9560,2026-05-24 07:33:29+00:00,"Handloom dhaka collection🙏🏻❤️ Main page: Dharan-13,zeropoint 📞 9810078819/ 9704507533 #foryou #dharan #dhakasaree #culturallook #auracouturedharan","handloom dhaka collection🙏🏻❤️ main page: dharan-13,zeropoint 📞 9810078819/ 9704507533 #foryou #dharan #dhakasaree #culturallook #auracouturedharan",True,English,Traditional/Ethnic,0.036096
TikTok,Phase2,"Summer dresses 🌸
dm to order 
free size fabric

#bohoclothing #trending #nepalihippiecollection #womensfashion #summerdresses ",1677,5,279,54000,2026-05-18 14:21:52+00:00,Summer dresses 🌸 dm to order free size fabric #bohoclothing #trending #nepalihippiecollection #womensfashion #summerdresses,summer dresses 🌸 dm to order free size fabric #bohoclothing #trending #nepalihippiecollection #womensfashion #summerdresses,True,English,General Fashion,0.12978
TikTok,Phase2,"Fendy silk lehenga set Available 💞
Size and Design can be customise 💞
Price Rs.13,500 only 🥀🥀@Jyoti Womenwear @Itnash💙@ZooNeLi ✨#jyotiwomenwear #sistersboutique #nepaliboutique #fyp #nepali",41000,181,4653,644400,2026-05-20 15:13:52+00:00,"Fendy silk lehenga set Available 💞 Size and Design can be customise 💞 Price Rs.13,500 only 🥀🥀 Womenwear 💙 ✨#jyotiwomenwear #sistersboutique #nepaliboutique #fyp #nepali","fendy silk lehenga set available 💞 size and design can be customise 💞 price rs.13,500 only 🥀🥀 womenwear 💙 ✨#jyotiwomenwear #sistersboutique #nepaliboutique #fyp #nepali",True,English,Traditional/Ethnic,0.7187400000000002
TikTok,Phase2,"Shop our ""Short Corset Kurti""🧿🌸
Dm us to order on Instagram or WhatsApp us 🌸🌸🌸
#backlesskurthi #kurthicollection🌸 #creatorsearchinsights #arthishacreation ",3832,17,798,135100,2025-10-26 07:17:25+00:00,"Shop our ""Short Corset Kurti""🧿🌸 Dm us to order on Instagram or WhatsApp us 🌸🌸🌸 #backlesskurthi #kurthicollection🌸 #creatorsearchinsights #arthishacreation","shop our ""short corset kurti""🧿🌸 dm us to order on instagram or whatsapp us 🌸🌸🌸 #backlesskurthi #kurthicollection🌸 #creatorsearchinsights #arthishacreation",True,English,Traditional/Ethnic,0.33149000000000006
TikTok,Phase2,#fyp #axchatakurticollection❤️ ,862,9,76,46700,2026-04-11 14:09:17+00:00,#fyp #axchatakurticollection❤️,#fyp #axchatakurticollection❤️,True,English,Traditional/Ethnic,0.057050000000000003
TikTok,Phase2,#chikankaricollection #chikankarikurti #newyork #usa🇺🇸 #lucknowchikankarikurti  @,137,22,33,9545,2026-03-17 20:57:58+00:00,#chikankaricollection #chikankarikurti #newyork #usa🇺🇸 #lucknowchikankarikurti @,#chikankaricollection #chikankarikurti #newyork #usa🇺🇸 #lucknowchikankarikurti @,True,English,Traditional/Ethnic,0.019634500000000003
TikTok,Phase2,"Taking your short kurti collection to another level ✨ Comment down your favorite ⬇️ 
• Limited pieces 
• Dm to place your order. 
#kurtinepal #shortkurti #trendingkurti #fypnepal #desifit ",45600,207,10700,1500000,2026-02-24 03:24:05+00:00,Taking your short kurti collection to another level ✨ Comment down your favorite ⬇️ • Limited pieces • Dm to place your order. #kurtinepal #shortkurti #trendingkurti #fypnepal #desifit,taking your short kurti collection to another level ✨ comment down your favorite ⬇️ • limited pieces • dm to place your order. #kurtinepal #shortkurti #trendingkurti #fypnepal #desifit,True,English,Traditional/Ethnic,0.7621
TikTok,Phase2,Latest collection of viral short kurti #shortkurti #viralkurtishop #trendingvideoviral #boho #creatorsearchinsight kiraan@samantha.kavya ,705,10,75,25800,2026-05-23 15:32:40+00:00,Latest collection of viral short kurti #shortkurti #viralkurtishop #trendingvideoviral #boho #creatorsearchinsight kiraan.kavya,latest collection of viral short kurti #shortkurti #viralkurtishop #trendingvideoviral #boho #creatorsearchinsight kiraan.kavya,True,English,Traditional/Ethnic,0.04878
TikTok,Phase2,"Introducing our first launch “Saaya” Kurthi🌙
Light, breathable, and thoughtfully designed for summer, with full sleeves for added comfort and protection.
Can be customized in your size
DM us to order on instagram. #kurthi #fullsleevekurti #nepalitiktok #noorabysakhi #kurthicollection🌸 ",7457,53,1839,308400,2026-04-05 03:55:36+00:00,"Introducing our first launch “Saaya” Kurthi🌙 Light, breathable, and thoughtfully designed for summer, with full sleeves for added comfort and protection. Can be customized in your size DM us to order on instagram. #kurthi #fullsleevekurti #nepalitiktok #noorabysakhi #kurthicollection🌸","introducing our first launch “saaya” kurthi🌙 light, breathable, and thoughtfully designed for summer, with full sleeves for added comfort and protection. can be customized in your size dm us to order on instagram. #kurthi #fullsleevekurti #nepalitiktok #noorabysakhi #kurthicollection🌸",True,English,Traditional/Ethnic,0.5450200000000001
TikTok,Phase2,"Budget friendly kurtis for every Uni or regular wear girls 🎀✨

#kurti #BudgetFriendly #affordable #kurtiscollection #ootdinspo ",4091,44,372,100200,2026-04-26 14:45:41+00:00,Budget friendly kurtis for every Uni or regular wear girls 🎀✨ #kurti #BudgetFriendly #affordable #kurtiscollection #ootdinspo,budget friendly kurtis for every uni or regular wear girls 🎀✨ #kurti #budgetfriendly #affordable #kurtiscollection #ootdinspo,True,English,Traditional/Ethnic,0.26126000000000005
TikTok,Phase2,#seemaboutique #new arrival#90s kurti outfit#beautifull collection👌🏻#colors & size available 👍👍,203,9,58,7867,2026-05-17 03:01:20+00:00,#seemaboutique #new arrival#90s kurti outfit#beautifull collection👌🏻#colors & size available 👍👍,#seemaboutique #new arrival#90s kurti outfit#beautifull collection👌🏻#colors & size available 👍👍,True,English,Traditional/Ethnic,0.023206700000000004
TikTok,Phase2,#kurti #kurtilover #plussize #newcollection #affilatemarketing ,246,0,33,40100,2026-05-10 23:29:46+00:00,#kurti #kurtilover #plussize #newcollection #affilatemarketing,#kurti #kurtilover #plussize #newcollection #affilatemarketing,True,English,Traditional/Ethnic,0.020450000000000003
TikTok,Phase2,Can be customise according to your preferences 🫶🏻 dm us now ✨ #newskcollection #newskboutiquedharan #dharan #goviral  #creatorsearchinsights ,61400,249,12400,1100000,2025-11-04 13:03:56+00:00,Can be customise according to your preferences 🫶🏻 dm us now ✨ #newskcollection #newskboutiquedharan #dharan #goviral #creatorsearchinsights,can be customise according to your preferences 🫶🏻 dm us now ✨ #newskcollection #newskboutiquedharan #dharan #goviral #creatorsearchinsights,True,English,General Fashion,0.7747
TikTok,Phase2,"Desi Kurti Core 🖤✨ 
This fit is sooo Perrfectttt!! 😭💞
_get our ZAARA corset short kurti now 🔥🔥🔥 

#kurti #fyp  #shortkurti  #foryoupage  #viral trending desifits shortkurti bangladesh kurticollection shortkurti cottonkurti desikurti kurtilover fitcheck  explore heer pinterest ootd love 

[desi, kurti, kurtilover, ootd,fit]",15900,143,5498,1200000,2025-12-30 03:15:52+00:00,"Desi Kurti Core 🖤✨ This fit is sooo Perrfectttt!! 😭💞 _get our ZAARA corset short kurti now 🔥🔥🔥 #kurti #fyp #shortkurti #foryoupage #viral trending desifits shortkurti bangladesh kurticollection shortkurti cottonkurti desikurti kurtilover fitcheck explore heer pinterest ootd love [desi, kurti, kurtilover, ootd,fit]","desi kurti core 🖤✨ this fit is sooo perrfectttt!! 😭💞 _get our zaara corset short kurti now 🔥🔥🔥 #kurti #fyp #shortkurti #foryoupage #viral trending desifits shortkurti bangladesh kurticollection shortkurti cottonkurti desikurti kurtilover fitcheck explore heer pinterest ootd love [desi, kurti, kurtilover, ootd,fit]",True,English,Traditional/Ethnic,0.7429
TikTok,Phase2,"If i could go back to time this is the first kurthi that i would launch, Introducing you to KANAK a kurthi made up of pure muslin, has lining till the botton which makes you feel so comfortable and elegant at the same time, i paired with my favorite flared pants which also has lining till the bottom which makes it completely non see through. 
Available in 2 different color one in yellow and one in blue. 
It has a backless design with flared bell sleeves that makes you feel like a fairy. 
.
.
.
.
.
.
.
[fyp, reel, desi, kurthi, short kurtha, festive wear]
#fyp #kurthi #backless #festivewear #desi ",12000,49,700,391400,2025-11-11 12:33:21+00:00,"If i could go back to time this is the first kurthi that i would launch, Introducing you to KANAK a kurthi made up of pure muslin, has lining till the botton which makes you feel so comfortable and elegant at the same time, i paired with my favorite flared pants which also has lining till the bottom which makes it completely non see through. Available in 2 different color one in yellow and one in blue. It has a backless design with flared bell sleeves that makes you feel like a fairy. . . . . . . . [fyp, reel, desi, kurthi, short kurtha, festive wear] #fyp #kurthi #backless #festivewear #desi","if i could go back to time this is the first kurthi that i would launch, introducing you to kanak a kurthi made up of pure muslin, has lining till the botton which makes you feel so comfortable and elegant at the same time, i paired with my favorite flared pants which also has lining till the bottom which makes it completely non see through. available in 2 different color one in yellow and one in blue. it has a backless design with flared bell sleeves that makes you feel like a fairy. . . . . . . . [fyp, reel, desi, kurthi, short kurtha, festive wear] #fyp #kurthi #backless #festivewear #desi",True,English,General Fashion,0.5938399999999999
TikTok,Phase2,Peshawar #PeshawarShopping #LadiesKurti #KurtiCollection #NewStock #BrandedKurti,917,33,163,41600,2026-05-20 07:43:19+00:00,Peshawar #PeshawarShopping #LadiesKurti #KurtiCollection #NewStock #BrandedKurti,peshawar #peshawarshopping #ladieskurti #kurticollection #newstock #brandedkurti,True,English,Traditional/Ethnic,0.08334
TikTok,Phase2,"🔥 Trending printed kurti
💖 Comfortable | Stylish | Budget-friendly
🎨 Multiple colours available
#kurti #kurtisconner #ethnicwear #kurtiset #newcollection ",1845,10,453,179300,2025-12-20 15:56:40+00:00,🔥 Trending printed kurti 💖 Comfortable | Stylish | Budget-friendly 🎨 Multiple colours available #kurti #kurtisconner #ethnicwear #kurtiset #newcollection,🔥 trending printed kurti 💖 comfortable | stylish | budget-friendly 🎨 multiple colours available #kurti #kurtisconner #ethnicwear #kurtiset #newcollection,True,English,Traditional/Ethnic,0.18533000000000002
TikTok,Phase2,"Lucknowi Chikakari Kurti Tops, with or without an inner lining, now available at a discounted price during our final clearance sale. Limited stock remaining. Starting at $5 only! 

#sumikacollection #chikankarikurti #lucknowichikankari #sale #desiclothing #nepalitiktok #fypシ #viralvideo ",1088,119,521,119500,2025-04-06 20:32:16+00:00,"Lucknowi Chikakari Kurti Tops, with or without an inner lining, now available at a discounted price during our final clearance sale. Limited stock remaining. Starting at $5 only! #sumikacollection #chikankarikurti #lucknowichikankari #sale #desiclothing #nepalitiktok #fypシ #viralvideo","lucknowi chikakari kurti tops, with or without an inner lining, now available at a discounted price during our final clearance sale. limited stock remaining. starting at $5 only! #sumikacollection #chikankarikurti #lucknowichikankari #sale #desiclothing #nepalitiktok #fypシ #viralvideo",True,English,Traditional/Ethnic,0.19537000000000002
TikTok,Phase2,"Royal blue hand work chinnon set💙 size 40,42,44 #kurthiexpressbyneelam #premiumquality #onlineshoppingnepal #kurthicollection🌸 #partywear ",3355,0,570,142400,2026-03-29 07:33:17+00:00,"Royal blue hand work chinnon set💙 size 40,42,44 #kurthiexpressbyneelam #premiumquality #onlineshoppingnepal #kurthicollection🌸 #partywear","royal blue hand work chinnon set💙 size 40,42,44 #kurthiexpressbyneelam #premiumquality #onlineshoppingnepal #kurthicollection🌸 #partywear",True,English,General Fashion,0.26244
TikTok,Phase2,"🛍️Delevery all over the Nepal 🛍️🍒(Dang Ghorahi Exchange &returns are not available.. WhatsApp:9822906302
Instagram: kelvycollection
Facebook: kelvycollection #foryoupage #fypシ #dangghorahi_muser😊❤️🙏 #kurticollection #rolpamuser ",71,9,37,608,2026-05-26 02:16:52+00:00,🛍️Delevery all over the Nepal 🛍️🍒(Dang Ghorahi Exchange &returns are not available.. WhatsApp:9822906302 Instagram: kelvycollection Facebook: kelvycollection #foryoupage #fypシ #dangghorahi_muser😊❤️🙏 #kurticollection #rolpamuser,🛍️delevery all over the nepal 🛍️🍒(dang ghorahi exchange &returns are not available.. whatsapp:9822906302 instagram: kelvycollection facebook: kelvycollection #foryoupage #fypシ #dangghorahi_muser😊❤️🙏 #kurticollection #rolpamuser,True,English,Traditional/Ethnic,0.0130008
TikTok,Phase2,Latest collection visit us today #trendingvideoviral #shortkurti #boho #viralkurtishop #KIRAAN ,14000,94,4292,838300,2026-04-21 09:29:46+00:00,Latest collection visit us today #trendingvideoviral #shortkurti #boho #viralkurtishop #KIRAAN,latest collection visit us today #trendingvideoviral #shortkurti #boho #viralkurtishop #kiraan,True,English,Traditional/Ethnic,0.7120300000000002
TikTok,Phase2,Malmal cotton set #kurti set #Bipul collection #Nawalparasi bardaghat #worldwide shipping ,10400,271,1004,378200,2026-02-13 06:54:01+00:00,Malmal cotton set #kurti set #Bipul collection #Nawalparasi bardaghat #worldwide shipping,malmal cotton set #kurti set #bipul collection #nawalparasi bardaghat #worldwide shipping,True,English,Traditional/Ethnic,0.71912
TikTok,Phase2,teej is my fav nepali festival i swear😭🫶 #fyp #teej2025 #teejoutfit #nepali #girls ,8002,49,891,152100,2025-08-20 02:14:23+00:00,teej is my fav nepali festival i swear😭🫶 #fyp #teej2025 #teejoutfit #nepali #girls,teej is my fav nepali festival i swear😭🫶 #fyp #teej2025 #teejoutfit #nepali #girls,True,English,Traditional/Ethnic,0.5281899999999999
TikTok,Phase2,Let’s get ready with me for this Teej #shestlyboutique #prepleated #stitched #readytowear #sareeset #redsaree #sareelovers #newarrival ,4715,62,607,266100,2025-07-20 05:18:35+00:00,Let’s get ready with me for this Teej #shestlyboutique #prepleated #stitched #readytowear #sareeset #redsaree #sareelovers #newarrival,let’s get ready with me for this teej #shestlyboutique #prepleated #stitched #readytowear #sareeset #redsaree #sareelovers #newarrival,True,English,Traditional/Ethnic,0.35521
TikTok,Phase2,Ready to wear Saree✨🦋🍇 @Maichyang #teejspecial #teejsaree #trendingnepal #nepalitiktok #partywearsaree #fypp #foryoupage   ,1211,59,420,62600,2025-08-08 21:30:00+00:00,Ready to wear Saree✨🦋🍇 #teejspecial #teejsaree #trendingnepal #nepalitiktok #partywearsaree #fypp #foryoupage,ready to wear saree✨🦋🍇 #teejspecial #teejsaree #trendingnepal #nepalitiktok #partywearsaree #fypp #foryoupage,True,English,Traditional/Ethnic,0.15639999999999998
TikTok,Phase2,"We learned, redefined, and created a Teej look.
Bahun dress next -with real roots 🇳🇵
#EnergiKuatTiapLangkah #ethnicwear #culturewithtwist #teejspecial #teejoutfit #southasianfashion #newdesign #smallbusiness #supportsmallbusiness #ethnicbyaishwarya #newdrop #culture ",590,55,35,32800,2025-08-01 11:25:30+00:00,"We learned, redefined, and created a Teej look. Bahun dress next -with real roots 🇳🇵 #EnergiKuatTiapLangkah #ethnicwear #culturewithtwist #teejspecial #teejoutfit #southasianfashion #newdesign #smallbusiness #supportsmallbusiness #ethnicbyaishwarya #newdrop #culture","we learned, redefined, and created a teej look. bahun dress next -with real roots 🇳🇵 #energikuattiaplangkah #ethnicwear #culturewithtwist #teejspecial #teejoutfit #southasianfashion #newdesign #smallbusiness #supportsmallbusiness #ethnicbyaishwarya #newdrop #culture",True,English,Traditional/Ethnic,0.050379999999999994
TikTok,Phase2,Thank you @Gudiyarani 🇺🇸🇳🇵🧿 Didi for this beautiful saree!! #sareelove #teejoutfit #women #fashion #southasianfashion @SuviRuviFashion🇺🇸7039015526 ,7965,172,75,189300,2025-08-15 01:21:01+00:00,Thank you 🇺🇸🇳🇵🧿 Didi for this beautiful saree!! #sareelove #teejoutfit #women #fashion #southasianfashion 🇺🇸7039015526,thank you 🇺🇸🇳🇵🧿 didi for this beautiful saree!! #sareelove #teejoutfit #women #fashion #southasianfashion 🇺🇸7039015526,True,English,Traditional/Ethnic,0.40413
TikTok,Phase2,Teej offer 20% off on all clothings✨🛍️ @Maichyang #teejspecial #trendingnepal #nepalitiktok #kurthiset #foryoupage ,627,39,147,32000,2025-08-15 17:45:05+00:00,Teej offer 20% off on all clothings✨🛍️ #teejspecial #trendingnepal #nepalitiktok #kurthiset #foryoupage,teej offer 20% off on all clothings✨🛍️ #teejspecial #trendingnepal #nepalitiktok #kurthiset #foryoupage,True,English,Traditional/Ethnic,0.06938
TikTok,Phase2,"We are TEEJ READY 🥳✨
Pre-Bookings are open 🥰
MUA : @PEARL MAKEUP & NAIL STUDIO 
MUA : @Krishna gold @Sneha kc 

#teejoutfit#bybelleza#butwal#ktm#ithahari  ",1327,11,125,36100,2025-06-23 13:54:27+00:00,We are TEEJ READY 🥳✨ Pre-Bookings are open 🥰 MUA : MAKEUP & NAIL STUDIO MUA : gold kc #teejoutfit#bybelleza#butwal#ktm#ithahari,we are teej ready 🥳✨ pre-bookings are open 🥰 mua : makeup & nail studio mua : gold kc #teejoutfit#bybelleza#butwal#ktm#ithahari,True,English,Traditional/Ethnic,0.08499000000000001
TikTok,Phase2,New drops for teej#teej#teejsong ,198,2,116,9416,2025-07-25 16:57:30+00:00,New drops for teej#teej#teejsong,new drops for teej#teej#teejsong,True,English,Traditional/Ethnic,0.032661600000000006
TikTok,Phase2,"Teej Offer!!!! 
$25 sareee sale✨✨ 
Please DM us for more info📩 #fyp #foryou #teejspecial #jada_mode #tradionaloutfit #saree #blouse #red #sale #creatorsearchinsights ",327,14,208,32400,2025-08-02 09:18:17+00:00,Teej Offer!!!! $25 sareee sale✨✨ Please DM us for more info📩 #fyp #foryou #teejspecial #jada_mode #tradionaloutfit #saree #blouse #red #sale #creatorsearchinsights,teej offer!!!! $25 sareee sale✨✨ please dm us for more info📩 #fyp #foryou #teejspecial #jada_mode #tradionaloutfit #saree #blouse #red #sale #creatorsearchinsights,True,English,Traditional/Ethnic,0.06212
TikTok,Phase2,Short kurthi lyanu na bhannu bhayeko thyo Teej ko lagi ayo hai !!! Place your order now !! ( Size : M to XXL ),1527,30,308,84600,2025-08-15 08:53:12+00:00,Short kurthi lyanu na bhannu bhayeko thyo Teej ko lagi ayo hai !!! Place your order now !! ( Size : M to XXL ),short kurthi lyanu na bhannu bhayeko thyo teej ko lagi ayo hai !!! place your order now !! ( size : m to xxl ),True,English,Traditional/Ethnic,0.14014000000000001
TikTok,Phase2,"🌺 Teej 2025 – New Saree Collection Just In 

Celebrate this Teej in elegance and tradition with our latest floral red sarees – perfect for the Teej 💃🌸
✔️ Sizes Available: 34 | 36 | 38 | 40
📍 Location: Munich, Germany 🇩🇪
📩 DM us for pricing, delivery, or any inquiries!

Bringing a touch of Nepal to your Teej celebration – exclusively in Germany 💖
Limited stock – Book yours today!

#TheKireBiutique #TeejSpecial #Teej2025 #NepaliBoutiqueGermany #TeejLook #RedSareeGoals #TeejInGermany #NepaliFashionAbroad #SareeVibes #TeejReady #TraditionalWithStyle #MunichDesiFashion #SareeForTeej #EthnicElegance #CelebrateTeej #Fyp #NepaliLivingInGermany ",2303,55,222,125200,2025-07-10 09:11:06+00:00,"🌺 Teej 2025 – New Saree Collection Just In Celebrate this Teej in elegance and tradition with our latest floral red sarees – perfect for the Teej 💃🌸 ✔️ Sizes Available: 34 | 36 | 38 | 40 📍 Location: Munich, Germany 🇩🇪 📩 DM us for pricing, delivery, or any inquiries! Bringing a touch of Nepal to your Teej celebration – exclusively in Germany 💖 Limited stock – Book yours today! #TheKireBiutique #TeejSpecial #Teej2025 #NepaliBoutiqueGermany #TeejLook #RedSareeGoals #TeejInGermany #NepaliFashionAbroad #SareeVibes #TeejReady #TraditionalWithStyle #MunichDesiFashion #SareeForTeej #EthnicElegance #CelebrateTeej #Fyp #NepaliLivingInGermany","🌺 teej 2025 – new saree collection just in celebrate this teej in elegance and tradition with our latest floral red sarees – perfect for the teej 💃🌸 ✔️ sizes available: 34 | 36 | 38 | 40 📍 location: munich, germany 🇩🇪 📩 dm us for pricing, delivery, or any inquiries! bringing a touch of nepal to your teej celebration – exclusively in germany 💖 limited stock – book yours today! #thekirebiutique #teejspecial #teej2025 #nepaliboutiquegermany #teejlook #redsareegoals #teejingermany #nepalifashionabroad #sareevibes #teejready #traditionalwithstyle #munichdesifashion #sareeforteej #ethnicelegance #celebrateteej #fyp #nepalilivingingermany",True,English,Traditional/Ethnic,0.16554000000000002
TikTok,Phase2,Can we call it a teej weekend?😁💃💃💃#creatorsearchinsights #ootd #traditional #kurti #teej ,248,66,6,4802,2025-08-23 12:17:28+00:00,Can we call it a teej weekend?😁💃💃💃#creatorsearchinsights #ootd #traditional #kurti #teej,can we call it a teej weekend?😁💃💃💃#creatorsearchinsights #ootd #traditional #kurti #teej,True,English,Traditional/Ethnic,0.0314002
TikTok,Phase2,Happy Teej everyone.❤️#shantaandfamily #weedingdress #happyteej #teej ,25800,161,469,673200,2025-08-18 05:22:59+00:00,Happy Teej everyone.❤️#shantaandfamily #weedingdress #happyteej #teej,happy teej everyone.❤️#shantaandfamily #weedingdress #happyteej #teej,True,English,Traditional/Ethnic,0.6094200000000001
TikTok,Phase2,Blouse ready for customer 😍 #kopilaboutique #fyp #blouse #teejoutfit #dhangadhi ,160,6,1,2898,2025-08-19 07:48:03+00:00,Blouse ready for customer 😍 #kopilaboutique #fyp #blouse #teejoutfit #dhangadhi,blouse ready for customer 😍 #kopilaboutique #fyp #blouse #teejoutfit #dhangadhi,True,English,Traditional/Ethnic,0.008689800000000001
TikTok,Phase2,My draft is full of teej videos💙🪔#ootd #fitcheck #nepalifestival #vibes #adelaide ,35100,100,3005,792000,2025-08-20 00:26:31+00:00,My draft is full of teej videos💙🪔#ootd #fitcheck #nepalifestival #vibes #adelaide,my draft is full of teej videos💙🪔#ootd #fitcheck #nepalifestival #vibes #adelaide,True,English,Traditional/Ethnic,0.7092000000000002
TikTok,Phase2,#teejootd ##mood #teejvibes #mood @Shanta Guni @Tara Koirala @Tejaswi❤️ @Samjhana Joshi438 @Saradag_ ,13400,133,1743,585500,2025-08-24 03:47:51+00:00,#teejootd ##mood #teejvibes #mood Guni Koirala ❤️ Joshi438,#teejootd ##mood #teejvibes #mood guni koirala ❤️ joshi438,True,English,Traditional/Ethnic,0.69845
TikTok,Phase2,"✨Teej vibes ON! Which look is your pick? ❤️👑
Comment your favorite!❤️
#teejspecial #saree @🤍💃 #creatorsearchinsights #texas #fyp #dfw #dancereels #ssup #redsaree ",530,54,121,16000,2025-07-30 00:12:52+00:00,✨Teej vibes ON! Which look is your pick? ❤️👑 Comment your favorite!❤️ #teejspecial #saree @🤍💃 #creatorsearchinsights #texas #fyp #dfw #dancereels #ssup #redsaree,✨teej vibes on! which look is your pick? ❤️👑 comment your favorite!❤️ #teejspecial #saree @🤍💃 #creatorsearchinsights #texas #fyp #dfw #dancereels #ssup #redsaree,True,English,Traditional/Ethnic,0.0632
TikTok,Phase2,"SO WHICH TYPE ARE YOU IN THIS TEEJ ??? 
Introducing the brand @soch_stores exclusively available at VESVUSA .The brand brings you number of varieties of Indian ethnic wear originated from bangalore. No doubt about it’s quality where you can breathe yourself. Get a look for this teej as you might miss one !! 
Oxidized jewelry from : @sumadhyama2 
Kundan jewelry from : @opulence_womennepal 

#vesvusa #soch #beauty #fashion #lifestyle #teejoutfit #festivelook #transaction",3202,15,18,112600,2022-08-29 05:10:39+00:00,SO WHICH TYPE ARE YOU IN THIS TEEJ ??? Introducing the brand exclusively available at VESVUSA .The brand brings you number of varieties of Indian ethnic wear originated from bangalore. No doubt about it’s quality where you can breathe yourself. Get a look for this teej as you might miss one !! Oxidized jewelry from : Kundan jewelry from : #vesvusa #soch #beauty #fashion #lifestyle #teejoutfit #festivelook #transaction,so which type are you in this teej ??? introducing the brand exclusively available at vesvusa .the brand brings you number of varieties of indian ethnic wear originated from bangalore. no doubt about it’s quality where you can breathe yourself. get a look for this teej as you might miss one !! oxidized jewelry from : kundan jewelry from : #vesvusa #soch #beauty #fashion #lifestyle #teejoutfit #festivelook #transaction,True,English,Traditional/Ethnic,0.14744
TikTok,Phase2,Dinna Dinna @Samikshya Adhikari #nepalisong #nepali #nepalitiktok #nepalimodel #samikshyabasnet,46,1,1,757,2026-05-20 23:29:29+00:00,Dinna Dinna Adhikari #nepalisong #nepali #nepalitiktok #nepalimodel #samikshyabasnet,dinna dinna adhikari #nepalisong #nepali #nepalitiktok #nepalimodel #samikshyabasnet,True,English,General Fashion,0.0024157000000000002
TikTok,Phase2,"working time 😀
#outfitcheck #bodytea #nepalimodel #nepalitiktok #fyp ",395,6,14,10400,2026-05-12 03:00:44+00:00,working time 😀 #outfitcheck #bodytea #nepalimodel #nepalitiktok #fyp,working time 😀 #outfitcheck #bodytea #nepalimodel #nepalitiktok #fyp,True,English,General Fashion,0.02144
TikTok,Phase2,"Nepali Supermodel trisha at Club 10x wearing sonam subba limbu 

#spectramagazine #club10x #fashion #trisha #sonamsubbalimbu ",4262,15,371,113800,2026-05-30 18:04:26+00:00,Nepali Supermodel trisha at Club 10x wearing sonam subba limbu #spectramagazine #club10x #fashion #trisha #sonamsubbalimbu,nepali supermodel trisha at club 10x wearing sonam subba limbu #spectramagazine #club10x #fashion #trisha #sonamsubbalimbu,True,English,General Fashion,0.26056
TikTok,Phase2,"सामाजिक सञ्जालबाट किन गुमनाम भइन् चर्चित मोडल करिश्मा ढकाल 
#karishmadhakal #foryoupage #capcut #nepalimodel #bijjubistakarishmadhakal",28200,235,1358,787700,2026-05-17 02:33:43+00:00,सामाजिक सञ्जालबाट किन गुमनाम भइन् चर्चित मोडल करिश्मा ढकाल #karishmadhakal #foryoupage #capcut #nepalimodel #bijjubistakarishmadhakal,सामाजिक सञ्जालबाट किन गुमनाम भइन् चर्चित मोडल करिश्मा ढकाल #karishmadhakal #foryoupage #capcut #nepalimodel #bijjubistakarishmadhakal,True,Nepali,Traditional/Ethnic,0.7492700000000001
TikTok,Phase2,Dinna Dinna #samikshyabasnet #nepalitiktok #nepalimusic #newnepalisong #nepalimodel ,14,0,0,206,2026-06-01 01:52:53+00:00,Dinna Dinna #samikshyabasnet #nepalitiktok #nepalimusic #newnepalisong #nepalimodel,dinna dinna #samikshyabasnet #nepalitiktok #nepalimusic #newnepalisong #nepalimodel,True,English,General Fashion,0.0005806
TikTok,Phase2,"मलाई माइतै सुख छ 😁
#dance #nepaligirls #nepalitiktok #fyp #nepalimodel ",3614,160,440,249500,2025-08-30 03:18:55+00:00,मलाई माइतै सुख छ 😁 #dance #nepaligirls #nepalitiktok #fyp #nepalimodel,मलाई माइतै सुख छ 😁 #dance #nepaligirls #nepalitiktok #fyp #nepalimodel,True,Nepali,General Fashion,0.30551000000000006
TikTok,Phase2,"Kab kaise aaya woh ??😩
#fyp #traditional #nepali #model ",11600,40,637,174400,2025-06-14 04:02:51+00:00,Kab kaise aaya woh ??😩 #fyp #traditional #nepali #model,kab kaise aaya woh ??😩 #fyp #traditional #nepali #model,True,English,Traditional/Ethnic,0.5568400000000001
TikTok,Phase2,Sometimes you just gotta be effortless #fyp #goviral #nepali #outfitcheck #model ,144,14,1,1154,2026-05-23 20:27:30+00:00,Sometimes you just gotta be effortless #fyp #goviral #nepali #outfitcheck #model,sometimes you just gotta be effortless #fyp #goviral #nepali #outfitcheck #model,True,English,General Fashion,0.0102754
TikTok,Phase2,#fitness #jahnvikapoor #nepalimodel #tiktoknepal ,10,1,1,322,2026-05-04 21:21:12+00:00,#fitness #jahnvikapoor #nepalimodel #tiktoknepal,#fitness #jahnvikapoor #nepalimodel #tiktoknepal,True,English,General Fashion,0.0009322
TikTok,Phase2,#sunitapoudel #nepalimodel #nepalisong #foryoupage #nepali ,21,0,0,323,2026-05-03 07:11:05+00:00,#sunitapoudel #nepalimodel #nepalisong #foryoupage #nepali,#sunitapoudel #nepalimodel #nepalisong #foryoupage #nepali,True,English,General Fashion,0.0008723
TikTok,Phase2,"पुगेन पुगेन 😉
#bodytea #nepalimodel #outfitcheck #nepaligirls #dance ",285,6,20,20600,2025-10-26 03:13:11+00:00,पुगेन पुगेन 😉 #bodytea #nepalimodel #outfitcheck #nepaligirls #dance,पुगेन पुगेन 😉 #bodytea #nepalimodel #outfitcheck #nepaligirls #dance,True,Nepali,General Fashion,0.01926
TikTok,Phase2,#nepaligirl #nepalitiktok #nepalisong #nepalimodel #foryoupage ,26,1,0,398,2026-05-06 01:07:23+00:00,#nepaligirl #nepalitiktok #nepalisong #nepalimodel #foryoupage,#nepaligirl #nepalitiktok #nepalisong #nepalimodel #foryoupage,True,English,General Fashion,0.0013797999999999998
TikTok,Phase2,"Usha Upreti is a prominent Nepali
Tik Tok star, model, and influencer
who has captured the hearts of
many with her engaging content
and radiant personality.
@Usha Uppreti ",9168,310,631,163100,2025-12-19 06:55:27+00:00,"Usha Upreti is a prominent Nepali Tik Tok star, model, and influencer who has captured the hearts of many with her engaging content and radiant personality. Uppreti","usha upreti is a prominent nepali tik tok star, model, and influencer who has captured the hearts of many with her engaging content and radiant personality. uppreti",True,English,General Fashion,0.60223
TikTok,Phase2,रुबि श्रेष्ठ #rubyshrestha #nepalimodel #model ,225,2,20,6805,2026-01-24 15:38:53+00:00,रुबि श्रेष्ठ #rubyshrestha #nepalimodel #model,रुबि श्रेष्ठ #rubyshrestha #nepalimodel #model,True,Nepali,General Fashion,0.0142805
TikTok,Phase2,केकी अधिकारी #Kekiadhikari #nepaliactress #actress #model,130,4,3,1581,2026-05-30 15:31:46+00:00,केकी अधिकारी #Kekiadhikari #nepaliactress #actress #model,केकी अधिकारी #kekiadhikari #nepaliactress #actress #model,True,Nepali,General Fashion,0.007158099999999999
TikTok,Phase2,✨💓❤️ #fyp #shootdiaries #straighthair #nepalimodel #melbournemodel ,83,8,1,1076,2026-05-11 14:05:33+00:00,✨💓❤️ #fyp #shootdiaries #straighthair #nepalimodel #melbournemodel,✨💓❤️ #fyp #shootdiaries #straighthair #nepalimodel #melbournemodel,True,English,General Fashion,0.006027599999999999
TikTok,Phase2,लक्ष्मी थापामगर #laxmithapamagar #nepalmodel #model ,953,37,33,13500,2025-12-23 16:11:38+00:00,लक्ष्मी थापामगर #laxmithapamagar #nepalmodel #model,लक्ष्मी थापामगर #laxmithapamagar #nepalmodel #model,True,Nepali,General Fashion,0.05717
TikTok,Phase2,"gorgeous 🥰 
#nepalimodels #nepaligirl #fyp #viral ",3099,79,241,252200,2025-02-04 16:58:02+00:00,gorgeous 🥰 #nepalimodels #nepaligirl #fyp #viral,gorgeous 🥰 #nepalimodels #nepaligirl #fyp #viral,True,English,General Fashion,0.22108
TikTok,Phase2,#nepalimodel #nepalitiktok #nepalisong ,69,1,0,973,2026-04-24 04:27:08+00:00,#nepalimodel #nepalitiktok #nepalisong,#nepalimodel #nepalitiktok #nepalisong,True,English,General Fashion,0.0031573
TikTok,Phase2,"Drawing on a rich Neapolitan tailoring tradition with a youthful injection of style and personality, Isaia remains one of the world’s most coveted brands. Join us in-store for our upcoming Isaia trunk show at our Bloor Street Flagship in Toronto from April 10 to 11. Luxury Specialist Greg Madesker reveals what awaits — book your appointment now through our website! #HarryRosen #Isaia #TrunkShow",87,1,4,2724,2026-04-09 13:11:46+00:00,"Drawing on a rich Neapolitan tailoring tradition with a youthful injection of style and personality, Isaia remains one of the world’s most coveted brands. Join us in-store for our upcoming Isaia trunk show at our Bloor Street Flagship in Toronto from April 10 to 11. Luxury Specialist Greg Madesker reveals what awaits — book your appointment now through our website! #HarryRosen #Isaia #TrunkShow","drawing on a rich neapolitan tailoring tradition with a youthful injection of style and personality, isaia remains one of the world’s most coveted brands. join us in-store for our upcoming isaia trunk show at our bloor street flagship in toronto from april 10 to 11. luxury specialist greg madesker reveals what awaits — book your appointment now through our website! #harryrosen #isaia #trunkshow",True,English,General Fashion,0.0048524
TikTok,Phase2,#accraghana🇬🇭 #kaftan #tailor #traditionalwedding #menswear ,29700,451,2231,353700,2026-04-16 14:11:36+00:00,#accraghana🇬🇭 #kaftan #tailor #traditionalwedding #menswear,#accraghana🇬🇭 #kaftan #tailor #traditionalwedding #menswear,True,English,Traditional/Ethnic,0.7706700000000001
TikTok,Phase2,"Traditional Chinese tailoring technique for a one-piece cross-collar robe: It only takes 3 cuts to easily complete! #RecordingRealLife Prepare a rectangular piece of fabric, and you can make this classic one-piece cross-collar robe with just 3 cuts! #TraditionalTailoring #Hanfu #Handmade",72,0,7,2172,2026-04-04 03:36:14+00:00,"Traditional Chinese tailoring technique for a one-piece cross-collar robe: It only takes 3 cuts to easily complete! #RecordingRealLife Prepare a rectangular piece of fabric, and you can make this classic one-piece cross-collar robe with just 3 cuts! #TraditionalTailoring #Hanfu #Handmade","traditional chinese tailoring technique for a one-piece cross-collar robe: it only takes 3 cuts to easily complete! #recordingreallife prepare a rectangular piece of fabric, and you can make this classic one-piece cross-collar robe with just 3 cuts! #traditionaltailoring #hanfu #handmade",True,English,Traditional/Ethnic,0.004497200000000001
TikTok,Phase2,"Traditional Chinese tailoring technique for a one-piece, single-front cheongsam – easily completed in just 6 steps! #RecordingRealLife Prepare a rectangular piece of fabric; with just 6 steps, you can make this elegant traditional Chinese tailoring technique for a one-piece, single-front cheongsam. #TraditionalTailoring #Cheongsam",47,1,3,1844,2026-04-04 03:40:45+00:00,"Traditional Chinese tailoring technique for a one-piece, single-front cheongsam – easily completed in just 6 steps! #RecordingRealLife Prepare a rectangular piece of fabric; with just 6 steps, you can make this elegant traditional Chinese tailoring technique for a one-piece, single-front cheongsam. #TraditionalTailoring #Cheongsam","traditional chinese tailoring technique for a one-piece, single-front cheongsam – easily completed in just 6 steps! #recordingreallife prepare a rectangular piece of fabric; with just 6 steps, you can make this elegant traditional chinese tailoring technique for a one-piece, single-front cheongsam. #traditionaltailoring #cheongsam",True,English,Traditional/Ethnic,0.0029644000000000003
TikTok,Phase2,"@Strictly Fashionables custom on the custom Gown for the TRADITIONAL WEDDING OF MY DREAMS!! Thank you Auntie Titi for making my first Traditional Wedding experience so easy and fun!! Loved working with you and getting the FULL experience! Highly recommend for custom gowns of ANY kind!! She does it all.. proms, formal gowns, parties! You name it!!! Tap in🤗😍
My best friend’s gown was also a custom from Titi …and she looks STUNNING!!! We are both so happy 🤗😍

#dmvtailor #traditionalwedding #asoebi #africantiktok #customgown ",2366,138,328,19900,2026-04-20 18:10:54+00:00,"Fashionables custom on the custom Gown for the TRADITIONAL WEDDING OF MY DREAMS!! Thank you Auntie Titi for making my first Traditional Wedding experience so easy and fun!! Loved working with you and getting the FULL experience! Highly recommend for custom gowns of ANY kind!! She does it all.. proms, formal gowns, parties! You name it!!! Tap in🤗😍 My best friend’s gown was also a custom from Titi …and she looks STUNNING!!! We are both so happy 🤗😍 #dmvtailor #traditionalwedding #asoebi #africantiktok #customgown","fashionables custom on the custom gown for the traditional wedding of my dreams!! thank you auntie titi for making my first traditional wedding experience so easy and fun!! loved working with you and getting the full experience! highly recommend for custom gowns of any kind!! she does it all.. proms, formal gowns, parties! you name it!!! tap in🤗😍 my best friend’s gown was also a custom from titi …and she looks stunning!!! we are both so happy 🤗😍 #dmvtailor #traditionalwedding #asoebi #africantiktok #customgown",True,English,Traditional/Ethnic,0.20362999999999998
TikTok,Phase2,"Traditional tailoring is outdated.
Online tailoring is the way to go — come on, we're not in 2010 anymore.
Here's what you face in-person:
❌ Multiple appointments
❌ Travel time
❌ Repeat visits just for adjustments
❌ Choosing from tiny fabric swatches and hoping it works
Meanwhile, with the right online tailoring service, you get accurate measurements at home, see actual finished custom suits and how each customization option will actually look like.
And that’s what we’ve done at SARTORO. You can get precise measurements without standing in a showroom for 25 minutes, and if you want extra accuracy, just send photos to fine-tune the fit.
So it's not about if you’re getting a suit online or in person — it's about who's behind the process and if they care to get it right for you.
The best style advice will always be to figure out what works best for you.
What do you choose – online or in person?
#suits #tailoring #bespokesuits #customsuits #jamesbond #mensfashion #styleadvice #fyp #business",79,0,5,1988,2026-01-07 19:32:25+00:00,"Traditional tailoring is outdated. Online tailoring is the way to go — come on, we're not in 2010 anymore. Here's what you face in-person: ❌ Multiple appointments ❌ Travel time ❌ Repeat visits just for adjustments ❌ Choosing from tiny fabric swatches and hoping it works Meanwhile, with the right online tailoring service, you get accurate measurements at home, see actual finished custom suits and how each customization option will actually look like. And that’s what we’ve done at SARTORO. You can get precise measurements without standing in a showroom for 25 minutes, and if you want extra accuracy, just send photos to fine-tune the fit. So it's not about if you’re getting a suit online or in person — it's about who's behind the process and if they care to get it right for you. The best style advice will always be to figure out what works best for you. What do you choose – online or in person? #suits #tailoring #bespokesuits #customsuits #jamesbond #mensfashion #styleadvice #fyp #business","traditional tailoring is outdated. online tailoring is the way to go — come on, we're not in 2010 anymore. here's what you face in-person: ❌ multiple appointments ❌ travel time ❌ repeat visits just for adjustments ❌ choosing from tiny fabric swatches and hoping it works meanwhile, with the right online tailoring service, you get accurate measurements at home, see actual finished custom suits and how each customization option will actually look like. and that’s what we’ve done at sartoro. you can get precise measurements without standing in a showroom for 25 minutes, and if you want extra accuracy, just send photos to fine-tune the fit. so it's not about if you’re getting a suit online or in person — it's about who's behind the process and if they care to get it right for you. the best style advice will always be to figure out what works best for you. what do you choose – online or in person? #suits #tailoring #bespokesuits #customsuits #jamesbond #mensfashion #styleadvice #fyp #business",True,English,Traditional/Ethnic,0.0043588
TikTok,Phase2,"Italian tailors guard centuries-old traditional suit-making secrets and Italian craftsmanship heritage through fifteen-year apprenticeships, Neapolitan spalla camicia shoulder construction techniques, generational family knowledge inheritance in Italian fashion, and deliberate misinformation preventing machine or competitor replication.

Italian tailoring secrets tradition
Neapolitan suit making heritage
Italian master tailors craft
Italian suit construction tradition
Italian craftsmanship heritage
Italian tailoring apprenticeship culture
Italian bespoke suits tradition

#ItalianTailoring #ItalianCraftsmanship #ItalianFashion #ItalianHeritage #ItalianTradition",76,1,9,871,2025-10-20 00:50:00+00:00,"Italian tailors guard centuries-old traditional suit-making secrets and Italian craftsmanship heritage through fifteen-year apprenticeships, Neapolitan spalla camicia shoulder construction techniques, generational family knowledge inheritance in Italian fashion, and deliberate misinformation preventing machine or competitor replication. Italian tailoring secrets tradition Neapolitan suit making heritage Italian master tailors craft Italian suit construction tradition Italian craftsmanship heritage Italian tailoring apprenticeship culture Italian bespoke suits tradition #ItalianTailoring #ItalianCraftsmanship #ItalianFashion #ItalianHeritage #ItalianTradition","italian tailors guard centuries-old traditional suit-making secrets and italian craftsmanship heritage through fifteen-year apprenticeships, neapolitan spalla camicia shoulder construction techniques, generational family knowledge inheritance in italian fashion, and deliberate misinformation preventing machine or competitor replication. italian tailoring secrets tradition neapolitan suit making heritage italian master tailors craft italian suit construction tradition italian craftsmanship heritage italian tailoring apprenticeship culture italian bespoke suits tradition #italiantailoring #italiancraftsmanship #italianfashion #italianheritage #italiantradition",True,English,Traditional/Ethnic,0.0052271
TikTok,Phase2,This is what traditional tailoring and service looks like #bespoke #bespoketailoring #customsuit #bespokesuit #luxury  ,38,3,3,744,2025-09-29 23:02:08+00:00,This is what traditional tailoring and service looks like #bespoke #bespoketailoring #customsuit #bespokesuit #luxury,this is what traditional tailoring and service looks like #bespoke #bespoketailoring #customsuit #bespokesuit #luxury,True,English,Traditional/Ethnic,0.0030944
TikTok,Phase2,"Watch this man showcase various traditional outfits. 👔
With Sticha, get custom-made, high-quality garments tailored just for you. ✂️
Video credit: iamprabhatchaudhary
🌐 https://sticha.app/
#Sticha #Tailoring #GlobalTailors #Style #Fashion #TailorMade #CustomClothing #Worldwide #ExpertTailors #TraditionalOutfit #MensFashion #foryoupage #fyp",20,0,1,372,2025-06-13 16:00:31+00:00,"Watch this man showcase various traditional outfits. 👔 With Sticha, get custom-made, high-quality garments tailored just for you. ✂️ Video credit: iamprabhatchaudhary 🌐 #Sticha #Tailoring #GlobalTailors #Style #Fashion #TailorMade #CustomClothing #Worldwide #ExpertTailors #TraditionalOutfit #MensFashion #foryoupage #fyp","watch this man showcase various traditional outfits. 👔 with sticha, get custom-made, high-quality garments tailored just for you. ✂️ video credit: iamprabhatchaudhary 🌐 #sticha #tailoring #globaltailors #style #fashion #tailormade #customclothing #worldwide #experttailors #traditionaloutfit #mensfashion #foryoupage #fyp",True,English,Traditional/Ethnic,0.0010372
TikTok,Phase2,"Custom-made traditional wear tailored to perfection, combining classic elegance with modern craftsmanship✨ 🤍 #darsmashqiptare #dollama #artizan #traditionalwear #traditional ",1582,7,584,111100,2025-09-22 10:56:55+00:00,"Custom-made traditional wear tailored to perfection, combining classic elegance with modern craftsmanship✨ 🤍 #darsmashqiptare #dollama #artizan #traditionalwear #traditional","custom-made traditional wear tailored to perfection, combining classic elegance with modern craftsmanship✨ 🤍 #darsmashqiptare #dollama #artizan #traditionalwear #traditional",True,English,Traditional/Ethnic,0.19329000000000002
TikTok,Phase2,"Traditional outfits in a variety of colors and styles! ✨
With Sticha, get custom-made, high-quality traditional outfits tailored just for you. ✅
Video credit: ramafabrics_
🌐 https://smpl.is/a2ydj
#Sticha #Tailoring #GlobalTailors #Style #Fashion #TailorMade #CustomClothing #Worldwide #ExpertTailors #TraditionalFashion #TraditionalAttireDesigns #foryoupage #fyp",4,0,0,160,2025-05-11 17:00:39+00:00,"Traditional outfits in a variety of colors and styles! ✨ With Sticha, get custom-made, high-quality traditional outfits tailored just for you. ✅ Video credit: ramafabrics_ 🌐 #Sticha #Tailoring #GlobalTailors #Style #Fashion #TailorMade #CustomClothing #Worldwide #ExpertTailors #TraditionalFashion #TraditionalAttireDesigns #foryoupage #fyp","traditional outfits in a variety of colors and styles! ✨ with sticha, get custom-made, high-quality traditional outfits tailored just for you. ✅ video credit: ramafabrics_ 🌐 #sticha #tailoring #globaltailors #style #fashion #tailormade #customclothing #worldwide #experttailors #traditionalfashion #traditionalattiredesigns #foryoupage #fyp",True,English,Traditional/Ethnic,0.00017600000000000002
TikTok,Phase2,"Not every dress fits perfect… until a tailor touches it ✂️
Qipao alteration.

#thestitchinghouse #stitching #alteration #sewing #brampton ",9,0,1,1835,2026-03-05 00:03:05+00:00,Not every dress fits perfect… until a tailor touches it ✂️ Qipao alteration. #thestitchinghouse #stitching #alteration #sewing #brampton,not every dress fits perfect… until a tailor touches it ✂️ qipao alteration. #thestitchinghouse #stitching #alteration #sewing #brampton,True,English,Western/Casual,0.0007435
TikTok,Phase2,"From fabric to fit, watch the art of tailoring as she craft this traditional outfit with precision and care. 💯
With Sticha, get custom-made, high-quality garments tailored just for you. ✂️
Video credit: shilynsews
🌐 https://sticha.app/
#Sticha #Tailoring #GlobalTailors #Style #Fashion #TailorMade #CustomClothing #Worldwide #ExpertTailors #TraditionalOutfit #WomensFashion #foryoupage #fyp",1,0,0,138,2025-06-27 16:00:33+00:00,"From fabric to fit, watch the art of tailoring as she craft this traditional outfit with precision and care. 💯 With Sticha, get custom-made, high-quality garments tailored just for you. ✂️ Video credit: shilynsews 🌐 #Sticha #Tailoring #GlobalTailors #Style #Fashion #TailorMade #CustomClothing #Worldwide #ExpertTailors #TraditionalOutfit #WomensFashion #foryoupage #fyp","from fabric to fit, watch the art of tailoring as she craft this traditional outfit with precision and care. 💯 with sticha, get custom-made, high-quality garments tailored just for you. ✂️ video credit: shilynsews 🌐 #sticha #tailoring #globaltailors #style #fashion #tailormade #customclothing #worldwide #experttailors #traditionaloutfit #womensfashion #foryoupage #fyp",True,English,Traditional/Ethnic,5.380000000000001e-05
TikTok,Phase2,"Ghana Ghana Ghana… If I don’t laugh I’ll cry atp because why would this tailor play like this?? 😭😭😭 Mind you I begged for months to see updates/ pictures of the dress with no results bc apparently the tailors phone camera was bad…? 😒😭 They did try, okay sure… BUT Why cut the ombre kente when the whole point of the design was for it be ombre???!! No corset either???? Just freestyling and vibes. Smfh #ghanaiantailors #kentedress #ghanatiktok🇬🇭 #ghanaiantraditionalwedding #traditionalwedding ",7829,281,1346,180900,2025-08-14 17:41:26+00:00,"Ghana Ghana Ghana… If I don’t laugh I’ll cry atp because why would this tailor play like this?? 😭😭😭 Mind you I begged for months to see updates/ pictures of the dress with no results bc apparently the tailors phone camera was bad…? 😒😭 They did try, okay sure… BUT Why cut the ombre kente when the whole point of the design was for it be ombre???!! No corset either???? Just freestyling and vibes. Smfh #ghanaiantailors #kentedress #ghanatiktok🇬🇭 #ghanaiantraditionalwedding #traditionalwedding","ghana ghana ghana… if i don’t laugh i’ll cry atp because why would this tailor play like this?? 😭😭😭 mind you i begged for months to see updates/ pictures of the dress with no results bc apparently the tailors phone camera was bad…? 😒😭 they did try, okay sure… but why cut the ombre kente when the whole point of the design was for it be ombre???!! no corset either???? just freestyling and vibes. smfh #ghanaiantailors #kentedress #ghanatiktok🇬🇭 #ghanaiantraditionalwedding #traditionalwedding",True,English,Traditional/Ethnic,0.6155500000000002
TikTok,Phase2,"From tailoring to the final fitting, I loved every second of making this 2-piece ‘DANI’ set. 🥰🥹
@Saphtalks #congolesewedding #africanfashion #sewing #traditionalwedding #congolaise🇨🇩🇨🇬 ",636,12,58,8770,2026-04-19 20:38:30+00:00,"From tailoring to the final fitting, I loved every second of making this 2-piece ‘DANI’ set. 🥰🥹 #congolesewedding #africanfashion #sewing #traditionalwedding #congolaise🇨🇩🇨🇬","from tailoring to the final fitting, i loved every second of making this 2-piece ‘dani’ set. 🥰🥹 #congolesewedding #africanfashion #sewing #traditionalwedding #congolaise🇨🇩🇨🇬",True,English,Traditional/Ethnic,0.041517000000000005
TikTok,Phase2,"Here are some ways you can style your traditional outfit. 👗
With Sticha, get custom-made, high-quality traditional outfits tailored just for you. ✨
Video credit: drishtizahabia
🌐 https://smpl.is/a2ydj
#Sticha #Tailoring #GlobalTailors #Style #Fashion #TailorMade #CustomClothing #Worldwide #ExpertTailors #TraditionalWear #foryoupage #fyp",4,0,0,276,2025-05-09 17:00:56+00:00,"Here are some ways you can style your traditional outfit. 👗 With Sticha, get custom-made, high-quality traditional outfits tailored just for you. ✨ Video credit: drishtizahabia 🌐 #Sticha #Tailoring #GlobalTailors #Style #Fashion #TailorMade #CustomClothing #Worldwide #ExpertTailors #TraditionalWear #foryoupage #fyp","here are some ways you can style your traditional outfit. 👗 with sticha, get custom-made, high-quality traditional outfits tailored just for you. ✨ video credit: drishtizahabia 🌐 #sticha #tailoring #globaltailors #style #fashion #tailormade #customclothing #worldwide #experttailors #traditionalwear #foryoupage #fyp",True,English,Traditional/Ethnic,0.0001876
TikTok,Phase2,"Check out this traditional outfit with a modern twist. 😍
With Sticha, get custom-made, high-quality garments tailored just for you. ✂️
Video credit: alaalaph studio
🌐 https://sticha.app/
#Sticha #Tailoring #GlobalTailors #Style #Fashion #TailorMade #CustomClothing #Worldwide #ExpertTailors #TraditionalOutfit #TailoredElegance #foryoupage #fyp",1,0,0,5,2025-06-11 16:00:44+00:00,"Check out this traditional outfit with a modern twist. 😍 With Sticha, get custom-made, high-quality garments tailored just for you. ✂️ Video credit: alaalaph studio 🌐 #Sticha #Tailoring #GlobalTailors #Style #Fashion #TailorMade #CustomClothing #Worldwide #ExpertTailors #TraditionalOutfit #TailoredElegance #foryoupage #fyp","check out this traditional outfit with a modern twist. 😍 with sticha, get custom-made, high-quality garments tailored just for you. ✂️ video credit: alaalaph studio 🌐 #sticha #tailoring #globaltailors #style #fashion #tailormade #customclothing #worldwide #experttailors #traditionaloutfit #tailoredelegance #foryoupage #fyp",True,English,Traditional/Ethnic,4.05e-05
TikTok,Phase2,"She’s dressing in a traditional outfit to be unforgettable. 💃
With Sticha, get custom-made, high-quality garments tailored just for you. ✂️
Video credit: the.coconutpudding
🌐 https://sticha.app/
#Sticha #Tailoring #GlobalTailors #Style #Fashion #TailorMade #CustomClothing #Worldwide #ExpertTailors #TailoringTips #TraditionalOutfit #TailoredElegance #foryoupage #fyp",15,1,0,380,2025-06-06 16:00:33+00:00,"She’s dressing in a traditional outfit to be unforgettable. 💃 With Sticha, get custom-made, high-quality garments tailored just for you. ✂️ Video credit: the.coconutpudding 🌐 #Sticha #Tailoring #GlobalTailors #Style #Fashion #TailorMade #CustomClothing #Worldwide #ExpertTailors #TailoringTips #TraditionalOutfit #TailoredElegance #foryoupage #fyp","she’s dressing in a traditional outfit to be unforgettable. 💃 with sticha, get custom-made, high-quality garments tailored just for you. ✂️ video credit: the.coconutpudding 🌐 #sticha #tailoring #globaltailors #style #fashion #tailormade #customclothing #worldwide #experttailors #tailoringtips #traditionaloutfit #tailoredelegance #foryoupage #fyp",True,English,Traditional/Ethnic,0.000938
